{"type":"FeatureCollection","name":"jeju_sig","crs":{"type":"name","properties":{"name":"urn:ogc:def:crs:OGC:1.3:CRS84"}},"features":[{"type":"Feature","properties":{"level":"sig","code":"50110","name":"제주도 제주시","sig_cd":"50110","base_date":"20260701"},"geometry":{"type":"MultiPolygon","coordinates":[[[[126.1653683,33.2832419],[126.1655264,33.2832656],[126.1654806,33.2831695],[126.1652947,33.2831284],[126.1653683,33.2832419]]],[[[126.1646623,33.2840542],[126.164766,33.2839621],[126.1645599,33.2838662],[126.1647555,33.2838308],[126.1646419,33.2837983],[126.1645919,33.2836567],[126.164522,33.2836944],[126.1644266,33.2836298],[126.1643028,33.2837029],[126.1643435,33.283843],[126.1640536,33.2838681],[126.1639656,33.2840108],[126.1639964,33.2840909],[126.1640965,33.2840695],[126.1642851,33.284173],[126.1643854,33.2840428],[126.1644562,33.2842145],[126.1645712,33.2842668],[126.1646542,33.284221],[126.1646623,33.2840542]]],[[[126.1619495,33.2851543],[126.1618547,33.2851831],[126.1618272,33.2853163],[126.1619676,33.2852384],[126.1619495,33.2851543]]],[[[126.1610782,33.2891806],[126.1609436,33.2892853],[126.1610262,33.2894122],[126.1611379,33.2893084],[126.1610782,33.2891806]]],[[[126.1622126,33.2956985],[126.1623527,33.295661],[126.1621923,33.2956707],[126.1622126,33.2956985]]],[[[126.1621781,33.2957982],[126.1622129,33.2957309],[126.1621335,33.2957852],[126.1621781,33.2957982]]],[[[126.1642208,33.2995436],[126.1641984,33.2996122],[126.164338,33.2996749],[126.1643209,33.2996419],[126.1642208,33.2995436]]],[[[126.1640752,33.2996699],[126.164002,33.2997772],[126.1641109,33.2998653],[126.164158,33.2998132],[126.1640752,33.2996699]]],[[[126.1642649,33.2999949],[126.1641926,33.2999484],[126.1642306,33.3000114],[126.1642649,33.2999949]]],[[[126.1621916,33.3010618],[126.1620628,33.3010409],[126.1621919,33.3010981],[126.1621916,33.3010618]]],[[[126.1644827,33.303992],[126.1644326,33.3039168],[126.1642811,33.3039766],[126.1643505,33.3040587],[126.1644827,33.303992]]],[[[126.1479876,33.3083999],[126.1480394,33.3083646],[126.1479814,33.3083056],[126.1479481,33.3083194],[126.1479876,33.3083999]]],[[[126.1481376,33.3084529],[126.1480911,33.3084314],[126.1481276,33.3084776],[126.1481376,33.3084529]]],[[[126.1480696,33.3084675],[126.1480551,33.3085753],[126.1481631,33.3086408],[126.148175,33.3085898],[126.1480696,33.3084675]]],[[[126.1510753,33.3080052],[126.1514801,33.3081433],[126.1515532,33.3082575],[126.1515132,33.3083925],[126.1516815,33.3084857],[126.152222,33.3085868],[126.1525364,33.3084076],[126.1526849,33.3080541],[126.1525731,33.3079532],[126.1525142,33.3077119],[126.15225,33.3076939],[126.1521743,33.3075283],[126.1519148,33.3073614],[126.1517211,33.3073953],[126.1515872,33.3075703],[126.1513091,33.3076658],[126.1512619,33.3078793],[126.1511711,33.3079382],[126.1509586,33.307746],[126.1508995,33.3075263],[126.1507217,33.307743],[126.150751,33.3078731],[126.1509231,33.3077471],[126.1508781,33.3079037],[126.1510509,33.3078684],[126.1507021,33.3082666],[126.1508462,33.3086965],[126.1510053,33.3085785],[126.1509687,33.3083618],[126.1510753,33.3080052]]],[[[126.1479458,33.308699],[126.1477506,33.3086958],[126.1479781,33.3087703],[126.1479458,33.308699]]],[[[126.1483608,33.3089375],[126.1482789,33.3089292],[126.1483499,33.3089559],[126.1483608,33.3089375]]],[[[126.1509392,33.3089282],[126.1508133,33.3089667],[126.1507961,33.3090017],[126.1509065,33.3090228],[126.1509392,33.3089282]]],[[[126.1475044,33.3090372],[126.1474079,33.3089282],[126.1473691,33.3089877],[126.1475044,33.3090372]]],[[[126.1490475,33.3090513],[126.1490065,33.3090442],[126.1490381,33.309075],[126.1490475,33.3090513]]],[[[126.148337,33.3091034],[126.1483043,33.3090456],[126.1482954,33.3090492],[126.148337,33.3091034]]],[[[126.1489389,33.3091247],[126.148913,33.3091035],[126.1489233,33.3091378],[126.1489389,33.3091247]]],[[[126.1488564,33.3091868],[126.1488223,33.3091741],[126.1488279,33.3092175],[126.1488564,33.3091868]]],[[[126.1498117,33.3092396],[126.149981,33.3092017],[126.1497469,33.309031],[126.1495202,33.3090582],[126.1498117,33.3092396]]],[[[126.150125,33.3095281],[126.1500967,33.3095068],[126.1500976,33.3095565],[126.150125,33.3095281]]],[[[126.1497428,33.3094471],[126.150015,33.3095378],[126.1499198,33.309411],[126.1496912,33.3093028],[126.1497428,33.3094471]]],[[[126.1458279,33.3094968],[126.1457615,33.3095085],[126.1457633,33.3096184],[126.145833,33.3095747],[126.1458279,33.3094968]]],[[[126.1481497,33.3095905],[126.1484955,33.3095847],[126.1487095,33.3092871],[126.1482499,33.3092849],[126.1482778,33.3091377],[126.1478957,33.3087878],[126.1476637,33.3087568],[126.1476381,33.3093798],[126.147838,33.3096118],[126.1480615,33.3096651],[126.1481497,33.3095905]]],[[[126.1503225,33.309777],[126.1503862,33.3096281],[126.150289,33.3095814],[126.150334,33.309682],[126.1502022,33.309734],[126.1503225,33.309777]]],[[[126.1446678,33.3104114],[126.1446156,33.3104482],[126.1446,33.3104831],[126.1446274,33.3104881],[126.1446678,33.3104114]]],[[[126.1603767,33.3107718],[126.160289,33.3107956],[126.1603758,33.3108041],[126.1603767,33.3107718]]],[[[126.1598957,33.3110815],[126.1598247,33.3110515],[126.1598394,33.3110975],[126.1598957,33.3110815]]],[[[126.1600943,33.3111596],[126.1599525,33.3111332],[126.1600804,33.3112083],[126.1600943,33.3111596]]],[[[126.1436222,33.3113328],[126.1436357,33.311224],[126.1435813,33.3112115],[126.1435493,33.3113301],[126.1436222,33.3113328]]],[[[126.1624462,33.3115579],[126.1622502,33.3117806],[126.1622581,33.3119022],[126.1625476,33.3116903],[126.1624462,33.3115579]]],[[[126.1605222,33.3121542],[126.1607582,33.3119856],[126.1607439,33.3118576],[126.1609264,33.3117909],[126.1612017,33.3114728],[126.1612941,33.3115354],[126.1615314,33.3114943],[126.1615644,33.3115909],[126.1617647,33.311635],[126.1617917,33.3114946],[126.1622962,33.3113751],[126.1622205,33.3111552],[126.1624252,33.3110601],[126.1622557,33.3109563],[126.1619327,33.3111477],[126.1617404,33.3111759],[126.1607896,33.3105564],[126.1606021,33.3105148],[126.1601198,33.3105799],[126.1595415,33.3105003],[126.1595108,33.3107139],[126.1598358,33.3108299],[126.1600593,33.310797],[126.1601614,33.3106905],[126.1605425,33.3107434],[126.1608621,33.3111895],[126.1607965,33.3113355],[126.1600643,33.3117081],[126.15973,33.3115456],[126.1593072,33.3116213],[126.1592489,33.3117066],[126.1593194,33.3118662],[126.1595805,33.312028],[126.1599572,33.3120224],[126.1605222,33.3121542]]],[[[126.1626761,33.3120054],[126.162461,33.3121405],[126.1624069,33.3122403],[126.1624929,33.3122148],[126.1626761,33.3120054]]],[[[126.1437283,33.3120986],[126.1436701,33.3121311],[126.1437088,33.3122191],[126.1437595,33.3121609],[126.1437283,33.3120986]]],[[[126.1563681,33.3123777],[126.1562917,33.3124212],[126.1563376,33.3124781],[126.1564141,33.3124346],[126.1563681,33.3123777]]],[[[126.1516532,33.3135233],[126.1519393,33.3132042],[126.1524244,33.3129781],[126.1525955,33.3127047],[126.1527163,33.3127292],[126.1528725,33.3126041],[126.1529443,33.3123812],[126.1532478,33.3123419],[126.15326,33.3119866],[126.1535361,33.3117668],[126.1535844,33.3113209],[126.1534429,33.3112231],[126.1530048,33.3111958],[126.1526405,33.3111933],[126.1522418,33.3113898],[126.1519366,33.311296],[126.15135,33.3117234],[126.1512584,33.3112973],[126.1510516,33.3112756],[126.1508946,33.311308],[126.1508256,33.3114041],[126.1505961,33.3113916],[126.1503989,33.3111976],[126.1506655,33.3111496],[126.1508213,33.3110485],[126.1507871,33.3109817],[126.1506462,33.3110813],[126.1502703,33.3111018],[126.1502626,33.3105173],[126.1499746,33.3100056],[126.1500619,33.3098549],[126.1499978,33.3098139],[126.1496194,33.3097761],[126.1496524,33.3099635],[126.1495511,33.3100597],[126.1490947,33.31015],[126.1486847,33.3099382],[126.1481544,33.3099935],[126.1479602,33.3098889],[126.1477706,33.3099939],[126.1477589,33.3099384],[126.1476005,33.3099333],[126.1476537,33.3098181],[126.1474933,33.3098231],[126.1473333,33.3097186],[126.1473011,33.3097742],[126.1474185,33.309905],[126.1473317,33.3100266],[126.1472128,33.3100497],[126.1462916,33.3099726],[126.1458156,33.3100773],[126.1456304,33.3099116],[126.1453011,33.3102598],[126.1446998,33.3105298],[126.1447178,33.3107449],[126.1440505,33.3110472],[126.1437005,33.3113912],[126.1437139,33.3116927],[126.1439725,33.3118386],[126.1444398,33.3118836],[126.1446771,33.3120935],[126.1453815,33.3121347],[126.145737,33.3123621],[126.1461091,33.3123979],[126.1462216,33.3122818],[126.1464046,33.3123032],[126.146627,33.3121732],[126.1465958,33.3120231],[126.1466874,33.311934],[126.1470645,33.3119128],[126.1473649,33.3120899],[126.1474644,33.3126882],[126.1476718,33.3131258],[126.1485535,33.3131135],[126.1488386,33.3128655],[126.1490561,33.3129257],[126.1492831,33.3131528],[126.1496864,33.3130682],[126.1497638,33.3131717],[126.1501286,33.3133364],[126.1508779,33.3134867],[126.1510023,33.3136496],[126.1512657,33.3136772],[126.1516532,33.3135233]]],[[[126.162145,33.3286356],[126.1620837,33.3285374],[126.1619264,33.3285459],[126.1620634,33.3286592],[126.162145,33.3286356]]],[[[126.1619413,33.3287053],[126.161745,33.3288146],[126.161718,33.3290513],[126.1618414,33.3291819],[126.1618131,33.3289655],[126.1619828,33.3289103],[126.1619413,33.3287053]]],[[[126.163582,33.3301917],[126.1635589,33.3301844],[126.1635599,33.3302089],[126.163582,33.3301917]]],[[[126.1644549,33.331303],[126.1644137,33.3312236],[126.1644267,33.3313113],[126.1644549,33.331303]]],[[[126.1641829,33.3324368],[126.1640319,33.3323985],[126.1639751,33.3323594],[126.1640257,33.3324274],[126.1641829,33.3324368]]],[[[126.1636674,33.3328246],[126.1638404,33.3325603],[126.1637021,33.3325475],[126.1635879,33.3326647],[126.1633698,33.3327095],[126.1636674,33.3328246]]],[[[126.1609694,33.3333366],[126.160618,33.3335472],[126.1605814,33.3337277],[126.1607221,33.3337109],[126.1609966,33.3334059],[126.1609694,33.3333366]]],[[[126.1615996,33.3335476],[126.1613822,33.3337211],[126.1614485,33.3339678],[126.1616173,33.3338038],[126.1616731,33.3336198],[126.1615996,33.3335476]]],[[[126.1615676,33.3344607],[126.1613889,33.3345014],[126.1614243,33.3346129],[126.1615094,33.3345906],[126.1615676,33.3344607]]],[[[126.1625825,33.3349116],[126.1628365,33.3349374],[126.162589,33.3348679],[126.1625825,33.3349116]]],[[[126.1628249,33.3356522],[126.1627201,33.3356573],[126.1627962,33.3357321],[126.1628249,33.3356522]]],[[[126.1614001,33.3378836],[126.1618129,33.3379044],[126.1616244,33.3376503],[126.1612154,33.3376633],[126.1611524,33.3375082],[126.1609581,33.3376542],[126.1611925,33.3377485],[126.1611703,33.3379758],[126.1614001,33.3378836]]],[[[126.1666177,33.3391578],[126.1664697,33.339029],[126.1662179,33.3390644],[126.1664848,33.3392015],[126.1666177,33.3391578]]],[[[126.1654094,33.3388614],[126.1651675,33.3390673],[126.1652987,33.3391885],[126.1654263,33.3391691],[126.1655514,33.3389601],[126.1654094,33.3388614]]],[[[126.1686968,33.3420367],[126.1685986,33.3420694],[126.1685947,33.3421028],[126.1686806,33.3421094],[126.1686968,33.3420367]]],[[[126.1694195,33.342085],[126.169108,33.3421853],[126.1690738,33.3423449],[126.1691768,33.3423589],[126.1694195,33.342085]]],[[[126.1699835,33.3423374],[126.1701531,33.3422743],[126.1700675,33.3420274],[126.1699259,33.3419319],[126.1696899,33.3421308],[126.1694912,33.3421775],[126.1695489,33.3423679],[126.1696839,33.3423225],[126.1697877,33.3424835],[126.1699434,33.3424379],[126.1699835,33.3423374]]],[[[126.1710879,33.3424296],[126.1710965,33.3422186],[126.1706803,33.3421367],[126.1705044,33.3419039],[126.1702422,33.3421042],[126.1702869,33.3423625],[126.1707597,33.3424955],[126.1710879,33.3424296]]],[[[126.16944,33.3425722],[126.1695451,33.3426338],[126.1695924,33.3425856],[126.169498,33.3424347],[126.1689713,33.3425668],[126.1687964,33.3428628],[126.1689177,33.3428987],[126.169207,33.3428309],[126.1692999,33.3426385],[126.16944,33.3425722]]],[[[126.1699233,33.3426676],[126.1702047,33.3428306],[126.1704476,33.3426947],[126.1707667,33.3426951],[126.1705253,33.3425231],[126.170088,33.3424049],[126.1699555,33.3425942],[126.169759,33.3425934],[126.169658,33.3427154],[126.1697427,33.3429049],[126.1698455,33.3428584],[126.1699233,33.3426676]]],[[[126.1684256,33.3429195],[126.1683085,33.3430053],[126.1683151,33.343258],[126.1684779,33.3430692],[126.1684256,33.3429195]]],[[[126.1749687,33.3433293],[126.1747366,33.3433987],[126.1749892,33.3436252],[126.1750657,33.3434854],[126.1749687,33.3433293]]],[[[126.1699929,33.343543],[126.1699142,33.3435807],[126.1699108,33.343664],[126.1700079,33.3436399],[126.1699929,33.343543]]],[[[126.1677077,33.3437325],[126.1675874,33.3437039],[126.1677213,33.3438036],[126.1677077,33.3437325]]],[[[126.1720832,33.3438688],[126.1723241,33.343826],[126.1723404,33.3435913],[126.172156,33.3436473],[126.1720832,33.3438688]]],[[[126.1751145,33.3438336],[126.1752716,33.3438458],[126.1754237,33.3436781],[126.1753482,33.3435318],[126.1751839,33.3435841],[126.1753313,33.3436545],[126.1752553,33.3437353],[126.1749241,33.3436789],[126.1749795,33.3439383],[126.1751145,33.3438336]]],[[[126.1680392,33.344111],[126.1678842,33.3440867],[126.1678424,33.3441067],[126.1679966,33.3441817],[126.1680392,33.344111]]],[[[126.174293,33.3439303],[126.1741589,33.3438768],[126.1741084,33.3439201],[126.1741183,33.3441455],[126.1742192,33.3442681],[126.1743254,33.344199],[126.174293,33.3439303]]],[[[126.1683633,33.3450501],[126.1685013,33.3446596],[126.1683469,33.3445877],[126.1684344,33.3444505],[126.1683561,33.3442462],[126.1682608,33.3442984],[126.1681135,33.344838],[126.1681947,33.3450523],[126.1683633,33.3450501]]],[[[126.1750345,33.3449997],[126.1749162,33.3450396],[126.1748579,33.3452001],[126.1750201,33.3450684],[126.1750345,33.3449997]]],[[[126.1768931,33.3455203],[126.1767588,33.3455013],[126.1768418,33.3455693],[126.1768931,33.3455203]]],[[[126.1765475,33.3455276],[126.176449,33.3455559],[126.1764789,33.3456343],[126.1765853,33.3455925],[126.1765475,33.3455276]]],[[[126.1722445,33.3456209],[126.1721641,33.3455931],[126.1721582,33.3457835],[126.1722445,33.3456209]]],[[[126.1726679,33.3456563],[126.1725024,33.3457545],[126.1727266,33.3458403],[126.1728074,33.34572],[126.1726679,33.3456563]]],[[[126.1783843,33.3458116],[126.1782163,33.3458105],[126.1782105,33.3458451],[126.1783409,33.3459228],[126.1784671,33.3458993],[126.1783843,33.3458116]]],[[[126.1697269,33.3460685],[126.1695018,33.3461065],[126.169402,33.3462401],[126.169495,33.3462628],[126.1697269,33.3460685]]],[[[126.1699061,33.3461792],[126.1698154,33.346199],[126.1698483,33.3463801],[126.1699459,33.3463008],[126.1699061,33.3461792]]],[[[126.1699874,33.3464968],[126.1699051,33.3465403],[126.1701722,33.3467185],[126.1701716,33.34666],[126.1699874,33.3464968]]],[[[126.1767472,33.3463337],[126.1766178,33.3463357],[126.1767274,33.3463846],[126.1766136,33.346525],[126.1768409,33.3468631],[126.1767472,33.3463337]]],[[[126.173772,33.3468047],[126.1738294,33.3462501],[126.1733614,33.3462319],[126.1732515,33.3461378],[126.1734789,33.3460704],[126.1732885,33.3459488],[126.1731236,33.3460639],[126.1729103,33.3460679],[126.1730379,33.3462574],[126.1735157,33.3463594],[126.1737089,33.3469231],[126.1738207,33.3469902],[126.1739131,33.346952],[126.173772,33.3468047]]],[[[126.176251,33.3473193],[126.1766221,33.3473159],[126.1766661,33.3472076],[126.1765122,33.3472628],[126.1762221,33.3471886],[126.176251,33.3473193]]],[[[126.1721586,33.347378],[126.1720431,33.3474035],[126.172305,33.3475404],[126.1724985,33.3477511],[126.1725322,33.3475411],[126.1721586,33.347378]]],[[[126.1793382,33.3514937],[126.1791882,33.3516619],[126.179171,33.35174],[126.1793931,33.3517166],[126.1793382,33.3514937]]],[[[126.1800681,33.3549286],[126.1800337,33.3550369],[126.1801567,33.3550945],[126.1801961,33.3550139],[126.1800681,33.3549286]]],[[[126.1808974,33.3550538],[126.1807988,33.3550791],[126.1808467,33.3551836],[126.1809244,33.3551123],[126.1808974,33.3550538]]],[[[126.1801254,33.3579865],[126.1800797,33.3581277],[126.1801876,33.3581777],[126.1801955,33.3580353],[126.1801254,33.3579865]]],[[[126.1803474,33.3583011],[126.1802444,33.3582908],[126.1803013,33.35834],[126.1803474,33.3583011]]],[[[126.1806384,33.3586176],[126.1807819,33.35858],[126.1807217,33.3584566],[126.1805951,33.3585253],[126.1806384,33.3586176]]],[[[126.1806024,33.3586306],[126.1804783,33.3585921],[126.1804073,33.3586318],[126.1805086,33.3587063],[126.1806024,33.3586306]]],[[[126.1828556,33.3585074],[126.1827354,33.3586414],[126.1827651,33.3587718],[126.1828632,33.3587499],[126.1829271,33.3585719],[126.1828556,33.3585074]]],[[[126.1808353,33.3588066],[126.1807134,33.3589392],[126.1807286,33.3589769],[126.1809025,33.3588669],[126.1808353,33.3588066]]],[[[126.1829716,33.359042],[126.1829277,33.3590737],[126.1831156,33.359246],[126.1831987,33.3594558],[126.1831883,33.359255],[126.1829716,33.359042]]],[[[126.1854798,33.3607316],[126.1853322,33.3608788],[126.1853584,33.360975],[126.1854955,33.3609018],[126.1854798,33.3607316]]],[[[126.1863661,33.360343],[126.1858457,33.3602562],[126.1861816,33.36091],[126.1863156,33.3610066],[126.1863836,33.3609492],[126.1863068,33.3607093],[126.1864157,33.3604993],[126.1863661,33.360343]]],[[[126.1870562,33.36109],[126.1867644,33.3611101],[126.1867406,33.3617311],[126.1870395,33.3616242],[126.1872704,33.3613733],[126.1872703,33.3612195],[126.1870562,33.36109]]],[[[126.1865759,33.3617051],[126.1862957,33.3620046],[126.1864714,33.3621549],[126.1865269,33.362112],[126.1865759,33.3617051]]],[[[126.1891282,33.3622085],[126.1890632,33.3622965],[126.1890747,33.3623188],[126.1891326,33.3622739],[126.1891282,33.3622085]]],[[[126.188987,33.3622884],[126.1888154,33.36257],[126.1889434,33.3626357],[126.1890276,33.362564],[126.1889262,33.3624574],[126.188987,33.3622884]]],[[[126.1894728,33.3625638],[126.1893956,33.3625614],[126.1893582,33.3627506],[126.1894055,33.3627369],[126.1894728,33.3625638]]],[[[126.1898306,33.3627717],[126.1900061,33.3627866],[126.1900131,33.3627617],[126.1899163,33.3627214],[126.1898306,33.3627717]]],[[[126.1906773,33.3630096],[126.190616,33.3629459],[126.1905648,33.3630055],[126.1906773,33.3630096]]],[[[126.1892942,33.3631081],[126.1896579,33.3630718],[126.1899134,33.3629223],[126.1894633,33.3628994],[126.1892398,33.3630214],[126.1892942,33.3631081]]],[[[126.1901903,33.3628243],[126.1899591,33.362996],[126.1899751,33.3631126],[126.1903945,33.3630076],[126.1903737,33.3629046],[126.1901903,33.3628243]]],[[[126.190438,33.3630454],[126.1903067,33.3631527],[126.190366,33.3634438],[126.1904032,33.3634148],[126.190438,33.3630454]]],[[[126.1901078,33.3635343],[126.189871,33.3635691],[126.1898244,33.3636166],[126.190012,33.3636336],[126.1901078,33.3635343]]],[[[126.2125219,33.3752717],[126.2124934,33.3751979],[126.2124229,33.3753211],[126.2125219,33.3752717]]],[[[126.213661,33.3769083],[126.2136008,33.3769339],[126.2136655,33.3769455],[126.213661,33.3769083]]],[[[126.2137558,33.3770836],[126.2137704,33.3769837],[126.213635,33.3770423],[126.2136455,33.3770682],[126.2137558,33.3770836]]],[[[126.2136324,33.3771558],[126.2135608,33.3772338],[126.2136874,33.3773003],[126.2137116,33.3772441],[126.2136324,33.3771558]]],[[[126.2138356,33.3774626],[126.2137052,33.3773583],[126.2135928,33.3774294],[126.2136172,33.3774765],[126.2138356,33.3774626]]],[[[126.2144764,33.3779013],[126.2143743,33.377914],[126.2144242,33.3779603],[126.2144764,33.3779013]]],[[[126.2135661,33.380945],[126.21419,33.380684],[126.214518,33.3807498],[126.2145498,33.3805962],[126.2144714,33.3805464],[126.2137768,33.3806656],[126.2135108,33.3808111],[126.2135661,33.380945]]],[[[126.2129284,33.3809507],[126.2128121,33.3810226],[126.2128386,33.3811107],[126.2128939,33.3810641],[126.2129284,33.3809507]]],[[[126.2157658,33.3832537],[126.2157981,33.3831812],[126.2156857,33.383212],[126.2157658,33.3832537]]],[[[126.2156291,33.3836012],[126.2154939,33.3836857],[126.2155268,33.3837533],[126.2156496,33.3837211],[126.2156291,33.3836012]]],[[[126.2184475,33.3844872],[126.2183468,33.3844445],[126.2182765,33.3845503],[126.2184475,33.3844872]]],[[[126.2177787,33.3843992],[126.2176862,33.3844611],[126.2176837,33.3846763],[126.2177575,33.3846256],[126.2177787,33.3843992]]],[[[126.2194189,33.3849132],[126.2193579,33.3849492],[126.219411,33.3850743],[126.2194787,33.3850017],[126.2194189,33.3849132]]],[[[126.21925,33.3851263],[126.2191767,33.3851161],[126.2192414,33.3852024],[126.21925,33.3851263]]],[[[126.2193909,33.3858],[126.2193011,33.3858987],[126.2194817,33.3859555],[126.2194496,33.3858534],[126.2193909,33.3858]]],[[[126.221486,33.387629],[126.2214187,33.3877026],[126.2215721,33.3878771],[126.2216198,33.3877801],[126.221486,33.387629]]],[[[126.2217893,33.3887831],[126.221547,33.3887496],[126.2215521,33.3888173],[126.2217827,33.3888586],[126.2217893,33.3887831]]],[[[126.2249315,33.389749],[126.2249087,33.389807],[126.2249646,33.3898319],[126.2249776,33.3897936],[126.2249315,33.389749]]],[[[126.2248026,33.389825],[126.2247313,33.389803],[126.2247785,33.3898413],[126.2248026,33.389825]]],[[[126.2254746,33.3898583],[126.2254049,33.389881],[126.2254127,33.3899903],[126.2254802,33.3899366],[126.2254746,33.3898583]]],[[[126.2237297,33.3900228],[126.2236427,33.3899995],[126.2236579,33.3900711],[126.2237297,33.3900228]]],[[[126.2272564,33.3901768],[126.2272318,33.3901474],[126.2272214,33.3901761],[126.2272564,33.3901768]]],[[[126.2240887,33.3900251],[126.22382,33.3899888],[126.2237913,33.3900727],[126.2240558,33.390185],[126.2240887,33.3900251]]],[[[126.2236826,33.3905362],[126.2238726,33.3904391],[126.2234532,33.3904864],[126.2237171,33.3906397],[126.2236826,33.3905362]]],[[[126.2294045,33.3908604],[126.2293465,33.3907865],[126.2293402,33.3908926],[126.2294045,33.3908604]]],[[[126.2291822,33.3909631],[126.22919,33.3908529],[126.2291137,33.390822],[126.2290904,33.3909297],[126.2291822,33.3909631]]],[[[126.2293337,33.3910086],[126.2292929,33.3911957],[126.2294674,33.3913701],[126.2294889,33.3911553],[126.2293337,33.3910086]]],[[[126.2287847,33.3914599],[126.2287278,33.3914529],[126.2287603,33.3914925],[126.2287847,33.3914599]]],[[[126.2287129,33.3915648],[126.228669,33.3915304],[126.2286616,33.3915611],[126.2287129,33.3915648]]],[[[126.2449514,33.4003155],[126.2449006,33.4002203],[126.2446996,33.400345],[126.2447037,33.4005215],[126.2449514,33.4003155]]],[[[126.229069,33.4034343],[126.22891,33.4034754],[126.2289166,33.4035667],[126.2290576,33.4035687],[126.229069,33.4034343]]],[[[126.2284416,33.4030221],[126.2282189,33.4031991],[126.2283859,33.4038006],[126.2286258,33.4038414],[126.2287127,33.403788],[126.2287225,33.4035647],[126.2285733,33.403135],[126.2284416,33.4030221]]],[[[126.2225261,33.4071765],[126.2224162,33.4071737],[126.2224608,33.4072296],[126.2225261,33.4071765]]],[[[126.2224281,33.4100434],[126.2225745,33.4099298],[126.2224501,33.4098027],[126.2222292,33.4098921],[126.2222587,33.4100303],[126.2224281,33.4100434]]],[[[126.2217705,33.4107848],[126.2219925,33.4107997],[126.2220059,33.4107429],[126.2218334,33.4107013],[126.2217705,33.4107848]]],[[[126.2275686,33.4122641],[126.2281193,33.4121021],[126.2281943,33.4121672],[126.2286865,33.4120697],[126.2298216,33.4116064],[126.2305347,33.4111249],[126.2309987,33.4109314],[126.2314337,33.4105309],[126.2319845,33.4095728],[126.2320268,33.4089657],[126.2318128,33.4080649],[126.2318845,33.407626],[126.2316467,33.4066294],[126.2313589,33.4064261],[126.2310881,33.4060238],[126.2308007,33.4059151],[126.2307232,33.4057124],[126.2308797,33.4051818],[126.2311072,33.4048737],[126.2309105,33.4048004],[126.2306455,33.4054295],[126.2305249,33.4055342],[126.2302699,33.4054504],[126.2302448,33.4055022],[126.2305299,33.4056014],[126.2305791,33.4059798],[126.2297183,33.4060738],[126.2295477,33.4059957],[126.2291731,33.4055899],[126.2290706,33.4052797],[126.2293497,33.4052529],[126.2293918,33.4054145],[126.2292972,33.4055823],[126.2293676,33.4056755],[126.2294214,33.4052502],[126.2299839,33.4054157],[126.2300038,33.4053647],[126.2295027,33.4052002],[126.2293982,33.4048739],[126.2298152,33.4045487],[126.2304445,33.4048914],[126.2305619,33.4047591],[126.2304155,33.404596],[126.2297981,33.4043485],[126.2295326,33.4044492],[126.2291653,33.4047254],[126.2295165,33.4038914],[126.2292832,33.4037644],[126.2289525,33.4038813],[126.2289117,33.4047295],[126.227766,33.4048795],[126.2269449,33.4048731],[126.2265267,33.4047632],[126.2262466,33.4045515],[126.225834,33.4045211],[126.2258029,33.4044666],[126.2258024,33.4045196],[126.2255374,33.404518],[126.2251943,33.4046334],[126.2245418,33.4050642],[126.2238787,33.4051247],[126.2234609,33.405334],[126.2231134,33.4054171],[126.2226706,33.4056599],[126.2225244,33.4058718],[126.2227688,33.4071715],[126.2231984,33.4073018],[126.2232972,33.4079641],[126.2232451,33.4082868],[126.2230483,33.4085203],[126.2228363,33.4085564],[126.2226117,33.408469],[126.2226108,33.4085672],[126.2227313,33.4087463],[126.2230562,33.4087276],[126.2233368,33.4090628],[126.2233305,33.4097273],[126.2234773,33.4100636],[126.2235439,33.4105525],[126.2238639,33.4110339],[126.2238942,33.4112693],[126.2244157,33.4115466],[126.224372,33.4112568],[126.2252013,33.4113059],[126.2255282,33.411463],[126.2255287,33.4116634],[126.2257198,33.411746],[126.2264092,33.4117632],[126.2272502,33.4120162],[126.2275686,33.4122641]]],[[[126.2574348,33.4183831],[126.2573067,33.4183229],[126.2573049,33.4184573],[126.2574348,33.4183831]]],[[[126.2574573,33.418515],[126.2573726,33.4185428],[126.2574264,33.4186935],[126.2574999,33.4186669],[126.2574573,33.418515]]],[[[126.2575179,33.4188275],[126.2573995,33.4188579],[126.2573597,33.4189731],[126.2575995,33.4189274],[126.2575179,33.4188275]]],[[[126.2574416,33.419143],[126.257345,33.4192239],[126.2574333,33.4194874],[126.2576304,33.4193762],[126.2575596,33.4191984],[126.2574416,33.419143]]],[[[126.2242423,33.419945],[126.2240519,33.4198263],[126.2239825,33.4196841],[126.22365,33.4196386],[126.2235441,33.4195493],[126.2234741,33.4186376],[126.223625,33.4184774],[126.2242583,33.4184225],[126.2244685,33.4178764],[126.2247031,33.4179815],[126.2248064,33.4183003],[126.2247224,33.4186792],[126.2244371,33.4188649],[126.2243251,33.419109],[126.2243625,33.4194614],[126.2245825,33.4197275],[126.224692,33.4202255],[126.2252691,33.4203199],[126.226125,33.4200085],[126.2263418,33.4198511],[126.226546,33.4192755],[126.2258507,33.4177508],[126.225688,33.4175492],[126.226042,33.4169726],[126.2254955,33.4169492],[126.2252649,33.4167857],[126.22514,33.4165832],[126.2249611,33.415714],[126.223988,33.4147423],[126.2240458,33.414599],[126.2239465,33.4145205],[126.2236841,33.4146031],[126.223478,33.414967],[126.2229828,33.4151619],[126.2228698,33.4152973],[126.223046,33.4167793],[126.2228654,33.4170744],[126.2222861,33.4176796],[126.22218,33.4179448],[126.2222873,33.4182706],[126.2227977,33.4186891],[126.2229536,33.4190211],[126.223045,33.4195936],[126.2229955,33.4202368],[126.2231433,33.4207661],[126.2234084,33.421001],[126.2240961,33.4211746],[126.2243311,33.4211221],[126.2244759,33.4209708],[126.2242423,33.419945]]],[[[126.2604781,33.4224669],[126.260801,33.4224601],[126.2608085,33.4222064],[126.2608442,33.4222974],[126.2609828,33.4222551],[126.2609531,33.4220587],[126.2606991,33.4218466],[126.2607591,33.4221187],[126.2603033,33.4221765],[126.2605231,33.4223479],[126.2604781,33.4224669]]],[[[126.2609865,33.422555],[126.2609889,33.4223547],[126.2609204,33.4223107],[126.2608134,33.4225062],[126.2606215,33.4225458],[126.260604,33.4226128],[126.2608444,33.4226683],[126.2609865,33.422555]]],[[[126.2601283,33.4225278],[126.2599804,33.4226596],[126.2600125,33.4228097],[126.2601103,33.4227664],[126.2601283,33.4225278]]],[[[126.2604636,33.4225503],[126.2602811,33.4226737],[126.2603105,33.4228356],[126.260612,33.4227253],[126.2604636,33.4225503]]],[[[126.2594884,33.423465],[126.2592263,33.4235294],[126.2592674,33.4236931],[126.2594034,33.4236886],[126.2595324,33.4235787],[126.2594884,33.423465]]],[[[126.2608545,33.4243799],[126.260554,33.4244338],[126.2605585,33.424607],[126.2609227,33.4246364],[126.2608545,33.4243799]]],[[[126.2633539,33.4269533],[126.2631846,33.4270238],[126.2631506,33.4271735],[126.263385,33.4270645],[126.2633539,33.4269533]]],[[[126.2625873,33.4279458],[126.2624082,33.4278439],[126.2623308,33.4279051],[126.2625873,33.4279458]]],[[[126.261705,33.4287759],[126.2616803,33.4287215],[126.2615464,33.4287483],[126.2615413,33.4288697],[126.261705,33.4287759]]],[[[126.2622141,33.429881],[126.2619164,33.4298661],[126.2618252,33.4299659],[126.2618747,33.430084],[126.2621834,33.4300023],[126.2622582,33.429948],[126.2622141,33.429881]]],[[[126.2719474,33.436614],[126.2718764,33.4365879],[126.271916,33.4366469],[126.2719474,33.436614]]],[[[126.2742543,33.4371109],[126.2739086,33.4374993],[126.2745219,33.4376267],[126.2746647,33.4374364],[126.2742543,33.4371109]]],[[[126.273644,33.437516],[126.2735689,33.4375494],[126.2735704,33.4376884],[126.2736684,33.4378479],[126.2737795,33.4378827],[126.2738881,33.4377245],[126.273644,33.437516]]],[[[126.2832545,33.4442747],[126.2831603,33.4442807],[126.2831924,33.4444087],[126.2832808,33.4443478],[126.2832545,33.4442747]]],[[[126.2835628,33.444816],[126.2834315,33.4447736],[126.2834364,33.4448799],[126.2835628,33.444816]]],[[[126.285843,33.4450315],[126.2856842,33.4450781],[126.2856512,33.4451799],[126.2857269,33.4451783],[126.285843,33.4450315]]],[[[126.2898876,33.4452458],[126.2898042,33.4451951],[126.289856,33.445277],[126.2898876,33.4452458]]],[[[126.2855245,33.4451634],[126.285343,33.4451739],[126.2855855,33.4452852],[126.2855245,33.4451634]]],[[[126.2900978,33.4455965],[126.2902533,33.4454077],[126.2901847,33.4452859],[126.2899864,33.4454094],[126.2900376,33.4455199],[126.2899299,33.4455347],[126.2900978,33.4455965]]],[[[126.2771325,33.4459331],[126.2770446,33.4458839],[126.2770397,33.4459486],[126.2771325,33.4459331]]],[[[126.2929175,33.4470899],[126.2926838,33.4470612],[126.2915642,33.4466031],[126.2914907,33.4464457],[126.291161,33.4464234],[126.2911404,33.4463057],[126.2912219,33.446295],[126.2911043,33.4462096],[126.2910417,33.4450933],[126.29093,33.4449665],[126.2907734,33.4450168],[126.2906254,33.4449547],[126.2903432,33.4452698],[126.290536,33.4452577],[126.2907019,33.4451411],[126.2909107,33.4452483],[126.2909682,33.4460501],[126.2908639,33.4462332],[126.2907279,33.4462379],[126.2911542,33.4470594],[126.2911821,33.4472561],[126.2914731,33.4471663],[126.2915984,33.4468253],[126.2928802,33.4473387],[126.2930149,33.4471829],[126.2929175,33.4470899]]],[[[126.2975085,33.4479898],[126.2974895,33.4478953],[126.2973241,33.4479162],[126.2973856,33.4479831],[126.2975085,33.4479898]]],[[[126.2973013,33.447984],[126.2970316,33.4479049],[126.2971482,33.4480802],[126.2973352,33.4480729],[126.2973013,33.447984]]],[[[126.2932402,33.4480965],[126.2931632,33.4480643],[126.2931986,33.4481126],[126.2932402,33.4480965]]],[[[126.3000763,33.4483287],[126.3000444,33.4482735],[126.3000183,33.4482918],[126.3000763,33.4483287]]],[[[126.3059658,33.453409],[126.3055468,33.4540945],[126.3057087,33.4543703],[126.3057691,33.4543203],[126.305675,33.4541164],[126.3058791,33.4536998],[126.3059799,33.4536619],[126.3059658,33.453409]]],[[[126.3198332,33.467415],[126.3198097,33.4673041],[126.319725,33.4673178],[126.3198332,33.467415]]],[[[126.3105123,33.4674452],[126.3104018,33.4675017],[126.310498,33.4675989],[126.3105705,33.4675007],[126.3105123,33.4674452]]],[[[126.3103309,33.4677707],[126.3102011,33.4677711],[126.3103368,33.4678311],[126.3103309,33.4677707]]],[[[126.3319303,33.4693757],[126.3318345,33.4693386],[126.331794,33.4693495],[126.3318482,33.4694014],[126.3319303,33.4693757]]],[[[126.3162262,33.4694774],[126.31614,33.4694704],[126.3162212,33.4695179],[126.3162262,33.4694774]]],[[[126.3135345,33.4696338],[126.3134692,33.4696661],[126.3135234,33.4697358],[126.313559,33.4697262],[126.3135345,33.4696338]]],[[[126.3116822,33.4702881],[126.3116338,33.4702603],[126.3116327,33.4702915],[126.3116822,33.4702881]]],[[[126.3462226,33.4724355],[126.3461598,33.4723839],[126.3461609,33.4724096],[126.3462226,33.4724355]]],[[[126.3699609,33.4795149],[126.3698838,33.4795184],[126.3697577,33.4796308],[126.3699198,33.4796338],[126.3699609,33.4795149]]],[[[126.3699786,33.4800511],[126.3699445,33.479999],[126.3699177,33.4800308],[126.3699786,33.4800511]]],[[[126.3753454,33.4827687],[126.3752864,33.4827718],[126.375235,33.4828105],[126.375307,33.4828238],[126.3753454,33.4827687]]],[[[126.9140692,33.486345],[126.913787,33.4864668],[126.9135982,33.486705],[126.9137163,33.4869633],[126.9140692,33.486345]]],[[[126.9164837,33.4870121],[126.9161674,33.4865219],[126.9157711,33.4862629],[126.9154295,33.4863645],[126.9153954,33.4865607],[126.9151204,33.486824],[126.9152737,33.4868722],[126.9157381,33.4866555],[126.9159321,33.4867277],[126.9162031,33.4869895],[126.9163841,33.486942],[126.9164837,33.4870121]]],[[[126.9127939,33.4871642],[126.9126359,33.4873922],[126.9126406,33.4874205],[126.9127876,33.487258],[126.9127939,33.4871642]]],[[[126.9132438,33.4871545],[126.9131643,33.4872053],[126.913106,33.4874679],[126.9131837,33.4874043],[126.9132438,33.4871545]]],[[[126.9154392,33.4874733],[126.9156808,33.4871858],[126.9154011,33.4871291],[126.9152464,33.487226],[126.9150369,33.4872267],[126.9146491,33.4870574],[126.9146715,33.4871588],[126.9148654,33.4872939],[126.9154392,33.4874733]]],[[[126.91414,33.4878918],[126.9140476,33.4878864],[126.9137703,33.4877364],[126.9139857,33.4879865],[126.91414,33.4878918]]],[[[126.9133953,33.4880268],[126.9130057,33.4879513],[126.9130896,33.4880673],[126.913469,33.4881783],[126.9133953,33.4880268]]],[[[126.9143897,33.4882361],[126.9146997,33.4881485],[126.9145473,33.4878613],[126.9143446,33.4879016],[126.9142335,33.4880276],[126.9143897,33.4882361]]],[[[126.4022589,33.4859183],[126.402046,33.4858358],[126.4021102,33.4859325],[126.4022589,33.4859183]]],[[[126.9664967,33.4897862],[126.9663153,33.4897696],[126.9663152,33.4898616],[126.9664708,33.4898348],[126.9664967,33.4897862]]],[[[126.956567,33.491059],[126.9566282,33.4909193],[126.9565347,33.4908494],[126.9565014,33.4910447],[126.956567,33.491059]]],[[[126.9567803,33.4909481],[126.9567574,33.4910544],[126.9568437,33.4910748],[126.9568537,33.4909673],[126.9567803,33.4909481]]],[[[126.3823382,33.4872181],[126.3822444,33.4872079],[126.3822996,33.4872639],[126.3823382,33.4872181]]],[[[126.9478018,33.4913306],[126.9475052,33.4915951],[126.947632,33.49168],[126.9479079,33.4914318],[126.9478018,33.4913306]]],[[[126.9678181,33.4941433],[126.9678256,33.4940786],[126.9677807,33.4941182],[126.9678181,33.4941433]]],[[[126.9134544,33.4947853],[126.9125574,33.4946846],[126.9125223,33.4947812],[126.9134463,33.4948771],[126.9134544,33.4947853]]],[[[126.4150941,33.4918069],[126.415094,33.4918517],[126.4151414,33.4918401],[126.4150941,33.4918069]]],[[[126.4096603,33.4917098],[126.4095184,33.4917377],[126.4094448,33.4917737],[126.4096078,33.4917993],[126.409705,33.4917636],[126.4096603,33.4917098]]],[[[126.9130545,33.4980218],[126.9131633,33.4979581],[126.9130964,33.4979374],[126.9130545,33.4980218]]],[[[126.4276748,33.4948577],[126.4276943,33.4947315],[126.4276162,33.4948418],[126.4274576,33.494831],[126.4276748,33.4948577]]],[[[126.4251847,33.4953937],[126.4250724,33.4953959],[126.4252799,33.4955959],[126.4253452,33.4955409],[126.4251847,33.4953937]]],[[[126.9711035,33.4996532],[126.9712051,33.4995501],[126.9711964,33.4994441],[126.9710668,33.4993552],[126.9710219,33.4995342],[126.9711035,33.4996532]]],[[[126.913374,33.5015294],[126.9132891,33.5014343],[126.9132237,33.5015261],[126.913374,33.5015294]]],[[[126.9136381,33.501707],[126.9135714,33.501668],[126.9136158,33.5017237],[126.9136381,33.501707]]],[[[126.9707401,33.5021304],[126.9706386,33.5021295],[126.9706441,33.5022029],[126.9706645,33.5022063],[126.9707401,33.5021304]]],[[[126.9144208,33.5025954],[126.914209,33.50259],[126.9140308,33.5027281],[126.9141194,33.5028424],[126.9144552,33.5029554],[126.9146145,33.502793],[126.9144208,33.5025954]]],[[[126.9136145,33.5035755],[126.9135263,33.5035682],[126.9134923,33.5036101],[126.9135848,33.5036651],[126.9136145,33.5035755]]],[[[126.9134193,33.5063259],[126.9133446,33.5062765],[126.9132704,33.5063964],[126.9133724,33.5063976],[126.9134193,33.5063259]]],[[[126.9118667,33.5081891],[126.9117797,33.5082967],[126.9118357,33.5083932],[126.9119264,33.508336],[126.9118667,33.5081891]]],[[[126.9674951,33.509313],[126.9674628,33.5093102],[126.9674852,33.5093243],[126.9674951,33.509313]]],[[[126.9675228,33.5094405],[126.967498,33.5093877],[126.9674313,33.5093927],[126.9674386,33.5094432],[126.9675228,33.5094405]]],[[[126.9095741,33.5096705],[126.9095883,33.5095718],[126.9094715,33.5096383],[126.9095741,33.5096705]]],[[[126.9008248,33.5143224],[126.900776,33.5142599],[126.9007824,33.5143182],[126.9008248,33.5143224]]],[[[126.9685877,33.5160127],[126.9686082,33.5159514],[126.9684313,33.5159522],[126.9684669,33.516005],[126.9685877,33.5160127]]],[[[126.9046478,33.5198493],[126.9045791,33.519916],[126.9046634,33.5199382],[126.9046822,33.5199102],[126.9046478,33.5198493]]],[[[126.9476496,33.52024],[126.9475612,33.5201963],[126.9475572,33.5202304],[126.9476496,33.52024]]],[[[126.905757,33.5200482],[126.9055468,33.5199834],[126.905817,33.5201538],[126.905757,33.5200482]]],[[[126.9081271,33.520244],[126.9082744,33.5202373],[126.9083547,33.5201443],[126.9082667,33.5200297],[126.9080805,33.5199808],[126.9080326,33.5201682],[126.9081271,33.520244]]],[[[126.9050783,33.52015],[126.9049619,33.5201399],[126.9049607,33.520233],[126.905083,33.5202091],[126.9050783,33.52015]]],[[[126.9053928,33.5202255],[126.9053396,33.5200916],[126.9052443,33.520136],[126.9052448,33.5202294],[126.9053928,33.5202255]]],[[[126.9476847,33.5203846],[126.9475723,33.5203981],[126.9475649,33.5204245],[126.9476776,33.520438],[126.9476847,33.5203846]]],[[[126.9085945,33.5202066],[126.9084851,33.5202018],[126.9084807,33.5202748],[126.9085782,33.5202822],[126.9085945,33.5202066]]],[[[126.9021092,33.5201806],[126.9020141,33.5202175],[126.9020329,33.5202829],[126.9021104,33.5202858],[126.9021092,33.5201806]]],[[[126.9054359,33.5203502],[126.9052961,33.5202806],[126.9052245,33.5203291],[126.9054359,33.5203502]]],[[[126.9056595,33.5203314],[126.905545,33.5203675],[126.9055284,33.5204368],[126.9055801,33.5204589],[126.9056595,33.5203314]]],[[[126.9048751,33.5205944],[126.9048813,33.5205176],[126.9048453,33.520519],[126.9048751,33.5205944]]],[[[126.9012844,33.520692],[126.9015162,33.5206117],[126.9015497,33.5204813],[126.9014597,33.5203582],[126.9011914,33.5206167],[126.9012844,33.520692]]],[[[126.9018349,33.5209136],[126.9017811,33.5209692],[126.9018629,33.5210167],[126.9019109,33.5209959],[126.9018349,33.5209136]]],[[[126.9481284,33.5212475],[126.9480944,33.5212356],[126.9480872,33.521254],[126.9481284,33.5212475]]],[[[126.9012702,33.5208955],[126.9011631,33.5209024],[126.9012128,33.521047],[126.9012981,33.5209939],[126.9012702,33.5208955]]],[[[126.9020016,33.5220303],[126.901861,33.5218317],[126.9017135,33.5219292],[126.9017652,33.5220175],[126.9020016,33.5220303]]],[[[126.9016339,33.5221782],[126.9016288,33.522102],[126.901542,33.5221408],[126.9016339,33.5221782]]],[[[126.9020469,33.5221622],[126.9019012,33.5220931],[126.9018588,33.5221197],[126.9019864,33.5221797],[126.9020469,33.5221622]]],[[[126.9023149,33.5222585],[126.9022753,33.5222187],[126.9022395,33.5222592],[126.9023149,33.5222585]]],[[[126.902023,33.5225972],[126.9019378,33.5224991],[126.9018952,33.522507],[126.902023,33.5225972]]],[[[126.9589365,33.5228602],[126.9588644,33.5227372],[126.9587653,33.5227377],[126.9587803,33.5228624],[126.9589365,33.5228602]]],[[[126.8983378,33.5225273],[126.8983012,33.522645],[126.8984916,33.5226102],[126.898454,33.5225805],[126.8983378,33.5225273]]],[[[126.958186,33.5229955],[126.9582378,33.522879],[126.9581902,33.52287],[126.958186,33.5229955]]],[[[126.8982175,33.5226866],[126.898036,33.522545],[126.8979443,33.5226765],[126.8979952,33.5227487],[126.8982175,33.5226866]]],[[[126.9482386,33.5231],[126.9481249,33.5230686],[126.9482335,33.5231228],[126.9482386,33.5231]]],[[[126.9576253,33.5231446],[126.9575441,33.5231505],[126.9576049,33.5231813],[126.9576253,33.5231446]]],[[[126.9582161,33.5232262],[126.9581707,33.5232366],[126.9581813,33.5232634],[126.9582161,33.5232262]]],[[[126.9485086,33.523219],[126.948459,33.5231767],[126.9484345,33.5231958],[126.9485086,33.523219]]],[[[126.902564,33.5230281],[126.9023656,33.5230361],[126.9023538,33.5232107],[126.9025977,33.5232526],[126.902691,33.5231604],[126.902564,33.5230281]]],[[[126.8982741,33.5231743],[126.8981663,33.5231346],[126.8981702,33.5232781],[126.8982741,33.5231743]]],[[[126.5511151,33.5213421],[126.5510452,33.5213939],[126.5511017,33.5214737],[126.5511324,33.5214632],[126.5511151,33.5213421]]],[[[126.8977615,33.5235242],[126.8976392,33.5234927],[126.8977335,33.5235254],[126.8976891,33.5236518],[126.8977615,33.5235242]]],[[[126.9502317,33.5240194],[126.9502576,33.5239762],[126.9502106,33.5239962],[126.9502317,33.5240194]]],[[[126.9506324,33.5240541],[126.9505834,33.5240472],[126.9505816,33.5240916],[126.9506324,33.5240541]]],[[[126.9502527,33.5240823],[126.9501991,33.5240641],[126.9502351,33.524101],[126.9502527,33.5240823]]],[[[126.8973387,33.5239604],[126.8974427,33.5237972],[126.897174,33.5238637],[126.897326,33.523896],[126.8973387,33.5239604]]],[[[126.9038646,33.5240326],[126.9038027,33.5239929],[126.9037946,33.5240468],[126.9038646,33.5240326]]],[[[126.8961773,33.5241018],[126.8961028,33.524096],[126.8961503,33.5241443],[126.8961773,33.5241018]]],[[[126.9029602,33.5241898],[126.9028596,33.523742],[126.9026233,33.5236559],[126.9023199,33.5236943],[126.9022364,33.5238997],[126.9018984,33.5237447],[126.9018252,33.5238453],[126.9023493,33.5239994],[126.9027906,33.5242756],[126.9029602,33.5241898]]],[[[126.9037376,33.5243099],[126.9037938,33.5242811],[126.9037105,33.5242766],[126.9037376,33.5243099]]],[[[126.9508119,33.5248085],[126.9507649,33.524777],[126.9507904,33.5248176],[126.9508119,33.5248085]]],[[[126.9507226,33.5249645],[126.9507581,33.5249226],[126.9507071,33.5249486],[126.9507226,33.5249645]]],[[[126.9022221,33.524793],[126.9021514,33.524753],[126.9021359,33.5247679],[126.9022221,33.524793]]],[[[126.9007233,33.5249306],[126.9009062,33.5249444],[126.9007208,33.5248],[126.9007233,33.5249306]]],[[[126.9014759,33.524956],[126.9013923,33.5247292],[126.9013638,33.52472],[126.9013128,33.5248118],[126.9014759,33.524956]]],[[[126.9023407,33.5249352],[126.9021652,33.5249933],[126.9021642,33.5250531],[126.9024396,33.5250694],[126.9024843,33.524996],[126.9023407,33.5249352]]],[[[126.8608031,33.5249781],[126.860666,33.5249485],[126.8605445,33.5249836],[126.8606438,33.5250917],[126.8608031,33.5249781]]],[[[126.8950884,33.5253911],[126.8950024,33.5253021],[126.8948924,33.5253184],[126.8949825,33.5253956],[126.8950884,33.5253911]]],[[[126.9544954,33.5256076],[126.9542321,33.5248484],[126.9542514,33.5244084],[126.9548929,33.5243698],[126.9549642,33.5246684],[126.9552654,33.5250248],[126.9553366,33.5249804],[126.9552633,33.5249786],[126.955001,33.5246229],[126.9549956,33.5243515],[126.9552501,33.5243016],[126.955887,33.5245613],[126.9559182,33.5244212],[126.9556394,33.5243325],[126.955884,33.5241509],[126.9559272,33.523913],[126.9558362,33.5241296],[126.9556611,33.5242474],[126.955504,33.5242969],[126.9551406,33.5242294],[126.9553846,33.5238203],[126.9553719,33.5234685],[126.9558304,33.5230688],[126.9560482,33.5230324],[126.9564383,33.5232441],[126.95663,33.5231873],[126.9567771,33.5229488],[126.9569508,33.5228576],[126.9571668,33.5228577],[126.9577749,33.5230836],[126.9581342,33.5229215],[126.958031,33.5226078],[126.957634,33.522471],[126.9574285,33.5220581],[126.9580178,33.5213812],[126.9580179,33.5210514],[126.9581208,33.5208685],[126.9584111,33.5209866],[126.958444,33.5209298],[126.958139,33.5207904],[126.9581959,33.5205115],[126.9583005,33.5203685],[126.9587466,33.5201045],[126.9589018,33.5198448],[126.9591074,33.519788],[126.9594315,33.5199852],[126.9594266,33.520162],[126.9594838,33.520017],[126.9596788,33.5200552],[126.9601623,33.5202],[126.9603322,33.5203767],[126.9604051,33.520333],[126.9602197,33.5201282],[126.9602519,33.5200717],[126.9606202,33.5199956],[126.9603602,33.5194732],[126.9604736,33.5191697],[126.9610598,33.5191376],[126.9612094,33.5192445],[126.9612029,33.5197197],[126.9613434,33.5194989],[126.9615951,33.5196021],[126.961314,33.5194341],[126.9612769,33.519244],[126.9614915,33.5191931],[126.9610858,33.5189501],[126.9609042,33.5187102],[126.9609042,33.5185496],[126.961129,33.5184475],[126.9613624,33.5185177],[126.9615245,33.5184856],[126.9618023,33.5186389],[126.9619939,33.5186587],[126.9621313,33.5188334],[126.9621742,33.5190747],[126.962208,33.5189312],[126.9624501,33.5188842],[126.9621987,33.5188867],[126.9620694,33.5185605],[126.9621116,33.5184046],[126.9618529,33.5184104],[126.9619175,33.5182333],[126.9617646,33.5183962],[126.9613021,33.5182768],[126.9611426,33.518012],[126.9613373,33.5179767],[126.9613121,33.5179251],[126.9612077,33.5179517],[126.9612204,33.5178778],[126.9614021,33.5178713],[126.9615759,33.5175852],[126.9611717,33.5177262],[126.9608367,33.5176575],[126.9601923,33.5167988],[126.9600402,33.5169304],[126.960236,33.5171745],[126.9603044,33.5171454],[126.9607139,33.5176715],[126.9605109,33.5179097],[126.9606503,33.5179737],[126.9605658,33.5181093],[126.9603333,33.5179383],[126.9604559,33.5176967],[126.9601352,33.5176128],[126.960261,33.5174366],[126.9601533,33.5173743],[126.9599326,33.5176385],[126.959885,33.5178276],[126.9597362,33.5179285],[126.9599848,33.5182853],[126.9597394,33.5183304],[126.9593175,33.5182327],[126.9592188,33.5181595],[126.9592466,33.5180402],[126.9591481,33.5178597],[126.9589605,33.5179465],[126.9587381,33.5177739],[126.9587644,33.5175244],[126.9586599,33.5171029],[126.9582874,33.5166116],[126.9584918,33.5164231],[126.958695,33.5165048],[126.9587314,33.5164634],[126.9584295,33.5162766],[126.9582267,33.5165154],[126.957933,33.5163478],[126.9578322,33.5161873],[126.9579046,33.5161693],[126.957964,33.5158655],[126.9581455,33.515845],[126.9581316,33.5155918],[126.9579261,33.5154933],[126.9576588,33.5154983],[126.9576036,33.5153485],[126.9578143,33.5142368],[126.9582869,33.513414],[126.9586006,33.513128],[126.9585763,33.5129295],[126.9587697,33.5127617],[126.9590102,33.5126684],[126.9595328,33.5126591],[126.9595634,33.5125823],[126.9597832,33.5127269],[126.9597234,33.5130084],[126.9599267,33.5131835],[126.9611725,33.5130685],[126.9617815,33.5130829],[126.9620747,33.5134235],[126.9620372,33.5138276],[126.9618246,33.51402],[126.9619127,33.514066],[126.9620764,33.5138872],[126.962256,33.5138989],[126.9625252,33.513764],[126.9628228,33.513845],[126.9631382,33.5136666],[126.9633027,33.5137221],[126.9636057,33.5139991],[126.9641488,33.5141493],[126.9645462,33.5138409],[126.9647487,33.5132716],[126.965026,33.5132961],[126.9661978,33.5141842],[126.9667705,33.5142247],[126.9668677,33.5143488],[126.9668426,33.5149217],[126.9669107,33.5151489],[126.9666558,33.5152751],[126.9676267,33.5157824],[126.9677021,33.5158624],[126.9676153,33.5160872],[126.9678515,33.5158724],[126.9684729,33.5159086],[126.9690182,33.5158037],[126.9696089,33.5155747],[126.969947,33.515229],[126.9701676,33.5151728],[126.9697599,33.5148178],[126.9699734,33.5147419],[126.9708947,33.5146189],[126.9715186,33.5150147],[126.9718154,33.5148552],[126.9719553,33.5148635],[126.9720933,33.5146831],[126.9720556,33.5145071],[126.9721452,33.5144585],[126.9723836,33.5147051],[126.9726229,33.5146609],[126.9724059,33.5142595],[126.9721982,33.5141629],[126.9715247,33.5142096],[126.9716132,33.5138603],[126.971403,33.513471],[126.9715938,33.51308],[126.9714416,33.5129579],[126.9712183,33.5132283],[126.971203,33.5135006],[126.971348,33.5135706],[126.9715551,33.5138772],[126.9714774,33.5141972],[126.9713153,33.514275],[126.9712,33.5142071],[126.9711234,33.5144245],[126.9706457,33.5145982],[126.9697227,33.5147906],[126.9693692,33.5147484],[126.9692402,33.5146143],[126.9694443,33.5143782],[126.9692351,33.5145735],[126.9690657,33.5145764],[126.968843,33.5139007],[126.9687034,33.5139276],[126.9681651,33.5143427],[126.9679058,33.5143584],[126.9678324,33.5142376],[126.9680665,33.513672],[126.9676237,33.5134435],[126.9673345,33.5134246],[126.9668384,33.5135795],[126.9661609,33.5135865],[126.96618,33.513653],[126.9666711,33.5136442],[126.9667943,33.5137769],[126.9666928,33.5141265],[126.9662916,33.5141435],[126.9659555,33.5137499],[126.9660926,33.5136908],[126.9660726,33.5136404],[126.9657423,33.5137493],[126.9650762,33.5132396],[126.9652086,33.5125382],[126.9651127,33.5120079],[126.9652479,33.5117773],[126.9653124,33.5117339],[126.9654849,33.5118626],[126.9657209,33.5118341],[126.9658903,33.5115719],[126.9657869,33.51138],[126.9663103,33.5113156],[126.9668763,33.5114017],[126.966924,33.5112745],[126.9667395,33.5111946],[126.9664822,33.5112877],[126.9664097,33.5111915],[126.966303,33.5112615],[126.965848,33.5113036],[126.96567,33.511082],[126.9656551,33.5108875],[126.9666521,33.509631],[126.9672706,33.5094385],[126.9672812,33.5091204],[126.967385,33.5089014],[126.967769,33.5089147],[126.9678955,33.5088541],[126.9678246,33.5087628],[126.9677121,33.5088305],[126.9674334,33.5088351],[126.9675045,33.5082668],[126.9673967,33.5079019],[126.9675988,33.5076816],[126.967497,33.5075087],[126.9675326,33.5073829],[126.9676471,33.5074856],[126.9677142,33.5074632],[126.9675722,33.5072916],[126.9678386,33.506847],[126.9676541,33.506593],[126.9679696,33.5059641],[126.9680028,33.5055935],[126.9679715,33.5054826],[126.9676981,33.5054387],[126.9675919,33.5051629],[126.9680338,33.5042772],[126.9679585,33.5041436],[126.9681102,33.5039237],[126.9680868,33.5034516],[126.9683865,33.5034188],[126.9683417,33.5029084],[126.9684747,33.5028914],[126.9686003,33.5033659],[126.9684994,33.5033358],[126.9684703,33.5034575],[126.9686087,33.5036552],[126.9685831,33.5037484],[126.9690884,33.5039177],[126.9690671,33.5039812],[126.9691454,33.5040059],[126.9692462,33.503838],[126.9687707,33.5037277],[126.9687008,33.5036054],[126.9687351,33.5033464],[126.9686109,33.5027438],[126.9688388,33.5027011],[126.9687948,33.5028742],[126.9691176,33.5030256],[126.9695134,33.5030134],[126.9696529,33.5029777],[126.9697079,33.5028509],[126.9692438,33.5027896],[126.9703524,33.50252],[126.9705468,33.5022071],[126.9704362,33.5020905],[126.9705304,33.5017665],[126.9705216,33.5013138],[126.970221,33.5012647],[126.9701509,33.501101],[126.9702069,33.5002663],[126.9703917,33.4998782],[126.970653,33.4996856],[126.9707786,33.4992683],[126.9707787,33.4989093],[126.9701797,33.4983604],[126.9702286,33.4980277],[126.9698177,33.4976891],[126.9696854,33.4974176],[126.9691923,33.4969062],[126.9689136,33.4967294],[126.968514,33.4967191],[126.9684341,33.4965832],[126.9683338,33.4968696],[126.9676334,33.497392],[126.9672217,33.4974305],[126.966814,33.497266],[126.9666717,33.4971177],[126.9665141,33.4967535],[126.9667527,33.4965021],[126.9666101,33.4961884],[126.966882,33.4959929],[126.9667847,33.4956576],[126.9670258,33.495417],[126.9669785,33.4951721],[126.9671632,33.4950196],[126.9671043,33.4948584],[126.967194,33.4947961],[126.9671172,33.494607],[126.9676759,33.494475],[126.967742,33.4943508],[126.9676934,33.4942861],[126.9672673,33.4942868],[126.9670571,33.4939623],[126.9671726,33.4937324],[126.96742,33.4936585],[126.967577,33.4937222],[126.9676929,33.4935823],[126.9676541,33.4923871],[126.9677501,33.4921053],[126.9669767,33.4927252],[126.9669818,33.4924872],[126.9671993,33.4918563],[126.96758,33.4915033],[126.9676261,33.4913649],[126.9674622,33.4915363],[126.967319,33.4912753],[126.9672025,33.491212],[126.9673493,33.4911431],[126.9673686,33.4909884],[126.9671339,33.4910174],[126.9670109,33.4907466],[126.9666762,33.4908722],[126.9664686,33.4905627],[126.9661494,33.4903112],[126.9660418,33.4898922],[126.9657322,33.4898083],[126.9657476,33.4896858],[126.9655976,33.4896052],[126.9655554,33.4894601],[126.9654554,33.4894407],[126.9650014,33.489721],[126.9648897,33.4899499],[126.9645382,33.4895442],[126.9642321,33.4895145],[126.9640821,33.4893662],[126.9642207,33.4892244],[126.9637782,33.4892984],[126.9634435,33.4894692],[126.9632489,33.4894468],[126.9631087,33.4898204],[126.9631855,33.4900396],[126.963547,33.4902234],[126.9635739,33.4903008],[126.9632678,33.4909679],[126.9629716,33.4908937],[126.9627909,33.4906777],[126.9627279,33.4900394],[126.9625161,33.4905238],[126.9623225,33.4905039],[126.9618869,33.4907838],[126.9616746,33.4906115],[126.9619049,33.4913382],[126.9618202,33.4915316],[126.9616932,33.4915928],[126.9614816,33.4916217],[126.9614093,33.4911476],[126.9613254,33.4911191],[126.9612641,33.4909388],[126.9609686,33.4907575],[126.9607664,33.4909575],[126.960674,33.4911895],[126.9604046,33.4913861],[126.9606736,33.4919953],[126.9605811,33.4922822],[126.9603291,33.492511],[126.9600097,33.4925689],[126.9599019,33.4927493],[126.9593856,33.4928599],[126.9588812,33.4928318],[126.9579828,33.4925152],[126.9563165,33.4911697],[126.9547981,33.4915596],[126.9530274,33.4918557],[126.9525993,33.4919875],[126.9524256,33.4916046],[126.9525483,33.4920041],[126.9513875,33.4924402],[126.9506467,33.4919756],[126.9506994,33.4918939],[126.9498638,33.4912623],[126.9495943,33.4912204],[126.9494142,33.4914374],[126.9495137,33.4916513],[126.9497057,33.4916735],[126.9498513,33.4915927],[126.9499722,33.491671],[126.9498677,33.4918067],[126.9511058,33.4925379],[126.9508693,33.493122],[126.9499484,33.4933907],[126.9496217,33.4931736],[126.949426,33.4933312],[126.9490199,33.4930944],[126.9487199,33.4934187],[126.9488857,33.4935606],[126.9486389,33.4938497],[126.9483965,33.4934566],[126.9479205,33.4934466],[126.9477453,33.4931498],[126.947595,33.4930658],[126.9472317,33.4934342],[126.9467844,33.4934005],[126.9466482,33.4935941],[126.9464666,33.4936611],[126.946408,33.4938399],[126.9458178,33.4940974],[126.9452674,33.4939643],[126.9454228,33.493595],[126.9453627,33.4935752],[126.9451429,33.4939794],[126.9448887,33.4939528],[126.944455,33.4942284],[126.9440598,33.4946167],[126.9435474,33.4948639],[126.9433872,33.4951067],[126.9433905,33.4954613],[126.9436587,33.495864],[126.9432942,33.4961185],[126.9433742,33.4962057],[126.9437835,33.4959607],[126.9441446,33.4961845],[126.9443144,33.4961894],[126.9445071,33.4964339],[126.9444434,33.4964762],[126.9442619,33.4963526],[126.9441692,33.4963783],[126.9442008,33.4964531],[126.9445694,33.4965747],[126.9445966,33.4966395],[126.9444996,33.4967308],[126.9446611,33.4970758],[126.9444536,33.4975861],[126.9445272,33.497899],[126.943937,33.4988979],[126.9439492,33.4992302],[126.9438013,33.4995955],[126.9436867,33.4996634],[126.9437235,33.4997129],[126.9437918,33.4996723],[126.9438012,33.4998069],[126.9436373,33.5001406],[126.9435694,33.5007188],[126.9431563,33.5013146],[126.9432834,33.5021228],[126.9432484,33.5023431],[126.9428962,33.5028683],[126.9425581,33.5031556],[126.9420563,33.503348],[126.9418602,33.5034994],[126.9417735,33.5034367],[126.9417142,33.5035026],[126.9418566,33.5035838],[126.9416221,33.5039094],[126.9414637,33.504638],[126.9417206,33.504939],[126.9417354,33.5054692],[126.9416738,33.5056318],[126.9412968,33.5055531],[126.9412732,33.5056448],[126.9416665,33.5057259],[126.9411956,33.506229],[126.9411256,33.5065617],[126.9411743,33.5066756],[126.9417333,33.5070348],[126.9421011,33.5070981],[126.9426124,33.5073848],[126.9426745,33.5077219],[126.9431664,33.507747],[126.9433749,33.5078654],[126.9434311,33.5079185],[126.9432978,33.5079899],[126.9435742,33.5081878],[126.9434519,33.5082141],[126.9430926,33.5090077],[126.9429305,33.5090713],[126.9428365,33.5093006],[126.9426172,33.5093676],[126.9423438,33.5093876],[126.9423276,33.5092312],[126.9418789,33.5092501],[126.9408948,33.508998],[126.9398844,33.5083883],[126.9398893,33.5081748],[126.9396741,33.5082026],[126.9396956,33.5084847],[126.9407264,33.5090515],[126.9408753,33.5092854],[126.9426841,33.5097426],[126.943232,33.5100545],[126.9432528,33.510305],[126.9430393,33.5103538],[126.9430467,33.5104252],[126.9432751,33.510431],[126.9432335,33.5109236],[126.9435234,33.5113373],[126.9434064,33.5115144],[126.9438159,33.5117273],[126.9444788,33.5129152],[126.9447401,33.512962],[126.9449768,33.5128491],[126.945432,33.5129468],[126.9453178,33.513183],[126.9453734,33.5132004],[126.9455349,33.5129655],[126.9459303,33.5130269],[126.9461094,33.5132424],[126.9460358,33.5135434],[126.9462099,33.5137215],[126.9460133,33.5137624],[126.9460337,33.5138049],[126.9464051,33.5137992],[126.9472574,33.5140162],[126.9473766,33.5142213],[126.9471257,33.5143606],[126.9473551,33.5144359],[126.9473338,33.5145617],[126.9474331,33.5146544],[126.9477441,33.5146509],[126.9478488,33.5145134],[126.948015,33.5144615],[126.9483496,33.5145176],[126.9488433,33.5146763],[126.9492996,33.515115],[126.9489341,33.5165171],[126.9488389,33.5165688],[126.9487156,33.5165215],[126.9485299,33.516625],[126.9486735,33.5168756],[126.9487533,33.5167655],[126.9488873,33.5167415],[126.9491059,33.5168365],[126.9490626,33.5170556],[126.9488562,33.517088],[126.9488417,33.5169758],[126.9486733,33.5172615],[126.9485845,33.51728],[126.9481609,33.5165861],[126.9480542,33.5166596],[126.9483883,33.5172845],[126.9486672,33.5175049],[126.9494077,33.5186805],[126.9493056,33.5188305],[126.9488299,33.5190109],[126.9486273,33.5192884],[126.9487279,33.5193088],[126.9489415,33.519037],[126.9494294,33.51888],[126.9495023,33.518914],[126.9495673,33.5192793],[126.9487926,33.5196043],[126.9486938,33.5193669],[126.9483395,33.5193739],[126.9482939,33.5198406],[126.9480688,33.5199299],[126.9477619,33.5194529],[126.9474596,33.5193451],[126.9474313,33.5194092],[126.9477545,33.5195914],[126.94794,33.5200073],[126.9477813,33.520197],[126.9480438,33.5207142],[126.9484838,33.5211695],[126.9486035,33.5214663],[126.9481987,33.5221281],[126.9483326,33.522189],[126.9483378,33.5225572],[126.9482345,33.5226841],[126.9479795,33.5226039],[126.9479389,33.5226557],[126.9480695,33.5227191],[126.9480019,33.5228029],[126.9480838,33.5228428],[126.9481775,33.5227572],[126.9483807,33.5228272],[126.9486303,33.5231011],[126.9490471,33.5232112],[126.949075,33.5233485],[126.9492187,33.523268],[126.9489909,33.5230146],[126.9500902,33.5230355],[126.9502445,33.5231451],[126.9502551,33.5233056],[126.9500507,33.5237373],[126.9501217,33.5237829],[126.95028,33.523759],[126.9503845,33.523576],[126.9505902,33.5234667],[126.9505067,33.5231033],[126.9508117,33.5229852],[126.951174,33.5231342],[126.9514873,33.5236845],[126.9514256,33.5237374],[126.9510768,33.5237281],[126.9507512,33.5239083],[126.9506638,33.523798],[126.9504699,33.5237735],[126.9504203,33.5239687],[126.950618,33.5240059],[126.9506383,33.5240526],[126.9507499,33.5239964],[126.9507367,33.5240435],[126.9506091,33.524146],[126.9504167,33.5240287],[126.950264,33.5240545],[126.9506431,33.5241871],[126.9507829,33.5240669],[126.950829,33.52389],[126.9511527,33.5237574],[126.9512368,33.5237594],[126.9512454,33.5239912],[126.9514004,33.5240744],[126.9515638,33.5240539],[126.9516623,33.5239268],[126.9522286,33.523811],[126.9523244,33.5238935],[126.9522285,33.5240532],[126.9522911,33.5242751],[126.9521107,33.5244158],[126.9522398,33.5246593],[126.952036,33.5246845],[126.9520823,33.5245545],[126.9519902,33.5244399],[126.9517124,33.5244648],[126.9514628,33.5242759],[126.9512341,33.5242608],[126.9511537,33.5243883],[126.9513689,33.524691],[126.9515935,33.5248278],[126.9521123,33.5248882],[126.9527494,33.525188],[126.9528223,33.5246014],[126.9529397,33.524495],[126.9531375,33.5244708],[126.9536827,33.5245799],[126.9541622,33.5244811],[126.9541659,33.5250093],[126.9534781,33.525576],[126.9535327,33.525605],[126.9536816,33.5254249],[126.9542094,33.5250722],[126.9543906,33.5255297],[126.9542649,33.5258205],[126.9543455,33.5258165],[126.9543523,33.525705],[126.9544954,33.5256076]]],[[[126.8627409,33.5254216],[126.8626259,33.5254706],[126.8626683,33.5255593],[126.8627434,33.5255262],[126.8627409,33.5254216]]],[[[126.8633868,33.5257803],[126.8633596,33.5256831],[126.8633188,33.5256676],[126.8632427,33.5257645],[126.8633868,33.5257803]]],[[[126.8623859,33.5256064],[126.8622829,33.5256495],[126.8624461,33.5259185],[126.8625242,33.5257358],[126.8623859,33.5256064]]],[[[126.8845498,33.5270217],[126.8844979,33.5269978],[126.8845253,33.5270681],[126.8845498,33.5270217]]],[[[126.8849911,33.526977],[126.8847903,33.5268491],[126.8846602,33.5269305],[126.8847894,33.5271131],[126.8849911,33.526977]]],[[[126.8853705,33.5272479],[126.8850412,33.5270483],[126.8850249,33.5271357],[126.8852269,33.5272905],[126.8853705,33.5272479]]],[[[126.8845713,33.5274583],[126.8847682,33.5275329],[126.8847357,33.5272855],[126.8845713,33.5274583]]],[[[126.8839228,33.5275449],[126.884071,33.5275298],[126.8840065,33.527454],[126.8839228,33.5275449]]],[[[126.8655478,33.5275558],[126.8656674,33.5274676],[126.8656216,33.5274148],[126.8654254,33.5275297],[126.8655478,33.5275558]]],[[[126.8887121,33.5277919],[126.8886242,33.5277504],[126.8886069,33.5278391],[126.8886375,33.527853],[126.8887121,33.5277919]]],[[[126.8908913,33.5288201],[126.8909118,33.5287523],[126.8908596,33.5287761],[126.8908913,33.5288201]]],[[[126.8653853,33.5289716],[126.8655683,33.5288858],[126.8655066,33.5287737],[126.8652946,33.5288906],[126.8653853,33.5289716]]],[[[126.8662454,33.5290056],[126.8662787,33.5289411],[126.8662102,33.5289913],[126.8662454,33.5290056]]],[[[126.8659733,33.5291238],[126.8658832,33.5290721],[126.8658379,33.5290884],[126.8659091,33.5291398],[126.8659733,33.5291238]]],[[[126.8706198,33.5293374],[126.8705708,33.5292697],[126.8705867,33.5293375],[126.8706198,33.5293374]]],[[[126.8807393,33.5295715],[126.8806448,33.5295739],[126.8807177,33.529647],[126.8807393,33.5295715]]],[[[126.877344,33.5296294],[126.8772773,33.529603],[126.8773064,33.5296511],[126.877344,33.5296294]]],[[[126.8711203,33.5295234],[126.8711136,33.5296498],[126.8712626,33.5297603],[126.871308,33.529668],[126.8711203,33.5295234]]],[[[126.8747244,33.5297781],[126.8746311,33.5297785],[126.8746497,33.5298065],[126.8747244,33.5297781]]],[[[126.8747334,33.5299371],[126.8747446,33.5298518],[126.8746476,33.5298572],[126.8747334,33.5299371]]],[[[126.8710312,33.529732],[126.8709001,33.5297993],[126.8711291,33.5299407],[126.8711233,33.5298034],[126.8710312,33.529732]]],[[[126.8721879,33.5300299],[126.872128,33.5299927],[126.872143,33.53004],[126.8721879,33.5300299]]],[[[126.8516567,33.529918],[126.8515763,33.5298707],[126.8516729,33.5299482],[126.8516567,33.529918]]],[[[126.8704524,33.5300732],[126.8703223,33.5301044],[126.8703206,33.5301784],[126.8703838,33.5301764],[126.8704524,33.5300732]]],[[[126.5766402,33.5281717],[126.5765553,33.5282899],[126.5766978,33.5284068],[126.5767758,33.5282884],[126.5766402,33.5281717]]],[[[126.871452,33.5300977],[126.8713625,33.5301484],[126.8713694,33.53029],[126.8716492,33.5303388],[126.871452,33.5300977]]],[[[126.8773752,33.5303836],[126.8775953,33.5303459],[126.8775447,33.5302744],[126.877399,33.5302575],[126.8773752,33.5303836]]],[[[126.8714351,33.5305332],[126.8713607,33.5305447],[126.8714228,33.530584],[126.8714351,33.5305332]]],[[[126.8709415,33.5305716],[126.8708592,33.5306334],[126.8709006,33.5307302],[126.8710135,33.530679],[126.8709415,33.5305716]]],[[[126.8719993,33.5309058],[126.8719256,33.5309615],[126.871942,33.5310418],[126.8720217,33.5310031],[126.8719993,33.5309058]]],[[[126.8719466,33.5310766],[126.8718737,33.5311386],[126.8718897,33.5311701],[126.8719435,33.5311345],[126.8719466,33.5310766]]],[[[126.5565639,33.5295978],[126.5572848,33.5292337],[126.5572595,33.5291918],[126.5601935,33.5277584],[126.559563,33.5269547],[126.5594921,33.5269915],[126.5599728,33.5276517],[126.5567088,33.5292513],[126.5566518,33.5291632],[126.5563553,33.5293099],[126.5565639,33.5295978]]],[[[126.846769,33.5328862],[126.8466672,33.5328732],[126.8467196,33.532932],[126.846769,33.5328862]]],[[[126.8505012,33.5328453],[126.8504193,33.5328907],[126.8504433,33.5329519],[126.8505049,33.5328907],[126.8505012,33.5328453]]],[[[126.8510858,33.5327997],[126.8510366,33.5328331],[126.8511473,33.5329715],[126.8512569,33.5329512],[126.8510858,33.5327997]]],[[[126.8439116,33.5341434],[126.8438439,33.5341844],[126.84395,33.53419],[126.8439116,33.5341434]]],[[[126.8405716,33.5340745],[126.8405027,33.5342264],[126.840543,33.5343228],[126.8406324,33.5342332],[126.8405716,33.5340745]]],[[[126.5583808,33.5328117],[126.5579661,33.5326546],[126.5578844,33.5327893],[126.5460126,33.5282985],[126.5439777,33.5283009],[126.544007,33.5286147],[126.5441761,33.5287328],[126.5443925,33.5287186],[126.5447025,33.5285697],[126.5457187,33.5285874],[126.5459463,33.5287026],[126.5464739,33.5286713],[126.5488329,33.5295474],[126.5488021,33.5296093],[126.5491071,33.5297208],[126.5491322,33.5296686],[126.5506717,33.5302419],[126.550641,33.5302948],[126.5509666,33.5303645],[126.5580666,33.5330479],[126.558221,33.5330985],[126.5583808,33.5328117]]],[[[126.6026638,33.5363557],[126.6023734,33.5362982],[126.6023199,33.5364245],[126.6026638,33.5363557]]],[[[126.8415039,33.5379156],[126.8414303,33.537971],[126.8415607,33.5380115],[126.8415878,33.5379737],[126.8415039,33.5379156]]],[[[126.6262804,33.5370603],[126.626106,33.5369245],[126.6258794,33.5368347],[126.6259168,33.5369921],[126.6262804,33.5370603]]],[[[126.6337698,33.5374907],[126.6337104,33.537441],[126.6337068,33.5374837],[126.6337698,33.5374907]]],[[[126.8381736,33.5390379],[126.8386046,33.5390037],[126.8381908,33.5387092],[126.8381128,33.5387338],[126.8380476,33.5389544],[126.8381736,33.5390379]]],[[[126.83737,33.5390209],[126.837253,33.5390045],[126.8373132,33.5390648],[126.83737,33.5390209]]],[[[126.6262098,33.5377368],[126.6261113,33.5377411],[126.62624,33.5377815],[126.6262098,33.5377368]]],[[[126.6300312,33.5378379],[126.629942,33.5378036],[126.6299928,33.5378647],[126.6300312,33.5378379]]],[[[126.6155092,33.538215],[126.6154795,33.5381671],[126.615453,33.5381845],[126.6155092,33.538215]]],[[[126.6332439,33.5385763],[126.633153,33.5385551],[126.6331065,33.5386204],[126.6331994,33.5389749],[126.6334408,33.5391535],[126.6334772,33.5390653],[126.6333676,33.5390006],[126.6332439,33.5385763]]],[[[126.6339935,33.5389925],[126.6339492,33.5390423],[126.6340696,33.5392075],[126.6340948,33.5390809],[126.6339935,33.5389925]]],[[[126.8358288,33.5405769],[126.8356959,33.540637],[126.8357143,33.5406928],[126.835834,33.5406708],[126.8358288,33.5405769]]],[[[126.8331307,33.5407086],[126.833306,33.5406526],[126.8333072,33.5405902],[126.8330458,33.5406414],[126.8331307,33.5407086]]],[[[126.832959,33.5407497],[126.8328301,33.5407166],[126.8327796,33.5407792],[126.832956,33.5408311],[126.832959,33.5407497]]],[[[126.6333851,33.5397224],[126.633258,33.5397744],[126.6332722,33.5398468],[126.6334077,33.5398273],[126.6333851,33.5397224]]],[[[126.8344177,33.5411684],[126.8343539,33.5411279],[126.8343704,33.5412209],[126.8344177,33.5411684]]],[[[126.8348832,33.5410363],[126.8347587,33.5411824],[126.8347966,33.5412855],[126.8348491,33.5412549],[126.8348832,33.5410363]]],[[[126.8291189,33.5438985],[126.8290751,33.5437892],[126.8288881,33.543861],[126.828917,33.5437379],[126.8286249,33.5435656],[126.8284705,33.5436026],[126.8285332,33.5438125],[126.8287979,33.5437816],[126.8288448,33.5440044],[126.8291189,33.5438985]]],[[[126.8283482,33.5439738],[126.8281843,33.5440055],[126.8282077,33.5441299],[126.8283248,33.5441088],[126.8283482,33.5439738]]],[[[126.6683164,33.5447421],[126.6680369,33.5449349],[126.6681914,33.5453447],[126.6684791,33.5452103],[126.6684048,33.5448199],[126.6683164,33.5447421]]],[[[126.6682011,33.5455174],[126.6677305,33.5455576],[126.6680582,33.5459292],[126.6682188,33.5458233],[126.6682011,33.5455174]]],[[[126.8278094,33.5475573],[126.8277255,33.5475588],[126.8277577,33.5476189],[126.8278067,33.5476207],[126.8278094,33.5475573]]],[[[126.6387787,33.5492449],[126.6387247,33.5491942],[126.638709,33.5492253],[126.6387787,33.5492449]]],[[[126.6864859,33.5494876],[126.686407,33.5495849],[126.6864181,33.5496417],[126.686481,33.5495717],[126.6864859,33.5494876]]],[[[126.6864536,33.5497391],[126.6863524,33.5496714],[126.6863913,33.5497691],[126.6864536,33.5497391]]],[[[126.6388831,33.5495146],[126.6388367,33.5493573],[126.6387245,33.5494526],[126.6388831,33.5495146]]],[[[126.6509082,33.5499468],[126.6508695,33.5499399],[126.6508848,33.5499594],[126.6509082,33.5499468]]],[[[126.8289095,33.5519316],[126.8288498,33.5519065],[126.8288743,33.5519425],[126.8289095,33.5519316]]],[[[126.8291433,33.5518263],[126.8290667,33.5518886],[126.8291799,33.5519577],[126.8291985,33.5519304],[126.8291433,33.5518263]]],[[[126.6496334,33.5509287],[126.6495732,33.5509212],[126.6495986,33.55095],[126.6496334,33.5509287]]],[[[126.6506564,33.5511088],[126.6505944,33.5511016],[126.6506206,33.5511308],[126.6506564,33.5511088]]],[[[126.6537599,33.5516339],[126.6536615,33.5516133],[126.6535747,33.5516947],[126.6537392,33.5518207],[126.6538039,33.551758],[126.6537599,33.5516339]]],[[[126.6428029,33.5526165],[126.6427459,33.5525693],[126.6427637,33.5526108],[126.6428029,33.5526165]]],[[[126.6432846,33.5532039],[126.6429646,33.5530659],[126.643068,33.5533615],[126.6432846,33.5532039]]],[[[126.6434412,33.5535593],[126.6432754,33.5536631],[126.6433879,33.5538424],[126.6434739,33.5537904],[126.6434412,33.5535593]]],[[[126.6971783,33.5552797],[126.6969664,33.5552284],[126.6969421,33.5552826],[126.6971783,33.5552797]]],[[[126.6440503,33.5554617],[126.6439133,33.555402],[126.644028,33.5555337],[126.6440503,33.5554617]]],[[[126.6946974,33.5556986],[126.6945522,33.5557285],[126.6945684,33.5558558],[126.6947255,33.5558015],[126.6946974,33.5556986]]],[[[126.6957743,33.5559179],[126.695665,33.5556146],[126.6959397,33.5556814],[126.6961957,33.5555539],[126.6959297,33.5553151],[126.6955853,33.5555081],[126.6952345,33.5555328],[126.6951541,33.5555981],[126.695341,33.5558931],[126.6957743,33.5559179]]],[[[126.7120017,33.555965],[126.7119128,33.5560375],[126.7120853,33.5560682],[126.7120788,33.5559954],[126.7120017,33.555965]]],[[[126.6965322,33.5562309],[126.6964206,33.5561834],[126.6963048,33.5562234],[126.6964073,33.5563237],[126.6965322,33.5562309]]],[[[126.7373742,33.5567751],[126.737224,33.556746],[126.73717,33.5568215],[126.7373742,33.5567751]]],[[[126.6945913,33.5566624],[126.6950491,33.5563625],[126.6948167,33.5561891],[126.694477,33.5564068],[126.6944766,33.5562704],[126.6947228,33.5561595],[126.6947291,33.5560911],[126.6944854,33.555972],[126.694351,33.5557758],[126.6940467,33.5557731],[126.6940297,33.5558594],[126.6942035,33.5559047],[126.6942387,33.5560006],[126.6939338,33.5560561],[126.6939292,33.5562299],[126.6938163,33.5563883],[126.6938902,33.5565119],[126.6942569,33.5564653],[126.6945913,33.5566624]]],[[[126.6932081,33.5569674],[126.6937164,33.5570152],[126.6936624,33.5566033],[126.693174,33.5567738],[126.6930732,33.557034],[126.6932081,33.5569674]]],[[[126.8106803,33.5580359],[126.8106065,33.5580333],[126.810555,33.55808],[126.8106238,33.5580872],[126.8106803,33.5580359]]],[[[126.8268327,33.558417],[126.8270692,33.5582062],[126.8267066,33.5583082],[126.8268327,33.558417]]],[[[126.810447,33.5582158],[126.8100866,33.558166],[126.8099488,33.5582566],[126.8101324,33.5583998],[126.8103766,33.5584433],[126.810447,33.5582158]]],[[[126.6952797,33.5567396],[126.6950446,33.5567959],[126.6948972,33.557002],[126.6949876,33.5574918],[126.6951687,33.5578089],[126.6955215,33.5576681],[126.6954838,33.5572698],[126.6956697,33.556905],[126.6952797,33.5567396]]],[[[126.6955396,33.5580186],[126.6952699,33.5580695],[126.6952625,33.5581613],[126.6954927,33.558191],[126.6955396,33.5580186]]],[[[126.7592103,33.5584975],[126.7591826,33.5586723],[126.7592544,33.5587189],[126.7593009,33.5586679],[126.7592103,33.5584975]]],[[[126.6965278,33.557448],[126.6961449,33.5569975],[126.6958927,33.5570827],[126.6957009,33.5575405],[126.6958854,33.5576302],[126.695993,33.5579385],[126.6958546,33.5582841],[126.6960769,33.5583583],[126.6963065,33.5582655],[126.6962789,33.5579232],[126.6965278,33.557448]]],[[[126.8275778,33.5590974],[126.827443,33.559085],[126.827393,33.5591231],[126.8274642,33.5591748],[126.8275778,33.5590974]]],[[[126.8271972,33.5591012],[126.827032,33.5591909],[126.8272652,33.5592913],[126.8271972,33.5591012]]],[[[126.8254708,33.5592181],[126.8254008,33.5592363],[126.8254193,33.5592849],[126.8254766,33.5592787],[126.8254708,33.5592181]]],[[[126.7497996,33.5589929],[126.7497299,33.5589318],[126.7496896,33.5589619],[126.7497996,33.5589929]]],[[[126.826354,33.5594927],[126.8263184,33.5594417],[126.8262514,33.5594807],[126.8262741,33.5594935],[126.826354,33.5594927]]],[[[126.746282,33.5587273],[126.7460484,33.5587146],[126.7459297,33.55863],[126.7460798,33.5588],[126.7460889,33.5589574],[126.7462789,33.55906],[126.7462022,33.5588714],[126.746282,33.5587273]]],[[[126.8236993,33.5595864],[126.8236208,33.5596287],[126.8236864,33.5596416],[126.8236993,33.5595864]]],[[[126.7540198,33.5593679],[126.7539964,33.5593194],[126.7539538,33.5593242],[126.7540198,33.5593679]]],[[[126.7462458,33.5590887],[126.7461013,33.559197],[126.7462372,33.5593389],[126.746307,33.559228],[126.7462458,33.5590887]]],[[[126.8107603,33.5592752],[126.8105336,33.5594247],[126.8104691,33.5596141],[126.8105629,33.5597146],[126.8107652,33.5595397],[126.8107603,33.5592752]]],[[[126.695408,33.5590943],[126.6953223,33.5589805],[126.6952193,33.5589917],[126.6952405,33.5590749],[126.695408,33.5590943]]],[[[126.8235802,33.5596618],[126.823515,33.5597269],[126.8236321,33.55991],[126.8236648,33.5598582],[126.8235802,33.5596618]]],[[[126.8214526,33.5599002],[126.8213952,33.5598679],[126.8213586,33.5598818],[126.8213796,33.5599213],[126.8214526,33.5599002]]],[[[126.8220064,33.5597908],[126.8218738,33.5598592],[126.8220061,33.5599494],[126.8220552,33.559901],[126.8220064,33.5597908]]],[[[126.6958599,33.5592127],[126.6960595,33.5590912],[126.6957209,33.5586119],[126.6956242,33.5586056],[126.6956644,33.559204],[126.6958599,33.5592127]]],[[[126.8170285,33.5609756],[126.816903,33.5608862],[126.8170075,33.5610006],[126.8170285,33.5609756]]],[[[126.8205576,33.5610469],[126.8206955,33.5610033],[126.8205446,33.5609742],[126.8205576,33.5610469]]],[[[126.7857464,33.5625593],[126.7858269,33.5624132],[126.7857015,33.5622208],[126.7854324,33.5622578],[126.7852281,33.5623998],[126.7854073,33.562548],[126.7855936,33.5624831],[126.7857464,33.5625593]]],[[[126.785091,33.5625465],[126.7849977,33.5625491],[126.7850917,33.5626042],[126.785091,33.5625465]]],[[[126.7860351,33.5626399],[126.7859853,33.5625863],[126.7859828,33.5626355],[126.7860351,33.5626399]]],[[[126.7849784,33.562418],[126.784916,33.5623369],[126.784649,33.5622942],[126.7845541,33.5623618],[126.7845945,33.5624562],[126.7847635,33.5624156],[126.784677,33.5625933],[126.7848025,33.5626892],[126.7848759,33.5626498],[126.7848615,33.5625006],[126.7849784,33.562418]]],[[[126.8159221,33.5628433],[126.8158462,33.5628854],[126.8159298,33.5629365],[126.815961,33.5629124],[126.8159221,33.5628433]]],[[[126.8158035,33.5628278],[126.8159321,33.5628073],[126.8160251,33.5626871],[126.8157471,33.562533],[126.8155507,33.5626359],[126.8155278,33.562753],[126.8157987,33.5630265],[126.8158035,33.5628278]]],[[[126.7844409,33.5631193],[126.7847675,33.5631436],[126.7846058,33.5628654],[126.7844674,33.5628122],[126.7843244,33.5629927],[126.7840086,33.5629777],[126.7838358,33.5630798],[126.7841143,33.5633477],[126.78439,33.5632765],[126.7844409,33.5631193]]],[[[126.7847212,33.5634448],[126.7847038,33.5633757],[126.7846353,33.5633868],[126.7846445,33.5634267],[126.7847212,33.5634448]]],[[[126.7841569,33.5633913],[126.784163,33.5634633],[126.7842896,33.5634924],[126.7842743,33.5634474],[126.7841569,33.5633913]]],[[[126.780351,33.5634979],[126.7802806,33.5634727],[126.7803146,33.5635224],[126.780351,33.5634979]]],[[[126.7798744,33.5635479],[126.7797554,33.5635357],[126.7797947,33.5636177],[126.7798744,33.5635479]]],[[[126.7848403,33.5636722],[126.7848261,33.5635975],[126.784714,33.5636908],[126.7848403,33.5636722]]],[[[126.783759,33.5636801],[126.7836538,33.5637326],[126.7836653,33.5637632],[126.7837172,33.563759],[126.783759,33.5636801]]],[[[126.7852263,33.5637315],[126.785186,33.5637807],[126.7851965,33.5638329],[126.7852524,33.5637774],[126.7852263,33.5637315]]],[[[126.785158,33.5639156],[126.7851305,33.5638045],[126.7849592,33.5638396],[126.7849705,33.5639163],[126.785158,33.5639156]]],[[[126.7809889,33.5639411],[126.7809878,33.563873],[126.7809273,33.5639368],[126.7809889,33.5639411]]],[[[126.7835541,33.5639517],[126.783527,33.5640089],[126.7835851,33.5640917],[126.7836306,33.564003],[126.7835541,33.5639517]]],[[[126.7629522,33.563997],[126.7627046,33.5639762],[126.7626676,33.5640044],[126.7628828,33.564175],[126.7629522,33.563997]]],[[[126.7810865,33.5641481],[126.7809837,33.5641875],[126.7810145,33.5642779],[126.7811046,33.5642499],[126.7810865,33.5641481]]],[[[126.7626962,33.5644869],[126.7627627,33.5643593],[126.7624837,33.564466],[126.7624583,33.5643058],[126.7623186,33.5643751],[126.7624054,33.5645013],[126.7626962,33.5644869]]],[[[126.7686523,33.564492],[126.7684897,33.5645465],[126.7684985,33.564613],[126.7686792,33.5646355],[126.7686523,33.564492]]],[[[126.7823283,33.5648414],[126.7821727,33.5648282],[126.7821447,33.5648662],[126.7822801,33.5649219],[126.7823283,33.5648414]]],[[[126.7742159,33.5649145],[126.7741698,33.5648505],[126.7741746,33.5649096],[126.7742159,33.5649145]]],[[[126.7746204,33.56494],[126.7746275,33.5648837],[126.7745884,33.5648845],[126.7746204,33.56494]]],[[[126.7831173,33.5650602],[126.7831468,33.5649625],[126.7830986,33.5650664],[126.7831173,33.5650602]]],[[[126.7841376,33.565115],[126.7840829,33.5650614],[126.7839181,33.5650472],[126.7839386,33.5651187],[126.7841376,33.565115]]],[[[126.7823633,33.5651272],[126.7822944,33.5650359],[126.7822025,33.5650814],[126.7823633,33.5651272]]],[[[126.7820453,33.5650311],[126.7820117,33.5650811],[126.7820471,33.5651374],[126.7821057,33.5650866],[126.7820453,33.5650311]]],[[[126.7842553,33.5651327],[126.7841782,33.5651638],[126.7841767,33.5651842],[126.7842343,33.5651899],[126.7842553,33.5651327]]],[[[126.7817871,33.5650392],[126.7816208,33.5651047],[126.781679,33.5652103],[126.7818871,33.5651426],[126.7817871,33.5650392]]],[[[126.780441,33.5655059],[126.7802487,33.5654358],[126.7801777,33.5654533],[126.7802271,33.5655005],[126.780441,33.5655059]]],[[[126.7634569,33.5651993],[126.7633041,33.5653101],[126.7634428,33.5654415],[126.763542,33.5653479],[126.7634569,33.5651993]]],[[[126.779877,33.5656936],[126.7797093,33.5657043],[126.7796842,33.5657383],[126.779816,33.5657616],[126.779877,33.5656936]]],[[[126.7789896,33.5660099],[126.7791228,33.5660597],[126.779115,33.5659515],[126.7793063,33.5659791],[126.7791282,33.5658981],[126.7790603,33.5656137],[126.7793192,33.5656379],[126.7795803,33.5654238],[126.7792961,33.5651072],[126.7792823,33.5649517],[126.7794158,33.5649691],[126.7794669,33.5648649],[126.7792547,33.5647878],[126.7790472,33.5639873],[126.7791846,33.563792],[126.7790632,33.563711],[126.7790197,33.5634382],[126.7794418,33.5632559],[126.7797688,33.5634156],[126.7798121,33.5632944],[126.7800479,33.5633367],[126.7801269,33.5631945],[126.7804307,33.5630761],[126.7806886,33.563238],[126.7809561,33.5635519],[126.780981,33.5637524],[126.781283,33.5638473],[126.7811645,33.5639703],[126.7812471,33.5640768],[126.7813476,33.5640855],[126.7813413,33.563983],[126.7815157,33.5641312],[126.7814196,33.5642953],[126.7818395,33.5641136],[126.7818786,33.5643694],[126.7820116,33.5644908],[126.7821817,33.5644923],[126.7823618,33.5648932],[126.7824996,33.5646476],[126.7826292,33.5646008],[126.7829461,33.5647018],[126.7831085,33.5648493],[126.7834037,33.5648457],[126.7835864,33.5649499],[126.7840294,33.5644416],[126.7841332,33.5644055],[126.7843014,33.5645098],[126.7843508,33.5644532],[126.7840041,33.5642585],[126.7829873,33.5639153],[126.7832469,33.5636074],[126.7834034,33.5636841],[126.7834855,33.5636454],[126.7833287,33.563442],[126.7833257,33.563188],[126.7834374,33.5630457],[126.7833843,33.5629474],[126.7835881,33.5625989],[126.7838403,33.5626597],[126.7836724,33.5625573],[126.783832,33.5624578],[126.7838126,33.5621761],[126.7839603,33.5620508],[126.7846088,33.562055],[126.784748,33.5617328],[126.7848555,33.5616845],[126.7848379,33.5615955],[126.7849707,33.561555],[126.7852127,33.5615939],[126.7852911,33.5616993],[126.7855127,33.5616707],[126.7860544,33.5617655],[126.7867021,33.5616875],[126.7867,33.5618031],[126.7868524,33.5617051],[126.7869992,33.5617291],[126.7873304,33.5616013],[126.7876279,33.5616576],[126.7879644,33.5615402],[126.7880165,33.5613062],[126.788178,33.5613156],[126.7883881,33.5611939],[126.7884303,33.5609368],[126.7885794,33.5608555],[126.788934,33.5609308],[126.7891159,33.5611785],[126.7891149,33.5613357],[126.7893723,33.5614307],[126.78966,33.5612248],[126.7896589,33.5610215],[126.7898151,33.5607068],[126.7900197,33.5606745],[126.7899253,33.5606047],[126.7903314,33.5605424],[126.7905914,33.5607134],[126.7907851,33.5606587],[126.7908942,33.5604966],[126.7910961,33.5604742],[126.7909641,33.5601262],[126.791258,33.5597218],[126.791895,33.559689],[126.7920831,33.5597242],[126.792079,33.5598017],[126.7921993,33.5597029],[126.7926401,33.559818],[126.7927146,33.5597099],[126.7933646,33.5595799],[126.7934829,33.5596842],[126.7935901,33.5596738],[126.7936684,33.5595509],[126.7935546,33.5594662],[126.7943514,33.5587718],[126.7944679,33.5587748],[126.7944291,33.5587025],[126.7945007,33.558643],[126.794649,33.5586937],[126.7946259,33.5585396],[126.7948729,33.5583803],[126.7949823,33.5581063],[126.7953138,33.5579003],[126.7961553,33.5580809],[126.7967323,33.557841],[126.7966946,33.5577828],[126.7964834,33.5578199],[126.7960992,33.5579845],[126.795364,33.5578217],[126.795354,33.5576422],[126.7952462,33.557799],[126.795053,33.5577607],[126.7950318,33.5575841],[126.7949728,33.5575753],[126.7949257,33.5577131],[126.7948242,33.5576691],[126.7947289,33.557245],[126.7947998,33.5568212],[126.7951667,33.5570164],[126.795039,33.5574751],[126.7950947,33.5574936],[126.7952885,33.5571211],[126.7958432,33.5571774],[126.7961067,33.5573221],[126.7961748,33.5572712],[126.7959025,33.5571138],[126.7953305,33.5570391],[126.7954965,33.5565072],[126.7958593,33.556137],[126.7967002,33.5555798],[126.79778,33.5552482],[126.7982261,33.5551853],[126.7987204,33.5552226],[126.7994404,33.5555477],[126.7995299,33.5554791],[126.7998175,33.555521],[126.800043,33.5557027],[126.8003179,33.5555938],[126.8008267,33.5563377],[126.8012736,33.5571554],[126.8012535,33.5572518],[126.8015599,33.5575985],[126.8021101,33.5578389],[126.802558,33.5579207],[126.8026136,33.5580775],[126.8026998,33.5580664],[126.8026952,33.5578769],[126.8033769,33.5576717],[126.8048308,33.556731],[126.8053707,33.5566269],[126.8054467,33.5570468],[126.8052805,33.5581321],[126.8055197,33.5584419],[126.8055735,33.558409],[126.8053606,33.558121],[126.8054749,33.5575476],[126.8056104,33.5575574],[126.8056013,33.5576308],[126.805691,33.5576651],[126.8057131,33.5575757],[126.8064491,33.5576649],[126.8065033,33.5574087],[126.8067884,33.5574335],[126.8067607,33.5572976],[126.8064492,33.5573137],[126.8061985,33.5571206],[126.806352,33.5567],[126.8076925,33.5564855],[126.8076492,33.5570367],[126.8073893,33.557221],[126.8072994,33.5571426],[126.8068595,33.5571724],[126.8069066,33.5572943],[126.8070469,33.557309],[126.8069728,33.5576907],[126.8070481,33.5579263],[126.8071311,33.5579851],[126.807292,33.5579348],[126.8074003,33.5580948],[126.8068753,33.5585459],[126.8063079,33.5588217],[126.8055953,33.5589012],[126.8055969,33.558958],[126.8057175,33.5589698],[126.8062327,33.5589707],[126.806938,33.5585972],[126.8074413,33.5581628],[126.807645,33.5578874],[126.8076391,33.5583032],[126.8075844,33.5583047],[126.807647,33.5583902],[126.8075166,33.5584833],[126.807502,33.5586027],[126.8077398,33.5586765],[126.8078518,33.5584699],[126.8077233,33.5584004],[126.807718,33.5578318],[126.808003,33.5576718],[126.8081276,33.5574437],[126.8082895,33.557556],[126.8082747,33.5577631],[126.8083915,33.5577718],[126.8084925,33.5575967],[126.8083025,33.5571311],[126.8077679,33.5571208],[126.8078226,33.5564608],[126.8087714,33.5562926],[126.8094508,33.5562988],[126.8093245,33.5563452],[126.809288,33.556486],[126.809514,33.5567309],[126.8094108,33.5568216],[126.8092402,33.5568314],[126.808957,33.5565308],[126.8087916,33.556955],[126.8089722,33.5571541],[126.8093043,33.5572345],[126.8088294,33.5573183],[126.8088677,33.5572177],[126.8086626,33.5570811],[126.8086335,33.5572259],[126.8087126,33.5573639],[126.8085156,33.5574399],[126.8089129,33.5575807],[126.8090277,33.5577299],[126.8091302,33.5577006],[126.8091109,33.5579216],[126.8092659,33.5580105],[126.8093499,33.5579279],[126.809325,33.5577908],[126.809963,33.5576083],[126.8103254,33.5573374],[126.8104622,33.5574007],[126.8107207,33.5572049],[126.8108393,33.5570046],[126.8110899,33.5570698],[126.8111304,33.5573356],[126.811444,33.5574279],[126.8115675,33.5577166],[126.8113788,33.5580415],[126.8108258,33.5581918],[126.8109128,33.5586446],[126.8112974,33.558663],[126.8112742,33.5587672],[126.8110625,33.5589313],[126.8110731,33.5590448],[126.8115285,33.5589442],[126.8115872,33.5591015],[126.8114632,33.5592971],[126.8115546,33.5593731],[126.811814,33.5591703],[126.8126816,33.5593618],[126.8130863,33.5597213],[126.8132207,33.5596147],[126.8132297,33.5597277],[126.8136451,33.559827],[126.8139723,33.5600159],[126.8139674,33.5601939],[126.8140872,33.5603006],[126.814358,33.5602468],[126.8146253,33.560389],[126.8145791,33.5604868],[126.8144017,33.5605399],[126.8140964,33.5604294],[126.8141112,33.5605655],[126.8139476,33.5608273],[126.8140746,33.5609648],[126.8139465,33.5610014],[126.8138374,33.561249],[126.8136598,33.561091],[126.8136061,33.5611186],[126.8137069,33.5612898],[126.8133407,33.5614435],[126.8133608,33.5615421],[126.8136127,33.5617373],[126.8138594,33.5617326],[126.8139486,33.5619113],[126.8140746,33.5619709],[126.8142001,33.5619558],[126.8143037,33.5618401],[126.8143012,33.5616152],[126.8144372,33.5614737],[126.8147145,33.5614769],[126.8149502,33.5613411],[126.8150019,33.5612474],[126.8148789,33.5612018],[126.814925,33.5611579],[126.8152343,33.5611939],[126.8151587,33.5610195],[126.8152878,33.5610143],[126.8155859,33.5606569],[126.8156877,33.5606819],[126.8157527,33.5608162],[126.8160127,33.5608803],[126.816076,33.561022],[126.8162771,33.5610271],[126.816475,33.5607032],[126.8169313,33.5606852],[126.8169388,33.5604141],[126.8170658,33.5604417],[126.817147,33.5606243],[126.8173978,33.5606007],[126.8174397,33.5605285],[126.8176502,33.5604922],[126.817762,33.5603444],[126.8181234,33.5602397],[126.8188883,33.5602675],[126.8190542,33.560724],[126.8192108,33.5605747],[126.8193031,33.5607067],[126.8196884,33.560615],[126.8199138,33.5606773],[126.819895,33.5604375],[126.819987,33.5603959],[126.8199875,33.5602646],[126.8201263,33.5602765],[126.8204381,33.5605059],[126.8208313,33.5610322],[126.8209009,33.5609748],[126.8202639,33.5602984],[126.8203167,33.5601162],[126.8204485,33.5601165],[126.8205715,33.5599679],[126.8206504,33.5597358],[126.8210388,33.5595604],[126.8212815,33.559803],[126.8214189,33.5596712],[126.8217566,33.5597411],[126.821781,33.5595874],[126.8219671,33.559551],[126.8217555,33.5598148],[126.8218515,33.5598737],[126.8220409,33.5597232],[126.8221635,33.559743],[126.8220766,33.5595476],[126.822375,33.5589986],[126.8226397,33.5588653],[126.8228898,33.5589558],[126.8231988,33.5587287],[126.8234263,33.5589821],[126.8233312,33.5591422],[126.8234148,33.5593171],[126.8235791,33.5593736],[126.8236165,33.5592543],[126.8237252,33.5592892],[126.8237061,33.5591235],[126.823773,33.5591065],[126.8239068,33.5593583],[126.8240997,33.5594087],[126.8240882,33.5592642],[126.8242129,33.5592326],[126.8243734,33.559037],[126.8243036,33.558896],[126.8244418,33.55884],[126.8245802,33.5586309],[126.8245784,33.5584912],[126.8241901,33.558347],[126.824327,33.5583229],[126.8246637,33.558064],[126.8248534,33.5582355],[126.8248374,33.5584649],[126.8249665,33.5585878],[126.8249728,33.5587948],[126.825473,33.5591341],[126.825573,33.5591153],[126.8256991,33.5588671],[126.8260956,33.5590099],[126.8261469,33.5592003],[126.826305,33.559115],[126.8264954,33.5592081],[126.8265661,33.5590887],[126.8267689,33.5590074],[126.826975,33.559069],[126.8271179,33.5589552],[126.8269449,33.5587841],[126.8269611,33.5585144],[126.8266048,33.558414],[126.8264288,33.5581486],[126.8261208,33.5579675],[126.8260451,33.557653],[126.8258963,33.5575353],[126.8259329,33.5573318],[126.8256884,33.5572649],[126.8257178,33.5571554],[126.8258959,33.5570333],[126.8260609,33.5570389],[126.8260878,33.556835],[126.8263797,33.5566551],[126.8263182,33.5563937],[126.8261494,33.5562949],[126.8262113,33.5561792],[126.8261364,33.5560591],[126.8262249,33.5559176],[126.8258894,33.5556922],[126.8260439,33.5556238],[126.8260218,33.5555359],[126.8254936,33.5555067],[126.8251986,33.5551674],[126.8255557,33.5549624],[126.8256096,33.5548644],[126.8255555,33.5547592],[126.826087,33.5549228],[126.8254684,33.5546011],[126.8253908,33.5542803],[126.8256642,33.5542875],[126.8256691,33.5541558],[126.8258862,33.554226],[126.8264407,33.5539244],[126.8266398,33.5535942],[126.8269846,33.5534752],[126.8270227,33.5533538],[126.8271708,33.5533903],[126.8272989,33.5528674],[126.8276136,33.5531773],[126.8277772,33.5531958],[126.8278777,33.553055],[126.8280095,33.5530318],[126.827986,33.5529218],[126.8276742,33.5528077],[126.8276479,33.552658],[126.8277864,33.5526189],[126.828006,33.552389],[126.828199,33.5524694],[126.8282033,33.5523786],[126.8284488,33.5524963],[126.8286865,33.5524704],[126.8287214,33.5523621],[126.8289676,33.5521931],[126.8287287,33.5521029],[126.8286951,33.5522363],[126.8285273,33.5523415],[126.8285717,33.5520578],[126.8288654,33.5517637],[126.8287924,33.5516233],[126.8288424,33.5513796],[126.8290945,33.5513225],[126.8291975,33.5510503],[126.8294447,33.5510515],[126.8295878,33.5509665],[126.8294944,33.5507413],[126.829387,33.5508008],[126.8292241,33.5503345],[126.8288357,33.5500634],[126.8289021,33.5500142],[126.8288591,33.5499327],[126.8291919,33.5498378],[126.8293575,33.5495688],[126.8285298,33.5494495],[126.8284965,33.5493195],[126.8279466,33.5487457],[126.8283219,33.5487856],[126.8278185,33.5485436],[126.8276616,33.548173],[126.8273404,33.5480001],[126.8271775,33.5477739],[126.8271716,33.5475765],[126.8273274,33.5473149],[126.8274997,33.5471183],[126.8278923,33.5469264],[126.8279896,33.5466472],[126.8282193,33.5465682],[126.8280455,33.5464731],[126.8280487,33.5463961],[126.8284106,33.5458247],[126.8283383,33.5454108],[126.828661,33.5450259],[126.8283784,33.5446117],[126.8280914,33.5445682],[126.8278911,33.5446295],[126.8278018,33.5445526],[126.827879,33.5443141],[126.8277348,33.5441695],[126.827773,33.544048],[126.8279006,33.5439986],[126.8278918,33.5437817],[126.8281044,33.543622],[126.8280986,33.5431456],[126.8285488,33.543232],[126.828732,33.5430509],[126.8288405,33.5430391],[126.8295107,33.543281],[126.8296544,33.5434419],[126.8298689,33.5433214],[126.8305437,33.5431807],[126.8308904,33.5434592],[126.8310065,33.5433538],[126.8308339,33.5428514],[126.8311413,33.5426371],[126.8316373,33.5430336],[126.8316379,33.5431499],[126.831712,33.5430477],[126.8319408,33.5429737],[126.8321808,33.5430539],[126.832442,33.5433122],[126.832232,33.5430078],[126.8315108,33.5427894],[126.831388,33.542541],[126.8313907,33.5423413],[126.8316211,33.5418457],[126.8315477,33.541796],[126.8314537,33.5412806],[126.8310225,33.5407207],[126.8311041,33.5403821],[126.8312667,33.5402969],[126.8333173,33.5403658],[126.8343251,33.5406993],[126.8349227,33.5409928],[126.8350307,33.5407676],[126.835388,33.5406424],[126.8354711,33.5407714],[126.8357268,33.5408231],[126.8355971,33.5404333],[126.8362104,33.5398053],[126.8362236,33.5404032],[126.8363282,33.5398324],[126.8365653,33.5399192],[126.8370077,33.5398749],[126.8367018,33.540326],[126.8367578,33.5403531],[126.8370152,33.5400624],[126.8370718,33.5398772],[126.8373542,33.5401319],[126.8373944,33.5400895],[126.8372554,33.5399864],[126.8371961,33.5398923],[126.8373323,33.5399567],[126.8373398,33.539814],[126.8365715,33.5398649],[126.8362819,33.5396819],[126.8369169,33.5384685],[126.8371319,33.5385117],[126.837156,33.5384573],[126.8369997,33.5383549],[126.8370986,33.5382145],[126.8375743,33.5376953],[126.8383727,33.537095],[126.8387035,33.5370872],[126.8388771,33.5369944],[126.8398868,33.5370636],[126.8402071,33.5369888],[126.8401936,33.5371954],[126.8404268,33.5371091],[126.8407019,33.5374925],[126.8412901,33.53764],[126.8416574,33.5378598],[126.8414615,33.537596],[126.8421817,33.5370415],[126.8421572,33.536992],[126.8420801,33.5369229],[126.8417352,33.5371622],[126.8415694,33.5370288],[126.8417339,33.5369026],[126.8416955,33.536851],[126.8412742,33.5370844],[126.8413686,33.5374366],[126.8412415,33.5375453],[126.8407154,33.5374038],[126.8405266,33.5370389],[126.8407236,33.5369272],[126.8409884,33.5371144],[126.8411934,33.5369624],[126.8410974,33.5368947],[126.841118,33.5366453],[126.8408745,33.5364079],[126.8403521,33.5356355],[126.8402517,33.5353261],[126.840102,33.5351915],[126.8401662,33.5347721],[126.8400714,33.5346347],[126.8401029,33.5344594],[126.8401807,33.5342385],[126.840501,33.5339915],[126.8403057,33.5339879],[126.8413007,33.5334484],[126.8418937,33.5332995],[126.8424269,33.5335184],[126.8424636,33.5338063],[126.8426367,33.5339779],[126.8425093,33.5340622],[126.8425755,33.5341671],[126.8426927,33.5340344],[126.8431317,33.5338538],[126.8438849,33.5339981],[126.8440583,33.5337931],[126.8440585,33.5335684],[126.8443283,33.5333896],[126.8446005,33.5335259],[126.8447109,33.5334216],[126.8448455,33.5334286],[126.8446599,33.5330301],[126.8448302,33.5328116],[126.8451237,33.5326942],[126.8455085,33.5327444],[126.8457864,33.5329071],[126.845845,33.5330017],[126.8457793,33.5335063],[126.8459677,33.5334328],[126.8460775,33.5336339],[126.8462611,33.5336102],[126.8461866,33.5333375],[126.8459078,33.5331391],[126.845958,33.5329879],[126.8463722,33.5331411],[126.8465562,33.5335118],[126.8467174,33.5334869],[126.8467497,33.5330237],[126.8463569,33.5327906],[126.8466075,33.5325697],[126.8468033,33.5327011],[126.8468139,33.532525],[126.8470519,33.5323561],[126.8474366,33.5323815],[126.8482264,33.5326371],[126.8484673,33.5328359],[126.8487893,33.5327935],[126.8493443,33.5328824],[126.8495276,33.5330688],[126.8495228,33.5331653],[126.8498948,33.5329255],[126.8499973,33.5330266],[126.8501061,33.5329259],[126.8500301,33.5328114],[126.8502809,33.5327154],[126.8508623,33.5325529],[126.8509062,33.5326675],[126.8509858,33.532655],[126.8509878,33.5325047],[126.8510921,33.5324099],[126.8511789,33.5326253],[126.8513798,33.532629],[126.8513817,33.5324055],[126.8516138,33.5322221],[126.8516106,33.5321171],[126.8513303,33.531957],[126.8510755,33.5310027],[126.8509025,33.5310047],[126.8507755,33.5305975],[126.8508784,33.5305217],[126.8508751,33.5302067],[126.8510962,33.529939],[126.8513734,33.5298046],[126.8515579,33.5298086],[126.8517187,33.5296475],[126.8519372,33.5295903],[126.8525148,33.5297673],[126.8527299,33.5300556],[126.8529327,33.5300827],[126.85304,33.529985],[126.853285,33.5304095],[126.8533695,33.530403],[126.853355,33.5302172],[126.8531272,33.5298706],[126.8535491,33.5298001],[126.8536477,33.5298836],[126.853854,33.5297831],[126.8539766,33.5299232],[126.8541359,33.5298538],[126.8541851,33.5300063],[126.8542785,33.5299952],[126.8544793,33.5298682],[126.8544277,33.5296117],[126.854601,33.5294619],[126.8547383,33.5294426],[126.8552375,33.529789],[126.8571868,33.5305622],[126.8575865,33.530658],[126.8580518,33.530602],[126.858112,33.5305014],[126.8580179,33.5303861],[126.8574811,33.5304371],[126.8576738,33.5300616],[126.8575902,33.5300308],[126.8574605,33.53028],[126.8572631,33.5302194],[126.8560229,33.5297213],[126.8554223,33.5293602],[126.8555377,33.5292566],[126.8554794,33.5289431],[126.8556823,33.5288811],[126.8557267,33.528734],[126.856192,33.5285323],[126.8561619,33.5284802],[126.8556465,33.5286879],[126.8555134,33.5285046],[126.855395,33.5285609],[126.8549696,33.5281347],[126.8557361,33.5277936],[126.8559682,33.5281602],[126.8563578,33.5279876],[126.8563188,33.5279229],[126.8560055,33.5280571],[126.8558168,33.5277549],[126.8565044,33.5274421],[126.8568524,33.5280922],[126.8566584,33.5281465],[126.8568207,33.5285283],[126.8571246,33.5284352],[126.8572888,33.5288718],[126.8569785,33.5289536],[126.8570705,33.5291971],[126.8573487,33.529133],[126.8574805,33.5291973],[126.8584543,33.5300144],[126.8586147,33.5300054],[126.8585946,33.5298193],[126.8582323,33.5296338],[126.8575915,33.5290512],[126.8572483,33.5281633],[126.8565831,33.5268809],[126.8572305,33.526554],[126.8575902,33.5264981],[126.8578198,33.5263116],[126.8582598,33.5261886],[126.8580198,33.5253326],[126.8581473,33.5251399],[126.8583486,33.5250484],[126.8586122,33.5249954],[126.8587154,33.5250381],[126.8586684,33.5254209],[126.8588127,33.5251329],[126.8590541,33.5250049],[126.8594932,33.5251564],[126.8595901,33.5250441],[126.8601237,33.5249474],[126.8603064,33.5249903],[126.8604178,33.5251279],[126.8605121,33.5249187],[126.8610564,33.5249798],[126.8611047,33.5248964],[126.8618462,33.5249017],[126.8619526,33.5249861],[126.8619327,33.5251064],[126.86204,33.5251389],[126.8621338,33.5250583],[126.8622028,33.52469],[126.8630793,33.5251251],[126.8629405,33.525486],[126.8629783,33.5256225],[126.8633225,33.525531],[126.8636205,33.5256473],[126.8635614,33.5254174],[126.8637009,33.5252731],[126.8639111,33.5252052],[126.8642896,33.525337],[126.86421,33.5255658],[126.8643667,33.5255736],[126.864473,33.5254619],[126.86459,33.5254536],[126.8649127,33.5256945],[126.8651048,33.5262111],[126.8649589,33.526569],[126.8647107,33.5265121],[126.864643,33.5263881],[126.8646988,33.5265661],[126.864943,33.526624],[126.8647223,33.5268247],[126.8651043,33.5266238],[126.8651825,33.5263266],[126.8656267,33.5267672],[126.8656411,33.5270267],[126.8658061,33.5271799],[126.8657213,33.5273959],[126.865405,33.5272964],[126.8653825,33.5273366],[126.8655466,33.5274022],[126.865607,33.5274081],[126.8656449,33.5274237],[126.8657071,33.5274761],[126.8654396,33.5277265],[126.8654829,33.5277588],[126.8657615,33.5275283],[126.8658923,33.5270768],[126.86638,33.5276108],[126.8663494,33.527726],[126.8664515,33.5277174],[126.8667504,33.5279662],[126.866583,33.5283626],[126.8662741,33.5284429],[126.8660528,33.5286585],[126.8658617,33.5286751],[126.8657219,33.528595],[126.8656404,33.5285145],[126.8656705,33.5283921],[126.8655833,33.5283702],[126.8655465,33.5284545],[126.8656233,33.5286212],[126.8658498,33.5287512],[126.8660526,33.5287429],[126.8663516,33.5286108],[126.8662688,33.5288286],[126.8664908,33.5289627],[126.8662993,33.5292081],[126.8667482,33.5290271],[126.8671079,33.5291303],[126.8669425,33.5294094],[126.866739,33.5293945],[126.8669065,33.5294613],[126.8671858,33.5291645],[126.8673199,33.5293337],[126.8673547,33.5295264],[126.8672612,33.5298075],[126.8673692,33.5299529],[126.8673317,33.5297613],[126.8674628,33.5294486],[126.8683002,33.5295672],[126.8686799,33.5295042],[126.8689294,33.5298069],[126.8694217,33.5299676],[126.8694482,33.5300737],[126.8692428,33.5302492],[126.8692874,33.5302815],[126.8695524,33.5300317],[126.8700643,33.5304297],[126.8704773,33.5304768],[126.8707383,33.5306334],[126.8707667,33.5305901],[126.8704942,33.5304399],[126.8700777,33.5303741],[126.869378,33.5298805],[126.8689636,33.5297751],[126.8687971,33.5295446],[126.8687747,33.529475],[126.8690545,33.529233],[126.8691282,33.5292833],[126.8692412,33.5292446],[126.8692868,33.5291704],[126.8691485,33.5290735],[126.8692607,33.5288909],[126.869526,33.5288551],[126.8693782,33.5287322],[126.8694902,33.5283873],[126.8696027,33.5284123],[126.8698626,33.5287734],[126.8700775,33.5286332],[126.8702551,33.5286443],[126.8703509,33.5286796],[126.8705043,33.5289426],[126.8708319,33.528947],[126.8711229,33.5291022],[126.8713672,33.5290952],[126.8714303,33.5292099],[126.8712445,33.5292077],[126.8712335,33.5293549],[126.8714972,33.5295543],[126.8717863,33.5293603],[126.871925,33.5293645],[126.8718943,33.5297551],[126.8719639,33.5304485],[126.8720295,33.5304567],[126.8719642,33.5295207],[126.8721045,33.5295864],[126.8719857,33.5294177],[126.8723895,33.5292954],[126.8727605,33.5295802],[126.8725907,33.5290024],[126.873018,33.5288511],[126.8732514,33.528879],[126.8739219,33.5293551],[126.8739542,33.5294395],[126.8737634,33.5295761],[126.8736675,33.5297688],[126.873974,33.5294816],[126.8741098,33.5297384],[126.8743365,33.5297179],[126.8741474,33.5301535],[126.8742387,33.5301528],[126.8743673,33.529816],[126.8745514,33.5299314],[126.8744179,33.5296607],[126.8748415,33.5295662],[126.8750218,33.5296474],[126.8752446,33.529575],[126.8753798,33.5296554],[126.8755167,33.5294782],[126.8758335,33.5295164],[126.8761448,33.5293668],[126.8771328,33.5294437],[126.877388,33.5293142],[126.8774631,33.5295251],[126.8774891,33.5293558],[126.8776418,33.52936],[126.877826,33.52891],[126.8781183,33.5288197],[126.8784442,33.5288889],[126.8784731,33.5290178],[126.8785786,33.5290106],[126.8785708,33.5289481],[126.8788436,33.5291023],[126.8791121,33.5290895],[126.8794916,33.5293736],[126.8800634,33.5293949],[126.8803519,33.5295209],[126.8804116,33.5293554],[126.8804355,33.530003],[126.8802799,33.5305066],[126.8798401,33.5310442],[126.8797112,33.5310445],[126.8798784,33.531328],[126.8795764,33.5316457],[126.8799284,33.531346],[126.8798723,33.531166],[126.8799832,33.5309391],[126.8802682,33.5306419],[126.8804772,33.5306083],[126.8803132,33.5305704],[126.8805264,33.5303254],[126.8804772,33.5302119],[126.8804003,33.5302123],[126.880489,33.5300096],[126.8804813,33.5293272],[126.8807145,33.529262],[126.8810102,33.5295178],[126.8812479,33.5293847],[126.8814753,33.5297359],[126.8814811,33.5299497],[126.881651,33.5297895],[126.8821275,33.5299355],[126.8821403,33.5298885],[126.8815354,33.5297102],[126.881299,33.5293698],[126.8812422,33.5290615],[126.8814393,33.5292883],[126.8818319,33.5292691],[126.8819043,33.5291052],[126.8830213,33.5282025],[126.8833585,33.5281373],[126.8835432,33.5282997],[126.8839772,33.5280964],[126.8839469,33.5280417],[126.8835305,33.5281967],[126.8828308,33.5275433],[126.8830702,33.5272681],[126.8830079,33.5271627],[126.8828029,33.5273464],[126.8826343,33.5272044],[126.8823948,33.5272156],[126.8826968,33.5270186],[126.8837718,33.5267291],[126.8837947,33.5271037],[126.8831539,33.5271246],[126.8831718,33.5271967],[126.8835736,33.5272542],[126.8838482,33.5278114],[126.8839297,33.5277753],[126.883662,33.5272944],[126.8840064,33.5271531],[126.8843242,33.5274753],[126.8839765,33.5270433],[126.8838998,33.5267206],[126.88442,33.5266823],[126.8844064,33.5268085],[126.8841791,33.526996],[126.884227,33.5270415],[126.8844176,33.5269934],[126.8846104,33.5268197],[126.88511,33.5267778],[126.8853916,33.5268513],[126.8860175,33.5274313],[126.8864568,33.5272119],[126.8867565,33.5273565],[126.8870383,33.5273978],[126.8871563,33.5275862],[126.8870622,33.5279833],[126.8872112,33.5275885],[126.887335,33.5274794],[126.8878388,33.5275216],[126.8880971,33.5276645],[126.888278,33.5275959],[126.8883376,33.5277941],[126.8884096,33.527789],[126.8884412,33.5276063],[126.8888085,33.5274328],[126.8891785,33.5274759],[126.8893491,33.5276562],[126.8897256,33.5274808],[126.8897692,33.5273363],[126.8899726,33.5272376],[126.8900959,33.5273091],[126.8902425,33.5272399],[126.8903768,33.5273033],[126.8905618,33.5271177],[126.8905832,33.5269795],[126.8907499,33.5269314],[126.8910747,33.5273732],[126.8906918,33.5280001],[126.8908252,33.5279408],[126.8910265,33.5276051],[126.8912051,33.5277241],[126.8912795,33.5279335],[126.8910231,33.528406],[126.8910854,33.5284205],[126.8911865,33.5282779],[126.8912386,33.5284116],[126.8913841,33.5278366],[126.8917661,33.5279329],[126.8920366,33.5281244],[126.8917097,33.5276989],[126.8920391,33.5273942],[126.8919498,33.5273129],[126.8917637,33.5273893],[126.8918216,33.5271842],[126.8919633,33.5270757],[126.8919295,33.526963],[126.8915987,33.5269791],[126.8914275,33.5270624],[126.8912881,33.5269374],[126.8910392,33.5269519],[126.8910029,33.5268553],[126.8916012,33.5267697],[126.89199,33.5269312],[126.8923098,33.5265509],[126.892474,33.5264732],[126.8927346,33.5264871],[126.8932095,33.526994],[126.8930937,33.5266541],[126.893223,33.5265388],[126.8931151,33.5263541],[126.893325,33.526378],[126.8933297,33.5261476],[126.8934062,33.5260972],[126.8938396,33.5261907],[126.8939677,33.5260917],[126.8940638,33.5261968],[126.8939782,33.5258437],[126.8940917,33.5255794],[126.8943293,33.5253762],[126.894764,33.5251752],[126.8950304,33.5247654],[126.8952819,33.5247019],[126.8954968,33.5247325],[126.8956562,33.5245194],[126.8956066,33.5242974],[126.8957855,33.5242837],[126.8958287,33.5240533],[126.8965144,33.5237895],[126.8967982,33.5242898],[126.8969042,33.5242637],[126.8966248,33.5236028],[126.8967222,33.5236767],[126.8968356,33.523655],[126.8968899,33.5235599],[126.8967755,33.5234235],[126.8969016,33.5233324],[126.8974196,33.5232364],[126.8975671,33.5234121],[126.8978648,33.5234201],[126.8979719,33.5234959],[126.8981154,33.5242762],[126.8982087,33.5244671],[126.8982673,33.5244486],[126.8981027,33.5236141],[126.8987914,33.5238634],[126.8989282,33.5237554],[126.8987908,33.5236941],[126.8987805,33.5235185],[126.8986694,33.5235231],[126.8986728,33.523678],[126.8978896,33.5233608],[126.897853,33.5232379],[126.8980521,33.5229793],[126.8984263,33.5229669],[126.8984306,33.5229103],[126.8980515,33.5229002],[126.8978,33.523117],[126.8976901,33.5229367],[126.8985517,33.5226477],[126.8986483,33.5227467],[126.8985084,33.5229562],[126.8987016,33.5228333],[126.8985836,33.5226192],[126.8983098,33.5226783],[126.8981756,33.5225256],[126.8982347,33.5226947],[126.8979863,33.5227606],[126.8978347,33.5225349],[126.8980047,33.5224093],[126.8981243,33.5223532],[126.8982938,33.5223935],[126.8983766,33.5222618],[126.8988072,33.5221255],[126.899256,33.5223258],[126.8993162,33.5220124],[126.8995244,33.5219812],[126.8995664,33.5218922],[126.9001807,33.521645],[126.9009341,33.5214609],[126.9011098,33.5216024],[126.9011356,33.521529],[126.901218,33.521539],[126.9015914,33.52176],[126.9013494,33.5213772],[126.9011083,33.5212811],[126.9009035,33.5212695],[126.9008655,33.5214158],[126.9002926,33.5215743],[126.9008195,33.5210211],[126.9010164,33.520284],[126.9017713,33.5199486],[126.9018704,33.5200784],[126.9018336,33.5202183],[126.9019548,33.5203563],[126.901701,33.5205052],[126.9019577,33.5204913],[126.9019713,33.5206187],[126.9017549,33.5205604],[126.9017049,33.5207932],[126.9019282,33.5207565],[126.9020262,33.520495],[126.9022705,33.5204914],[126.9022122,33.5204121],[126.9020887,33.5204311],[126.9019658,33.5202641],[126.9019674,33.5200971],[126.9023497,33.520108],[126.9022433,33.5203923],[126.9028174,33.5201788],[126.9031583,33.5203215],[126.9034012,33.5205382],[126.9034194,33.5207201],[126.9032827,33.5208148],[126.9032461,33.5209916],[126.902955,33.5213936],[126.9030199,33.5216255],[126.9030082,33.5214056],[126.9033399,33.5209327],[126.9033975,33.5211278],[126.9036375,33.5211015],[126.9037951,33.5213164],[126.9040021,33.5213223],[126.9040041,33.5212217],[126.9037978,33.5210423],[126.9038696,33.5209448],[126.9041056,33.5210026],[126.9042605,33.5207901],[126.9042357,33.5206399],[126.9043758,33.5205088],[126.9043711,33.520383],[126.9046161,33.5204481],[126.904659,33.5205987],[126.9047104,33.5204728],[126.9056652,33.5203275],[126.9061945,33.5203453],[126.9059189,33.5203022],[126.9059094,33.5199938],[126.905749,33.5197508],[126.9059544,33.519609],[126.9057171,33.5197053],[126.9056631,33.5198009],[126.9058575,33.520006],[126.9058259,33.5202947],[126.9056515,33.520291],[126.9053824,33.5203652],[126.904773,33.5204282],[126.9043834,33.5203136],[126.9042046,33.5198656],[126.9045197,33.5197905],[126.9044663,33.5198956],[126.9045565,33.5199704],[126.9045291,33.5198359],[126.9047903,33.5197085],[126.9046204,33.5194631],[126.9050609,33.5192247],[126.9047892,33.5187877],[126.904503,33.5187079],[126.9044801,33.5187816],[126.9047284,33.5188465],[126.904958,33.5192277],[126.9045543,33.5194103],[126.9043656,33.5192223],[126.9042928,33.5192707],[126.9045159,33.5195019],[126.9043878,33.5196508],[126.9041772,33.519723],[126.9033727,33.5197086],[126.9032258,33.5195156],[126.9025593,33.5194055],[126.9015172,33.5188161],[126.9010449,33.5183416],[126.9008713,33.5180712],[126.9008293,33.5176229],[126.9006495,33.5174162],[126.9004686,33.5168527],[126.9004714,33.5166717],[126.9007656,33.5164625],[126.9008699,33.5161913],[126.9007008,33.5160344],[126.9006782,33.5157551],[126.9008877,33.515465],[126.9013448,33.5152523],[126.9014432,33.5153781],[126.9014885,33.5152796],[126.901624,33.5152992],[126.9020894,33.5150193],[126.9022147,33.5151757],[126.9021216,33.5146422],[126.902253,33.5143488],[126.9020834,33.514547],[126.9020168,33.5149759],[126.9015614,33.5152293],[126.9010928,33.5150675],[126.9006667,33.5146834],[126.9006136,33.5143276],[126.9002387,33.5141545],[126.9000234,33.5139647],[126.8992851,33.5138662],[126.8991007,33.5136888],[126.8987916,33.512983],[126.898733,33.5120118],[126.8996384,33.5096127],[126.8998615,33.5096363],[126.8999987,33.5097475],[126.9003263,33.5098082],[126.900879,33.5100605],[126.9010404,33.51004],[126.9013355,33.5101847],[126.9014912,33.5103724],[126.9017924,33.5102778],[126.9020666,33.5104258],[126.9023976,33.5104875],[126.9027092,33.5103581],[126.9028707,33.5104244],[126.9030715,33.5102072],[126.9033419,33.5101263],[126.9042147,33.5102651],[126.9043513,33.5104209],[126.9047952,33.5103575],[126.9049495,33.5104765],[126.9050283,33.5104324],[126.9052366,33.510494],[126.9053411,33.5103256],[126.9055397,33.5102931],[126.906312,33.5105819],[126.906395,33.5107328],[126.9068503,33.5108251],[126.9069604,33.5106744],[126.9074177,33.5105222],[126.9076871,33.5105589],[126.9076074,33.510267],[126.9078832,33.5099745],[126.908168,33.5099708],[126.9082865,33.5097775],[126.9094346,33.5095065],[126.9096762,33.5095207],[126.9103778,33.5089186],[126.9108722,33.508651],[126.9109136,33.5084686],[126.911269,33.5085418],[126.9112102,33.5083692],[126.9113748,33.5081959],[126.9116024,33.5083855],[126.9117306,33.5082452],[126.9117491,33.5079673],[126.9123639,33.5073566],[126.9125109,33.5072759],[126.9127633,33.5074284],[126.913008,33.5072237],[126.9127205,33.5071193],[126.9129522,33.5066827],[126.9128891,33.5065762],[126.9131296,33.5063053],[126.9130782,33.5059714],[126.9131957,33.5058405],[126.913159,33.505694],[126.9129722,33.5055629],[126.9129546,33.5052671],[126.9130693,33.5050106],[126.9133414,33.5051386],[126.9132958,33.505042],[126.9133705,33.504925],[126.9132547,33.5049941],[126.9130685,33.5049647],[126.9130484,33.5049033],[126.9132192,33.5039743],[126.9131704,33.5037337],[126.913418,33.5030259],[126.9135398,33.5029045],[126.9139363,33.502815],[126.9137303,33.5026171],[126.9136455,33.5023735],[126.9134103,33.5023715],[126.9132238,33.5025715],[126.9129404,33.5024337],[126.9128797,33.5018053],[126.9131095,33.5015342],[126.912795,33.5014542],[126.9123913,33.5008923],[126.9118242,33.5003332],[126.9114902,33.4997268],[126.9114615,33.4992721],[126.9115428,33.4988584],[126.911827,33.4983341],[126.9123279,33.4981529],[126.9126147,33.498199],[126.9128936,33.4981213],[126.9127302,33.498018],[126.9137471,33.4962367],[126.9133832,33.4955526],[126.9132964,33.4954805],[126.9131341,33.4955162],[126.9130545,33.4956467],[126.9133043,33.4958752],[126.913487,33.496284],[126.9131848,33.4966249],[126.912572,33.4976933],[126.9118597,33.4976054],[126.9117388,33.4970477],[126.9118574,33.4969767],[126.9123863,33.4970378],[126.9123914,33.4969915],[126.9118505,33.4969295],[126.911832,33.4968754],[126.9114595,33.4970795],[126.9112859,33.4968257],[126.9117137,33.4965863],[126.9115941,33.4962662],[126.911219,33.4965668],[126.9109372,33.4964861],[126.9110785,33.4962259],[126.911213,33.496246],[126.9114956,33.4957675],[126.9124013,33.4956991],[126.9124233,33.4954901],[126.9112676,33.4954702],[126.9109108,33.4962251],[126.9107659,33.4961948],[126.9107653,33.4961096],[126.9104257,33.4962898],[126.9100955,33.4961732],[126.9096202,33.4957887],[126.9093731,33.4952102],[126.9096184,33.49356],[126.9099901,33.493029],[126.9101777,33.4929613],[126.9102397,33.4925393],[126.9105921,33.4923957],[126.9104795,33.4923901],[126.9104437,33.4922182],[126.910593,33.4916096],[126.9108545,33.4913669],[126.9111321,33.4909422],[126.9119912,33.4907416],[126.9122448,33.490585],[126.9118753,33.4902875],[126.9118204,33.4903587],[126.9119676,33.4905052],[126.9117696,33.490668],[126.9114246,33.4903867],[126.9111572,33.4904248],[126.9109178,33.4900043],[126.9107107,33.4898233],[126.9106025,33.4895768],[126.9105705,33.4890208],[126.9107303,33.4884594],[126.9097304,33.4884233],[126.9088506,33.4879933],[126.9084645,33.4876479],[126.9077976,33.4874021],[126.9073799,33.4873299],[126.9067288,33.487691],[126.9060008,33.4879848],[126.9054315,33.4884078],[126.9051279,33.4884055],[126.9051639,33.4886253],[126.9050552,33.4885879],[126.9049832,33.4886851],[126.904169,33.4882653],[126.9036003,33.4877941],[126.9030916,33.4872101],[126.9022893,33.4859482],[126.9020435,33.4851243],[126.9019147,33.4843226],[126.9018355,33.4825309],[126.9009312,33.4826774],[126.9006438,33.4825465],[126.900685,33.4824512],[126.9005608,33.4823044],[126.9002286,33.4824614],[126.8992433,33.4826163],[126.8985839,33.4829509],[126.8982596,33.482946],[126.8980158,33.4830811],[126.8979019,33.483048],[126.8979639,33.4829515],[126.8977537,33.4827384],[126.8976391,33.4824298],[126.8971565,33.4821383],[126.8969893,33.4821254],[126.896678,33.4822407],[126.8963503,33.4820261],[126.8963395,33.4819484],[126.8951961,33.4817201],[126.8939962,33.481902],[126.8939633,33.4817631],[126.8937771,33.4818146],[126.8936348,33.4816903],[126.8930358,33.4817352],[126.8926937,33.4815633],[126.8919609,33.4809752],[126.8917864,33.4810962],[126.8912276,33.4809066],[126.8910822,33.4809916],[126.8909028,33.4809381],[126.8906031,33.4809833],[126.8904442,33.4808252],[126.8902936,33.4803372],[126.8899368,33.4803535],[126.8894807,33.480876],[126.8888692,33.4805648],[126.8886448,33.4796978],[126.8883417,33.4790778],[126.8878956,33.4788532],[126.8874617,33.4790073],[126.8869013,33.4795935],[126.8862378,33.4798496],[126.8854485,33.4804596],[126.8845199,33.480668],[126.8837073,33.4799875],[126.8823935,33.4786044],[126.8818978,33.4775179],[126.8814676,33.4770673],[126.881087,33.477292],[126.8800354,33.4767839],[126.879516,33.4764326],[126.879147,33.4766176],[126.8788257,33.4766872],[126.8786288,33.476627],[126.8782721,33.4764197],[126.8781321,33.4762582],[126.8781483,33.4761099],[126.8776725,33.475883],[126.8776596,33.4757623],[126.8774713,33.4756125],[126.8771295,33.4755645],[126.8767085,33.4756513],[126.8764051,33.4755849],[126.876108,33.47566],[126.8753383,33.4753704],[126.8752219,33.4755291],[126.8743038,33.4755228],[126.8742763,33.4756422],[126.8741982,33.4756364],[126.87382,33.4755401],[126.8725665,33.4749315],[126.8727409,33.4744821],[126.8727963,33.4738923],[126.8727389,33.472312],[126.8724817,33.4722376],[126.8722021,33.4723524],[126.8720156,33.47256],[126.8717163,33.4724639],[126.87151,33.4723022],[126.8712811,33.4722874],[126.8710912,33.4724015],[126.8710505,33.4725972],[126.8703568,33.4727967],[126.8702932,33.4725515],[126.86997,33.4723788],[126.8692743,33.4714664],[126.8681441,33.4708043],[126.8676789,33.4703008],[126.8675897,33.4700469],[126.8667518,33.4689594],[126.8663489,33.4687256],[126.8662447,33.4685843],[126.8656098,33.4685037],[126.8650789,33.4682894],[126.8645807,33.4684477],[126.8643455,33.4683295],[126.8629256,33.468359],[126.8618128,33.46818],[126.8611234,33.4678638],[126.8590119,33.4674929],[126.8584333,33.4672318],[126.8577366,33.467058],[126.8576383,33.4668636],[126.8568939,33.466243],[126.856929,33.4657517],[126.856229,33.4651736],[126.8546922,33.4633136],[126.8542157,33.4631462],[126.8531556,33.4630529],[126.8519026,33.4625275],[126.8502233,33.4623677],[126.8491878,33.4623898],[126.8471682,33.46208],[126.8466587,33.4621173],[126.846313,33.4620052],[126.8434415,33.460916],[126.8429058,33.4608246],[126.841645,33.4602588],[126.8406892,33.4599522],[126.838817,33.4590399],[126.8368309,33.4582784],[126.8359124,33.4575821],[126.8353373,33.457276],[126.8348719,33.4568397],[126.8349645,33.4567926],[126.8343717,33.4566908],[126.833423,33.4562177],[126.8318906,33.4556347],[126.8318469,33.4556697],[126.8315892,33.4554355],[126.8314305,33.4550121],[126.831053,33.4545923],[126.8295011,33.4536417],[126.8287265,33.453756],[126.8278772,33.4534847],[126.8268326,33.4534703],[126.8264513,33.4532356],[126.8261875,33.4531957],[126.8254532,33.4531548],[126.8249174,33.4533369],[126.8239391,33.4530225],[126.8240776,33.4515446],[126.8240373,33.4512158],[126.8242411,33.4504786],[126.8237058,33.4503619],[126.8233571,33.4495565],[126.8226622,33.4487465],[126.8224414,33.4483173],[126.8224292,33.4472695],[126.8221217,33.4467057],[126.8213777,33.4467115],[126.8207668,33.4470888],[126.8203241,33.447067],[126.8205403,33.4471402],[126.8208173,33.4471001],[126.8205778,33.447206],[126.8202478,33.4472655],[126.8202469,33.4471944],[126.8201046,33.4472129],[126.8192295,33.4475372],[126.818787,33.4477852],[126.8182129,33.4478252],[126.8172892,33.4467492],[126.8167676,33.4467645],[126.8164948,33.4465897],[126.8160683,33.4466048],[126.8160315,33.4465259],[126.8152404,33.4464733],[126.8151158,33.4464095],[126.8146014,33.4457954],[126.8144243,33.4452434],[126.8133524,33.4453737],[126.8129832,33.4456357],[126.8127963,33.4456332],[126.811586,33.4451438],[126.8104778,33.4448077],[126.8083671,33.444592],[126.8068571,33.4443352],[126.8045616,33.4435314],[126.8039382,33.4432344],[126.8032544,33.4427014],[126.8027169,33.4424183],[126.8017652,33.44219],[126.8016211,33.441906],[126.8013661,33.4418256],[126.8002269,33.4417318],[126.7998195,33.4416128],[126.7991647,33.4410153],[126.7985491,33.4406326],[126.7970313,33.440085],[126.79644,33.4402914],[126.7960556,33.4406122],[126.7949575,33.4410199],[126.7933154,33.4413491],[126.7915241,33.4413971],[126.7900591,33.44133],[126.7885628,33.4413553],[126.7878422,33.4408586],[126.7869583,33.4395313],[126.7866812,33.4389001],[126.7856572,33.4375778],[126.7837697,33.4354355],[126.7834602,33.4349018],[126.7824725,33.4344498],[126.7812078,33.4343887],[126.7800249,33.434212],[126.7792689,33.4341738],[126.7784782,33.4339919],[126.7779535,33.4330591],[126.7752963,33.4302685],[126.7730764,33.4289157],[126.7721631,33.4280454],[126.7700308,33.4262592],[126.7688422,33.425538],[126.764316,33.4230961],[126.763785,33.4228979],[126.7633088,33.4229084],[126.7630176,33.4227052],[126.7625868,33.4225577],[126.7627383,33.4222129],[126.7612832,33.4214605],[126.7600915,33.4211716],[126.759545,33.4211259],[126.7567424,33.4202486],[126.7553845,33.420191],[126.7547745,33.4200902],[126.7539172,33.420129],[126.7524052,33.4199168],[126.7505802,33.4194228],[126.7482348,33.4197275],[126.7414048,33.4202692],[126.7400865,33.4206007],[126.7387429,33.4211454],[126.736509,33.4223786],[126.7342694,33.4237307],[126.7334255,33.4243305],[126.7318253,33.4267219],[126.731633,33.42656],[126.7291646,33.425799],[126.728943,33.4256264],[126.7289897,33.4254845],[126.7269501,33.4244209],[126.724258,33.4241773],[126.7223132,33.4231554],[126.7191135,33.4225056],[126.7183745,33.4223101],[126.7172846,33.421885],[126.7090583,33.4218972],[126.7065292,33.4212277],[126.7053646,33.4211239],[126.7046642,33.4208455],[126.7024349,33.4202474],[126.6996188,33.4191938],[126.6970485,33.417874],[126.6921232,33.4151576],[126.6907342,33.414619],[126.6877283,33.4132847],[126.6868029,33.4124265],[126.6856673,33.4117395],[126.6841592,33.4104179],[126.6827207,33.4094624],[126.6810691,33.4087307],[126.6778339,33.4060787],[126.6762083,33.4048615],[126.6738411,33.403373],[126.6722371,33.4026734],[126.6694318,33.4003854],[126.6690736,33.4002552],[126.668344,33.4002373],[126.667867,33.4003951],[126.6668652,33.4009273],[126.6663048,33.4013364],[126.6653681,33.4016661],[126.66429,33.4021608],[126.6627293,33.4021171],[126.6617224,33.4021916],[126.6604636,33.4019589],[126.6597752,33.4014417],[126.6590063,33.4005347],[126.6581996,33.4002164],[126.6573568,33.3997171],[126.6559546,33.3995245],[126.6554949,33.3995914],[126.6549706,33.3994232],[126.654587,33.3989811],[126.6545562,33.3982225],[126.654154,33.3975512],[126.6533289,33.3968946],[126.653528,33.3966283],[126.6536768,33.3961713],[126.653695,33.3956551],[126.653419,33.3950549],[126.6531325,33.3948511],[126.6526705,33.3946717],[126.651701,33.3945069],[126.6505969,33.3949939],[126.6501028,33.3949702],[126.6486992,33.39403],[126.6481404,33.3937684],[126.6470561,33.3938686],[126.6438533,33.3939471],[126.6419081,33.3938117],[126.6396152,33.393182],[126.6372608,33.3930654],[126.6358827,33.3928896],[126.6356155,33.3926474],[126.6344092,33.3929319],[126.6338239,33.3932635],[126.633589,33.3939195],[126.6307791,33.393086],[126.6302933,33.3927432],[126.6297661,33.3926308],[126.6291023,33.3922766],[126.6289731,33.3919906],[126.6286665,33.3917052],[126.6279185,33.3914606],[126.6273795,33.3908915],[126.6268748,33.3906196],[126.6263347,33.3901901],[126.6259954,33.3893663],[126.625339,33.3883334],[126.6249154,33.3850361],[126.6244614,33.3850277],[126.623824,33.3845796],[126.6236946,33.3843521],[126.6231851,33.3842658],[126.6223948,33.384724],[126.6212262,33.3851666],[126.6210401,33.3850134],[126.6202193,33.384862],[126.6187398,33.3837438],[126.6176213,33.3831921],[126.6167906,33.383077],[126.6152351,33.3831733],[126.6140663,33.3829088],[126.6119853,33.3829462],[126.6098827,33.3826609],[126.6093471,33.3824864],[126.6069339,33.3822375],[126.605293,33.3816217],[126.6040588,33.3809628],[126.602682,33.3804061],[126.6003642,33.3790942],[126.5984942,33.3785246],[126.5977324,33.3781482],[126.5963639,33.3771267],[126.5952012,33.376529],[126.5932246,33.376153],[126.5925055,33.375509],[126.5917322,33.3738504],[126.5915792,33.3737749],[126.590545,33.3741129],[126.5893219,33.3743444],[126.5889762,33.3742359],[126.5878468,33.3741113],[126.5867695,33.3741763],[126.584498,33.373626],[126.584258,33.3734552],[126.5830956,33.3736767],[126.5820852,33.3737626],[126.5804616,33.3734073],[126.5796704,33.373377],[126.5789559,33.3732457],[126.5780465,33.3730098],[126.5774126,33.3729392],[126.5752431,33.3722442],[126.5747587,33.3720229],[126.5745716,33.3718189],[126.5733986,33.3720931],[126.5728528,33.3719372],[126.5726088,33.3719502],[126.572267,33.3717751],[126.5712441,33.3724385],[126.5708805,33.3724666],[126.5701048,33.3723282],[126.5692101,33.3716375],[126.5683369,33.3718747],[126.5672067,33.3716312],[126.5666904,33.3716521],[126.5662309,33.3718112],[126.564921,33.3717433],[126.5636518,33.3720239],[126.5631602,33.3722927],[126.5615902,33.3723581],[126.5602834,33.3731107],[126.559685,33.3731593],[126.559452,33.3732424],[126.5587541,33.3731595],[126.5578796,33.3721353],[126.5573662,33.3720207],[126.5558095,33.3723666],[126.5545552,33.3733049],[126.553716,33.3736764],[126.552675,33.3729633],[126.551548,33.3725631],[126.5510344,33.3722293],[126.5507784,33.3718834],[126.5483699,33.3707058],[126.5478266,33.3705583],[126.5473264,33.3702756],[126.5465305,33.3696899],[126.5444893,33.3686103],[126.5439165,33.3680993],[126.543105,33.3678308],[126.5424844,33.3675186],[126.5406823,33.3671796],[126.5396491,33.3665533],[126.5360905,33.3640466],[126.5347357,33.3632328],[126.5333316,33.3634258],[126.5323897,33.3630814],[126.531368,33.3629314],[126.5304831,33.3626022],[126.529968,33.3625392],[126.5296526,33.36186],[126.5295227,33.3617404],[126.5287967,33.3621036],[126.5284082,33.3625295],[126.5269077,33.3630354],[126.5255471,33.3625533],[126.5238964,33.3617753],[126.5215359,33.3608528],[126.5208214,33.360723],[126.5196682,33.3606817],[126.517471,33.3603848],[126.5142897,33.3612241],[126.5120947,33.3610194],[126.5111036,33.3610399],[126.5086682,33.3586745],[126.5076858,33.3581196],[126.5066349,33.357996],[126.5060182,33.3584515],[126.5051743,33.3588244],[126.5034024,33.3591456],[126.5027102,33.3593732],[126.4990914,33.3598468],[126.498269,33.3595301],[126.4971956,33.3588607],[126.4940069,33.3572193],[126.4922313,33.3564814],[126.4904485,33.3549544],[126.488784,33.3549585],[126.4874213,33.3551247],[126.4873095,33.3554085],[126.487278,33.3559237],[126.4869156,33.3568359],[126.4864741,33.3573082],[126.4858964,33.3575498],[126.4848451,33.3581908],[126.4845421,33.3585062],[126.4841666,33.3591065],[126.4837074,33.3594422],[126.4833289,33.3596029],[126.4827483,33.3596785],[126.4818619,33.3595064],[126.4815947,33.3592158],[126.4809397,33.3590555],[126.4783035,33.3581501],[126.4767231,33.3573797],[126.475634,33.3566044],[126.4749756,33.3560366],[126.4746813,33.3560168],[126.4741749,33.3567134],[126.4741394,33.3569841],[126.4725498,33.358369],[126.4719569,33.3585543],[126.4709031,33.3584202],[126.4698454,33.3584997],[126.4677545,33.3597959],[126.4672855,33.3598681],[126.4668365,33.3597381],[126.465663,33.36],[126.4648174,33.3600775],[126.4627544,33.3595639],[126.461194,33.3595568],[126.4607637,33.3593707],[126.4602123,33.3587118],[126.4584451,33.3586579],[126.4561476,33.3584792],[126.4534144,33.358745],[126.4524838,33.3586295],[126.4513613,33.358757],[126.4507249,33.3589545],[126.4480594,33.3592524],[126.4455815,33.3588869],[126.4444089,33.3583064],[126.4441474,33.358058],[126.4429434,33.3577204],[126.4425022,33.3575302],[126.4419122,33.3576512],[126.4404698,33.3570529],[126.4398237,33.3565981],[126.4392745,33.3567225],[126.4388274,33.3562942],[126.4385496,33.3562683],[126.4382574,33.3560649],[126.4379783,33.3557189],[126.4376924,33.3555297],[126.4375591,33.3552258],[126.4372393,33.35507],[126.4370215,33.3548025],[126.4369736,33.3546233],[126.4371167,33.3542282],[126.4369561,33.3538721],[126.4369975,33.353247],[126.4374394,33.3530309],[126.4375016,33.3526495],[126.4373615,33.3524979],[126.4374694,33.3519476],[126.4376476,33.3515949],[126.4372657,33.3513781],[126.4378022,33.3504581],[126.4376666,33.3498722],[126.4376977,33.3494267],[126.4374977,33.3491306],[126.4376043,33.3487023],[126.437342,33.3483023],[126.4370547,33.3473275],[126.4364204,33.3466462],[126.4359233,33.3464156],[126.4352018,33.345881],[126.4347698,33.3457214],[126.4345552,33.3455125],[126.4340196,33.3454112],[126.4336094,33.3449751],[126.4331536,33.3448576],[126.4327483,33.3449314],[126.4325331,33.3444828],[126.432541,33.3440799],[126.4323721,33.3438898],[126.4323709,33.3434966],[126.4322509,33.3434235],[126.4319426,33.3425767],[126.4319627,33.342432],[126.4318238,33.3422731],[126.4323098,33.3416711],[126.4325897,33.3411214],[126.4301314,33.3413572],[126.4293778,33.3412408],[126.4287488,33.3415663],[126.4283416,33.3414897],[126.4278444,33.3412435],[126.4272388,33.3412495],[126.4264238,33.3410389],[126.4260648,33.341124],[126.4259605,33.3412653],[126.4257104,33.3413031],[126.4254693,33.3415223],[126.4246303,33.3416518],[126.4242763,33.3415951],[126.4235004,33.34181],[126.4231877,33.3417975],[126.4230431,33.3417091],[126.4222877,33.3415748],[126.4220103,33.3414349],[126.4203117,33.3413733],[126.4187757,33.3423552],[126.4176041,33.3427333],[126.4169802,33.3425535],[126.4156468,33.3425179],[126.4150685,33.342397],[126.4140033,33.3425693],[126.4131303,33.3425859],[126.410245,33.3420624],[126.4091028,33.3421245],[126.4071437,33.3435698],[126.4059001,33.3432993],[126.4045073,33.343251],[126.4038895,33.3430315],[126.4028545,33.3436328],[126.4020629,33.344524],[126.4006872,33.3447162],[126.3995401,33.3447017],[126.3977728,33.3445474],[126.3964503,33.3447096],[126.3952298,33.3442023],[126.3951053,33.3443289],[126.394119,33.3439674],[126.3923844,33.3437575],[126.3916445,33.3435582],[126.390073,33.3444891],[126.3887694,33.3448661],[126.3880127,33.3449398],[126.3877946,33.3450668],[126.387685,33.3453055],[126.3873662,33.3449963],[126.3869084,33.3448102],[126.3861446,33.3450057],[126.3850421,33.3456835],[126.383517,33.3457872],[126.3822126,33.3462871],[126.3812553,33.3464811],[126.3777692,33.3466647],[126.3759237,33.3468936],[126.3753104,33.3468188],[126.3737925,33.345692],[126.37205,33.3451092],[126.3706389,33.3436708],[126.3701365,33.3423521],[126.3691999,33.3416154],[126.3687013,33.3413829],[126.3674703,33.3411492],[126.3654802,33.3411646],[126.363771,33.3413328],[126.3629191,33.3415324],[126.362575,33.3419657],[126.3612159,33.3420346],[126.3593951,33.3417564],[126.3577736,33.3412061],[126.3563269,33.3408937],[126.3549278,33.3407797],[126.3543489,33.3408218],[126.3519752,33.3406851],[126.351487,33.3409577],[126.35059,33.3410716],[126.3495047,33.3409367],[126.3483457,33.3412235],[126.3478537,33.341589],[126.3461136,33.3421695],[126.3451668,33.3427432],[126.3431508,33.3431422],[126.3416385,33.3436311],[126.3402366,33.3436102],[126.3396603,33.3433423],[126.3395755,33.3415528],[126.3388106,33.3410289],[126.3377583,33.3407015],[126.3370404,33.3401364],[126.3363812,33.3394479],[126.33524,33.337709],[126.3351359,33.3372056],[126.3348023,33.3364791],[126.3334273,33.3358755],[126.3328098,33.3357242],[126.3325385,33.3354566],[126.332387,33.3347915],[126.3319285,33.3344963],[126.3317093,33.3340335],[126.3313395,33.3337548],[126.3310521,33.3339447],[126.3306905,33.3340291],[126.3300548,33.333115],[126.3293785,33.3328332],[126.3245344,33.3274539],[126.3241032,33.3274451],[126.3238331,33.3273382],[126.3235786,33.3271255],[126.3238486,33.3265897],[126.3225723,33.3258142],[126.3220226,33.3256382],[126.3215346,33.3255796],[126.3209658,33.3257377],[126.3205702,33.3260678],[126.3199833,33.3268224],[126.3192987,33.3272115],[126.3183326,33.327426],[126.3173499,33.3272637],[126.3136995,33.3268985],[126.3117987,33.3268572],[126.3111204,33.326236],[126.3103053,33.325785],[126.3093192,33.3254534],[126.3086742,33.3256098],[126.3059466,33.3266536],[126.3042388,33.3254054],[126.303756,33.3247645],[126.3036233,33.3243268],[126.3001744,33.3225233],[126.2963227,33.3219921],[126.2949953,33.3179311],[126.2943829,33.3168322],[126.2939136,33.3149071],[126.2933155,33.3131905],[126.2929684,33.3115984],[126.2924092,33.3104937],[126.2873501,33.3071014],[126.2872394,33.3056072],[126.2863525,33.3043374],[126.2855543,33.3038565],[126.2844874,33.3037823],[126.2824304,33.3033839],[126.2806642,33.3024174],[126.2799607,33.3019038],[126.2796824,33.3013106],[126.2797047,33.3005561],[126.2795694,33.2999176],[126.2792198,33.2994843],[126.2782672,33.2991615],[126.2778934,33.2988923],[126.2765366,33.2984737],[126.2745131,33.2981401],[126.2737627,33.2976673],[126.2728591,33.2976623],[126.2721486,33.2974847],[126.2707359,33.2974763],[126.2705799,33.2974211],[126.2703922,33.2974735],[126.2691407,33.2969139],[126.2688511,33.2965782],[126.2683554,33.296188],[126.2672279,33.2963093],[126.266563,33.2960099],[126.2657214,33.2959096],[126.2651844,33.2956058],[126.2643497,33.2955425],[126.2639483,33.2953187],[126.263363,33.2955268],[126.2616153,33.2951101],[126.2613148,33.2951152],[126.2600292,33.2946585],[126.2594647,33.2942178],[126.2586455,33.2942495],[126.2582857,33.2941811],[126.2581486,33.2940039],[126.2580067,33.2939518],[126.2566899,33.2937467],[126.255514,33.2932396],[126.2550838,33.2933123],[126.2541936,33.29294],[126.2535833,33.2929325],[126.2530289,33.2928053],[126.2521985,33.2920739],[126.2519841,33.2916665],[126.2514986,33.2915917],[126.2512905,33.2911144],[126.2508946,33.2906924],[126.2507665,33.2904284],[126.2498249,33.290515],[126.2483163,33.2894563],[126.2477754,33.2894368],[126.2474895,33.2893211],[126.2473624,33.2892408],[126.2473794,33.2889741],[126.2469989,33.2887815],[126.2467732,33.2883544],[126.2465275,33.2882575],[126.2458176,33.2883801],[126.2455621,33.2882755],[126.2450204,33.2882988],[126.2445483,33.2885018],[126.2441647,33.2875791],[126.2441987,33.287308],[126.244043,33.2860436],[126.2429304,33.2841582],[126.242754,33.2831643],[126.2434101,33.2821856],[126.2431246,33.2813365],[126.2431267,33.2810043],[126.2433218,33.2799048],[126.2434521,33.2795775],[126.2433907,33.2792602],[126.2432278,33.2790731],[126.2430313,33.2784433],[126.2430385,33.2774239],[126.2432822,33.2768489],[126.2435121,33.2766737],[126.2436262,33.2763561],[126.2439612,33.2759492],[126.2439133,33.275218],[126.2443035,33.2747502],[126.2442946,33.2739218],[126.244651,33.2729661],[126.2442938,33.2730054],[126.2430143,33.2736558],[126.2417969,33.2745396],[126.2405678,33.2751876],[126.238705,33.2763777],[126.2381652,33.2769225],[126.2367153,33.2790693],[126.2360907,33.2798029],[126.235779,33.2800619],[126.2354288,33.2801165],[126.2346051,33.2805326],[126.232953,33.2817302],[126.2321845,33.2820222],[126.2305738,33.2836443],[126.2304334,33.2840697],[126.2301312,33.2844413],[126.2297876,33.2846745],[126.2290635,33.2849815],[126.2274131,33.2854488],[126.2267497,33.2856963],[126.2266419,33.2858278],[126.2253301,33.2862856],[126.2220527,33.2871328],[126.2171514,33.2894816],[126.2136364,33.2908698],[126.2113087,33.2921104],[126.2098361,33.2926802],[126.2062316,33.2934955],[126.2046681,33.2943519],[126.203453,33.2951322],[126.2027033,33.2955044],[126.1995936,33.2963716],[126.1977191,33.2966879],[126.1964714,33.297086],[126.1943286,33.2975113],[126.1938146,33.2978354],[126.1926175,33.298229],[126.1920065,33.2983519],[126.1918461,33.2975359],[126.1916961,33.2973706],[126.1916221,33.2969625],[126.1916323,33.2963915],[126.1918823,33.2958468],[126.1917904,33.2956628],[126.191602,33.29437],[126.1917188,33.2942997],[126.1916918,33.2936742],[126.1904986,33.2934206],[126.1895973,33.2934171],[126.1887865,33.2932512],[126.1886554,33.2927763],[126.188446,33.2926386],[126.1882171,33.2923402],[126.1874556,33.292004],[126.1871323,33.2920239],[126.1867984,33.2919062],[126.1865179,33.2919456],[126.1863177,33.2918532],[126.18623,33.29167],[126.185872,33.2914502],[126.1854024,33.2920152],[126.1847957,33.291894],[126.184028,33.2919952],[126.183324,33.291744],[126.1833766,33.2916162],[126.183183,33.2916111],[126.1828927,33.2914501],[126.1822042,33.2907886],[126.1815947,33.2905654],[126.1810368,33.2906207],[126.1808759,33.2903085],[126.1804197,33.2900919],[126.1801268,33.2901514],[126.1797718,33.2904913],[126.1794339,33.2905934],[126.1790303,33.2905006],[126.179048,33.2904497],[126.1788351,33.2904506],[126.1782151,33.2906451],[126.1778674,33.2906204],[126.1774945,33.2908148],[126.1768668,33.2908168],[126.1754835,33.2902683],[126.1750831,33.2904578],[126.1749456,33.2906408],[126.1746518,33.2907247],[126.1745167,33.29064],[126.1741886,33.2899778],[126.1731725,33.288945],[126.1726156,33.288732],[126.1722857,33.2890657],[126.1719803,33.2889319],[126.171719,33.2886935],[126.1715448,33.2888062],[126.1710766,33.2885088],[126.1709347,33.2883184],[126.1709626,33.2880975],[126.1708685,33.2879399],[126.1704819,33.2875659],[126.1704614,33.2871802],[126.1706974,33.286702],[126.1720084,33.2860749],[126.1720652,33.2855288],[126.1718124,33.2851799],[126.1713836,33.2849205],[126.1703796,33.2840853],[126.1700661,33.2834478],[126.1698445,33.2834004],[126.1694265,33.2829458],[126.1689972,33.2827216],[126.1689923,33.2825639],[126.1687413,33.2825382],[126.1686478,33.2828122],[126.1685725,33.2827879],[126.1684387,33.2829841],[126.1681371,33.283094],[126.1670965,33.283722],[126.1667438,33.2836627],[126.1668522,33.2838496],[126.1660971,33.2843166],[126.1659511,33.2843726],[126.1655959,33.284348],[126.1650455,33.2846706],[126.1642036,33.2847053],[126.1640078,33.2847734],[126.1632505,33.2853493],[126.162911,33.2853667],[126.1629686,33.2857371],[126.1626916,33.287385],[126.1623075,33.2886433],[126.1623694,33.2894311],[126.1623014,33.2896251],[126.1616223,33.2904454],[126.1611318,33.2915863],[126.1613768,33.2919074],[126.1613748,33.2921212],[126.1610894,33.2922221],[126.1606826,33.2922193],[126.1605775,33.2924137],[126.1607033,33.2926345],[126.1613207,33.2925902],[126.1615214,33.292693],[126.1617557,33.2930973],[126.1621197,33.2944551],[126.1623959,33.2949694],[126.1629751,33.2952635],[126.1627825,33.2956941],[126.1641234,33.2962322],[126.1645473,33.2965211],[126.1651064,33.297197],[126.1661687,33.2974791],[126.16668,33.2977922],[126.1671617,33.2979148],[126.1670263,33.2980639],[126.167145,33.2982758],[126.1671397,33.2984924],[126.1675381,33.298854],[126.1675689,33.2990882],[126.1674014,33.2994898],[126.1675469,33.2998414],[126.1673423,33.3000567],[126.1674828,33.3001431],[126.1674528,33.3002619],[126.1672402,33.3003562],[126.167264,33.3004662],[126.1670304,33.300642],[126.1671225,33.3007388],[126.1669343,33.3007476],[126.1671816,33.3008243],[126.1670567,33.3010901],[126.1667092,33.3013283],[126.1663559,33.3018276],[126.1662189,33.3018093],[126.1658641,33.3022468],[126.1659621,33.3023711],[126.1659104,33.3025915],[126.1658027,33.3026144],[126.1658631,33.3028703],[126.1656586,33.3029856],[126.1656922,33.303108],[126.1654433,33.3035382],[126.1652425,33.3036105],[126.1651088,33.3037623],[126.1649681,33.3039973],[126.1650161,33.3041158],[126.1648463,33.3041192],[126.1650252,33.3043811],[126.1650766,33.3047134],[126.1646821,33.3053217],[126.1645856,33.305385],[126.1643142,33.3053137],[126.1641763,33.3053868],[126.1641643,33.3055155],[126.164256,33.3055896],[126.1640435,33.3059163],[126.1640438,33.3060005],[126.1641502,33.3060375],[126.164112,33.3062289],[126.1636664,33.3065167],[126.1639126,33.3066747],[126.1638452,33.3068034],[126.163709,33.3068593],[126.1638881,33.3069842],[126.1638293,33.3070796],[126.1638946,33.3071738],[126.1637248,33.3072516],[126.1636898,33.3075834],[126.1633463,33.3076063],[126.1636884,33.3076572],[126.1637092,33.3081026],[126.16411,33.3084754],[126.1640643,33.3085813],[126.164171,33.3089084],[126.164028,33.3089182],[126.1641745,33.309041],[126.1645744,33.3091442],[126.1637602,33.3101055],[126.1638796,33.3105809],[126.1640623,33.3105398],[126.1639536,33.3101481],[126.164201,33.3098588],[126.1646509,33.309843],[126.1646859,33.3097861],[126.1647738,33.3098681],[126.1646998,33.3099286],[126.1648636,33.3099747],[126.1648242,33.3100555],[126.1649097,33.3099925],[126.1652789,33.3103697],[126.1653922,33.3102888],[126.1646397,33.3095423],[126.164594,33.3094192],[126.1647068,33.3091752],[126.1650824,33.3092575],[126.1649923,33.3094236],[126.1652867,33.3095054],[126.1655401,33.3093784],[126.1659493,33.3094745],[126.1661653,33.3099055],[126.1659792,33.3101375],[126.1658088,33.3100439],[126.165777,33.3100893],[126.1659684,33.3102001],[126.1655345,33.3106801],[126.165443,33.3109659],[126.1641616,33.3109821],[126.164123,33.3111956],[126.1653654,33.3112729],[126.165426,33.3110726],[126.1655789,33.3109274],[126.1656652,33.3109414],[126.1656704,33.3117628],[126.1658148,33.3125762],[126.166163,33.3131826],[126.1663375,33.3132726],[126.1663103,33.3133461],[126.1664646,33.3134693],[126.1663864,33.3135229],[126.1667163,33.3137848],[126.167081,33.3147455],[126.1669383,33.3147917],[126.1667797,33.3151156],[126.1669227,33.3157332],[126.1674857,33.3160188],[126.1678488,33.3160962],[126.1678989,33.316223],[126.1682129,33.3164243],[126.168401,33.3163798],[126.1684831,33.3166254],[126.1681936,33.3172414],[126.1680164,33.31735],[126.1674913,33.3174332],[126.1673628,33.3175476],[126.1675959,33.3179116],[126.1675614,33.3180586],[126.167756,33.3182918],[126.167829,33.3186173],[126.1674797,33.3189102],[126.1673027,33.319172],[126.1672655,33.3192523],[126.1674918,33.3194663],[126.1674963,33.3197352],[126.1672881,33.3198896],[126.1670031,33.3206297],[126.1666147,33.3211813],[126.1664106,33.3213088],[126.16643,33.321493],[126.1661936,33.3218147],[126.1662626,33.321916],[126.1664673,33.3219597],[126.166427,33.3223747],[126.1662985,33.3224363],[126.1663026,33.3225955],[126.1664986,33.3226751],[126.166647,33.3228941],[126.1662226,33.3230794],[126.1662553,33.3231241],[126.1666173,33.3229696],[126.1666582,33.3230212],[126.1665086,33.3230994],[126.1667063,33.3233535],[126.166414,33.3236556],[126.1660761,33.3237013],[126.1657625,33.3233638],[126.1661211,33.3231829],[126.1661003,33.3231147],[126.1656748,33.3233271],[126.1653661,33.3230889],[126.1654978,33.322801],[126.1656238,33.322781],[126.1654541,33.322709],[126.165264,33.3231285],[126.1651933,33.3231418],[126.1652314,33.3232533],[126.164766,33.3234394],[126.164463,33.3231214],[126.1644954,33.3229404],[126.1646837,33.322791],[126.1642901,33.3228724],[126.1640187,33.3223189],[126.1639569,33.3223976],[126.1642457,33.3230106],[126.1645536,33.3233383],[126.1646426,33.3235479],[126.1632236,33.3240383],[126.162681,33.3245582],[126.1628033,33.3247409],[126.1626974,33.3249221],[126.1627897,33.3253004],[126.1630933,33.3260718],[126.1629323,33.3269984],[126.1629965,33.3271988],[126.1632167,33.3273558],[126.1633169,33.3276036],[126.1632809,33.3277339],[126.1631223,33.3277401],[126.1632489,33.327792],[126.1632253,33.3278405],[126.1630149,33.3278712],[126.1632132,33.327896],[126.1630845,33.3282089],[126.1631475,33.3283663],[126.1627154,33.3285762],[126.1627985,33.3287087],[126.162731,33.3290179],[126.1624225,33.3293208],[126.1625744,33.3293482],[126.1625495,33.329526],[126.1626534,33.3294018],[126.1635615,33.3300068],[126.1643748,33.3302451],[126.1645034,33.330377],[126.1646444,33.3303349],[126.1646189,33.3302351],[126.1653305,33.3299211],[126.1655017,33.3301143],[126.1652356,33.3304389],[126.1652345,33.3305555],[126.1655415,33.3307978],[126.1657612,33.3312742],[126.165662,33.3312604],[126.1657616,33.3313131],[126.1657553,33.3315387],[126.1654875,33.331782],[126.1648059,33.3319621],[126.1640494,33.3315316],[126.1646715,33.3320043],[126.1645048,33.3321365],[126.1643729,33.3326098],[126.1642264,33.3326109],[126.1641459,33.3327312],[126.1636309,33.3330388],[126.1631811,33.3339724],[126.1627457,33.3339236],[126.1627648,33.3338238],[126.1625342,33.3336329],[126.1623951,33.3336957],[126.1624466,33.3338897],[126.1622917,33.3338663],[126.162142,33.3336912],[126.1619354,33.3337027],[126.1617926,33.3338154],[126.1617947,33.3339904],[126.1620699,33.3341287],[126.1623081,33.3339693],[126.1626962,33.33404],[126.162395,33.3340518],[126.1622559,33.3342314],[126.1622512,33.3343827],[126.1623269,33.3344277],[126.162815,33.3342393],[126.162999,33.3343753],[126.1631897,33.3343266],[126.1633358,33.3346192],[126.1633376,33.3349511],[126.1631752,33.3351583],[126.1629042,33.335294],[126.1628679,33.3354534],[126.1634355,33.3363106],[126.1629897,33.3365631],[126.1635956,33.3364318],[126.1640888,33.3369882],[126.163763,33.3372356],[126.1636625,33.3371818],[126.1636709,33.3369914],[126.1633983,33.3369133],[126.1632848,33.3370376],[126.1633809,33.3372315],[126.1638585,33.337265],[126.1641385,33.3370172],[126.1643761,33.3371689],[126.164534,33.337088],[126.1658033,33.3374853],[126.165757,33.3376579],[126.1653757,33.3376463],[126.1653329,33.3380661],[126.165421,33.337757],[126.1659127,33.3378503],[126.1660904,33.3377782],[126.1661319,33.3378135],[126.1660486,33.3378664],[126.1662162,33.3378183],[126.1663379,33.337976],[126.1660208,33.3380085],[126.1659146,33.3379241],[126.1659076,33.3381376],[126.1658039,33.3382563],[126.1656105,33.3382821],[126.1653885,33.3381379],[126.1654971,33.3382921],[126.1657945,33.3383316],[126.1660485,33.3385833],[126.1661497,33.3385576],[126.166324,33.3383171],[126.1662817,33.3386141],[126.166126,33.3386779],[126.1660872,33.3388377],[126.1661922,33.3389577],[126.1663466,33.3389807],[126.1664999,33.338883],[126.1665281,33.3387492],[126.1663503,33.3386191],[126.166382,33.3383339],[126.1667795,33.3384451],[126.1671067,33.3388251],[126.167331,33.3392445],[126.1673163,33.3397555],[126.1671616,33.3400127],[126.1666349,33.3404154],[126.1666338,33.3405362],[126.1660828,33.3410518],[126.1662381,33.3414292],[126.1659924,33.3414324],[126.1658861,33.3415664],[126.1659194,33.3417146],[126.166084,33.3418087],[126.1662696,33.341778],[126.1664426,33.3415917],[126.1663832,33.3418378],[126.1664582,33.3420327],[126.1666915,33.3421259],[126.1670589,33.342454],[126.1671856,33.3424396],[126.1673053,33.3420752],[126.1675729,33.3420089],[126.1673818,33.3425201],[126.1668455,33.3427466],[126.166914,33.3429146],[126.1670719,33.3429935],[126.1675201,33.3429334],[126.1676599,33.3426719],[126.1680353,33.3425175],[126.1678624,33.3422539],[126.1676,33.3421938],[126.1677136,33.3420738],[126.1680948,33.3420022],[126.1681369,33.3422793],[126.1684161,33.3423145],[126.1681082,33.3419021],[126.1685161,33.3416316],[126.1688139,33.3417194],[126.168806,33.3415093],[126.1691217,33.3415336],[126.1691306,33.341681],[126.1692549,33.3417956],[126.1694189,33.3417772],[126.1695394,33.3416322],[126.1708498,33.3419715],[126.1714188,33.3422551],[126.1714213,33.3424211],[126.1716257,33.3424176],[126.1719954,33.3426853],[126.171985,33.3429143],[126.1716513,33.3433436],[126.171122,33.3435824],[126.1708171,33.3436339],[126.170697,33.3435606],[126.1704321,33.3437632],[126.1697255,33.3439418],[126.1696683,33.343872],[126.1697578,33.3436796],[126.1696512,33.3435362],[126.1694581,33.3434897],[126.1692911,33.3435643],[126.1692405,33.3437466],[126.1693484,33.3438896],[126.1695885,33.3439086],[126.1696386,33.3439947],[126.1694092,33.3441508],[126.1692302,33.3440954],[126.1692938,33.3440149],[126.169243,33.3439257],[126.1691576,33.343947],[126.1692229,33.3440398],[126.1691658,33.3440769],[126.1689149,33.3438916],[126.1688483,33.3437606],[126.1689309,33.3434209],[126.1686997,33.3433326],[126.1687765,33.3434404],[126.1686193,33.3434393],[126.1685696,33.343614],[126.1687549,33.343709],[126.1688156,33.3438427],[126.1686634,33.3439908],[126.1693402,33.3441795],[126.1692897,33.3442605],[126.169351,33.3444423],[126.1692062,33.3445344],[126.1690757,33.3445058],[126.1692152,33.3446261],[126.1693197,33.3445991],[126.1694322,33.3450386],[126.1693723,33.3451563],[126.1689867,33.3450849],[126.1687219,33.3452609],[126.1688193,33.3453423],[126.1690673,33.3453049],[126.1694458,33.3456921],[126.1697073,33.3456022],[126.1701869,33.345581],[126.1710231,33.3457963],[126.1712478,33.3455689],[126.1711964,33.3455447],[126.1709767,33.3457485],[126.1705171,33.345574],[126.1696686,33.3454929],[126.1695476,33.3452602],[126.1694217,33.3445789],[126.1694724,33.3442876],[126.1696541,33.3440611],[126.1706267,33.3437399],[126.1710425,33.3436829],[126.1717554,33.343353],[126.1719649,33.3434232],[126.1721172,33.343236],[126.1720138,33.3431478],[126.1724118,33.343315],[126.1725191,33.3431705],[126.1726143,33.3433398],[126.1724373,33.3433802],[126.1723496,33.3434906],[126.1723812,33.3436326],[126.1725268,33.3437154],[126.1726967,33.3436903],[126.172792,33.3435653],[126.1725778,33.343087],[126.1735078,33.3431557],[126.17367,33.3434998],[126.1733698,33.3438189],[126.1734495,33.3438941],[126.1736947,33.3438554],[126.1738611,33.3439336],[126.1740217,33.3436549],[126.1741506,33.343671],[126.1742011,33.3432325],[126.1742593,33.343201],[126.174331,33.3433223],[126.1745071,33.343329],[126.1745083,33.343204],[126.1743687,33.3430975],[126.1751246,33.343297],[126.1754024,33.3434807],[126.175675,33.3437936],[126.1748232,33.3440282],[126.1748166,33.3441129],[126.175056,33.3441624],[126.1752388,33.3443434],[126.1744627,33.345052],[126.1735479,33.3452966],[126.1733726,33.3456371],[126.173702,33.3456281],[126.1735986,33.3455413],[126.1737252,33.3453032],[126.1745044,33.3451044],[126.1750491,33.3454163],[126.1750397,33.3456515],[126.1751924,33.3456148],[126.1752707,33.3454406],[126.1745528,33.3450644],[126.174761,33.3449145],[126.1749941,33.3445869],[126.1753138,33.3443724],[126.1754539,33.3444275],[126.1757615,33.3440879],[126.1758695,33.3442205],[126.1756731,33.3445178],[126.1756752,33.3447481],[126.1759897,33.3444574],[126.176235,33.3447618],[126.1767282,33.3450955],[126.1772758,33.3452797],[126.1779403,33.3453508],[126.1784254,33.3454928],[126.1788764,33.3457402],[126.1789903,33.3460042],[126.1777903,33.3477374],[126.1778013,33.3485955],[126.1779891,33.3495564],[126.1781997,33.3495501],[126.1781684,33.3493548],[126.1780856,33.3493515],[126.1779229,33.3485215],[126.1780304,33.3485222],[126.1780216,33.3477042],[126.1783166,33.3473428],[126.1791961,33.3474908],[126.1800511,33.3481406],[126.1801363,33.3481144],[126.1801619,33.3485551],[126.180228,33.3486086],[126.1803337,33.3485953],[126.1804,33.3483718],[126.1808902,33.3484683],[126.1809327,33.3485311],[126.1807897,33.3489146],[126.1804033,33.3488993],[126.1804037,33.3487055],[126.1800058,33.3487241],[126.1794815,33.3489009],[126.1794488,33.3488389],[126.1789562,33.349039],[126.1786865,33.3490125],[126.1785797,33.3491157],[126.1787083,33.3492579],[126.178901,33.3492759],[126.1799531,33.3488304],[126.1802333,33.3488005],[126.1803361,33.3489962],[126.1805351,33.3491123],[126.1804583,33.3494546],[126.180523,33.349621],[126.1806327,33.3493898],[126.180743,33.3493635],[126.181208,33.3495339],[126.1812145,33.3496325],[126.1808587,33.350169],[126.1810165,33.3504505],[126.1809306,33.3506194],[126.1810161,33.3507657],[126.1808691,33.3509092],[126.180889,33.350994],[126.1807531,33.3511063],[126.1801082,33.3512381],[126.1796722,33.3515061],[126.1795412,33.3517038],[126.1796486,33.3519058],[126.1801401,33.3520743],[126.1804837,33.3523099],[126.1806682,33.352393],[126.1809518,33.352331],[126.1813682,33.3525699],[126.1814011,33.3527603],[126.1812132,33.3529918],[126.18132,33.3531195],[126.1812226,33.3532757],[126.181438,33.353416],[126.1815473,33.3537681],[126.1818549,33.3539638],[126.1818551,33.3541131],[126.1815686,33.3543167],[126.1817355,33.3546011],[126.1817072,33.3547169],[126.1812577,33.3547417],[126.1813191,33.3548046],[126.1815427,33.3547839],[126.1816522,33.3549363],[126.1814192,33.3554352],[126.1814438,33.3556101],[126.1815718,33.3556114],[126.1816976,33.3563735],[126.1815485,33.3564236],[126.181623,33.3566761],[126.1809289,33.3565],[126.1806211,33.3566744],[126.1807119,33.3566958],[126.1808601,33.3565996],[126.1813195,33.3567588],[126.1819976,33.3567084],[126.1820945,33.3571662],[126.1815983,33.3572221],[126.1815351,33.3571936],[126.1815215,33.3569395],[126.181457,33.3569422],[126.1814537,33.3572495],[126.1808767,33.3572301],[126.1806836,33.3570946],[126.1806371,33.3568437],[126.1805477,33.3568348],[126.1803903,33.3570564],[126.1794571,33.3567437],[126.1793985,33.3568163],[126.1791262,33.3564798],[126.1790404,33.3565048],[126.1793567,33.3568653],[126.1806151,33.3572756],[126.1804837,33.3577093],[126.1808129,33.3577463],[126.1810408,33.3579726],[126.1809609,33.3580589],[126.1809785,33.3582523],[126.1810352,33.358491],[126.1811743,33.3586344],[126.1814031,33.3586931],[126.1818296,33.3585681],[126.1821908,33.3585997],[126.1823296,33.3587117],[126.182433,33.358536],[126.182752,33.358402],[126.1835225,33.3584765],[126.1838343,33.3584036],[126.1841893,33.3586587],[126.1843015,33.358876],[126.1842981,33.3592343],[126.1844136,33.3596322],[126.1844622,33.3597381],[126.1846142,33.3597682],[126.1849685,33.3593694],[126.1848173,33.3589006],[126.1849577,33.3590103],[126.1852386,33.3590002],[126.1856097,33.3592207],[126.185742,33.3592264],[126.1858648,33.3589238],[126.1860458,33.3588555],[126.1863234,33.358906],[126.1863907,33.3586078],[126.1862351,33.3584374],[126.1864091,33.3584052],[126.1866131,33.3587162],[126.1868422,33.3588142],[126.1869373,33.358726],[126.1868737,33.3586277],[126.1872164,33.3582557],[126.1871786,33.3584103],[126.1874958,33.3584589],[126.1875461,33.3587487],[126.187937,33.3587138],[126.1876461,33.3588487],[126.1874406,33.3590653],[126.1874478,33.3595361],[126.1876657,33.3598542],[126.1875309,33.3599384],[126.1875597,33.3601285],[126.187836,33.360224],[126.1878921,33.3604271],[126.1881873,33.3603527],[126.1885532,33.3606967],[126.1886254,33.3608513],[126.1883335,33.3609146],[126.1882687,33.3610378],[126.1883193,33.3611111],[126.1884865,33.3611087],[126.1885921,33.3609594],[126.1886965,33.3609392],[126.1887719,33.3610217],[126.1889019,33.3609281],[126.1894655,33.3611762],[126.1895354,33.3613141],[126.1896563,33.3613038],[126.1899096,33.3618248],[126.1898426,33.3619188],[126.1899536,33.3624417],[126.1903305,33.3628385],[126.1906254,33.3628043],[126.1908186,33.3630305],[126.1912994,33.363292],[126.1914591,33.3631958],[126.1917397,33.3632782],[126.192332,33.3632352],[126.192369,33.3635208],[126.1925775,33.3637013],[126.1925809,33.3638721],[126.192702,33.3640242],[126.1932987,33.3642823],[126.1939626,33.3639797],[126.1946037,33.363913],[126.1945883,33.364142],[126.1946651,33.3641648],[126.1948405,33.3639805],[126.1950281,33.3639248],[126.1951733,33.3639702],[126.1951187,33.3638809],[126.1953512,33.3637852],[126.1956493,33.3637691],[126.1956482,33.3638781],[126.1958025,33.3639298],[126.195893,33.3638061],[126.1959186,33.3639021],[126.1962719,33.3641766],[126.1963987,33.3644716],[126.1961811,33.3646505],[126.1959392,33.3644032],[126.195876,33.3644458],[126.1960026,33.3646188],[126.1958441,33.3647567],[126.1956241,33.3645643],[126.1955758,33.364605],[126.1957472,33.3647734],[126.195661,33.3647385],[126.1954595,33.364917],[126.1952792,33.3649082],[126.1952787,33.3649637],[126.1954732,33.364965],[126.1956606,33.3648343],[126.1962758,33.3651466],[126.1964083,33.3654981],[126.1966551,33.3656489],[126.1964296,33.3657006],[126.1964058,33.3657629],[126.1966569,33.3658166],[126.1968249,33.3657289],[126.197173,33.3658429],[126.1971804,33.3659346],[126.1974664,33.3661531],[126.1977998,33.365981],[126.197827,33.365902],[126.1980443,33.3660786],[126.1981392,33.3660776],[126.1981468,33.3661472],[126.1980123,33.3661582],[126.1979659,33.3660732],[126.1979855,33.3661913],[126.198176,33.3661669],[126.1981581,33.3660452],[126.1978168,33.3658247],[126.1986514,33.365701],[126.199407,33.3654421],[126.199503,33.3654755],[126.2004065,33.3669311],[126.2006126,33.366838],[126.200567,33.3667627],[126.2004585,33.3668044],[126.2002959,33.3665355],[126.2004571,33.3664729],[126.2004272,33.3664282],[126.2002252,33.3664898],[126.1996217,33.3655235],[126.1997574,33.3653425],[126.1997175,33.3652556],[126.2000003,33.3650316],[126.2001673,33.3650465],[126.2004553,33.3652178],[126.2005532,33.3653726],[126.2009227,33.3654986],[126.2011897,33.3658058],[126.200952,33.3664639],[126.2010459,33.3665061],[126.2012318,33.3660894],[126.2014386,33.3660907],[126.2016366,33.365985],[126.2018831,33.3661671],[126.2019772,33.3663733],[126.2023986,33.3666232],[126.2025025,33.3668432],[126.2029668,33.366924],[126.2030557,33.3671662],[126.2032926,33.3673205],[126.2032553,33.3674147],[126.2034522,33.3675992],[126.2040085,33.3679416],[126.2042928,33.3679768],[126.2047345,33.3681824],[126.2052763,33.3686552],[126.2052446,33.3687827],[126.2056385,33.3689554],[126.2058069,33.3693731],[126.2057683,33.3696111],[126.2058978,33.3699319],[126.2056928,33.370636],[126.205762,33.3710309],[126.2056845,33.3711798],[126.2058335,33.3715396],[126.2061353,33.3718442],[126.2063305,33.3722232],[126.2066189,33.3723528],[126.2065918,33.3726021],[126.2068466,33.3726043],[126.2074253,33.3730439],[126.2078607,33.3732106],[126.2087746,33.3733622],[126.2089458,33.3735536],[126.2092514,33.3737159],[126.2093488,33.3739262],[126.2098097,33.3742027],[126.2111485,33.3744057],[126.2115996,33.3746085],[126.2116573,33.3746977],[126.211733,33.3746579],[126.2120764,33.3747525],[126.2121892,33.3749101],[126.2124854,33.3749148],[126.212992,33.3750888],[126.2132293,33.3750139],[126.2133365,33.3750618],[126.2134215,33.3751748],[126.2133952,33.3753435],[126.2137088,33.3756252],[126.2137036,33.3758334],[126.2138718,33.3762747],[126.2138785,33.3766317],[126.2137896,33.3767644],[126.2139312,33.3768486],[126.2138488,33.3770338],[126.2140267,33.3771273],[126.2138809,33.3771955],[126.2139142,33.3772648],[126.2150438,33.3780482],[126.2153641,33.3781349],[126.2159153,33.3781349],[126.2161186,33.378441],[126.216027,33.3787821],[126.2150263,33.3794465],[126.2146667,33.3800469],[126.2147657,33.3800787],[126.2150969,33.3795039],[126.2151932,33.3794322],[126.2152637,33.3795014],[126.2154436,33.3793755],[126.2154022,33.3792905],[126.2155944,33.3791689],[126.2156724,33.3792492],[126.2157631,33.3791894],[126.2156968,33.3791042],[126.2161122,33.3788319],[126.2161872,33.3788671],[126.216274,33.3787031],[126.2164458,33.378734],[126.2165094,33.3789302],[126.2163999,33.3790559],[126.2161454,33.3789161],[126.2163161,33.3790399],[126.2160401,33.3794642],[126.2157552,33.3792998],[126.2157078,33.379356],[126.2160337,33.379558],[126.2155028,33.3802539],[126.2146658,33.3805596],[126.2147238,33.3807357],[126.2150182,33.3806702],[126.2149032,33.3808535],[126.2149547,33.3810079],[126.2148629,33.3813766],[126.214946,33.3815187],[126.2147888,33.3816792],[126.2145389,33.3816982],[126.2145551,33.3820277],[126.2152205,33.3821051],[126.2154462,33.3820064],[126.2156939,33.382122],[126.2157731,33.3822913],[126.2155481,33.382408],[126.2154228,33.382639],[126.2157211,33.3824901],[126.2159122,33.3824914],[126.2159098,33.3827621],[126.2156839,33.3828468],[126.2154768,33.3828014],[126.2154804,33.3829469],[126.215863,33.3829479],[126.2161025,33.3828217],[126.2162509,33.382892],[126.2162106,33.3832278],[126.2159347,33.3833684],[126.2160918,33.383559],[126.216611,33.3836192],[126.2166825,33.3837627],[126.2165804,33.3838912],[126.2167214,33.3840462],[126.2174769,33.3838329],[126.217634,33.3839252],[126.2180598,33.383822],[126.2182008,33.3839261],[126.2184053,33.3838031],[126.218793,33.3838121],[126.2186261,33.3839631],[126.2186091,33.3842921],[126.2188621,33.3845943],[126.219168,33.3846365],[126.2193853,33.3847671],[126.2195157,33.3849641],[126.2194249,33.385429],[126.2197257,33.3853934],[126.2199195,33.3855668],[126.2200567,33.3855899],[126.220167,33.385835],[126.2205931,33.3861293],[126.2208712,33.3865515],[126.2212747,33.3865915],[126.2212956,33.3866652],[126.2210857,33.3866719],[126.2211287,33.3868634],[126.2212711,33.3867678],[126.2214565,33.3867683],[126.2217888,33.387564],[126.2220294,33.3876766],[126.2223455,33.3881556],[126.2223026,33.388506],[126.2221158,33.3886],[126.22227,33.3888551],[126.2222125,33.3892724],[126.2219143,33.3894576],[126.2220376,33.3895507],[126.222255,33.3894923],[126.2222307,33.3901225],[126.2221329,33.3904698],[126.222007,33.3905659],[126.2221605,33.3907561],[126.2229096,33.3904789],[126.2230899,33.3904901],[126.2235573,33.3901913],[126.2233476,33.3901352],[126.2231797,33.3902601],[126.2230073,33.3902827],[126.2229248,33.3900739],[126.223038,33.390001],[126.2236853,33.3898487],[126.2240309,33.3898807],[126.2240866,33.3897978],[126.2243959,33.3898105],[126.2245892,33.3896597],[126.2247749,33.3896338],[126.2250348,33.3896312],[126.2253278,33.3898219],[126.2256431,33.3897294],[126.2258381,33.3895862],[126.2261107,33.3896001],[126.2262956,33.3896533],[126.2263424,33.3897921],[126.2264785,33.3897045],[126.2267118,33.3899059],[126.2273195,33.3899833],[126.2274017,33.3900477],[126.2273984,33.3902337],[126.2272919,33.3902872],[126.2273601,33.3905668],[126.2272184,33.3906961],[126.2267623,33.3908786],[126.2268502,33.3910113],[126.2272401,33.3908254],[126.2275343,33.3905852],[126.2276819,33.3907039],[126.2278166,33.3905873],[126.2276437,33.3904345],[126.2278539,33.3902595],[126.2281254,33.3903026],[126.2281651,33.3901951],[126.2279277,33.390044],[126.2279474,33.3899242],[126.2281033,33.3898126],[126.2282294,33.3898099],[126.2282845,33.3898884],[126.2283459,33.3896711],[126.228773,33.3897625],[126.228809,33.3901608],[126.2282029,33.3902895],[126.2285022,33.3905215],[126.2283102,33.3908475],[126.2282021,33.3908559],[126.2278867,33.3906126],[126.2277581,33.390731],[126.2280231,33.390935],[126.2276259,33.3912927],[126.2275177,33.3912127],[126.2270041,33.3917476],[126.2261545,33.3914212],[126.2260806,33.3916014],[126.2273138,33.3920263],[126.2278063,33.3915586],[126.227966,33.3915686],[126.2279174,33.3914468],[126.2283104,33.3910903],[126.228521,33.3910486],[126.2286748,33.3912481],[126.2285579,33.3912703],[126.2286009,33.3913712],[126.2289455,33.3911491],[126.2289197,33.3908856],[126.2292885,33.3905492],[126.2292622,33.3901589],[126.2296553,33.3895045],[126.229761,33.3895329],[126.2298836,33.389383],[126.2300637,33.3895153],[126.2301321,33.3894512],[126.2303017,33.3894619],[126.2304169,33.3893099],[126.2304999,33.3893792],[126.2305808,33.3893088],[126.2311684,33.389318],[126.231485,33.3894575],[126.2321969,33.3895348],[126.2327325,33.3891534],[126.2331746,33.3891367],[126.2346594,33.3894347],[126.2348652,33.3895624],[126.234857,33.3897008],[126.2350198,33.3898928],[126.2352617,33.3899637],[126.2356043,33.3902533],[126.2358309,33.3906491],[126.2358088,33.3910989],[126.2355087,33.3915303],[126.2355244,33.3916241],[126.2360141,33.3917563],[126.236149,33.3918585],[126.2362919,33.3920746],[126.2362757,33.3922252],[126.2364815,33.3922618],[126.2367196,33.3926674],[126.2372628,33.3930256],[126.2372807,33.393259],[126.2373846,33.3932999],[126.2375556,33.393244],[126.2377072,33.3933213],[126.2376756,33.3939085],[126.2377651,33.3940854],[126.2379477,33.3942185],[126.2381984,33.394236],[126.2382297,33.39435],[126.2384472,33.3942701],[126.2386649,33.3944569],[126.238811,33.3944133],[126.2388987,33.3945145],[126.2392436,33.3942653],[126.239799,33.394359],[126.2403466,33.3945928],[126.2405817,33.3949754],[126.2412651,33.3949371],[126.2419597,33.3953974],[126.2420302,33.3959314],[126.2419204,33.3959904],[126.2420675,33.3961177],[126.2421536,33.396019],[126.2422425,33.3962625],[126.2420343,33.3964168],[126.2422241,33.3967658],[126.242414,33.3967305],[126.2425928,33.3969125],[126.2426476,33.3973067],[126.2424682,33.3975562],[126.2428213,33.3983435],[126.24238,33.3985198],[126.2422204,33.3988106],[126.2420377,33.3988789],[126.2420766,33.3989764],[126.2423223,33.3988945],[126.242464,33.3985954],[126.2428728,33.3984188],[126.242955,33.3984193],[126.2432329,33.3989001],[126.2432369,33.3988161],[126.2434784,33.3986447],[126.2439482,33.3986031],[126.2439782,33.3986727],[126.2438048,33.3988105],[126.24384,33.3989573],[126.2434893,33.3991079],[126.2433328,33.3989406],[126.2433555,33.3990637],[126.2428882,33.3993568],[126.242262,33.3990018],[126.2416915,33.3992347],[126.2412313,33.399053],[126.2412018,33.3991001],[126.2417,33.3992825],[126.2423799,33.3991483],[126.2431855,33.3995691],[126.2434109,33.3994191],[126.2431923,33.3995247],[126.2431082,33.3993921],[126.2437552,33.3990642],[126.2439951,33.3991851],[126.2445508,33.3992017],[126.2448414,33.3993874],[126.2450065,33.3993468],[126.2450178,33.3994711],[126.2452847,33.3995248],[126.2452001,33.3996963],[126.2455198,33.3998889],[126.2456476,33.3998549],[126.2457173,33.3996429],[126.2460138,33.399577],[126.2465189,33.3996523],[126.2464825,33.3998272],[126.2465803,33.3999227],[126.2469922,33.3998973],[126.2471072,33.3997895],[126.2473222,33.4000043],[126.2472401,33.400074],[126.2474534,33.4003431],[126.2476689,33.4003647],[126.247715,33.4002515],[126.2478284,33.4002347],[126.248219,33.4002671],[126.2486267,33.4003718],[126.2487474,33.4004718],[126.2488095,33.4003401],[126.2488835,33.4003386],[126.2496642,33.400691],[126.2502725,33.4010923],[126.2503059,33.4013388],[126.2501642,33.4015016],[126.2505211,33.4014578],[126.2506057,33.4015652],[126.2503569,33.4017889],[126.2508782,33.4023273],[126.2507746,33.402573],[126.2504395,33.4025137],[126.2503096,33.4026293],[126.2503797,33.4027326],[126.2506857,33.4027872],[126.2508215,33.4035038],[126.2508204,33.4036296],[126.250486,33.4038752],[126.2505514,33.4039256],[126.2509063,33.4036746],[126.2512851,33.4039913],[126.2509823,33.404305],[126.2512745,33.4041035],[126.2514546,33.4042892],[126.2511998,33.4045419],[126.2509272,33.4046708],[126.2505745,33.4046046],[126.2508655,33.404285],[126.2508201,33.4042509],[126.2506167,33.4043934],[126.2504215,33.4042464],[126.2505761,33.4040765],[126.2505124,33.4040356],[126.2503628,33.4041734],[126.2501052,33.4040982],[126.2500062,33.4041621],[126.2498179,33.4039703],[126.2497425,33.4039793],[126.2496322,33.4040593],[126.2497977,33.4042328],[126.2494754,33.4044638],[126.2487889,33.4038197],[126.2485879,33.4039607],[126.2492435,33.4045172],[126.2498143,33.4047659],[126.2500198,33.4050099],[126.2506044,33.4050207],[126.2508435,33.4048848],[126.251309,33.4047749],[126.2516894,33.4056065],[126.2520686,33.4057793],[126.2522522,33.4060118],[126.2521328,33.4062046],[126.2524068,33.4062333],[126.2524399,33.4063187],[126.2521389,33.4064279],[126.2523502,33.4072167],[126.2525089,33.4071392],[126.2525402,33.4072367],[126.2524173,33.4072644],[126.2522501,33.4072012],[126.2518921,33.4073641],[126.2519916,33.4074269],[126.2523686,33.4072993],[126.2523605,33.4074982],[126.2521896,33.407673],[126.2521548,33.4078731],[126.2525058,33.4077643],[126.2526128,33.407888],[126.2527498,33.4078077],[126.2529566,33.4079152],[126.2530416,33.4078274],[126.2533734,33.4077636],[126.2534139,33.4079764],[126.2535301,33.408063],[126.2537762,33.4080638],[126.2538833,33.4081788],[126.2535802,33.4085281],[126.2537224,33.4086],[126.2540456,33.408539],[126.2538814,33.408396],[126.2540721,33.4083619],[126.2550723,33.4093535],[126.2553617,33.4091465],[126.2553437,33.4090798],[126.2544246,33.4081531],[126.2546253,33.4082339],[126.2548981,33.4080966],[126.2557593,33.4079397],[126.2558527,33.4078426],[126.2564934,33.4078166],[126.2569322,33.4081152],[126.2576176,33.4090141],[126.2577323,33.4090037],[126.2582607,33.4085419],[126.2580174,33.4087866],[126.258547,33.4091493],[126.2586522,33.4093542],[126.2585572,33.409518],[126.2585882,33.4096335],[126.258423,33.4096984],[126.2583949,33.4098233],[126.2580659,33.4101542],[126.2578372,33.4100514],[126.2575781,33.4102979],[126.2577795,33.4105164],[126.2573027,33.4109095],[126.257155,33.4108609],[126.2554785,33.409236],[126.2551942,33.4094369],[126.255202,33.4095202],[126.2569586,33.4112763],[126.2556049,33.41185],[126.255536,33.4117608],[126.2553285,33.4118083],[126.2543704,33.4122133],[126.2538365,33.4125844],[126.2535966,33.4130808],[126.2529361,33.4157704],[126.2533293,33.4158029],[126.2533764,33.4156096],[126.2532842,33.4155541],[126.2538127,33.4135629],[126.2558247,33.4126705],[126.2602433,33.4168879],[126.2609903,33.4163414],[126.2617989,33.416538],[126.2622395,33.4163812],[126.262446,33.4159982],[126.2625963,33.416194],[126.2625088,33.4160473],[126.2626271,33.4159858],[126.2629249,33.4164049],[126.2622356,33.4184515],[126.2606822,33.4181152],[126.2606197,33.418297],[126.2621886,33.4186316],[126.2617748,33.4199266],[126.2601981,33.41961],[126.2601352,33.4198697],[126.2616881,33.4202073],[126.2612397,33.4215936],[126.2615207,33.4216699],[126.2613664,33.421782],[126.2615857,33.4216947],[126.2618695,33.4217582],[126.2618777,33.4220243],[126.2620684,33.4223649],[126.2620093,33.4224821],[126.2618446,33.4225077],[126.2614672,33.4222259],[126.2612363,33.4217746],[126.2608323,33.4217346],[126.2608121,33.4218017],[126.2609284,33.4218662],[126.261232,33.4218682],[126.261244,33.4219366],[126.2610442,33.4219958],[126.26102,33.4220778],[126.261558,33.4224072],[126.2612682,33.4223613],[126.2610079,33.4221856],[126.2610904,33.422352],[126.2609678,33.4226872],[126.2612311,33.4227268],[126.2605613,33.4231406],[126.2589174,33.4227078],[126.258277,33.4217637],[126.2579394,33.4208375],[126.2584627,33.4208137],[126.2588361,33.4202688],[126.258456,33.4199943],[126.2582635,33.4199772],[126.2580148,33.4202852],[126.2578592,33.4202285],[126.2579991,33.4190132],[126.258372,33.4181247],[126.2584875,33.4180948],[126.2585075,33.4180153],[126.2584838,33.4178865],[126.2577329,33.4170988],[126.2530458,33.4169904],[126.2517468,33.4168581],[126.2516813,33.4169573],[126.251686,33.417222],[126.251754,33.417262],[126.2561567,33.4172637],[126.2575864,33.4173266],[126.2581186,33.4179026],[126.2580396,33.4181325],[126.2581326,33.4182231],[126.2578182,33.4188305],[126.2576247,33.4189759],[126.2577221,33.4192695],[126.2575822,33.4198302],[126.2576667,33.419967],[126.2577129,33.4207011],[126.2576009,33.4207445],[126.2573482,33.4206726],[126.2572261,33.4208369],[126.2573703,33.4210022],[126.2577542,33.42113],[126.2578081,33.4212507],[126.257647,33.4212963],[126.2571125,33.4211228],[126.2571581,33.4213501],[126.256983,33.42165],[126.2575469,33.4220406],[126.2577882,33.4218751],[126.2582479,33.4221033],[126.2582274,33.4223413],[126.2578896,33.4227123],[126.2579721,33.423004],[126.25814,33.4229951],[126.2586206,33.4231995],[126.2590823,33.4229288],[126.2603579,33.4232426],[126.2603377,33.4235387],[126.2600119,33.4237192],[126.2599522,33.4238746],[126.2597068,33.423661],[126.2593276,33.4238402],[126.2590177,33.4238721],[126.2591121,33.4239755],[126.2593194,33.4240289],[126.2592383,33.4240805],[126.2588579,33.4240018],[126.2587471,33.4238545],[126.2585559,33.4240461],[126.2585813,33.4241249],[126.258802,33.4241249],[126.2587676,33.4243006],[126.2589442,33.4245164],[126.2591452,33.4246396],[126.2594342,33.4246794],[126.259829,33.4250448],[126.2600583,33.4250574],[126.2603695,33.4248242],[126.2602159,33.4245064],[126.2603753,33.4243279],[126.2603778,33.4242025],[126.260153,33.4240232],[126.260948,33.4237331],[126.2614552,33.4233196],[126.2615224,33.4231461],[126.2614677,33.4229966],[126.2616834,33.4228585],[126.2616948,33.4227413],[126.2621629,33.4225317],[126.2633761,33.4244369],[126.2634904,33.4247359],[126.2637403,33.4249302],[126.2636253,33.425206],[126.2636974,33.42523],[126.263813,33.4249685],[126.2642892,33.4251055],[126.2639688,33.4252973],[126.2639431,33.425507],[126.2637386,33.4256028],[126.2636385,33.425361],[126.2634757,33.4253214],[126.2633345,33.4256574],[126.2626789,33.4256289],[126.2623974,33.4253728],[126.2623274,33.4254168],[126.2626323,33.4257039],[126.2633058,33.4257406],[126.2635309,33.4259833],[126.2637483,33.4260843],[126.2637303,33.4261774],[126.2635679,33.4262187],[126.263552,33.4265587],[126.2633291,33.4266215],[126.2636009,33.4267573],[126.2637862,33.4269756],[126.2637725,33.4272262],[126.2636516,33.4273518],[126.2634691,33.4273749],[126.2632618,33.4277288],[126.2626545,33.4275357],[126.2626418,33.4275943],[126.2630094,33.4277854],[126.2629742,33.4279097],[126.2627546,33.4279562],[126.2630049,33.4279642],[126.2631518,33.4278319],[126.2631446,33.4279007],[126.2632897,33.4279752],[126.2632049,33.4281458],[126.2633109,33.4282086],[126.2636988,33.4278362],[126.2638069,33.4279457],[126.263304,33.4286811],[126.2631609,33.4285327],[126.2631114,33.4282043],[126.2631087,33.4285017],[126.2632426,33.4287536],[126.263024,33.4286922],[126.262943,33.4287345],[126.2627711,33.4285289],[126.2622379,33.4284624],[126.2617634,33.4288519],[126.2617731,33.4291834],[126.2615429,33.4293141],[126.2613268,33.4292879],[126.261637,33.4294334],[126.2617018,33.4295394],[126.2618884,33.4293965],[126.2622969,33.4296496],[126.2625738,33.4296419],[126.2627119,33.4295261],[126.2626971,33.4297591],[126.2628877,33.4298644],[126.2628396,33.4297349],[126.2629035,33.4298615],[126.2631478,33.4299827],[126.2631098,33.4300826],[126.2632396,33.430197],[126.2631748,33.4304158],[126.2635511,33.4309512],[126.2634501,33.4312591],[126.2631936,33.4313361],[126.2631487,33.4314921],[126.2628587,33.431627],[126.2629322,33.4317174],[126.2628777,33.4318687],[126.262657,33.4318616],[126.2627152,33.4320487],[126.2626681,33.4320795],[126.2625576,33.4319774],[126.2626387,33.4321172],[126.2623909,33.4321778],[126.2622061,33.4325192],[126.2622648,33.4326737],[126.2621523,33.4327652],[126.2623974,33.4333029],[126.2622577,33.4336643],[126.2618542,33.4338858],[126.2616972,33.4341113],[126.2617155,33.4342175],[126.2618918,33.4342368],[126.2619558,33.4343778],[126.2618315,33.4346945],[126.2619786,33.4346399],[126.262123,33.4347633],[126.2621599,33.4349392],[126.2626425,33.4349222],[126.2626864,33.4350713],[126.2626019,33.4351724],[126.2627159,33.4352898],[126.2630137,33.4352577],[126.2629781,33.435467],[126.2632638,33.4356512],[126.2631843,33.4357786],[126.263233,33.4358473],[126.2636343,33.4357616],[126.2640545,33.4358886],[126.2652852,33.4359703],[126.2652231,33.4360566],[126.2652934,33.4361422],[126.265614,33.4360662],[126.2656037,33.4359019],[126.2657879,33.4358772],[126.2667115,33.4360167],[126.2670572,33.4359781],[126.2690992,33.4361146],[126.2694559,33.4363021],[126.2695284,33.4365103],[126.2696415,33.4364987],[126.2705066,33.4372629],[126.2709085,33.4373505],[126.2712575,33.4373005],[126.2715962,33.4379132],[126.2718397,33.4381585],[126.271953,33.4381147],[126.2719545,33.4380311],[126.2715438,33.4371117],[126.2715874,33.4369924],[126.2718744,33.4367724],[126.2718175,33.4366821],[126.2720881,33.4361451],[126.2724387,33.4358301],[126.2723998,33.4355835],[126.2726282,33.4355215],[126.2726673,33.4353783],[126.2725899,33.4353528],[126.2725541,33.4354632],[126.2723342,33.4355048],[126.2722432,33.435423],[126.2721988,33.435466],[126.2721906,33.4353646],[126.2724428,33.4350362],[126.2725736,33.4350096],[126.2725757,33.4351911],[126.2726419,33.43519],[126.2726494,33.4349129],[126.2729907,33.4348174],[126.2734158,33.4348469],[126.2734288,33.4349025],[126.2731228,33.4350674],[126.2732909,33.4352887],[126.2732037,33.4357513],[126.2732612,33.4358172],[126.2736156,33.4358466],[126.2735222,33.4359416],[126.273973,33.4361466],[126.273819,33.4365304],[126.2740782,33.4366166],[126.2739825,33.4367334],[126.2740255,33.436808],[126.2741591,33.4367783],[126.2744075,33.4368694],[126.2745219,33.4368041],[126.2745651,33.4368594],[126.2743889,33.4371452],[126.2745506,33.4372119],[126.2745277,33.4370253],[126.2746938,33.4370068],[126.274797,33.4374704],[126.2744368,33.4377766],[126.2747085,33.4378111],[126.2749185,33.4377467],[126.2749341,33.4378577],[126.2751431,33.4379093],[126.2750428,33.4380424],[126.2750878,33.4383805],[126.2748931,33.4384588],[126.2750358,33.4384974],[126.2749852,33.4385358],[126.2750704,33.4386078],[126.2750036,33.4386743],[126.2750871,33.4389237],[126.275375,33.4390613],[126.2753921,33.4391406],[126.2755372,33.4391168],[126.2755102,33.4392686],[126.2758645,33.4392373],[126.276036,33.4393168],[126.2760609,33.4394131],[126.2761487,33.4393826],[126.2761601,33.4394909],[126.2762535,33.4394895],[126.2762992,33.4396697],[126.2761811,33.4398569],[126.2762411,33.4400215],[126.2758421,33.4402543],[126.2758886,33.4405164],[126.2756263,33.4406056],[126.2754939,33.4408271],[126.2756173,33.4407885],[126.2756631,33.4409088],[126.2759527,33.4410318],[126.275846,33.4410783],[126.2759244,33.4412028],[126.2760831,33.4410856],[126.2761619,33.441255],[126.2763136,33.4412539],[126.2763454,33.4413583],[126.2764997,33.4411859],[126.2765695,33.441275],[126.2766826,33.4412579],[126.276595,33.4410824],[126.27684,33.4409617],[126.2771903,33.4409759],[126.2772517,33.44104],[126.2771084,33.4414433],[126.2771269,33.4416868],[126.2772386,33.4417969],[126.2771257,33.4418939],[126.2773589,33.4419809],[126.2774227,33.4421042],[126.27753,33.4420984],[126.2775687,33.4422936],[126.2774793,33.4422927],[126.2774684,33.4424585],[126.2775731,33.4426154],[126.2775347,33.4429184],[126.2773005,33.4429883],[126.2772544,33.4431833],[126.2775123,33.4432418],[126.2776883,33.4435473],[126.2775034,33.443791],[126.2776604,33.4437919],[126.2777669,33.4437022],[126.2778123,33.4438134],[126.2779669,33.4438701],[126.2776813,33.4440887],[126.2776185,33.4443373],[126.2772698,33.4446883],[126.2772295,33.4450412],[126.2771168,33.4450842],[126.2772227,33.4452288],[126.2775116,33.4452962],[126.2773845,33.4451303],[126.2779531,33.4442352],[126.277938,33.4441217],[126.2781287,33.4438894],[126.27841,33.4438526],[126.2784066,33.443559],[126.2782124,33.4433952],[126.278328,33.4430417],[126.2787811,33.4429976],[126.278918,33.4431313],[126.2788566,33.4437871],[126.2799176,33.4440437],[126.2799881,33.4439972],[126.279987,33.4438529],[126.2792424,33.4436925],[126.2794929,33.4428076],[126.2794111,33.4427748],[126.2791073,33.4429039],[126.2790337,33.4428122],[126.2791507,33.4426378],[126.2791066,33.442599],[126.2789732,33.4427414],[126.2788476,33.4425908],[126.2789883,33.4424712],[126.2788413,33.4423498],[126.2790125,33.4422535],[126.2791553,33.4423628],[126.2790621,33.4424546],[126.2792698,33.442586],[126.2793554,33.4425372],[126.2794676,33.4425851],[126.2794404,33.4427094],[126.2795292,33.4427423],[126.2796525,33.4422985],[126.2797398,33.4422407],[126.2803343,33.4424342],[126.2813108,33.4423571],[126.2815713,33.4425145],[126.2815009,33.4426946],[126.2815815,33.4428158],[126.2816547,33.4427003],[126.2818694,33.4426675],[126.2818934,33.4425433],[126.2822279,33.442481],[126.2824759,33.4426459],[126.282765,33.4426316],[126.2830358,33.4428003],[126.2834272,33.4428829],[126.283928,33.4427754],[126.2840175,33.4428688],[126.2840211,33.4431242],[126.2837194,33.4434925],[126.2836122,33.4438912],[126.2834823,33.4438688],[126.2836011,33.4439708],[126.2835859,33.4442151],[126.2837133,33.4442827],[126.2835918,33.4444183],[126.2838418,33.4443939],[126.2838543,33.4445446],[126.2840293,33.444496],[126.2842763,33.4446209],[126.2844644,33.4446275],[126.284598,33.4447898],[126.2848101,33.4448545],[126.2852123,33.4447583],[126.2854982,33.4448451],[126.2854648,33.4444233],[126.2861326,33.4440064],[126.2862994,33.4440056],[126.2863842,33.4441337],[126.2864964,33.4440954],[126.286901,33.4444389],[126.2872026,33.4441696],[126.2882146,33.4438337],[126.2882088,33.443717],[126.2883285,33.443623],[126.2885432,33.4437852],[126.2888665,33.443516],[126.2886578,33.4433243],[126.2890988,33.4430149],[126.2897493,33.4429952],[126.2906314,33.4433308],[126.2907282,33.4435784],[126.2907213,33.4439478],[126.2908461,33.4440758],[126.2909523,33.4440956],[126.290959,33.4440393],[126.2907922,33.4439663],[126.2908122,33.4435736],[126.2910642,33.443517],[126.2910422,33.4433402],[126.2912324,33.4434647],[126.2910746,33.4435843],[126.2911912,33.4436938],[126.2913517,33.4435939],[126.2914967,33.4437048],[126.291329,33.4438712],[126.2912058,33.4437358],[126.2912831,33.4439082],[126.2910425,33.4440265],[126.2910623,33.4440899],[126.2921075,33.4435435],[126.2931032,33.4437959],[126.2932052,33.4440492],[126.2930571,33.4449216],[126.2932973,33.4450593],[126.2933691,33.4450091],[126.293316,33.4446173],[126.2933497,33.4444927],[126.2934405,33.4444819],[126.2937222,33.4449204],[126.2939252,33.4449735],[126.2940908,33.4453075],[126.2940067,33.4453918],[126.2940455,33.4454935],[126.2943286,33.4453887],[126.2943879,33.4454261],[126.2942506,33.4455679],[126.2939415,33.4455888],[126.2939727,33.4457301],[126.2936324,33.4462509],[126.2929895,33.4463149],[126.2930014,33.4464032],[126.292732,33.4464211],[126.2927047,33.4465235],[126.2935913,33.4464249],[126.2938604,33.4462062],[126.2940492,33.4458629],[126.2944834,33.4456291],[126.2946398,33.445791],[126.2946705,33.445979],[126.294824,33.4459509],[126.29485,33.4464647],[126.2949947,33.4463501],[126.2951854,33.4463715],[126.295331,33.4462234],[126.2953745,33.4463005],[126.2957838,33.4463364],[126.2964237,33.4465764],[126.2966334,33.4468869],[126.2967975,33.4473523],[126.2969653,33.4474472],[126.2974598,33.4474283],[126.2974514,33.4473667],[126.2971277,33.4474044],[126.2968167,33.4471685],[126.2968009,33.4470127],[126.2972049,33.446675],[126.2976015,33.4464651],[126.2974795,33.4466991],[126.2975253,33.4467414],[126.297729,33.4464769],[126.297937,33.4463953],[126.2982608,33.4463054],[126.298925,33.4462845],[126.2985397,33.4463288],[126.2979919,33.4468246],[126.2975201,33.4468909],[126.2975403,33.4471666],[126.2975515,33.4469511],[126.2978942,33.4469245],[126.297864,33.4471052],[126.2977086,33.4472303],[126.2975493,33.4472346],[126.2975404,33.4473186],[126.2977125,33.4473015],[126.2979627,33.4471013],[126.2982642,33.4469937],[126.2986117,33.4466845],[126.2989171,33.446885],[126.2988984,33.4470604],[126.298702,33.4471049],[126.2986621,33.4472144],[126.2994805,33.4472058],[126.3,33.4474321],[126.3002413,33.4477291],[126.3002218,33.4478276],[126.3003052,33.4478512],[126.3001927,33.4479658],[126.3002035,33.4481473],[126.3005472,33.4483522],[126.3005158,33.44853],[126.3006798,33.4486087],[126.3008155,33.4488954],[126.3010577,33.4489947],[126.3016754,33.4488108],[126.3020708,33.4489823],[126.3022161,33.4489215],[126.3023106,33.4491584],[126.3025015,33.4490733],[126.3028426,33.4494691],[126.3031147,33.4500055],[126.3030738,33.4500485],[126.3032203,33.4499456],[126.3032812,33.4502681],[126.3038469,33.4502418],[126.3039392,33.4502942],[126.3039654,33.4505581],[126.3041067,33.4506116],[126.3041082,33.4507415],[126.304562,33.4508536],[126.3052551,33.4512851],[126.3056641,33.4516325],[126.3064422,33.4525118],[126.3064942,33.4527326],[126.3064351,33.4530189],[126.3061817,33.4530441],[126.3064202,33.453097],[126.3062765,33.4536601],[126.3063116,33.4539353],[126.3061235,33.4541708],[126.3059398,33.4541699],[126.30593,33.4542804],[126.3062629,33.4543732],[126.3063264,33.4542506],[126.3062625,33.4542138],[126.3063666,33.4541148],[126.3064725,33.4541338],[126.3066874,33.4542837],[126.3068118,33.4542817],[126.3073166,33.4546624],[126.3074877,33.4551322],[126.3076919,33.4551683],[126.3077112,33.4552853],[126.3079495,33.4553872],[126.3079106,33.4556146],[126.3081273,33.4556579],[126.3082557,33.4557658],[126.308167,33.4561315],[126.3083172,33.4561737],[126.3085417,33.4564145],[126.308561,33.4565726],[126.3081614,33.457068],[126.3081888,33.4572947],[126.3080624,33.4575462],[126.308212,33.4574889],[126.3086175,33.4575023],[126.3088176,33.4576339],[126.3088629,33.457736],[126.3086907,33.4579893],[126.308697,33.4581586],[126.308582,33.4582583],[126.3086273,33.458378],[126.3094029,33.4584721],[126.309558,33.4585853],[126.3097318,33.4589566],[126.3099404,33.4589484],[126.3100872,33.4590841],[126.3102456,33.4591098],[126.3103258,33.4592935],[126.3105172,33.4593885],[126.3104186,33.4595156],[126.3105122,33.4597226],[126.3104033,33.4598275],[126.3105778,33.4600588],[126.3105705,33.4602101],[126.3103379,33.4609586],[126.3105966,33.4614951],[126.3105934,33.461725],[126.3102454,33.4620414],[126.3103399,33.4622076],[126.3102854,33.4622851],[126.3100717,33.4623398],[126.3101274,33.4621093],[126.3097643,33.4622022],[126.3095106,33.4623893],[126.3092449,33.46244],[126.3084159,33.4629987],[126.308602,33.4631595],[126.3086512,33.4634645],[126.3088334,33.463588],[126.308809,33.4636986],[126.3085439,33.4639333],[126.308756,33.4642851],[126.3086879,33.4644748],[126.3087566,33.4647297],[126.3085327,33.4652112],[126.3083166,33.465368],[126.3081229,33.4658667],[126.3085833,33.4662012],[126.3086383,33.4663748],[126.308832,33.4663678],[126.3089811,33.4664702],[126.3093053,33.466442],[126.3094051,33.4666484],[126.3096831,33.4666408],[126.3100268,33.4664153],[126.3101007,33.4661879],[126.3102791,33.4662223],[126.3103607,33.4661493],[126.3108367,33.4662789],[126.3108523,33.466527],[126.3104349,33.4666653],[126.3103164,33.4670921],[126.310352,33.4671862],[126.3109314,33.4671131],[126.3109689,33.4671645],[126.3109916,33.4672157],[126.3106945,33.4672521],[126.3106117,33.467406],[126.310639,33.4674967],[126.3108837,33.4676352],[126.3108079,33.4678978],[126.3111824,33.4678696],[126.3112692,33.4680173],[126.3112001,33.4680957],[126.311355,33.4681242],[126.3114139,33.4682768],[126.3115892,33.4681321],[126.3120688,33.4681346],[126.3122994,33.4682086],[126.3124125,33.468683],[126.3125428,33.468674],[126.3127092,33.4689328],[126.3130294,33.4689044],[126.3131943,33.4688105],[126.3133042,33.4688713],[126.3135526,33.4695151],[126.3136955,33.4694568],[126.3136629,33.4692825],[126.3137459,33.4692104],[126.3142565,33.469318],[126.3144235,33.4694498],[126.3155759,33.4691296],[126.315705,33.4691494],[126.3159747,33.4693995],[126.3162406,33.4693061],[126.3164381,33.4687945],[126.3163788,33.4684518],[126.3164019,33.4682921],[126.3164803,33.4683139],[126.316465,33.4680207],[126.3170456,33.4674731],[126.3172283,33.4677451],[126.3174648,33.4677219],[126.3179456,33.4678666],[126.3178698,33.4677702],[126.3179828,33.4677027],[126.3182687,33.4676444],[126.318589,33.4676885],[126.3187398,33.4675969],[126.3188543,33.467453],[126.3186206,33.4671666],[126.3186695,33.4670949],[126.3191054,33.4670674],[126.3191997,33.467231],[126.3193537,33.4672986],[126.3196107,33.4671808],[126.3206566,33.4673681],[126.320685,33.4675271],[126.3205835,33.4676672],[126.3204377,33.4716221],[126.3205475,33.4720219],[126.3209089,33.472276],[126.3246007,33.473605],[126.3248764,33.4736278],[126.3268597,33.4730133],[126.327583,33.4727123],[126.3276542,33.4725766],[126.3296024,33.471981],[126.3295051,33.4717608],[126.3268552,33.4725917],[126.3220448,33.4708502],[126.3234675,33.4681216],[126.3226331,33.4678054],[126.3228946,33.4673101],[126.3228054,33.4672766],[126.3225313,33.467766],[126.3219519,33.467548],[126.3215271,33.4666624],[126.3213606,33.4666073],[126.3208658,33.4669753],[126.3206676,33.4663695],[126.3211991,33.4660555],[126.3209553,33.4659992],[126.3209253,33.4656821],[126.3207532,33.4656899],[126.3207076,33.4655635],[126.3209585,33.4654903],[126.3211128,33.4655813],[126.3210487,33.4656478],[126.3211472,33.4656081],[126.3214006,33.4657475],[126.3213608,33.4661159],[126.3215762,33.4663631],[126.321804,33.4662972],[126.3217947,33.4664218],[126.3216318,33.4665377],[126.3217696,33.4666597],[126.3221534,33.4663942],[126.32228,33.4664522],[126.3222841,33.4667099],[126.3241297,33.4667185],[126.3248671,33.467495],[126.3242887,33.4676547],[126.324316,33.4677298],[126.3265575,33.4671163],[126.3279616,33.4685582],[126.3279442,33.4686357],[126.3277306,33.4687236],[126.3276679,33.4689382],[126.3276642,33.469458],[126.3275667,33.4695164],[126.3275506,33.4696953],[126.3276944,33.4698245],[126.3279659,33.4697662],[126.3280018,33.4688247],[126.328721,33.4684032],[126.3286228,33.4683309],[126.3288921,33.4683225],[126.3288325,33.4682245],[126.3289469,33.4681443],[126.3290571,33.4682841],[126.3291181,33.4682203],[126.3293246,33.4682601],[126.329576,33.4679957],[126.3298563,33.4680664],[126.3301167,33.4679629],[126.3302985,33.468336],[126.3304524,33.4684294],[126.3306389,33.4683399],[126.3307048,33.4684247],[126.3306712,33.4686478],[126.3310773,33.4692401],[126.330989,33.4694304],[126.331258,33.4693602],[126.3313579,33.4695113],[126.3314915,33.469482],[126.331589,33.4693697],[126.3320035,33.4692154],[126.3320518,33.4690693],[126.3321946,33.4689681],[126.3321904,33.4686977],[126.3323395,33.4683629],[126.3322164,33.4682146],[126.3324308,33.468008],[126.3324797,33.4678046],[126.3327488,33.4676659],[126.3327483,33.4674189],[126.3328352,33.4672898],[126.3331548,33.4672478],[126.3336942,33.4669072],[126.3343387,33.4667469],[126.334584,33.466803],[126.3347222,33.4666187],[126.3349251,33.4665584],[126.3355461,33.4666966],[126.3357361,33.4669845],[126.3359315,33.4669729],[126.3365352,33.4674185],[126.3367447,33.4674699],[126.336996,33.4672531],[126.3374343,33.4672736],[126.3375723,33.4675634],[126.337632,33.4686491],[126.3377168,33.4686754],[126.337725,33.4681277],[126.3378665,33.4681229],[126.3378638,33.468068],[126.3377218,33.4680718],[126.3376154,33.4671138],[126.3380976,33.4670297],[126.3381659,33.4671667],[126.337911,33.4671685],[126.3379108,33.4672318],[126.3381705,33.4672489],[126.3382171,33.4675821],[126.3378723,33.4676108],[126.3378893,33.4676904],[126.3382035,33.4676369],[126.3382468,33.4678976],[126.3379982,33.4679021],[126.3380097,33.4679745],[126.3386188,33.4679617],[126.3387056,33.4677763],[126.3390735,33.4678426],[126.3397537,33.468742],[126.339864,33.469815],[126.3397486,33.4699204],[126.3399621,33.4699481],[126.3400692,33.4700882],[126.3400147,33.4702137],[126.3402041,33.4702391],[126.340391,33.4704764],[126.3405586,33.4705083],[126.3404624,33.470679],[126.3407365,33.4707104],[126.3414873,33.4709829],[126.3417628,33.471221],[126.3421536,33.4713585],[126.3422601,33.4714729],[126.3424283,33.4714524],[126.3425303,33.4715566],[126.3436263,33.4718746],[126.3443607,33.4719216],[126.3451609,33.4721527],[126.3460354,33.4721015],[126.3461358,33.4721479],[126.3463666,33.4723729],[126.3463519,33.4727622],[126.3465529,33.4727831],[126.3465643,33.4728987],[126.3471435,33.4731769],[126.3470867,33.4739656],[126.3473772,33.4737591],[126.3475807,33.4733671],[126.3477373,33.4732453],[126.3478421,33.4733584],[126.3479888,33.4732414],[126.3481951,33.473407],[126.3483147,33.4731942],[126.3485841,33.4731188],[126.3487271,33.4732633],[126.3487834,33.4731348],[126.3493317,33.4731527],[126.3498438,33.4730497],[126.3500002,33.4732674],[126.3504316,33.4733521],[126.3504324,33.4731973],[126.3512849,33.4741425],[126.3514307,33.4739118],[126.3513194,33.4737902],[126.351012,33.4737358],[126.3507136,33.473395],[126.3508788,33.4733218],[126.3508931,33.4731577],[126.3508449,33.4732864],[126.350694,33.4733458],[126.3504034,33.4730458],[126.351054,33.4727698],[126.3512015,33.4727404],[126.3513583,33.4728228],[126.3514898,33.4729396],[126.3515041,33.4731081],[126.351796,33.4731897],[126.3519908,33.4734181],[126.352116,33.473939],[126.3523162,33.4741713],[126.3523802,33.4743865],[126.3523073,33.4749528],[126.3523659,33.4754533],[126.3525791,33.4757487],[126.3530234,33.4768815],[126.3533524,33.477284],[126.3534159,33.4774895],[126.3537286,33.4777921],[126.3542066,33.4778775],[126.3544265,33.4781144],[126.3547739,33.4781365],[126.3552284,33.4783316],[126.3553691,33.4784979],[126.3563,33.4787211],[126.3566239,33.4789826],[126.357073,33.4791641],[126.3573259,33.4791537],[126.3577451,33.4794278],[126.3578466,33.4793799],[126.3582308,33.479499],[126.3584769,33.4794817],[126.3596049,33.4797353],[126.3599703,33.479621],[126.3603997,33.4795891],[126.3609186,33.4794102],[126.3614914,33.4793368],[126.3616813,33.4791358],[126.3620879,33.4790307],[126.3622997,33.4790481],[126.3625914,33.4789246],[126.3634313,33.4788965],[126.3636924,33.4787507],[126.3656433,33.4788277],[126.3657933,33.4787207],[126.3660004,33.4786999],[126.3663089,33.4784369],[126.3665195,33.4786387],[126.3665713,33.4785719],[126.3669443,33.4786307],[126.3671704,33.4783667],[126.3672776,33.4784542],[126.3676877,33.4783398],[126.3678154,33.4784448],[126.3682011,33.478298],[126.3687621,33.4783435],[126.3689061,33.4784221],[126.3689402,33.478682],[126.3690526,33.4786068],[126.3693202,33.478627],[126.369504,33.4788578],[126.369959,33.4790835],[126.3700206,33.4792806],[126.3704793,33.4793617],[126.3704895,33.479459],[126.3702364,33.4796746],[126.3702356,33.4797759],[126.3703397,33.479783],[126.3707195,33.4795358],[126.370799,33.479754],[126.3710887,33.4798689],[126.3711782,33.4799803],[126.3714088,33.4798997],[126.3714678,33.4800994],[126.3716196,33.4800848],[126.3723711,33.4807684],[126.3726276,33.4807976],[126.3724243,33.4810649],[126.3727505,33.4809703],[126.3728578,33.4811392],[126.372986,33.4811385],[126.3731279,33.4813204],[126.3732387,33.4812589],[126.373466,33.4813148],[126.3735406,33.4816254],[126.3737285,33.4815908],[126.3738082,33.4818951],[126.3739342,33.4818603],[126.3739183,33.4820663],[126.3741429,33.4821179],[126.3745482,33.4819386],[126.3745622,33.4820885],[126.3747253,33.482147],[126.374889,33.4824607],[126.3753538,33.4826209],[126.3754947,33.4825469],[126.3754792,33.4828133],[126.3755667,33.4829037],[126.3754185,33.483037],[126.3756381,33.4829843],[126.3756451,33.4831072],[126.3759581,33.4833128],[126.3761219,33.4832469],[126.376208,33.4835275],[126.3764945,33.4836265],[126.3763626,33.4839063],[126.3764527,33.484037],[126.3761017,33.4843841],[126.3761003,33.4844874],[126.3762634,33.4844958],[126.3768264,33.4838949],[126.3771889,33.4841614],[126.3769676,33.4844692],[126.3768793,33.4844165],[126.3768142,33.4844656],[126.3768936,33.4845295],[126.3767082,33.4846942],[126.3765245,33.4846058],[126.3764568,33.4846532],[126.3765357,33.4847188],[126.3764959,33.4848294],[126.3757565,33.4847752],[126.3753836,33.484617],[126.3752976,33.4843276],[126.3751425,33.4843123],[126.3750484,33.4843781],[126.3750963,33.4845906],[126.3754153,33.4848741],[126.376069,33.4850701],[126.3761772,33.4849538],[126.3763627,33.4851076],[126.3763947,33.4853605],[126.3763101,33.4854581],[126.3764224,33.4855808],[126.3766432,33.4855216],[126.3766953,33.4852035],[126.3773832,33.4844024],[126.378571,33.4841696],[126.378854,33.4840111],[126.379817,33.4840014],[126.3802866,33.4841984],[126.3812464,33.4850429],[126.3816037,33.485097],[126.3817288,33.485203],[126.3815758,33.4853701],[126.381747,33.4858013],[126.3818342,33.4864509],[126.3826043,33.4873658],[126.3827545,33.4873908],[126.3830872,33.4877681],[126.3836183,33.4880913],[126.3842637,33.4883675],[126.3851698,33.4889076],[126.3857639,33.4891109],[126.3869089,33.4890973],[126.3874852,33.4892262],[126.3875947,33.4893195],[126.3879136,33.4892759],[126.3882843,33.4894705],[126.389113,33.4895493],[126.3896361,33.4895367],[126.3903907,33.4893592],[126.3905693,33.4894833],[126.3909029,33.4894044],[126.3910823,33.4891954],[126.3913189,33.4891269],[126.3911139,33.4885674],[126.391153,33.4882078],[126.391274,33.4878136],[126.3917189,33.4871367],[126.3919147,33.4869985],[126.3927725,33.4868219],[126.392964,33.4864823],[126.3935959,33.4865443],[126.3939508,33.4864315],[126.3938848,33.4863112],[126.3936006,33.486403],[126.3929506,33.4863678],[126.392764,33.4862777],[126.3925332,33.4865563],[126.3923739,33.4865445],[126.392316,33.4860558],[126.3924608,33.4859591],[126.3925648,33.4860413],[126.3927567,33.4859097],[126.3930376,33.486186],[126.3931067,33.4861431],[126.3928263,33.4858635],[126.3934212,33.4854316],[126.3937005,33.4859526],[126.3938492,33.48591],[126.3934486,33.4851368],[126.3935931,33.4849398],[126.3937591,33.4849444],[126.3937525,33.4848204],[126.3945323,33.4841219],[126.3949636,33.4841086],[126.3955672,33.484249],[126.3958013,33.4841966],[126.3960196,33.483995],[126.3963811,33.4839492],[126.3964636,33.4839566],[126.3964596,33.4840456],[126.3968324,33.4841623],[126.3968904,33.4840463],[126.3976031,33.4839732],[126.3980469,33.4836927],[126.3990051,33.4832565],[126.3998506,33.4832804],[126.4002687,33.483384],[126.400416,33.4832795],[126.4006451,33.4833058],[126.400778,33.4834062],[126.4007881,33.4836513],[126.4012858,33.4838767],[126.4013274,33.4839569],[126.401312,33.4841302],[126.401154,33.4842014],[126.4012373,33.4843417],[126.4010688,33.4845112],[126.4016178,33.484659],[126.4017479,33.48494],[126.4016586,33.4851602],[126.4014901,33.4853032],[126.4005478,33.4853293],[126.4005472,33.4854098],[126.4015021,33.4853796],[126.4019406,33.485502],[126.4020998,33.4854645],[126.4020732,33.4853863],[126.4019481,33.4854322],[126.4018463,33.485277],[126.4022198,33.4851172],[126.4023868,33.4851635],[126.4024194,33.4855988],[126.4026215,33.485709],[126.4030099,33.4857028],[126.4031003,33.4856387],[126.4035916,33.4858786],[126.4043969,33.4856042],[126.4044961,33.4854828],[126.4044499,33.4851469],[126.4045115,33.4850424],[126.4045804,33.4850362],[126.4046947,33.4852526],[126.404795,33.4852673],[126.4047326,33.4849457],[126.404895,33.4847173],[126.4052121,33.4838334],[126.4053451,33.4838643],[126.4050477,33.4848265],[126.4051914,33.4850756],[126.4060849,33.4851038],[126.4060781,33.4862905],[126.4062327,33.4862764],[126.4062601,33.4850701],[126.4064205,33.4848816],[126.4065316,33.4849682],[126.4068282,33.4849651],[126.4069523,33.48518],[126.4070938,33.4852589],[126.4073052,33.4850973],[126.4076051,33.4851845],[126.4076576,33.4854973],[126.4082762,33.4858555],[126.4084624,33.4860724],[126.4087049,33.4859177],[126.408727,33.4860284],[126.408568,33.4861097],[126.4086155,33.4861908],[126.4084806,33.4862774],[126.4080795,33.4860321],[126.4080917,33.4859762],[126.4078342,33.4862726],[126.4070519,33.486701],[126.4071143,33.4867747],[126.4069693,33.4868728],[126.4063776,33.4867747],[126.4063034,33.4868512],[126.4070117,33.4869577],[126.4078217,33.4864313],[126.4080608,33.4865816],[126.4082949,33.4865559],[126.4084835,33.4866305],[126.4085686,33.4869725],[126.4087261,33.4869893],[126.4087779,33.4871003],[126.4086969,33.4870712],[126.4087541,33.4871489],[126.4086365,33.4872019],[126.4086098,33.4873565],[126.4086978,33.4873877],[126.4085627,33.487557],[126.4086423,33.4875489],[126.4084783,33.4877727],[126.4084441,33.4879938],[126.4080965,33.4882024],[126.4081899,33.4882382],[126.4082847,33.4881816],[126.4084649,33.4882864],[126.4085511,33.4884093],[126.4084507,33.4884762],[126.4085389,33.4884752],[126.4086889,33.4887748],[126.4093922,33.4893628],[126.4097607,33.4895607],[126.4099196,33.4895029],[126.4103203,33.4897783],[126.4104509,33.4900526],[126.4106353,33.4900304],[126.4109772,33.4901547],[126.410998,33.4899193],[126.4111918,33.4899183],[126.4113125,33.4900728],[126.411763,33.4900162],[126.4122995,33.4901292],[126.4129654,33.4899644],[126.41322,33.490057],[126.4133408,33.4901829],[126.4137361,33.4903326],[126.4139998,33.4903466],[126.4141432,33.4904531],[126.4143921,33.4903599],[126.4147153,33.4901027],[126.4151637,33.4900951],[126.4158106,33.4898909],[126.4164259,33.4898552],[126.4167011,33.4901434],[126.4166704,33.489823],[126.4173698,33.489238],[126.4175776,33.489233],[126.4179406,33.4890934],[126.418345,33.4891037],[126.4185294,33.4891994],[126.4186008,33.4893324],[126.4187922,33.4893732],[126.4189404,33.4894982],[126.4189543,33.4897393],[126.4190804,33.4898939],[126.4190203,33.4900519],[126.4191813,33.4902392],[126.419202,33.4903984],[126.4195467,33.4904608],[126.4197377,33.4905995],[126.4199969,33.490504],[126.4201115,33.4906689],[126.4203441,33.4906069],[126.4205892,33.4907554],[126.4205916,33.4908263],[126.4206905,33.4908015],[126.4207842,33.4908698],[126.420619,33.4914053],[126.420238,33.49136],[126.4200719,33.4914103],[126.4203082,33.4917938],[126.4202001,33.4919293],[126.4200061,33.4919896],[126.42008,33.492219],[126.4200187,33.4924225],[126.4202808,33.4924157],[126.420443,33.4922501],[126.4205573,33.4922529],[126.4206073,33.4923455],[126.4205153,33.4925031],[126.4208691,33.4927691],[126.4210263,33.4927861],[126.4210363,33.4930071],[126.4211569,33.4932186],[126.421353,33.4932106],[126.4214735,33.4933215],[126.4215686,33.4931517],[126.4217096,33.4931765],[126.4216268,33.4934247],[126.4217447,33.4934967],[126.4219946,33.4934949],[126.422014,33.4936828],[126.422355,33.4935798],[126.4230558,33.4937299],[126.4230809,33.4934308],[126.4238196,33.4934475],[126.4238993,33.4936758],[126.4237683,33.4939261],[126.42364,33.494542],[126.4237123,33.494825],[126.424053,33.4950054],[126.4243268,33.4949773],[126.4245768,33.4950928],[126.4246763,33.4952425],[126.4248932,33.4952659],[126.4250547,33.4950903],[126.4252465,33.4950767],[126.4256941,33.4953584],[126.426026,33.4953419],[126.4264435,33.4954359],[126.4266178,33.4957448],[126.4270131,33.4959374],[126.4279643,33.496093],[126.4280749,33.495958],[126.4280381,33.4958704],[126.4277636,33.4958179],[126.4273863,33.4958298],[126.42662,33.4954141],[126.4261402,33.4950943],[126.4261858,33.4950085],[126.4262968,33.4950572],[126.426318,33.4950046],[126.4261279,33.4949067],[126.4261538,33.4946962],[126.4263771,33.4945485],[126.4266649,33.4946383],[126.4264009,33.4950427],[126.4265472,33.495217],[126.4268275,33.4951618],[126.4270413,33.4948403],[126.427706,33.4951371],[126.4277152,33.4954451],[126.4278567,33.4954962],[126.4278583,33.4950379],[126.4271508,33.4947867],[126.4272083,33.49467],[126.4270321,33.4944147],[126.4270717,33.4943271],[126.427295,33.4942331],[126.4273746,33.49397],[126.4275719,33.4941055],[126.4275262,33.4942503],[126.4277499,33.4946031],[126.4275562,33.4942488],[126.4275974,33.4940941],[126.4279427,33.4939735],[126.4278496,33.4939321],[126.4276208,33.4939925],[126.4279287,33.4936966],[126.4281744,33.4939072],[126.4289277,33.4940394],[126.4292759,33.4941891],[126.4295801,33.4942404],[126.4296397,33.49413],[126.4297793,33.4940921],[126.4299477,33.4943329],[126.4299213,33.4941265],[126.430155,33.4939711],[126.4304616,33.4938876],[126.4306747,33.4940246],[126.4307026,33.4941511],[126.4309417,33.494281],[126.4314066,33.4941393],[126.4320949,33.4941166],[126.4326934,33.4944556],[126.432643,33.4946848],[126.4327216,33.4945771],[126.4336368,33.494696],[126.4343123,33.4951868],[126.4346689,33.4953577],[126.4350209,33.4950391],[126.4355003,33.4952456],[126.4356139,33.4947891],[126.4359333,33.4941967],[126.4366025,33.4943109],[126.4363537,33.494677],[126.4362794,33.4951276],[126.4371371,33.4958453],[126.4374947,33.4959204],[126.4376708,33.4961962],[126.4376438,33.4963045],[126.4381494,33.4966346],[126.4382819,33.496514],[126.4377996,33.4962218],[126.4377605,33.4960621],[126.4381932,33.495927],[126.4382807,33.496341],[126.438454,33.4963102],[126.4382625,33.4959004],[126.4384984,33.4957467],[126.438942,33.4957357],[126.4397544,33.4960326],[126.4406891,33.49613],[126.4410635,33.4964031],[126.4411285,33.4966821],[126.4413131,33.4967295],[126.4413218,33.4968227],[126.4410988,33.4969276],[126.4411997,33.4970726],[126.4414465,33.4970845],[126.4418392,33.4973451],[126.4425723,33.4972042],[126.4431243,33.4974847],[126.443021,33.497721],[126.4432653,33.4981314],[126.4437067,33.4980952],[126.4438275,33.4982408],[126.4440223,33.4980188],[126.4442761,33.4980307],[126.4445114,33.4981522],[126.4447318,33.4984571],[126.4450319,33.4985629],[126.445107,33.4987123],[126.4453572,33.4985585],[126.4456063,33.4985949],[126.4457309,33.49869],[126.4466282,33.4985352],[126.4467914,33.4984536],[126.446843,33.498246],[126.4481711,33.4980857],[126.4489067,33.4978072],[126.4492954,33.497938],[126.4494454,33.4982688],[126.4499178,33.4986911],[126.4500979,33.4987538],[126.4501095,33.4986142],[126.4496071,33.4981977],[126.449813,33.4980827],[126.4496132,33.4981434],[126.4494454,33.4977557],[126.4497502,33.4976233],[126.4498292,33.4976552],[126.4498806,33.4975714],[126.4497515,33.497371],[126.4496782,33.4974193],[126.4496179,33.4973591],[126.4498848,33.4971878],[126.4500583,33.4972558],[126.4500853,33.4980844],[126.449937,33.4981414],[126.4501077,33.4981255],[126.4501102,33.4982606],[126.450236,33.4983763],[126.4503258,33.4983022],[126.4502435,33.4982093],[126.4501803,33.4974297],[126.4502522,33.4972094],[126.4507372,33.4971167],[126.4511927,33.4971187],[126.4519288,33.4972874],[126.4526376,33.4976325],[126.4532969,33.4983027],[126.4539464,33.4992596],[126.4544526,33.5004199],[126.4544845,33.500684],[126.4523555,33.5017582],[126.4519177,33.5016886],[126.4518591,33.5018321],[126.4519003,33.5019139],[126.4521897,33.5019864],[126.4525335,33.5018688],[126.4530433,33.5024219],[126.4527539,33.5026121],[126.4528358,33.5027519],[126.4532295,33.5024941],[126.4541259,33.5034711],[126.4542165,33.5037465],[126.4536575,33.5040849],[126.4523554,33.5026727],[126.4524342,33.5025949],[126.4522167,33.5023504],[126.4520693,33.5023462],[126.4518499,33.5024975],[126.4520137,33.502778],[126.4535762,33.5044306],[126.4542818,33.5039912],[126.4545151,33.5042265],[126.4558462,33.5041673],[126.4563176,33.5036614],[126.4574121,33.5036249],[126.4575337,33.503667],[126.4575595,33.5038176],[126.4576801,33.5037125],[126.4585643,33.5041148],[126.4600513,33.5042558],[126.4600447,33.5044417],[126.4604121,33.5044739],[126.4603327,33.5053841],[126.4603849,33.5055147],[126.4606414,33.5055972],[126.4607432,33.5055584],[126.4607337,33.5054351],[126.4605012,33.5054085],[126.4605937,33.5044588],[126.4604315,33.5041814],[126.4604964,33.5040721],[126.4606386,33.5040784],[126.4607326,33.5039809],[126.4606212,33.5040436],[126.4605143,33.503994],[126.4605751,33.5038015],[126.4608096,33.5037691],[126.4608015,33.5038986],[126.4609045,33.5037603],[126.4613054,33.5037286],[126.4613573,33.5038078],[126.4609875,33.5040579],[126.4609227,33.5039971],[126.4608545,33.5040329],[126.4609164,33.5041011],[126.4607349,33.504222],[126.4606294,33.5041751],[126.4607217,33.5043825],[126.4617886,33.5036466],[126.4618097,33.5034658],[126.4616289,33.5032076],[126.4616903,33.5031436],[126.4622531,33.5029591],[126.4629865,33.5030835],[126.4630838,33.5031296],[126.4635773,33.5061652],[126.4635338,33.508755],[126.4638734,33.5093761],[126.464504,33.5098426],[126.4648717,33.5097872],[126.4649266,33.5095298],[126.4646459,33.509296],[126.4645031,33.5093916],[126.4640507,33.5090019],[126.4638859,33.508726],[126.4638989,33.5067094],[126.464287,33.5063925],[126.4647607,33.5063727],[126.4647775,33.506696],[126.465613,33.5067098],[126.4656126,33.5067802],[126.465807,33.5067773],[126.4657987,33.5072102],[126.4659148,33.5072126],[126.4659229,33.5067369],[126.4660513,33.5067404],[126.4660613,33.5064489],[126.466361,33.5060003],[126.4665393,33.5052996],[126.4672338,33.5051089],[126.4672483,33.5052534],[126.4670002,33.5057183],[126.4665054,33.5060429],[126.4661702,33.5065625],[126.4661814,33.5066472],[126.4666155,33.5066137],[126.4667355,33.5066684],[126.4667644,33.5068081],[126.4662343,33.5079082],[126.4661749,33.5085604],[126.4649837,33.5085788],[126.4648423,33.5084193],[126.4646527,33.5085421],[126.464716,33.5087973],[126.4665102,33.5088332],[126.4665112,33.5087088],[126.466627,33.5088272],[126.4669059,33.5087611],[126.4674128,33.5091187],[126.4678287,33.5096308],[126.4678638,33.5098211],[126.4681152,33.5098565],[126.4686185,33.5096548],[126.4688321,33.5096572],[126.4690427,33.5093772],[126.4694802,33.5090276],[126.4699076,33.5088934],[126.4700041,33.5089041],[126.4702775,33.5092714],[126.4706353,33.5090318],[126.4708066,33.509159],[126.4716219,33.5093176],[126.4719543,33.509522],[126.4728106,33.5095749],[126.4731451,33.509719],[126.4733278,33.5096888],[126.4734904,33.5098042],[126.474091,33.5097715],[126.4751791,33.5095327],[126.4756577,33.5093509],[126.4763939,33.5095408],[126.476681,33.5093781],[126.4771086,33.5093538],[126.4772897,33.5095799],[126.4777944,33.5097705],[126.4779349,33.5099546],[126.477951,33.5102962],[126.4780478,33.510426],[126.4789303,33.5110561],[126.4790637,33.5109574],[126.478173,33.5102939],[126.4780571,33.5095872],[126.478202,33.5095676],[126.4781928,33.5094924],[126.4781665,33.5094448],[126.4780438,33.5095193],[126.477993,33.509453],[126.4780505,33.5093503],[126.4778822,33.5092582],[126.4779521,33.5091367],[126.4786268,33.5093241],[126.4786283,33.5095043],[126.478333,33.5095077],[126.4782651,33.5094487],[126.478278,33.5095779],[126.4783945,33.5095567],[126.4784332,33.5098489],[126.479378,33.5100213],[126.4793207,33.5105493],[126.4791506,33.5106697],[126.4792105,33.5107623],[126.479427,33.5106721],[126.4795379,33.5104859],[126.479443,33.5104427],[126.4795994,33.5099658],[126.4793977,33.5099298],[126.4795737,33.5097156],[126.4797899,33.5096897],[126.4803659,33.5099238],[126.4805964,33.5103983],[126.4809198,33.5103251],[126.4811275,33.5105587],[126.481575,33.5104936],[126.4819324,33.5106193],[126.482018,33.5107837],[126.4823046,33.5106153],[126.4828522,33.5107679],[126.4829123,33.5108933],[126.4834355,33.510953],[126.4832832,33.5109778],[126.4832177,33.5110692],[126.4832818,33.5111151],[126.4834992,33.510999],[126.4836068,33.5111448],[126.4837162,33.5115344],[126.4835623,33.5115822],[126.4835579,33.5116574],[126.4838597,33.5118329],[126.4838978,33.5120138],[126.4834999,33.5123537],[126.4834714,33.5124639],[126.4838101,33.5128378],[126.4838539,33.5130242],[126.4841803,33.5131342],[126.4841575,33.5132777],[126.4839756,33.5133505],[126.4840842,33.513528],[126.4843367,33.5136677],[126.4843927,33.5144756],[126.4846891,33.5147684],[126.4847375,33.5150158],[126.4849431,33.5149899],[126.4852048,33.5154061],[126.4853121,33.5158075],[126.4852294,33.5163033],[126.4855151,33.5163871],[126.4854282,33.5165839],[126.4857,33.5168172],[126.485939,33.5173887],[126.4867616,33.5177203],[126.4872899,33.5183608],[126.4875099,33.5184842],[126.4888737,33.5188735],[126.489035,33.5192484],[126.4894459,33.5192423],[126.489614,33.5194941],[126.4899114,33.5193316],[126.4901984,33.5193651],[126.490579,33.5191879],[126.4912156,33.5192622],[126.4913939,33.5193236],[126.491366,33.5193824],[126.491528,33.519378],[126.4918593,33.519566],[126.4920704,33.5198297],[126.4923715,33.5197273],[126.4927293,33.5198196],[126.4928186,33.5196597],[126.4932949,33.5197993],[126.4932199,33.5199388],[126.4929395,33.5200584],[126.4932653,33.5202041],[126.4933522,33.5201904],[126.4932589,33.5200574],[126.4933804,33.5198335],[126.4938042,33.520055],[126.4939188,33.5205263],[126.4940719,33.5206138],[126.494874,33.5205502],[126.4950447,33.5206946],[126.4952341,33.5207021],[126.4955153,33.520522],[126.4957163,33.5206096],[126.4963394,33.5204568],[126.4967815,33.5205639],[126.497128,33.5203114],[126.4983411,33.5200465],[126.4986562,33.5200494],[126.4992921,33.5195801],[126.4996783,33.5190237],[126.5003013,33.5186347],[126.500444,33.5186359],[126.5010144,33.5190373],[126.5014869,33.5189877],[126.5014701,33.5187889],[126.5010567,33.5188563],[126.5005651,33.5185822],[126.5007572,33.5183726],[126.5005933,33.5184671],[126.500405,33.5182298],[126.5002778,33.5181767],[126.5002869,33.5182706],[126.5001806,33.5183074],[126.5000879,33.5182267],[126.5000902,33.5179678],[126.5002651,33.518103],[126.5002471,33.5179553],[126.5001585,33.5179182],[126.5002366,33.5178103],[126.5003471,33.5178614],[126.5003169,33.5179812],[126.500402,33.5179035],[126.5005166,33.5179426],[126.5009413,33.5184184],[126.5013808,33.5184578],[126.5013664,33.518315],[126.5010225,33.5182697],[126.5007933,33.518],[126.5007348,33.5175573],[126.5008421,33.517489],[126.5015663,33.5173587],[126.5017444,33.517528],[126.5020924,33.5173597],[126.5025035,33.5173829],[126.502748,33.5174897],[126.5028174,33.517435],[126.5030069,33.5174714],[126.5033202,33.5171657],[126.503822,33.5170731],[126.5042259,33.5168872],[126.5053665,33.5170587],[126.505811,33.5167573],[126.5065292,33.5164354],[126.5066775,33.5164321],[126.5067857,33.516574],[126.5074262,33.5165236],[126.5076531,33.5165969],[126.5078464,33.5165152],[126.5081068,33.5165397],[126.5084259,33.5164157],[126.5088543,33.5163795],[126.5092544,33.5160364],[126.5100405,33.5159716],[126.5102324,33.5158977],[126.5105393,33.5159323],[126.5108673,33.515761],[126.5110891,33.5158031],[126.5114318,33.515736],[126.511654,33.5159507],[126.5117076,33.5161168],[126.5118289,33.5160616],[126.5119763,33.5162008],[126.5123411,33.5158771],[126.5125136,33.5159368],[126.5125434,33.5160739],[126.5126644,33.5158383],[126.5127951,33.5157708],[126.5129265,33.5157974],[126.512964,33.5157311],[126.5130704,33.5157708],[126.5129898,33.5158165],[126.5136196,33.5160011],[126.5141196,33.5160269],[126.5143095,33.5159144],[126.514283,33.5155755],[126.5143949,33.5154517],[126.5143551,33.515368],[126.5142084,33.5154498],[126.5141676,33.5153667],[126.5143374,33.515314],[126.5142056,33.5151923],[126.5142375,33.5149574],[126.5145724,33.5148778],[126.5146005,33.5151838],[126.5147334,33.5154316],[126.5146865,33.5156123],[126.5147537,33.5157609],[126.5146664,33.5160486],[126.51486,33.5165826],[126.5151709,33.517074],[126.5157609,33.5173224],[126.5157166,33.5175363],[126.5160251,33.5164045],[126.5161939,33.5164144],[126.516393,33.5155315],[126.5165156,33.5153157],[126.5165882,33.5153582],[126.5164581,33.5155878],[126.516282,33.5164227],[126.5164316,33.5164703],[126.516244,33.5171997],[126.5162001,33.5183112],[126.5165232,33.5189664],[126.5169644,33.5192829],[126.5175114,33.5194685],[126.5182324,33.5195004],[126.5183684,33.5194042],[126.5282878,33.518077],[126.5283623,33.5200829],[126.5284612,33.5205504],[126.5295602,33.5222161],[126.5298124,33.5224245],[126.5300968,33.5228248],[126.5302245,33.5227607],[126.5299504,33.5223572],[126.5296758,33.5221657],[126.5287613,33.5208441],[126.5285118,33.5203237],[126.528472,33.5194751],[126.5287274,33.5194583],[126.5291483,33.5197487],[126.52921,33.519698],[126.5291429,33.5187193],[126.5289805,33.5187403],[126.5289703,33.5183415],[126.5287223,33.5182398],[126.5288416,33.5179995],[126.5284658,33.5172192],[126.5284732,33.5170645],[126.5287604,33.5170719],[126.5295228,33.5175872],[126.5308103,33.5177247],[126.530783,33.5179042],[126.5309856,33.5172306],[126.5318875,33.5174155],[126.5317525,33.5175488],[126.5323571,33.5180094],[126.5334372,33.5179686],[126.5335534,33.5186841],[126.5327596,33.5186758],[126.5327431,33.5195845],[126.5312584,33.5211006],[126.5304724,33.5206036],[126.5304094,33.5206531],[126.5308036,33.5209426],[126.5304594,33.5211091],[126.530508,33.5211707],[126.5308829,33.5209915],[126.5345084,33.523555],[126.5411238,33.5330777],[126.5413185,33.5329906],[126.5395399,33.5305618],[126.5348279,33.5236939],[126.5349367,33.5236046],[126.5355121,33.5236602],[126.5356401,33.5237608],[126.5356991,33.5237023],[126.5355883,33.5235435],[126.5346543,33.5234819],[126.5316453,33.5213489],[126.5327494,33.5201708],[126.5332718,33.519758],[126.5341394,33.5203641],[126.5352918,33.519794],[126.5354458,33.5200314],[126.5356213,33.5200338],[126.5375231,33.5213582],[126.5363912,33.5225024],[126.5372026,33.5230828],[126.5384607,33.5218421],[126.5387456,33.5220498],[126.5388927,33.5218697],[126.5404064,33.5225453],[126.5396966,33.5236666],[126.5410294,33.5242672],[126.541958,33.5228277],[126.5428378,33.5228745],[126.5427928,33.523784],[126.5431711,33.5238049],[126.5429253,33.5273825],[126.5431698,33.5275599],[126.5416401,33.528929],[126.5418272,33.5290841],[126.5415171,33.5293628],[126.5416394,33.5294562],[126.5434235,33.5278665],[126.5459736,33.5278755],[126.5462154,33.524492],[126.5466519,33.5245056],[126.5466542,33.5243743],[126.5534254,33.5242019],[126.5533793,33.5228297],[126.5516026,33.522675],[126.5514233,33.5227455],[126.5509439,33.5227071],[126.5506988,33.5223917],[126.5505435,33.5219628],[126.5501981,33.521843],[126.5491457,33.521781],[126.5487595,33.5219779],[126.5486772,33.5219309],[126.5487306,33.5219942],[126.5481495,33.522327],[126.548096,33.5222708],[126.5481186,33.5223472],[126.5479535,33.5224396],[126.5448254,33.5222127],[126.5448657,33.5218877],[126.5452134,33.5218873],[126.5453885,33.5219737],[126.5458993,33.5219243],[126.5463676,33.5219923],[126.5467404,33.5219034],[126.5482586,33.5207892],[126.5486283,33.5206519],[126.5487424,33.5206891],[126.548868,33.5205704],[126.5496842,33.5206001],[126.5507917,33.5204832],[126.550924,33.5206151],[126.5511205,33.5205451],[126.5513211,33.520567],[126.5513567,33.5206384],[126.5511949,33.5208182],[126.5513775,33.5212365],[126.551645,33.5214547],[126.5519902,33.5215417],[126.5520902,33.5217436],[126.5523089,33.5216141],[126.5523902,33.5218405],[126.5528051,33.5218353],[126.553016,33.5215459],[126.5532427,33.5214198],[126.5537299,33.5214355],[126.5541138,33.5212475],[126.5546562,33.5212506],[126.5552694,33.5210818],[126.555991,33.5215338],[126.5562811,33.5218795],[126.5569753,33.5221203],[126.5574214,33.522108],[126.5576425,33.5220409],[126.5578608,33.5218188],[126.5579942,33.521871],[126.5580377,33.521943],[126.5579148,33.5221881],[126.5580178,33.5225184],[126.5581469,33.5226224],[126.5588875,33.5225048],[126.5592889,33.5227919],[126.5594861,33.5228394],[126.5597839,33.5226441],[126.5598383,33.5226803],[126.5596201,33.5228729],[126.559101,33.522993],[126.5590432,33.5231406],[126.5590675,33.5236975],[126.5593112,33.5242175],[126.5594743,33.5244314],[126.55977,33.5245884],[126.5601464,33.5249644],[126.5603393,33.5253332],[126.5603249,33.5255581],[126.5601968,33.5256423],[126.5602003,33.5257492],[126.5604998,33.5258188],[126.5607646,33.5260413],[126.5608025,33.5261639],[126.5607301,33.5262795],[126.5609708,33.526409],[126.5615486,33.5270547],[126.5615784,33.5273065],[126.561881,33.5273325],[126.5620558,33.5274756],[126.5624922,33.527338],[126.5627057,33.5271821],[126.5629636,33.5271897],[126.5629615,33.5269881],[126.5634902,33.5268255],[126.5636377,33.5269322],[126.5665644,33.5275554],[126.5666026,33.5274457],[126.5641594,33.526927],[126.5642112,33.5260112],[126.565466,33.5257095],[126.5653903,33.5255986],[126.5648364,33.5257474],[126.5646641,33.5257316],[126.5646542,33.5255786],[126.5649469,33.5254478],[126.5647966,33.5251173],[126.5650578,33.5249898],[126.5650173,33.5249406],[126.5645527,33.5251276],[126.5640805,33.5248211],[126.5642097,33.5246887],[126.5652839,33.5241936],[126.5652794,33.5243732],[126.5654171,33.524664],[126.565131,33.5248972],[126.5651618,33.5249411],[126.5652587,33.5248769],[126.5654892,33.5250618],[126.5656367,33.5249762],[126.5655957,33.5249311],[126.5666218,33.5249321],[126.5668792,33.5248692],[126.5673266,33.5249929],[126.5672597,33.5251585],[126.5670888,33.525235],[126.5666696,33.5251996],[126.5666232,33.5250389],[126.5666341,33.5252484],[126.56598,33.5254434],[126.5658612,33.5255477],[126.5658851,33.5255958],[126.5669729,33.5253002],[126.567333,33.5254105],[126.5673714,33.5255391],[126.5672182,33.5255857],[126.5672504,33.5257128],[126.567396,33.5256621],[126.5674066,33.5259312],[126.5672512,33.5261112],[126.5672505,33.5262398],[126.5671382,33.526363],[126.5665099,33.5266461],[126.5665646,33.5267306],[126.5672892,33.5264134],[126.5673436,33.5265316],[126.5678002,33.526616],[126.5681315,33.5270986],[126.5687567,33.5271442],[126.5689433,33.527058],[126.5691822,33.5264226],[126.5695238,33.5263651],[126.5698196,33.526149],[126.5706354,33.5258337],[126.5707753,33.5256812],[126.571105,33.5255973],[126.5713148,33.5256575],[126.5716164,33.5256177],[126.5718082,33.5257356],[126.5719664,33.5257432],[126.572832,33.5253843],[126.5735139,33.5252843],[126.5735414,33.5252225],[126.5739116,33.5253646],[126.5736884,33.5256831],[126.5735295,33.5255553],[126.5738376,33.5259194],[126.5739931,33.5259762],[126.5741128,33.5261508],[126.5741836,33.5261181],[126.574237,33.5266577],[126.5745083,33.5270512],[126.5746552,33.5274627],[126.5745821,33.5277395],[126.574662,33.5277759],[126.5747625,33.527693],[126.5747866,33.5278027],[126.5748441,33.5277548],[126.5750552,33.5278017],[126.5751029,33.5279676],[126.5751965,33.5279963],[126.5755785,33.5278247],[126.5758621,33.5278412],[126.576077,33.5279247],[126.5760511,33.5280614],[126.576236,33.5280524],[126.5762921,33.5281697],[126.5765657,33.5279474],[126.5781604,33.5279537],[126.5789581,33.5274328],[126.5788552,33.5273432],[126.5781067,33.5278352],[126.5766349,33.5278574],[126.5766185,33.527738],[126.5767778,33.5276939],[126.5774527,33.5269672],[126.5773828,33.5269166],[126.5770244,33.5272379],[126.576883,33.5272782],[126.5767965,33.5274391],[126.5763363,33.5272122],[126.5764795,33.5269429],[126.5768719,33.5271881],[126.5768347,33.5270828],[126.5765569,33.5269344],[126.5765405,33.5267586],[126.5766889,33.5264807],[126.5768897,33.5263673],[126.5772996,33.5263271],[126.5778658,33.5261359],[126.5779501,33.5261599],[126.5784079,33.5268427],[126.578511,33.5268283],[126.578021,33.526054],[126.5780972,33.5258292],[126.5785014,33.5254986],[126.5792168,33.5253966],[126.5793743,33.5253157],[126.5798175,33.5248231],[126.5799468,33.5245303],[126.5801311,33.5246209],[126.5802937,33.5246045],[126.5806691,33.5249307],[126.5814117,33.5249718],[126.5816981,33.5252204],[126.5819765,33.5253348],[126.5825138,33.5253164],[126.5828223,33.5250838],[126.5832232,33.5251607],[126.5835295,33.525321],[126.5834924,33.5254987],[126.5835965,33.5257713],[126.5837191,33.5257243],[126.584026,33.5258148],[126.5841936,33.5257878],[126.5843344,33.5255742],[126.584781,33.5254186],[126.5850304,33.5254441],[126.5854249,33.5257122],[126.5858834,33.5258306],[126.5869854,33.5267942],[126.5874815,33.5274682],[126.5879123,33.5278158],[126.5887595,33.5288867],[126.5885255,33.5292573],[126.5885062,33.5293898],[126.5886499,33.5291193],[126.5888439,33.5291815],[126.5886739,33.5290888],[126.5888513,33.5288303],[126.5892373,33.5290578],[126.589201,33.5292675],[126.5889935,33.5291603],[126.5889037,33.529228],[126.5890628,33.5293224],[126.5889213,33.5295232],[126.5888372,33.5294873],[126.588803,33.5295514],[126.5885779,33.529456],[126.5890173,33.529666],[126.588984,33.530185],[126.5888167,33.5303331],[126.5886212,33.5307227],[126.5895009,33.5310906],[126.5896434,33.531456],[126.589324,33.5322268],[126.5897204,33.532775],[126.5899023,33.5332024],[126.5900335,33.5331764],[126.5898909,33.5328018],[126.5894256,33.5322545],[126.589618,33.5317708],[126.5897987,33.5318083],[126.589888,33.5316492],[126.5904381,33.5318251],[126.5903549,33.5319976],[126.5904115,33.5320162],[126.590497,33.5318446],[126.5913689,33.5321218],[126.5916117,33.5321013],[126.5916717,33.5321886],[126.5915827,33.5323576],[126.5914204,33.5323886],[126.5904832,33.5323358],[126.5904506,33.5321758],[126.590381,33.5321777],[126.5904278,33.532444],[126.5902193,33.5324368],[126.5902342,33.5325296],[126.5911541,33.5324435],[126.5912186,33.5325327],[126.5914542,33.5325316],[126.5918194,33.5328213],[126.5912605,33.533397],[126.5974341,33.5375927],[126.5975074,33.537519],[126.5977107,33.5376598],[126.5980508,33.5373042],[126.5978425,33.5371686],[126.5985715,33.5364135],[126.5988937,33.5365246],[126.5990256,33.5366758],[126.5990339,33.5368296],[126.5996879,33.5369316],[126.5999521,33.5367966],[126.6001,33.5368709],[126.600521,33.5368882],[126.6006445,33.5366498],[126.6009521,33.5366458],[126.6010783,33.5368068],[126.601213,33.5367222],[126.6011237,33.5366619],[126.6011473,33.5365589],[126.6010155,33.5364811],[126.601229,33.5363523],[126.6013965,33.5364868],[126.601372,33.5365727],[126.6014737,33.5366912],[126.6014258,33.5362406],[126.601649,33.536131],[126.6020188,33.5361968],[126.6022687,33.5360927],[126.6024155,33.5359427],[126.6024588,33.5355954],[126.6028571,33.5352325],[126.6029788,33.5352124],[126.6031118,33.5353093],[126.6030521,33.5350981],[126.6032125,33.5350079],[126.6034394,33.5349927],[126.6034997,33.5351913],[126.6038278,33.5351423],[126.6042048,33.5354295],[126.6042434,33.5359399],[126.6043805,33.5361634],[126.6045352,33.5360573],[126.6044716,33.5359499],[126.6046137,33.5357795],[126.6045784,33.5355271],[126.6050388,33.5354026],[126.6058103,33.535528],[126.6060613,33.5356424],[126.6062491,33.5358413],[126.606149,33.5360048],[126.6062296,33.5361597],[126.606802,33.5357377],[126.607061,33.5356889],[126.6074068,33.5357323],[126.6074788,33.5357877],[126.6073475,33.5359207],[126.6075282,33.5361945],[126.6075755,33.5360482],[126.6077686,33.5360715],[126.6078834,33.5359894],[126.6082846,33.5359211],[126.6081713,33.5357764],[126.6082679,33.5356996],[126.6083089,33.535471],[126.6085404,33.5352963],[126.6085527,33.5350768],[126.6087134,33.5347625],[126.608828,33.5347538],[126.6089286,33.5350638],[126.6092267,33.5350769],[126.6097068,33.5354777],[126.6098141,33.5357662],[126.6096138,33.5358612],[126.6097712,33.536043],[126.6101628,33.5361556],[126.6102786,33.5359288],[126.6103838,33.5360821],[126.6105972,33.5360434],[126.6106664,33.5358331],[126.6111221,33.5357921],[126.6112964,33.5359489],[126.6114462,33.5357587],[126.611608,33.5356924],[126.6117974,33.5358077],[126.6119102,33.5362231],[126.6118095,33.5363176],[126.6116753,33.5362943],[126.6116199,33.5366347],[126.61181,33.5368116],[126.6121141,33.5366453],[126.6124162,33.5367289],[126.6121983,33.5372013],[126.6127527,33.5376053],[126.6127797,33.5377414],[126.6126615,33.5380104],[126.6128068,33.5382097],[126.613007,33.5382961],[126.6138206,33.5381262],[126.6142307,33.5379543],[126.61461,33.5379139],[126.6151089,33.5379411],[126.6153894,33.5381547],[126.6158095,33.5377955],[126.6160887,33.5378458],[126.6162524,33.5377123],[126.6162306,33.5375184],[126.6166571,33.5377477],[126.6167865,33.5380318],[126.6170693,33.5380301],[126.6171784,33.5383328],[126.6169339,33.5391265],[126.6169476,33.5393276],[126.6170148,33.5393256],[126.6170036,33.5390965],[126.6172538,33.5383207],[126.6175397,33.5381991],[126.6176689,33.5384074],[126.6177215,33.5383875],[126.6176019,33.5381721],[126.618444,33.5378464],[126.6186497,33.5381399],[126.6188295,33.5381353],[126.618964,33.5379589],[126.618849,33.5379265],[126.6187686,33.5377228],[126.6189152,33.5376948],[126.6189145,33.537631],[126.6187786,33.5376487],[126.6187545,33.5375506],[126.6188959,33.537508],[126.6190455,33.5376908],[126.6196032,33.5378555],[126.619574,33.5380487],[126.6194348,33.5381267],[126.619057,33.5380276],[126.6190743,33.5379555],[126.6188608,33.5383952],[126.6186329,33.5386374],[126.61837,33.5387732],[126.6183376,33.5386882],[126.6181083,33.5387329],[126.6180702,33.5386026],[126.6179972,33.5386166],[126.6180606,33.5388385],[126.617732,33.5389041],[126.6175313,33.5388631],[126.6174996,33.5389449],[126.6177135,33.5389846],[126.6184735,33.5388276],[126.6191542,33.5382116],[126.6194723,33.5383762],[126.6201123,33.5384444],[126.6201831,33.5385384],[126.6205896,33.5384353],[126.6204965,33.538303],[126.620566,33.5381384],[126.6215512,33.5381148],[126.621769,33.5382237],[126.6217971,33.5383594],[126.62209,33.5384715],[126.6220939,33.538834],[126.6219202,33.5390354],[126.6221634,33.5390806],[126.6220868,33.5393883],[126.6225976,33.5394395],[126.6227628,33.5393855],[126.6228641,33.5394392],[126.6232011,33.539285],[126.6232152,33.5390439],[126.6235089,33.5387308],[126.6231596,33.5389893],[126.6228583,33.5387505],[126.6228804,33.5384464],[126.6230728,33.538321],[126.623014,33.5382599],[126.6229355,33.5383025],[126.6228644,33.5381298],[126.6231257,33.5381705],[126.62319,33.5379586],[126.6237464,33.5379903],[126.623582,33.5386321],[126.6236338,33.5386654],[126.6237524,33.5385221],[126.6239074,33.5378023],[126.6245869,33.5376504],[126.6247572,33.5377729],[126.6247202,33.5381267],[126.6248806,33.5382199],[126.6248352,33.5380325],[126.6251048,33.5378497],[126.625102,33.5377476],[126.6246353,33.5375453],[126.6245324,33.5372913],[126.6250193,33.5371895],[126.6252159,33.5369469],[126.6253091,33.5366209],[126.6254996,33.5365993],[126.6254784,33.5363577],[126.625694,33.5363434],[126.6257475,33.5365879],[126.6258793,33.5362465],[126.6261599,33.5362166],[126.6267542,33.5365407],[126.6265211,33.536643],[126.6265827,33.5370454],[126.6271852,33.5371566],[126.626909,33.5374282],[126.6268891,33.5375631],[126.6270704,33.5377374],[126.6270674,33.537989],[126.627282,33.5380747],[126.6274993,33.5383159],[126.6273557,33.5384355],[126.6273162,33.5386469],[126.627113,33.5388067],[126.6275088,33.5393169],[126.6275271,33.5395864],[126.6277656,33.5396477],[126.6279232,33.5398296],[126.6276671,33.5404002],[126.6277109,33.5404541],[126.6278594,33.5403366],[126.627938,33.5405111],[126.6280294,33.5403454],[126.6279634,33.5402621],[126.6284004,33.5400181],[126.62839,33.5396422],[126.6285668,33.5395084],[126.6283949,33.5394053],[126.6283582,33.539229],[126.6282153,33.5390965],[126.6278876,33.5390573],[126.6277996,33.5389633],[126.6278666,33.5388423],[126.6280708,33.5387856],[126.6281856,33.5386085],[126.6281501,33.5380918],[126.6282781,33.5380617],[126.6284634,33.5382225],[126.6285476,33.5381735],[126.6284034,33.5379051],[126.6281411,33.5379038],[126.6280226,33.5377901],[126.6280356,33.5375366],[126.6283673,33.5373435],[126.6284527,33.5371738],[126.6286419,33.5372634],[126.6291576,33.5370888],[126.6292842,33.5371707],[126.6293317,33.5373588],[126.6295689,33.5373106],[126.6297703,33.5373601],[126.6297851,33.5376045],[126.6299587,33.5376719],[126.6302677,33.537285],[126.6307826,33.5375379],[126.6310746,33.5375747],[126.631147,33.5375284],[126.631084,33.5372745],[126.6311266,33.5369135],[126.631537,33.5367348],[126.6317701,33.5367282],[126.6319545,33.5364249],[126.632182,33.5363534],[126.6323066,33.5361493],[126.6323822,33.536193],[126.6323988,33.5364881],[126.6325842,33.5364423],[126.6326898,33.5363095],[126.6326313,33.5360743],[126.632765,33.5358408],[126.6331001,33.5357879],[126.6331374,33.5358803],[126.6330117,33.5359435],[126.6330866,33.5360612],[126.6333206,33.5362039],[126.6335085,33.5362058],[126.6334952,33.5362607],[126.6337403,33.5360645],[126.6338155,33.536333],[126.6342418,33.5363177],[126.6342712,33.5361297],[126.6344162,33.536112],[126.6344912,33.5359645],[126.6349871,33.5363119],[126.6349612,33.5364308],[126.635078,33.5365474],[126.6355156,33.5365832],[126.635521,33.5366345],[126.6352784,33.5372739],[126.6348544,33.5375331],[126.6347129,33.5379408],[126.6345945,33.5379862],[126.6342673,33.5378882],[126.6339084,33.5380056],[126.634062,33.5381534],[126.6339526,33.5382089],[126.6339101,33.5383866],[126.6337654,33.5384378],[126.6338142,33.5385721],[126.6341626,33.5387723],[126.6343676,33.5385057],[126.6344316,33.5386286],[126.63468,33.538763],[126.6345444,33.5394302],[126.6340904,33.5396754],[126.6341113,33.5399323],[126.6343154,33.5399147],[126.6342843,33.5396678],[126.6346568,33.5394202],[126.6347002,33.5391025],[126.6349427,33.5390746],[126.6352953,33.5387189],[126.6355088,33.538935],[126.6355173,33.5393984],[126.63592,33.5394219],[126.6360439,33.5393454],[126.6362668,33.5393575],[126.6361796,33.539469],[126.6362987,33.5394757],[126.6364141,33.539689],[126.6362624,33.5397677],[126.6360882,33.5396685],[126.6359686,33.5397463],[126.6358554,33.5396611],[126.6358073,33.5396941],[126.6359683,33.5398152],[126.6356982,33.5400284],[126.6355347,33.539911],[126.635492,33.5399528],[126.6356543,33.5400711],[126.6352657,33.5404538],[126.6348656,33.5403868],[126.6347937,33.5406824],[126.6355358,33.5405754],[126.6353655,33.5411474],[126.6346604,33.541241],[126.6346222,33.5410264],[126.6344063,33.5410489],[126.633973,33.5420236],[126.6327093,33.5420951],[126.6326597,33.5421633],[126.6340928,33.542112],[126.63419,33.5422738],[126.6343855,33.5423163],[126.6344617,33.5425867],[126.6344139,33.5430304],[126.6340257,33.5435262],[126.634174,33.5438243],[126.6346084,33.5436957],[126.6348641,33.543758],[126.6348982,33.5440982],[126.6346034,33.5444581],[126.6348231,33.5451119],[126.6350546,33.5454317],[126.6354158,33.5453315],[126.6357492,33.5453986],[126.6366126,33.5453113],[126.6369682,33.5455452],[126.6373678,33.5455648],[126.6375702,33.5457539],[126.6376569,33.5456992],[126.6376409,33.5456126],[126.6379056,33.5455964],[126.6382395,33.5453779],[126.6383606,33.5455234],[126.6384917,33.5455396],[126.6384912,33.5453815],[126.6386027,33.5452906],[126.6392769,33.5458204],[126.6393832,33.5461054],[126.6393012,33.5464765],[126.6395641,33.5469069],[126.6395807,33.5471727],[126.6397063,33.5472642],[126.6396477,33.5471383],[126.6398077,33.5471871],[126.6402672,33.5477708],[126.6401624,33.5484308],[126.6398444,33.5481708],[126.6399558,33.5479246],[126.6395485,33.547921],[126.6393936,33.5480173],[126.6393532,33.5483721],[126.6391081,33.5483979],[126.6389162,33.5483221],[126.6388593,33.5484295],[126.6384814,33.5485392],[126.6381792,33.5488591],[126.6385361,33.5490305],[126.6385936,33.5491469],[126.6388088,33.5490855],[126.6388537,33.5491882],[126.6391384,33.5488909],[126.6394564,33.5488959],[126.6395642,33.5487316],[126.6399543,33.5485852],[126.6400266,33.5492889],[126.6404175,33.549924],[126.6404121,33.5504373],[126.6404621,33.5505186],[126.6404631,33.5499353],[126.6400699,33.5492847],[126.6400108,33.5485892],[126.6400701,33.5487286],[126.6402037,33.5487955],[126.6405161,33.5487631],[126.6409325,33.5493901],[126.6408005,33.5494308],[126.6406146,33.5492126],[126.6403863,33.5493613],[126.6404523,33.5494908],[126.6406553,33.5496096],[126.6407327,33.5498017],[126.6407079,33.5501283],[126.6405511,33.5503394],[126.6406793,33.5506123],[126.6408771,33.5506542],[126.641071,33.5505801],[126.6411847,33.5506363],[126.641494,33.5509177],[126.6415764,33.551124],[126.6418076,33.5512459],[126.6424051,33.5518507],[126.6425193,33.5517939],[126.64326,33.5518649],[126.6435398,33.551752],[126.64381,33.551857],[126.643915,33.5521297],[126.6437295,33.5522864],[126.6437679,33.5525099],[126.6435436,33.5529752],[126.6433808,33.5530356],[126.6437775,33.5538321],[126.6439513,33.5539113],[126.6441381,33.554175],[126.6441492,33.5543339],[126.6439492,33.5543797],[126.6440705,33.55447],[126.64422,33.5544088],[126.6443811,33.5546052],[126.6443697,33.5547462],[126.6442116,33.5548175],[126.6442785,33.5550158],[126.6440886,33.555326],[126.6441706,33.5555115],[126.6444298,33.5556055],[126.6449469,33.5555303],[126.6449918,33.5553824],[126.6456135,33.5547971],[126.6458038,33.5547731],[126.6466166,33.5549609],[126.646807,33.5549258],[126.6473219,33.5542764],[126.6474838,33.5538351],[126.6477261,33.5539388],[126.6476704,33.5537115],[126.6479601,33.5537742],[126.6482251,33.5536375],[126.6483601,33.5533891],[126.64855,33.5533658],[126.6489404,33.5531313],[126.6490253,33.553135],[126.6490801,33.553306],[126.6490786,33.5538979],[126.6492563,33.5540054],[126.6494022,33.5539106],[126.6493279,33.5534498],[126.6492114,33.5532875],[126.6493115,33.5531792],[126.6495047,33.5531748],[126.6498677,33.5533792],[126.650214,33.5534494],[126.6497819,33.5532867],[126.6498418,33.5532211],[126.6496607,33.5531326],[126.6497401,33.5530382],[126.6494382,33.5527092],[126.649455,33.5525029],[126.6493374,33.5523931],[126.64927,33.5520732],[126.6489563,33.5518725],[126.6488869,33.5513799],[126.648934,33.5511392],[126.6484379,33.5507389],[126.6483666,33.5504246],[126.6484847,33.5502671],[126.6483323,33.5502128],[126.6482522,33.5499939],[126.6476519,33.549519],[126.6476717,33.5493714],[126.6480841,33.5490425],[126.6494986,33.5487725],[126.6500082,33.5487591],[126.650761,33.5488347],[126.6507834,33.5489116],[126.6509227,33.5489206],[126.6511203,33.5493434],[126.6511669,33.5493037],[126.6509573,33.5489048],[126.6512353,33.5490241],[126.6516664,33.5493752],[126.6515781,33.549611],[126.651861,33.5496267],[126.6519859,33.5497119],[126.6519504,33.5500459],[126.6524829,33.5506336],[126.6522928,33.5510491],[126.6520989,33.5510909],[126.6524694,33.5517267],[126.6518832,33.5519853],[126.6516943,33.5521816],[126.6517603,33.552227],[126.6519205,33.5520558],[126.652965,33.5515479],[126.653189,33.5518676],[126.6530901,33.5519817],[126.6528996,33.552036],[126.652723,33.5519986],[126.6526838,33.5522379],[126.6524635,33.5523602],[126.6525241,33.5524773],[126.6528394,33.5525956],[126.6528913,33.5527556],[126.6532849,33.5525668],[126.6532222,33.5521923],[126.6534893,33.5521026],[126.653586,33.5519087],[126.6531839,33.5517077],[126.6531062,33.5515828],[126.6531405,33.5514345],[126.6527936,33.5511868],[126.6527806,33.5510716],[126.6529282,33.5508868],[126.6531722,33.5509661],[126.6534478,33.5512075],[126.6538761,33.5514141],[126.6542637,33.551257],[126.6547155,33.551193],[126.6551083,33.5509098],[126.6551556,33.5505853],[126.6554384,33.5504437],[126.6555055,33.5503039],[126.6558316,33.5504003],[126.6558632,33.5506019],[126.6560344,33.5504783],[126.6558658,33.5503601],[126.6559652,33.5502743],[126.6568507,33.5507574],[126.657269,33.5504837],[126.6572358,33.5504417],[126.6568232,33.5506892],[126.6562087,33.5503876],[126.6560413,33.5502275],[126.6560268,33.5501252],[126.65623,33.5498864],[126.6561166,33.5494996],[126.6558211,33.5494833],[126.6556027,33.5493086],[126.6558268,33.5487606],[126.656158,33.5484051],[126.6567815,33.548087],[126.6575682,33.5482061],[126.6571638,33.548065],[126.65727,33.54786],[126.6584867,33.5475527],[126.6586672,33.547702],[126.6585848,33.547515],[126.659265,33.546997],[126.6595868,33.5468225],[126.6597421,33.5469676],[126.6596664,33.5467894],[126.6601282,33.5466036],[126.6604129,33.5467631],[126.660449,33.5476761],[126.6606366,33.5478523],[126.6608517,33.5478694],[126.6608412,33.5477665],[126.660688,33.5477558],[126.6605919,33.5476541],[126.6605264,33.5466171],[126.6607907,33.5463053],[126.6606609,33.5461615],[126.6610692,33.5458138],[126.6612299,33.5458225],[126.6610103,33.5454437],[126.661139,33.5452906],[126.6616266,33.545668],[126.6612585,33.5458972],[126.6613013,33.5460579],[126.6613969,33.5459876],[126.6614425,33.5460329],[126.6610779,33.5463673],[126.660939,33.5463886],[126.6612144,33.5464761],[126.6615047,33.5463152],[126.6620014,33.5464629],[126.6619836,33.5466922],[126.6618272,33.5466921],[126.6617955,33.5468821],[126.6619592,33.5469198],[126.6618833,33.5473752],[126.6618064,33.5473703],[126.6617293,33.5480509],[126.661489,33.5482054],[126.6615443,33.5482823],[126.6619159,33.5479979],[126.6621099,33.5464344],[126.6623082,33.5461317],[126.6624398,33.5461831],[126.6622858,33.5460361],[126.6622136,33.5457393],[126.662442,33.5454305],[126.6626218,33.5449128],[126.6633934,33.5443729],[126.6637945,33.5435857],[126.6641146,33.5433695],[126.6653792,33.5428242],[126.6671315,33.5428087],[126.6673141,33.5430607],[126.6675709,33.5430713],[126.6681311,33.5435341],[126.6681179,33.5436262],[126.6678829,33.5438055],[126.6678115,33.5440739],[126.6679451,33.5443868],[126.6682889,33.5446009],[126.6683883,33.5446036],[126.6684473,33.5444326],[126.6685433,33.5446188],[126.6686138,33.5445911],[126.6684902,33.544307],[126.6685974,33.5441221],[126.6691349,33.5439751],[126.6691243,33.5435717],[126.6696178,33.5434589],[126.6701621,33.543523],[126.6706932,33.5439439],[126.6708637,33.5441231],[126.6707835,33.5442895],[126.6708925,33.5445188],[126.6711597,33.5444341],[126.6715048,33.5445218],[126.6716156,33.544671],[126.6718886,33.544476],[126.6719966,33.5445503],[126.6718779,33.5446686],[126.6722599,33.5448991],[126.6722614,33.5446979],[126.6730007,33.5447304],[126.6731109,33.5445515],[126.6732991,33.5445061],[126.6736518,33.544581],[126.6737619,33.5446932],[126.6739807,33.5446711],[126.6743265,33.5449065],[126.6744727,33.545211],[126.6741108,33.5459629],[126.6740311,33.5465317],[126.6738109,33.5467009],[126.6740797,33.5468481],[126.6740672,33.547252],[126.6742071,33.5474939],[126.6741564,33.5476312],[126.6743519,33.5480764],[126.67434,33.5483767],[126.674451,33.5485094],[126.6744508,33.5487126],[126.6746363,33.5491192],[126.675104,33.5498649],[126.675382,33.5505867],[126.6757136,33.5508091],[126.6757416,33.5509695],[126.6765737,33.5519375],[126.6776332,33.5523194],[126.6778771,33.552481],[126.6783353,33.5525073],[126.6786321,33.5523249],[126.6791168,33.5521873],[126.6792808,33.5522668],[126.6798205,33.5523139],[126.6800955,33.5524403],[126.6803286,33.5523999],[126.6803642,33.5521613],[126.6806345,33.5522154],[126.6808362,33.5521739],[126.6807924,33.5519056],[126.6809023,33.5516635],[126.6818184,33.5502868],[126.6820458,33.5500273],[126.6822174,33.5499463],[126.6825801,33.549482],[126.682977,33.5493401],[126.6835482,33.5486457],[126.6837919,33.5485896],[126.6838144,33.5485195],[126.6836109,33.548405],[126.6840422,33.5481795],[126.6843174,33.5483548],[126.6841349,33.5486567],[126.6839371,33.5485717],[126.683919,33.5486304],[126.6841861,33.5489258],[126.6842928,33.5496477],[126.6848269,33.5496299],[126.6849006,33.5495343],[126.6854952,33.5494458],[126.6858419,33.5492152],[126.6860961,33.549192],[126.6859238,33.5491469],[126.6859245,33.5490145],[126.6860479,33.5490999],[126.6868134,33.5491654],[126.6868842,33.548964],[126.6872639,33.5487697],[126.6873685,33.5489188],[126.6876424,33.5488633],[126.6878414,33.5485701],[126.6880393,33.5484942],[126.6882215,33.5484749],[126.6883189,33.5486635],[126.6884021,33.5491468],[126.6883294,33.5493425],[126.6884494,33.5494816],[126.6885862,33.5493159],[126.6885446,33.5488708],[126.6887044,33.5486873],[126.6885472,33.5484504],[126.6892845,33.5484272],[126.6902431,33.5487061],[126.6902867,33.5488039],[126.6899838,33.5490018],[126.6895715,33.5495324],[126.6895573,33.5498139],[126.6894214,33.5500877],[126.6897763,33.5499366],[126.6901316,33.5500599],[126.6904108,33.5502746],[126.6905817,33.5505382],[126.6905065,33.5508465],[126.6907934,33.5511054],[126.6906033,33.5512243],[126.6906104,33.5513452],[126.690803,33.5513153],[126.6909754,33.5513956],[126.6911879,33.5511434],[126.6913351,33.551223],[126.6920237,33.5508833],[126.6926366,33.550862],[126.6930444,33.5512908],[126.693435,33.5513441],[126.6935711,33.5515167],[126.69353,33.55169],[126.6936538,33.5517296],[126.6936826,33.551654],[126.6937819,33.5518094],[126.6939902,33.5519135],[126.6937494,33.5515824],[126.6940363,33.5512513],[126.6942292,33.5512972],[126.6942144,33.5512105],[126.6942704,33.5511141],[126.694357,33.5511323],[126.6943875,33.5510223],[126.6940119,33.5509499],[126.6939871,33.5508061],[126.6939309,33.5508712],[126.6936031,33.5508974],[126.6934798,33.550753],[126.6935656,33.5504068],[126.6940019,33.5504671],[126.6939477,33.5507176],[126.6940078,33.5507309],[126.6941533,33.5503799],[126.6942612,33.5503573],[126.6946457,33.550654],[126.6949298,33.5506784],[126.6949125,33.5503962],[126.6952309,33.5502215],[126.6954057,33.550364],[126.6950923,33.5507523],[126.6950132,33.5510193],[126.6949278,33.5510753],[126.694525,33.5510787],[126.6945232,33.551146],[126.6948828,33.5511882],[126.6949364,33.5513005],[126.6948792,33.5514274],[126.6953688,33.5511181],[126.6956439,33.5512389],[126.6956602,33.5513104],[126.6952876,33.551786],[126.6951505,33.5524904],[126.6953462,33.5518222],[126.6954602,33.5516701],[126.6958365,33.5516913],[126.696182,33.5515015],[126.696417,33.5515102],[126.6965061,33.5515803],[126.6968644,33.5515652],[126.6970756,33.551624],[126.6970829,33.551761],[126.6972095,33.551757],[126.6975415,33.5520432],[126.69751,33.5521612],[126.6978065,33.5524493],[126.6977883,33.5525844],[126.6979086,33.5527238],[126.6982379,33.5526658],[126.6989552,33.55297],[126.6991271,33.552893],[126.6993215,33.5529983],[126.6993255,33.5529045],[126.6993892,33.5529041],[126.6997418,33.5529846],[126.700062,33.5531972],[126.7001619,33.553118],[126.7002176,33.5528741],[126.7008219,33.5527129],[126.7010318,33.5527941],[126.7018125,33.5527964],[126.7019432,33.5528812],[126.7020562,33.5527996],[126.7027543,33.5529814],[126.7031119,33.5529951],[126.703695,33.5532988],[126.7038958,33.5530973],[126.7044012,33.5532296],[126.7044836,33.553126],[126.7049978,33.5530004],[126.7062798,33.5534626],[126.7065395,33.5536026],[126.7068974,33.5539655],[126.7070231,33.5539244],[126.7074369,33.5540022],[126.7075897,33.5541071],[126.7078193,33.5539938],[126.7084283,33.553986],[126.7087885,33.5539079],[126.7088029,33.5540968],[126.7090159,33.5541997],[126.709065,33.5540473],[126.7089828,33.5539109],[126.7091406,33.5538698],[126.70927,33.5539637],[126.7095097,33.5539877],[126.7095861,33.5538449],[126.7099045,33.5537917],[126.7101592,33.5538764],[126.7102719,33.5540459],[126.710537,33.5539523],[126.7107132,33.5539915],[126.7108611,33.5541742],[126.7108071,33.5543522],[126.7108745,33.5544349],[126.7110194,33.5543593],[126.7112315,33.5544453],[126.7115057,33.5543953],[126.7117364,33.5544638],[126.7117474,33.554405],[126.71156,33.5543299],[126.7116966,33.5541741],[126.7118487,33.5541291],[126.7120569,33.5542092],[126.711929,33.5542519],[126.711953,33.5543709],[126.7118327,33.554464],[126.7120202,33.5543963],[126.7122244,33.5544572],[126.7125788,33.554403],[126.7128349,33.5545226],[126.7128768,33.5548472],[126.7133014,33.555258],[126.7135399,33.555342],[126.7138074,33.5552783],[126.7142517,33.5553001],[126.7143344,33.5557121],[126.7150109,33.5556114],[126.7149522,33.5555679],[126.7144187,33.5556284],[126.7143714,33.5552336],[126.7146811,33.5552118],[126.7146793,33.5551653],[126.714357,33.5551896],[126.7143086,33.5546841],[126.7143987,33.5546075],[126.7142913,33.5545602],[126.7141505,33.5547368],[126.7139971,33.554664],[126.7139723,33.5547824],[126.7136012,33.5547059],[126.7138048,33.5544736],[126.7139493,33.5546292],[126.7138372,33.5544181],[126.7139438,33.5543071],[126.7140244,33.5542811],[126.7141456,33.5544955],[126.7142075,33.5544789],[126.714138,33.5542063],[126.7144563,33.5537116],[126.7146023,33.553697],[126.7148599,33.5538408],[126.7150282,33.5537984],[126.7152596,33.5539311],[126.7153246,33.5540999],[126.7154625,33.5541122],[126.7155676,33.5539554],[126.7157801,33.5539776],[126.7158343,33.553773],[126.7161603,33.5534841],[126.7166282,33.5535418],[126.7167615,33.5536935],[126.7167327,33.5538862],[126.716901,33.5539619],[126.7170179,33.5541597],[126.7169564,33.5545316],[126.7170421,33.5544085],[126.7171553,33.55442],[126.717449,33.5547478],[126.7174511,33.554884],[126.7176919,33.5548552],[126.7180343,33.555066],[126.7183066,33.5550271],[126.7185955,33.5550881],[126.7188735,33.5552768],[126.7186978,33.5556637],[126.7185287,33.5556672],[126.7186695,33.5557762],[126.7185183,33.5562866],[126.7185736,33.5563671],[126.7188354,33.5562736],[126.7191084,33.5567302],[126.7190546,33.5568691],[126.719394,33.557072],[126.7194348,33.5571908],[126.719301,33.5570824],[126.7191572,33.5572362],[126.7192113,33.5574079],[126.7194509,33.5576357],[126.7194877,33.5578644],[126.7197476,33.5577931],[126.7198933,33.5576688],[126.7204261,33.5575271],[126.7209727,33.5576364],[126.7211427,33.557824],[126.7212255,33.5577534],[126.7213358,33.5578353],[126.7214223,33.5576834],[126.7215039,33.557908],[126.7223141,33.5579823],[126.722526,33.557617],[126.7225695,33.5577119],[126.7228265,33.5577349],[126.7231484,33.5576766],[126.7233194,33.5575515],[126.7236308,33.5575325],[126.7241664,33.5577837],[126.7248722,33.5578212],[126.7249783,33.5579294],[126.7254285,33.558072],[126.7256978,33.5579391],[126.7260159,33.5579804],[126.7262589,33.5582513],[126.726279,33.558574],[126.7266127,33.5586801],[126.7268234,33.5588386],[126.7267464,33.559051],[126.7268855,33.5591249],[126.727016,33.5590932],[126.7272366,33.559382],[126.7274405,33.5594037],[126.7276539,33.559616],[126.7273852,33.5600606],[126.7271784,33.5601383],[126.7272278,33.5603297],[126.7275156,33.5601938],[126.7279014,33.5598395],[126.7280943,33.5598197],[126.7282074,33.5600698],[126.729041,33.5600451],[126.7291825,33.560113],[126.72912,33.5603293],[126.7293847,33.5603068],[126.7295387,33.560185],[126.7299239,33.5603789],[126.7299526,33.5604709],[126.7296759,33.5607282],[126.7297264,33.5615026],[126.7295743,33.5619271],[126.729317,33.5623102],[126.7298035,33.5624594],[126.7299339,33.5623779],[126.7300624,33.5624768],[126.7299579,33.5623538],[126.7299633,33.5621662],[126.7298145,33.5620972],[126.7297393,33.5619316],[126.7298428,33.5607458],[126.7300273,33.5605435],[126.7301905,33.5604307],[126.7304013,33.5605235],[126.7305986,33.5603946],[126.7307467,33.5601574],[126.730967,33.5600716],[126.7310007,33.5598898],[126.7312651,33.5598487],[126.7316425,33.5596015],[126.7320597,33.5595171],[126.7322616,33.5591731],[126.7324556,33.5590892],[126.7324479,33.5588943],[126.7325263,33.5588353],[126.7327325,33.5587923],[126.7329879,33.5588972],[126.7332162,33.5586436],[126.7337011,33.5586563],[126.7341105,33.5589617],[126.7340698,33.5590678],[126.7342865,33.559184],[126.7346001,33.5591057],[126.7345674,33.5589036],[126.7346793,33.5587945],[126.7348155,33.5587511],[126.7349778,33.5588095],[126.7351587,33.558626],[126.7354728,33.5584839],[126.7355476,33.5585408],[126.7358497,33.5584658],[126.7359594,33.5585176],[126.7360108,33.5584355],[126.7358333,33.5582234],[126.7358464,33.5580518],[126.7356334,33.557984],[126.7357246,33.5578417],[126.7358656,33.5578517],[126.7377084,33.5604339],[126.7409054,33.5610717],[126.7409004,33.5609824],[126.7406651,33.5609494],[126.7406466,33.5608771],[126.7404395,33.5608872],[126.7377989,33.5603466],[126.7367321,33.5588409],[126.7369536,33.5584554],[126.7375861,33.5585606],[126.7378997,33.5579742],[126.7376111,33.5577654],[126.737361,33.557779],[126.7372698,33.5576244],[126.7369888,33.5574799],[126.736764,33.5570917],[126.7367901,33.5569287],[126.7370469,33.5568292],[126.7369911,33.5567115],[126.73715,33.5565624],[126.73719,33.5562031],[126.7371111,33.5557827],[126.7377568,33.5553432],[126.7377991,33.5549644],[126.7378735,33.5548927],[126.7381496,33.5547629],[126.7384876,33.5547425],[126.7385104,33.555036],[126.7385773,33.5550739],[126.7387995,33.554916],[126.7388755,33.5547447],[126.7398641,33.5551617],[126.740409,33.5557323],[126.7413177,33.5558387],[126.7415357,33.5562618],[126.741821,33.5563226],[126.7422095,33.5566485],[126.7423521,33.5565348],[126.7424597,33.5565475],[126.7422017,33.5573817],[126.74201,33.5573784],[126.7416879,33.5571297],[126.7416459,33.5569833],[126.7412894,33.5573696],[126.7411757,33.5573956],[126.7408018,33.5572654],[126.7403261,33.557461],[126.739344,33.5575478],[126.7393715,33.5579648],[126.7407638,33.5586528],[126.7408681,33.5585059],[126.741247,33.5586894],[126.7411347,33.5587253],[126.7403121,33.5598561],[126.7401947,33.5600278],[126.7402413,33.5600858],[126.7412252,33.5587827],[126.7418438,33.5584906],[126.7421515,33.5580522],[126.7423768,33.5579363],[126.7427364,33.5579338],[126.7429293,33.5580313],[126.7439857,33.5579579],[126.7440532,33.5580889],[126.7444912,33.5582272],[126.7447149,33.5581345],[126.744643,33.5578762],[126.7450965,33.5577877],[126.7454422,33.5579228],[126.7456482,33.5583454],[126.7456189,33.5584649],[126.7457102,33.5584673],[126.7458134,33.5583519],[126.7460035,33.5584708],[126.7462785,33.5585058],[126.7471227,33.5581647],[126.7472289,33.5579688],[126.7471715,33.557789],[126.7473773,33.557671],[126.7478974,33.5577638],[126.7479536,33.5578843],[126.7481837,33.5578247],[126.7485236,33.5579835],[126.74859,33.5581059],[126.7483334,33.5582729],[126.7486177,33.558266],[126.7490539,33.5586579],[126.7494465,33.5588546],[126.7495828,33.5588382],[126.7498809,33.5585773],[126.7500661,33.5585161],[126.7501859,33.5583307],[126.7508834,33.558102],[126.7513614,33.5581303],[126.7512595,33.5582588],[126.7510991,33.5582356],[126.7511353,33.5583635],[126.7513928,33.5581816],[126.7515182,33.5582971],[126.75167,33.5583006],[126.7518289,33.5581952],[126.7522427,33.5581321],[126.7523899,33.557886],[126.7529569,33.5577915],[126.7532455,33.5579284],[126.7533562,33.5580855],[126.7532432,33.5582507],[126.7531408,33.5582315],[126.7529665,33.5583337],[126.7527958,33.5587099],[126.7529106,33.5588033],[126.753073,33.5587632],[126.7531772,33.5592033],[126.7531028,33.5592608],[126.753229,33.5594183],[126.7533487,33.5592726],[126.7535142,33.5593767],[126.7536718,33.5592199],[126.7538389,33.5592918],[126.7539602,33.5591671],[126.7543644,33.5593316],[126.7551577,33.5599554],[126.7552105,33.5599096],[126.7549513,33.5597092],[126.754998,33.5596457],[126.7548363,33.5595279],[126.7547842,33.559572],[126.7543006,33.5591052],[126.7542498,33.5589739],[126.754457,33.5586238],[126.7547099,33.5585748],[126.7548262,33.5588606],[126.7549414,33.5587107],[126.7551156,33.5591352],[126.7551978,33.5591103],[126.7551597,33.5590269],[126.7554107,33.5589427],[126.7557386,33.5589775],[126.7557504,33.5589284],[126.7554386,33.5588831],[126.755204,33.5589617],[126.7550366,33.5587787],[126.7551745,33.5583662],[126.7557026,33.5578723],[126.7573405,33.5576521],[126.7575694,33.5576749],[126.7575538,33.5578694],[126.7576609,33.5576723],[126.758044,33.5576345],[126.7582157,33.557401],[126.7585156,33.5573716],[126.7591392,33.5575635],[126.7595871,33.558069],[126.7605089,33.558549],[126.7608273,33.5583097],[126.7614566,33.5584825],[126.7618785,33.5584567],[126.7620269,33.5585788],[126.7619786,33.5587151],[126.7620884,33.5588496],[126.7620139,33.5589065],[126.76191,33.5588544],[126.7618505,33.5589413],[126.7620108,33.5590017],[126.7622004,33.5589156],[126.7623164,33.5590116],[126.7622797,33.5591197],[126.7620461,33.5592582],[126.7622037,33.5592814],[126.7625108,33.5591734],[126.7624078,33.5598877],[126.7622717,33.5600792],[126.7623901,33.5601966],[126.7621462,33.5603449],[126.7620961,33.5605225],[126.7623506,33.5607676],[126.7623864,33.5611297],[126.762181,33.5611858],[126.7620533,33.5613885],[126.7617661,33.5613995],[126.7617723,33.5615765],[126.761423,33.5620147],[126.7611072,33.5621003],[126.7613469,33.5620985],[126.7613944,33.5625445],[126.7617146,33.5626485],[126.7616832,33.5627742],[126.7617494,33.5626477],[126.7619393,33.562693],[126.762107,33.5625603],[126.7624374,33.562509],[126.7622286,33.5624783],[126.7622426,33.5623397],[126.7626068,33.5623709],[126.7627579,33.5627586],[126.7630186,33.5627855],[126.7632684,33.5626608],[126.7634601,33.5626667],[126.7637584,33.5628039],[126.7640161,33.5628117],[126.7641145,33.56293],[126.7640239,33.5630272],[126.7637239,33.5630178],[126.7634299,33.5631163],[126.7632553,33.5632405],[126.763114,33.5635035],[126.7632391,33.5636586],[126.7634033,33.5636793],[126.7632995,33.5638476],[126.7631358,33.5638162],[126.7630576,33.5640193],[126.7633701,33.5641522],[126.763229,33.5642263],[126.7630835,33.5641572],[126.7629986,33.564197],[126.7629158,33.564492],[126.7630232,33.5645568],[126.7634607,33.5645351],[126.7633374,33.5646354],[126.7633368,33.5647417],[126.762816,33.565147],[126.7620946,33.5654559],[126.7627339,33.5652287],[126.7633598,33.5647634],[126.7635713,33.5649141],[126.763705,33.5652412],[126.763664,33.5653521],[126.7639331,33.5651332],[126.764259,33.5653503],[126.7647004,33.5652543],[126.7648823,33.5653811],[126.7649502,33.56554],[126.7646894,33.5656532],[126.7649691,33.5655643],[126.7651447,33.5657506],[126.7653912,33.5656665],[126.7655563,33.5657611],[126.7662346,33.5652902],[126.7664421,33.56479],[126.7664592,33.5645305],[126.7666765,33.5646829],[126.7669329,33.5645683],[126.7668771,33.5642982],[126.7670177,33.564509],[126.7674717,33.5647111],[126.7674185,33.5648815],[126.7679981,33.5649815],[126.7681083,33.56519],[126.7685932,33.5652014],[126.768592,33.5649899],[126.7684912,33.5649772],[126.7683418,33.5650885],[126.7679587,33.5647228],[126.7675382,33.5647207],[126.7670386,33.564486],[126.7668988,33.5642743],[126.7673709,33.5639948],[126.7676435,33.5640961],[126.7678104,33.5640032],[126.767903,33.5641185],[126.7678709,33.5643218],[126.7683914,33.5643548],[126.7685601,33.56419],[126.7685343,33.5639593],[126.7687299,33.5638834],[126.7688903,33.5639021],[126.7690113,33.564052],[126.7691641,33.5639818],[126.7693523,33.5640138],[126.7693879,33.5640587],[126.7692568,33.5640841],[126.7691607,33.5642412],[126.7694719,33.5641775],[126.7697147,33.5642406],[126.7697648,33.5641417],[126.7699711,33.5641751],[126.7697889,33.5643265],[126.7697518,33.5644118],[126.7698413,33.5645288],[126.769701,33.5645889],[126.7697609,33.5646378],[126.7699745,33.5645527],[126.7700033,33.5643939],[126.7701605,33.5643654],[126.770182,33.5640938],[126.7703744,33.5640759],[126.770457,33.5641971],[126.7705893,33.5641677],[126.7706528,33.5642378],[126.7706412,33.5644839],[126.7705091,33.5645455],[126.7705554,33.5646044],[126.7708875,33.5644425],[126.771316,33.5647074],[126.771686,33.5650783],[126.7719041,33.5651913],[126.7721169,33.5651321],[126.7722347,33.5654211],[126.7724756,33.5654325],[126.7724854,33.5652727],[126.7733369,33.5655623],[126.7726329,33.5652741],[126.7726785,33.5650904],[126.7728178,33.5651553],[126.7730405,33.5650116],[126.7729424,33.5647512],[126.7735869,33.5646517],[126.7737433,33.564561],[126.7737845,33.5647332],[126.7739171,33.5648319],[126.7744397,33.5646463],[126.7744501,33.5651126],[126.7743769,33.5652405],[126.7745992,33.5653232],[126.7746608,33.5652034],[126.7745413,33.5648261],[126.7746989,33.5648824],[126.7747793,33.5648414],[126.7749129,33.5644758],[126.7750811,33.5643266],[126.7754142,33.5642361],[126.7760164,33.5645253],[126.7760148,33.5643801],[126.7756951,33.5641149],[126.7768741,33.5638985],[126.777264,33.5638937],[126.7775049,33.5639886],[126.7776891,33.5638796],[126.7781148,33.5637915],[126.7783147,33.5641166],[126.7785596,33.5641102],[126.7786335,33.5641919],[126.7787584,33.5640571],[126.7789317,33.5640243],[126.7790819,33.5642812],[126.7791975,33.5648092],[126.778935,33.5647669],[126.7790194,33.565079],[126.7788766,33.5654116],[126.7790085,33.5655919],[126.7789072,33.5660645],[126.7789896,33.5660099]]],[[[126.7792485,33.5660857],[126.7793053,33.5660583],[126.7792447,33.5660557],[126.7792485,33.5660857]]],[[[126.3120641,33.8679022],[126.3122394,33.8678381],[126.3121809,33.8677897],[126.3125099,33.8674603],[126.3125998,33.8672225],[126.3123006,33.8670001],[126.3119866,33.8670379],[126.3117779,33.8671707],[126.3119069,33.8674114],[126.3119467,33.8677268],[126.3120641,33.8679022]]],[[[126.3119297,33.8683995],[126.3121544,33.868164],[126.3119037,33.8681639],[126.3118842,33.8683182],[126.311782,33.8683818],[126.3119297,33.8683995]]],[[[126.3444725,33.8992648],[126.3444059,33.8992147],[126.3443967,33.899249],[126.3444725,33.8992648]]],[[[126.3447103,33.8996322],[126.3444299,33.8996096],[126.3440026,33.8998483],[126.3439257,33.9000331],[126.3439948,33.9001535],[126.3440843,33.9001681],[126.3443856,33.8999345],[126.344873,33.899756],[126.3447103,33.8996322]]],[[[126.3441361,33.901141],[126.3440105,33.9010772],[126.3440173,33.9011635],[126.3441361,33.901141]]],[[[126.3444661,33.9017468],[126.3446827,33.9016128],[126.344604,33.9014192],[126.344357,33.9012908],[126.3442027,33.9013129],[126.3442012,33.9016935],[126.3444661,33.9017468]]],[[[126.3061425,33.9021011],[126.3061192,33.9020837],[126.3061042,33.9021223],[126.3061425,33.9021011]]],[[[126.3443568,33.9025066],[126.3442994,33.9024027],[126.3442773,33.9025385],[126.3443568,33.9025066]]],[[[126.3067574,33.901975],[126.3064034,33.9020756],[126.306166,33.9023147],[126.3063492,33.9023147],[126.3067574,33.901975]]],[[[126.3437649,33.9014478],[126.3435712,33.9015379],[126.3436132,33.9017618],[126.3435242,33.9019378],[126.3437097,33.902256],[126.3436421,33.9025009],[126.3438129,33.9028034],[126.3440674,33.9026413],[126.3441801,33.9021636],[126.344338,33.9020141],[126.3441387,33.9016815],[126.3437649,33.9014478]]],[[[126.3429676,33.9030243],[126.3428965,33.9029933],[126.3428988,33.9030435],[126.3429676,33.9030243]]],[[[126.3427495,33.9031283],[126.3426752,33.9030752],[126.342583,33.9031249],[126.3426741,33.9032895],[126.3427495,33.9031283]]],[[[126.3049484,33.9030293],[126.3056748,33.9028858],[126.3058887,33.9027615],[126.306521,33.9027716],[126.3066851,33.9027185],[126.306743,33.9025948],[126.3064572,33.9025635],[126.3066546,33.9024755],[126.3064743,33.9024095],[126.3060408,33.9025421],[126.3059299,33.9026592],[126.3056516,33.9026307],[126.3054727,33.9027377],[126.3051022,33.9028079],[126.3048602,33.9029741],[126.3049484,33.9030293]]],[[[126.3056565,33.9036461],[126.3055397,33.9036282],[126.3054983,33.9036608],[126.30557,33.9037129],[126.3056565,33.9036461]]],[[[126.3052727,33.9038725],[126.3052276,33.9038838],[126.3052645,33.9038958],[126.3052727,33.9038725]]],[[[126.3033613,33.9037884],[126.3030889,33.9039128],[126.3032331,33.9040557],[126.3033735,33.9040161],[126.3033613,33.9037884]]],[[[126.3044954,33.9042936],[126.3050307,33.9041388],[126.3051358,33.9040226],[126.3051364,33.9038473],[126.3053964,33.9037348],[126.3054218,33.9035876],[126.3058267,33.9034698],[126.3059009,33.9032497],[126.3056826,33.9031315],[126.3058635,33.9030582],[126.3056974,33.9029761],[126.3050837,33.9030319],[126.3048799,33.9031372],[126.3048814,33.9032555],[126.3045546,33.9032974],[126.3043932,33.9034679],[126.3040782,33.9034868],[126.3039125,33.9035901],[126.3037181,33.9035629],[126.3035486,33.903756],[126.3035234,33.903916],[126.3036139,33.904031],[126.3039675,33.9040894],[126.3037707,33.9043186],[126.3037856,33.9045046],[126.3039968,33.9046388],[126.3044954,33.9042936]]],[[[126.3449742,33.9054486],[126.3447586,33.9048328],[126.3448417,33.9046059],[126.3445519,33.9043177],[126.345095,33.9038077],[126.3446711,33.9034523],[126.3446512,33.9029668],[126.3445204,33.902815],[126.3443721,33.9027477],[126.3441377,33.9027801],[126.343791,33.9030269],[126.3437314,33.9027741],[126.3432557,33.9031908],[126.343086,33.9030988],[126.3429547,33.9031853],[126.3429894,33.9037092],[126.343197,33.9039562],[126.3430952,33.9040932],[126.3432748,33.9042118],[126.3432079,33.9042598],[126.3433045,33.9043207],[126.343046,33.9043379],[126.3430504,33.9045845],[126.3429032,33.9044891],[126.3428072,33.9045854],[126.3428794,33.9047714],[126.3431565,33.9049921],[126.3431458,33.9051231],[126.342973,33.9050654],[126.3428769,33.9051689],[126.3429779,33.9053349],[126.3428439,33.9054394],[126.3429757,33.9059652],[126.3434355,33.9062896],[126.3441398,33.9063276],[126.3445466,33.9060347],[126.3449341,33.9055931],[126.3449742,33.9054486]]],[[[126.3435712,33.9072159],[126.3438394,33.9072638],[126.3440116,33.9072067],[126.3438916,33.9070485],[126.3437497,33.9070524],[126.343757,33.9068781],[126.343865,33.9068089],[126.3436818,33.9066181],[126.3435156,33.9067384],[126.3435443,33.9068186],[126.3432567,33.9068588],[126.3434436,33.906902],[126.3434329,33.907105],[126.3432886,33.9071225],[126.3433431,33.9072334],[126.3434381,33.9072891],[126.3435712,33.9072159]]],[[[126.32494,33.9086516],[126.3248276,33.9086316],[126.3245537,33.908912],[126.3245995,33.9089884],[126.3247719,33.9089789],[126.32494,33.9086516]]],[[[126.325,33.9090637],[126.3253957,33.9090004],[126.3256643,33.9088276],[126.3255198,33.9087851],[126.3254862,33.9088894],[126.3254206,33.9088083],[126.3252369,33.9087798],[126.324846,33.9090242],[126.325,33.9090637]]],[[[126.3227535,33.9105297],[126.3222209,33.9106894],[126.3220688,33.9108205],[126.3222374,33.9108852],[126.3226864,33.9108051],[126.3228003,33.9106082],[126.3227535,33.9105297]]],[[[126.3254411,33.9110018],[126.3253777,33.910971],[126.3253431,33.9110255],[126.3254411,33.9110018]]],[[[126.3232252,33.9112866],[126.3231569,33.9112171],[126.3231014,33.9112651],[126.3231133,33.9112799],[126.3232252,33.9112866]]],[[[126.3230384,33.9114813],[126.3230163,33.911504],[126.3230542,33.9114968],[126.3230384,33.9114813]]],[[[126.3233581,33.9118997],[126.3232533,33.9118546],[126.3232493,33.9119025],[126.3233581,33.9118997]]],[[[126.3237982,33.912241],[126.3237625,33.9122522],[126.3237972,33.9122575],[126.3237982,33.912241]]],[[[126.327049,33.9130977],[126.326954,33.913118],[126.3269162,33.9132014],[126.3270096,33.9132008],[126.327049,33.9130977]]],[[[126.3220971,33.9138372],[126.3219928,33.9137835],[126.3219834,33.9138214],[126.3220971,33.9138372]]],[[[126.3250394,33.9150395],[126.3250189,33.9150087],[126.3250054,33.91505],[126.3250394,33.9150395]]],[[[126.3233421,33.9151401],[126.3232677,33.9151594],[126.3232604,33.915179],[126.3233601,33.9152117],[126.3233421,33.9151401]]],[[[126.3241526,33.9152037],[126.3240811,33.9151606],[126.3239957,33.9152178],[126.3240567,33.9152469],[126.3241526,33.9152037]]],[[[126.3263621,33.9152978],[126.3271014,33.9149643],[126.3271132,33.914892],[126.3268434,33.9147869],[126.3267534,33.9148368],[126.3267836,33.9148923],[126.326416,33.9148696],[126.3260302,33.9151155],[126.3262926,33.9151151],[126.3262662,33.915241],[126.3263621,33.9152978]]],[[[126.3234515,33.9152354],[126.3233973,33.9152212],[126.3233905,33.9152712],[126.3234515,33.9152354]]],[[[126.3250279,33.915268],[126.324991,33.9152859],[126.3250278,33.9152904],[126.3250279,33.915268]]],[[[126.3273012,33.9154202],[126.3272539,33.9154085],[126.3272553,33.9154212],[126.3273012,33.9154202]]],[[[126.6379172,33.918026],[126.6379296,33.9179241],[126.6377582,33.9179216],[126.6377766,33.9180018],[126.6379172,33.918026]]],[[[126.3271378,33.9154816],[126.3270942,33.9154663],[126.3271242,33.915489],[126.3271378,33.9154816]]],[[[126.3212888,33.9156689],[126.3215033,33.9155693],[126.3220515,33.9155669],[126.3223276,33.9153273],[126.3223983,33.9154111],[126.322683,33.9152777],[126.3227641,33.9153063],[126.3231076,33.915151],[126.3232876,33.9149735],[126.3232673,33.9150166],[126.3233915,33.9150282],[126.323337,33.9151192],[126.3235072,33.9151591],[126.3236078,33.9152697],[126.3237377,33.9152036],[126.3238272,33.9152488],[126.3238369,33.9151158],[126.3239696,33.915162],[126.3240746,33.9150603],[126.3241925,33.9150875],[126.3240827,33.9149919],[126.3242979,33.9148642],[126.3243278,33.9149647],[126.3244798,33.9149702],[126.3245878,33.9149508],[126.3245897,33.9148771],[126.3248092,33.9149601],[126.3248996,33.9148592],[126.3253191,33.9149062],[126.3255963,33.9148549],[126.3259491,33.9150135],[126.3263071,33.9147871],[126.3263251,33.9146069],[126.3265045,33.914428],[126.3264441,33.9142348],[126.3268481,33.9139003],[126.3268292,33.9137833],[126.3270226,33.9136878],[126.3269682,33.9135262],[126.3270622,33.9133464],[126.3268123,33.9132042],[126.3268156,33.913112],[126.3266373,33.9132385],[126.3264265,33.9129522],[126.3262449,33.9129775],[126.3263405,33.9128993],[126.3262025,33.9128729],[126.3263042,33.9125577],[126.3260785,33.9124359],[126.3263682,33.9124971],[126.3262697,33.9124056],[126.326457,33.9123977],[126.3264016,33.9122203],[126.3265686,33.9122308],[126.3267016,33.9121312],[126.3266959,33.911906],[126.3264839,33.9118081],[126.3261218,33.9120327],[126.3263054,33.9117526],[126.3259998,33.9117067],[126.3261351,33.9115998],[126.3260941,33.911563],[126.3258338,33.9115957],[126.3259584,33.9114597],[126.3257648,33.9113164],[126.3255143,33.9114492],[126.3256451,33.9112077],[126.325529,33.9112609],[126.3255161,33.9111429],[126.3250693,33.9110148],[126.3249902,33.9107812],[126.3248238,33.910758],[126.3247495,33.9106447],[126.3249511,33.9103228],[126.3248532,33.9103703],[126.3249935,33.9101148],[126.3248674,33.9100267],[126.324867,33.9099279],[126.3249841,33.9099007],[126.3249368,33.909758],[126.325092,33.90983],[126.3251606,33.9097888],[126.3250067,33.9095874],[126.3253132,33.9096822],[126.3254918,33.909381],[126.3254451,33.9092203],[126.3248156,33.9091403],[126.3246713,33.909243],[126.3248902,33.9094951],[126.3245438,33.9093065],[126.3245097,33.9093929],[126.3242628,33.9093296],[126.3240563,33.9094679],[126.3239586,33.9092462],[126.323585,33.9091468],[126.3233327,33.9094079],[126.323468,33.9095272],[126.3234806,33.9097481],[126.3231976,33.9097556],[126.3232036,33.9098656],[126.3228836,33.9099334],[126.3230585,33.9099831],[126.3232434,33.9099401],[126.3230954,33.9101896],[126.3230669,33.9104906],[126.3227816,33.9107931],[126.3229399,33.9108745],[126.3233734,33.9109002],[126.3235789,33.9110686],[126.323369,33.9112003],[126.3233159,33.9111703],[126.323468,33.9110926],[126.3234183,33.9110566],[126.3232636,33.9111382],[126.3231124,33.9111129],[126.3229315,33.911243],[126.3231664,33.9111359],[126.3233369,33.9112293],[126.3233296,33.9114431],[126.3231419,33.9116916],[126.3233492,33.9116856],[126.3233614,33.9117808],[126.3235406,33.9118754],[126.3237038,33.9117345],[126.3237163,33.911852],[126.3239419,33.9119746],[126.3237713,33.9120599],[126.3239115,33.9120976],[126.3238701,33.9123443],[126.323294,33.9126844],[126.3233777,33.9127946],[126.3230161,33.9128106],[126.3225911,33.9130609],[126.32249,33.9132373],[126.3227479,33.9134248],[126.3226534,33.9134828],[126.3223741,33.9134721],[126.3221649,33.913554],[126.3221369,33.9136585],[126.3221522,33.9137566],[126.3224265,33.9139714],[126.3221998,33.9139033],[126.3219696,33.91395],[126.3212388,33.9143867],[126.3212773,33.914491],[126.3216232,33.9146808],[126.3215266,33.9147704],[126.3218295,33.9148488],[126.3215281,33.9149747],[126.3211278,33.9153412],[126.3208069,33.9153501],[126.3206848,33.915463],[126.3207083,33.9155817],[126.3208514,33.9156588],[126.3212888,33.9156689]]],[[[126.6387112,33.918428],[126.6388121,33.9184058],[126.6387274,33.918374],[126.6387112,33.918428]]],[[[126.3271185,33.916025],[126.3272497,33.915937],[126.3272195,33.9157395],[126.3273583,33.915611],[126.327258,33.9155215],[126.3269774,33.9155426],[126.3268688,33.915719],[126.3270239,33.9158057],[126.3267397,33.9159584],[126.3267641,33.916013],[126.3271185,33.916025]]],[[[126.3273634,33.916163],[126.3272105,33.9162331],[126.3272766,33.9163321],[126.3273964,33.9162652],[126.3273634,33.916163]]],[[[126.6392909,33.9192051],[126.6392329,33.9191679],[126.6392325,33.9192064],[126.6392909,33.9192051]]],[[[126.6403262,33.9192535],[126.6402635,33.9193109],[126.6402788,33.9193293],[126.6403278,33.9193277],[126.6403262,33.9192535]]],[[[126.6359593,33.9220673],[126.6365436,33.921735],[126.6365878,33.9214828],[126.6371327,33.9212211],[126.6378801,33.921314],[126.6379542,33.9214026],[126.6383079,33.9213793],[126.6384605,33.9215558],[126.6386793,33.9214724],[126.6387424,33.9215693],[126.6389107,33.9215455],[126.6389838,33.9216053],[126.6391155,33.9215333],[126.6391503,33.9216355],[126.6394043,33.9216317],[126.6394771,33.9217374],[126.6398054,33.9215904],[126.6399156,33.92174],[126.6400328,33.9216089],[126.640274,33.9217193],[126.6411467,33.9216402],[126.6412704,33.9217009],[126.6415199,33.9215959],[126.6416977,33.9216556],[126.6418234,33.9215942],[126.6418237,33.9214611],[126.6422327,33.9213314],[126.6423155,33.9212203],[126.6422376,33.9208526],[126.6420573,33.9208309],[126.6421896,33.9207404],[126.6419726,33.9206597],[126.6423038,33.9203804],[126.6418175,33.91976],[126.641075,33.9194198],[126.6408766,33.919524],[126.6408704,33.9194229],[126.6407327,33.9194203],[126.6407445,33.9194684],[126.6405149,33.9193991],[126.640435,33.9194931],[126.6401703,33.9193485],[126.6402253,33.9193036],[126.6400608,33.919308],[126.6398931,33.9191812],[126.6395905,33.9192441],[126.6394668,33.9191564],[126.6393778,33.9191914],[126.6394071,33.9192974],[126.639102,33.9192071],[126.6389664,33.9192417],[126.6389743,33.9191766],[126.6387658,33.9192136],[126.6388132,33.9191657],[126.6387112,33.9191327],[126.63852,33.9192256],[126.6383553,33.919161],[126.6383814,33.9189579],[126.6387363,33.9188424],[126.6385571,33.9187959],[126.6385682,33.918682],[126.6386946,33.9186736],[126.6387024,33.9185794],[126.6384808,33.9185171],[126.6386382,33.9184655],[126.6384922,33.9183251],[126.6383765,33.9184026],[126.6379409,33.9184256],[126.6380702,33.9183857],[126.6380942,33.9182871],[126.6380172,33.9182497],[126.6381711,33.9181748],[126.6381478,33.9181273],[126.6380734,33.9181674],[126.6380094,33.9180653],[126.6379654,33.9181585],[126.6377943,33.9181397],[126.6376778,33.9184153],[126.6375185,33.9184459],[126.6378478,33.9184797],[126.6379502,33.9185543],[126.6375109,33.9186441],[126.6373332,33.9187701],[126.637123,33.9187924],[126.6369621,33.9189549],[126.6368919,33.9189352],[126.6369336,33.9191609],[126.6374213,33.9191033],[126.6371153,33.919187],[126.6371929,33.9192675],[126.6371362,33.9194388],[126.6369732,33.9194363],[126.6371727,33.9194987],[126.6365459,33.9196587],[126.6364586,33.919767],[126.6361635,33.9198575],[126.6357586,33.9202899],[126.6356076,33.9206105],[126.6357561,33.9207272],[126.6360799,33.9207744],[126.6354844,33.9209476],[126.6353149,33.9211126],[126.6351977,33.9214643],[126.6355563,33.9215966],[126.6354094,33.9216646],[126.6356205,33.9218049],[126.6356043,33.9219411],[126.6359593,33.9220673]]],[[[126.3990088,33.9200899],[126.3989534,33.920142],[126.3990455,33.9201867],[126.3990567,33.9201459],[126.3990088,33.9200899]]],[[[126.3989487,33.920269],[126.3988982,33.9202469],[126.3989329,33.9202752],[126.3989487,33.920269]]],[[[126.4000798,33.9205581],[126.4000444,33.9205626],[126.4000808,33.9205693],[126.4000798,33.9205581]]],[[[126.4000832,33.9206102],[126.4000251,33.9206314],[126.4001208,33.920733],[126.4001302,33.920719],[126.4000832,33.9206102]]],[[[126.3998727,33.9209531],[126.3996003,33.920539],[126.3993699,33.9205285],[126.3991524,33.9207068],[126.3996129,33.921179],[126.3996669,33.9213636],[126.3997843,33.9213986],[126.3998887,33.9212403],[126.3998727,33.9209531]]],[[[126.331004,33.9275092],[126.3308014,33.9276856],[126.3308767,33.927775],[126.3310786,33.9276742],[126.331004,33.9275092]]],[[[126.3286696,33.9282603],[126.3284461,33.9282079],[126.3284355,33.9283128],[126.3286696,33.9282603]]],[[[126.328243,33.928313],[126.3280455,33.928262],[126.3280112,33.9282942],[126.3281121,33.9283615],[126.328243,33.928313]]],[[[126.3283993,33.9287673],[126.3287167,33.9285756],[126.3287179,33.9285353],[126.3280939,33.9286551],[126.32813,33.9287512],[126.3283993,33.9287673]]],[[[126.3287212,33.9295066],[126.3288585,33.9295254],[126.3288521,33.9294909],[126.3287212,33.9295066]]],[[[126.3203715,33.9297701],[126.3207176,33.9296942],[126.3207098,33.9295834],[126.3205622,33.9294501],[126.3202455,33.9294529],[126.3200548,33.9295689],[126.3201376,33.9297125],[126.3203715,33.9297701]]],[[[126.3300278,33.9297925],[126.3298835,33.9297998],[126.3298664,33.9298671],[126.330045,33.9298771],[126.3300278,33.9297925]]],[[[126.320668,33.9299494],[126.3207689,33.9299068],[126.3206083,33.9298248],[126.3204668,33.9298799],[126.320668,33.9299494]]],[[[126.3300186,33.9300023],[126.3298969,33.9299619],[126.3299096,33.9300316],[126.3300186,33.9300023]]],[[[126.3227522,33.9298572],[126.3225049,33.9298719],[126.3222932,33.9300427],[126.3225001,33.9301145],[126.3227742,33.9299235],[126.3227522,33.9298572]]],[[[126.3213908,33.930008],[126.3212765,33.9299408],[126.3212329,33.9299505],[126.3211412,33.9301568],[126.3213908,33.930008]]],[[[126.3308124,33.9303178],[126.3305635,33.930284],[126.3304037,33.9304287],[126.3307623,33.9303838],[126.3308124,33.9303178]]],[[[126.3209564,33.9299327],[126.3208465,33.9299568],[126.3207367,33.9301056],[126.3208836,33.9302007],[126.3208839,33.9303617],[126.3209893,33.9303188],[126.3210293,33.9301945],[126.3210462,33.9300313],[126.3209564,33.9299327]]],[[[126.3309353,33.9304552],[126.3308204,33.9304332],[126.3307997,33.930467],[126.3309353,33.9304552]]],[[[126.3206524,33.9306145],[126.3204426,33.9306214],[126.3206877,33.9306475],[126.3206524,33.9306145]]],[[[126.320513,33.9307617],[126.3203814,33.9307657],[126.3203389,33.9307977],[126.3205172,33.9308457],[126.320513,33.9307617]]],[[[126.317662,33.936927],[126.3175834,33.936983],[126.3176114,33.9370378],[126.3177091,33.9370076],[126.317662,33.936927]]],[[[126.3113039,33.9408502],[126.3113663,33.9407409],[126.3115776,33.9406677],[126.3120368,33.9407732],[126.3124344,33.9406275],[126.3125311,33.9403998],[126.3125849,33.9404722],[126.3126015,33.9403361],[126.3125008,33.9402087],[126.3125864,33.9402323],[126.3125518,33.9401345],[126.3126507,33.9400599],[126.3124215,33.939914],[126.3127345,33.9398805],[126.3127945,33.9397784],[126.312658,33.9396227],[126.3125793,33.9396545],[126.3125147,33.9394846],[126.3123691,33.939379],[126.3122707,33.9393963],[126.3116882,33.9389166],[126.3112818,33.9388432],[126.3106739,33.9388843],[126.3113235,33.9394669],[126.3108448,33.9394766],[126.3093154,33.9392188],[126.3093949,33.9393669],[126.309832,33.939542],[126.3099791,33.9396743],[126.3099895,33.9399337],[126.310101,33.940104],[126.3100658,33.9403945],[126.3102646,33.9407373],[126.3106618,33.9408774],[126.3113039,33.9408502]]],[[[126.3030771,33.9430744],[126.3030481,33.9432477],[126.3032194,33.9433274],[126.3032065,33.9431332],[126.3030771,33.9430744]]],[[[126.3034707,33.943266],[126.3033697,33.9433106],[126.3034225,33.9434027],[126.3035561,33.9433148],[126.3034707,33.943266]]],[[[126.3033773,33.9436178],[126.3033157,33.9436159],[126.3033092,33.943639],[126.3033773,33.9436178]]],[[[126.3032176,33.9437441],[126.3033003,33.9436731],[126.3032555,33.9436253],[126.3031124,33.9437166],[126.3032176,33.9437441]]],[[[126.3346914,33.9440346],[126.3346261,33.9440378],[126.3346855,33.9440587],[126.3346914,33.9440346]]],[[[126.3344434,33.9447293],[126.3344005,33.9447125],[126.3343928,33.9447546],[126.3344434,33.9447293]]],[[[126.3372072,33.9458676],[126.3369882,33.9457947],[126.3363384,33.9458835],[126.3365325,33.945962],[126.3372072,33.9458676]]],[[[126.3413049,33.9461405],[126.3416092,33.9459846],[126.3416925,33.9458346],[126.3413731,33.9457686],[126.3409617,33.945961],[126.341001,33.9461385],[126.3413049,33.9461405]]],[[[126.338614,33.9460972],[126.3385779,33.9461433],[126.3387007,33.9461778],[126.3387029,33.9461499],[126.338614,33.9460972]]],[[[126.3386708,33.946281],[126.338629,33.9462235],[126.3383596,33.9462201],[126.3385263,33.9463154],[126.3386708,33.946281]]],[[[126.3391631,33.9463192],[126.3389839,33.94631],[126.3392012,33.9464083],[126.3391631,33.9463192]]],[[[126.342205,33.9465903],[126.3422768,33.9465047],[126.34211,33.9464244],[126.3421282,33.9467036],[126.3423078,33.9467193],[126.342205,33.9465903]]],[[[126.297065,33.9472507],[126.2969821,33.9472232],[126.2970112,33.9472732],[126.297065,33.9472507]]],[[[126.2996877,33.9516719],[126.2995862,33.9516856],[126.2996143,33.9517739],[126.2997121,33.9517322],[126.2996877,33.9516719]]],[[[126.3824787,33.952641],[126.3822132,33.9527869],[126.382296,33.9530487],[126.3824763,33.9531508],[126.382965,33.9528789],[126.3828959,33.952719],[126.3824787,33.952641]]],[[[126.3016507,33.9524421],[126.3015714,33.9524039],[126.3015579,33.9524383],[126.3016507,33.9524421]]],[[[126.3825427,33.9534626],[126.3826861,33.9532257],[126.3825133,33.9531984],[126.382453,33.9532399],[126.3824998,33.953307],[126.3823593,33.9533238],[126.3823624,33.9534371],[126.3825427,33.9534626]]],[[[126.3829332,33.953652],[126.3829298,33.953513],[126.3828466,33.9534719],[126.3826379,33.9535093],[126.3825544,33.9536122],[126.3829332,33.953652]]],[[[126.3334894,33.9562815],[126.3335078,33.9561894],[126.333385,33.9562394],[126.3334894,33.9562815]]],[[[126.3326026,33.9565251],[126.3323381,33.9564906],[126.3324174,33.9568163],[126.332545,33.9568233],[126.3326026,33.9565251]]],[[[126.3318799,33.9568521],[126.3322794,33.9567363],[126.3321104,33.9565896],[126.3318425,33.9566111],[126.3317588,33.9567422],[126.3316723,33.9567432],[126.3318373,33.9567699],[126.3318799,33.9568521]]],[[[126.3367222,33.9569933],[126.3373067,33.9569104],[126.3375059,33.956775],[126.3374244,33.9569364],[126.337526,33.956892],[126.3377232,33.9569772],[126.3379689,33.9568697],[126.3379156,33.9567208],[126.3380566,33.9566785],[126.3380805,33.9565342],[126.3381683,33.9565285],[126.3380532,33.9562594],[126.3382478,33.9562429],[126.3384059,33.9563205],[126.3383142,33.9561826],[126.3383457,33.9560773],[126.3386781,33.9559965],[126.3388551,33.9558449],[126.3389386,33.9558912],[126.3387919,33.9559937],[126.3388941,33.9560302],[126.3390037,33.9559253],[126.3392624,33.9558532],[126.3393568,33.9559244],[126.3397817,33.9559229],[126.3398464,33.9560263],[126.3402281,33.9559577],[126.3404632,33.9554714],[126.3405847,33.9555311],[126.3405159,33.9554054],[126.3411133,33.9556209],[126.3412419,33.9557966],[126.3413185,33.9557847],[126.3414608,33.9556965],[126.3413881,33.9555426],[126.3415234,33.9553876],[126.3420021,33.9553003],[126.3420188,33.9551624],[126.3418808,33.9549907],[126.3422581,33.9547986],[126.3425136,33.9545169],[126.3422189,33.9544989],[126.3418501,33.9545834],[126.3419573,33.9542775],[126.3413749,33.9541455],[126.3415106,33.9540059],[126.3412627,33.9540631],[126.3415566,33.9537495],[126.3414744,33.9536269],[126.3407848,33.9535169],[126.340294,33.953658],[126.3401743,33.9535996],[126.3400587,33.9537346],[126.3400261,33.9536594],[126.3397375,33.9537312],[126.339936,33.9535225],[126.3397599,33.9535506],[126.3397079,33.9534916],[126.3399079,33.9534812],[126.3399118,33.9534145],[126.3398105,33.9534392],[126.3396702,33.9533167],[126.3391956,33.9534704],[126.3390847,33.9532644],[126.3389318,33.9532777],[126.3386446,33.9531031],[126.33857,33.9531734],[126.3383555,33.9531742],[126.3384947,33.9532577],[126.3384376,33.9533131],[126.3382941,33.953297],[126.3379786,33.952761],[126.3379943,33.9523886],[126.3381098,33.9521273],[126.3383567,33.9521412],[126.338262,33.9522426],[126.3383271,33.9522986],[126.3385163,33.952245],[126.3385308,33.9520861],[126.3387034,33.9520464],[126.338889,33.951727],[126.3390213,33.9516896],[126.3389987,33.9515933],[126.3388484,33.9516215],[126.3388858,33.951548],[126.3398903,33.9507379],[126.3402451,33.9505921],[126.3401335,33.9504792],[126.3409711,33.9502847],[126.3415048,33.950027],[126.3416707,33.9500669],[126.3421476,33.9499393],[126.3422141,33.949722],[126.3420144,33.9497559],[126.34192,33.9496751],[126.3422485,33.9495219],[126.3425203,33.9491776],[126.342726,33.9491368],[126.3426209,33.9490723],[126.342675,33.9489652],[126.3423973,33.9490026],[126.3424665,33.948932],[126.3423254,33.9488481],[126.3423924,33.9487656],[126.3421007,33.9487315],[126.3421844,33.9484589],[126.3420982,33.9480865],[126.3424062,33.9480146],[126.3423042,33.9479548],[126.3423848,33.9479011],[126.3422601,33.947751],[126.3423206,33.9477026],[126.3418309,33.9475413],[126.342308,33.9474607],[126.3422142,33.9471561],[126.3418271,33.9470742],[126.3421082,33.9468935],[126.3420262,33.9466315],[126.3415548,33.9463048],[126.3410934,33.9463471],[126.3411282,33.9462072],[126.3408694,33.9462102],[126.3408245,33.9463338],[126.3406918,33.9463482],[126.3405668,33.9464698],[126.3405387,33.9463329],[126.3404066,33.9464245],[126.3403647,33.9463006],[126.3400638,33.9463943],[126.3401762,33.9462391],[126.3400139,33.9462954],[126.3399325,33.9462041],[126.3398639,33.9462793],[126.3399884,33.9463989],[126.339867,33.9464391],[126.339667,33.9464688],[126.3393701,33.9463567],[126.339271,33.9464911],[126.3389553,33.9463978],[126.3388783,33.9464915],[126.3388517,33.9464084],[126.338804,33.9464575],[126.3385941,33.946359],[126.3385631,33.9464042],[126.3383125,33.9463524],[126.3381227,33.9462311],[126.3377576,33.9462848],[126.3379505,33.9461754],[126.3379407,33.9461108],[126.337289,33.9460911],[126.3371808,33.9460481],[126.3373901,33.9460578],[126.3371297,33.9459912],[126.3363499,33.9460318],[126.3359464,33.9462172],[126.3359936,33.9461469],[126.3357821,33.9461103],[126.3355994,33.9462288],[126.3355273,33.9461469],[126.3353705,33.9461386],[126.3353694,33.946219],[126.3356188,33.9462709],[126.3356739,33.946407],[126.334858,33.9463104],[126.3344909,33.9461682],[126.3341683,33.9458272],[126.3339828,33.9454804],[126.333885,33.9454539],[126.3337647,33.9451101],[126.333858,33.9449128],[126.3340598,33.9448353],[126.3341537,33.9445048],[126.3344997,33.9444864],[126.3345928,33.9441272],[126.3344071,33.9439064],[126.3336232,33.9438893],[126.3332985,33.9439779],[126.3331609,33.9441069],[126.3332402,33.9440065],[126.3331489,33.9439505],[126.3329598,33.9440741],[126.3327425,33.9441034],[126.332848,33.9441659],[126.3321214,33.9443501],[126.3321446,33.9443937],[126.3320319,33.9444178],[126.3321113,33.9444494],[126.3318942,33.9445132],[126.331812,33.9446422],[126.3317947,33.9445258],[126.3314569,33.9444496],[126.3315101,33.9448236],[126.3312581,33.9447826],[126.3312052,33.9447019],[126.3312284,33.944797],[126.3311228,33.9448005],[126.3310505,33.9449116],[126.3306658,33.9448113],[126.3305252,33.9446758],[126.3306099,33.9445897],[126.3303931,33.9444885],[126.3302637,33.9436983],[126.3296358,33.941393],[126.3294861,33.9403693],[126.3296302,33.9401675],[126.3297095,33.939269],[126.3300957,33.9388208],[126.330348,33.9383717],[126.330161,33.9381299],[126.329909,33.9381137],[126.329779,33.9382104],[126.3297063,33.9383754],[126.3297819,33.9384627],[126.3293391,33.9390627],[126.32901,33.9404634],[126.3298291,33.9438442],[126.3296548,33.9439058],[126.3296959,33.9440742],[126.3280024,33.9443863],[126.3280258,33.9444716],[126.3285551,33.9445643],[126.3284417,33.9450857],[126.3272804,33.9449033],[126.3265274,33.9433182],[126.3270312,33.9431536],[126.3269891,33.9430661],[126.3264842,33.9432275],[126.3252894,33.9406539],[126.3241866,33.9410218],[126.3238874,33.9404013],[126.3236607,33.9395653],[126.3236629,33.9389475],[126.3237037,33.9388788],[126.3239369,33.9389009],[126.3236193,33.9388221],[126.323705,33.9386988],[126.3245966,33.938578],[126.3255595,33.9389734],[126.3258472,33.9385291],[126.3275365,33.9392369],[126.3274846,33.9393427],[126.3276847,33.9394891],[126.3279889,33.939489],[126.3281052,33.9392634],[126.3279695,33.9390801],[126.3277271,33.939047],[126.3258823,33.9382299],[126.3253662,33.9380826],[126.3253244,33.9379386],[126.32496,33.9378801],[126.3248762,33.9374558],[126.3251885,33.9373753],[126.3251448,33.9370547],[126.3254305,33.9370989],[126.3254839,33.936942],[126.3254276,33.9368706],[126.3251211,33.9369099],[126.3248588,33.9367113],[126.3247419,33.9364318],[126.3247993,33.9359128],[126.3247289,33.9358394],[126.3245931,33.9358702],[126.3245781,33.935784],[126.3247366,33.9353949],[126.3249804,33.9350675],[126.3254776,33.9347217],[126.3259861,33.9347625],[126.3261686,33.934865],[126.3261876,33.9350424],[126.3263084,33.935155],[126.3266091,33.9352581],[126.3268395,33.9351862],[126.3269452,33.9350647],[126.3272224,33.9351286],[126.327368,33.9352555],[126.3276635,33.9352138],[126.3277509,33.9352693],[126.3278293,33.9352136],[126.3280634,33.9352645],[126.3281897,33.9352148],[126.3282088,33.9350446],[126.3284905,33.9349535],[126.3287437,33.9347695],[126.3288279,33.9345784],[126.3287282,33.9344656],[126.3291769,33.9343435],[126.3293127,33.933752],[126.329462,33.9336561],[126.3296508,33.933255],[126.3297807,33.9333059],[126.329872,33.9332439],[126.329642,33.9331743],[126.3300411,33.9330664],[126.3302497,33.932794],[126.3299771,33.9325975],[126.3296835,33.9325522],[126.3301825,33.9325251],[126.3302804,33.9322942],[126.3302091,33.9321682],[126.3300219,33.9322384],[126.3298591,33.9320413],[126.3299961,33.9319809],[126.3300801,33.9317977],[126.3299619,33.9315665],[126.3297108,33.9315625],[126.3299206,33.931477],[126.3296244,33.9315046],[126.3298827,33.9313309],[126.3295851,33.9313003],[126.3297035,33.9312275],[126.3296398,33.9311059],[126.3299251,33.9309158],[126.3302019,33.9310269],[126.3305291,33.9310129],[126.3307405,33.9308818],[126.3307556,33.9307612],[126.3304732,33.9305792],[126.3301084,33.9305731],[126.3297015,33.930685],[126.3294467,33.9309657],[126.3292567,33.9307657],[126.3293233,33.9306788],[126.3291251,33.9304784],[126.3277758,33.9303977],[126.3278203,33.9304645],[126.3274269,33.9306062],[126.3273161,33.9307719],[126.3271313,33.9308501],[126.3263776,33.9309182],[126.3260408,33.9306826],[126.3262489,33.9306235],[126.3262868,33.930534],[126.3262,33.9304518],[126.3259691,33.9305655],[126.3254179,33.9305933],[126.3250888,33.9306908],[126.3252182,33.9305161],[126.3251164,33.9303851],[126.3249411,33.9303509],[126.324838,33.93045],[126.3247356,33.9303618],[126.3241903,33.9302925],[126.3241365,33.9301742],[126.3239658,33.9301316],[126.3237907,33.9302291],[126.3240069,33.9303698],[126.3236819,33.9303904],[126.3235848,33.930329],[126.3236593,33.930269],[126.3236111,33.9302036],[126.3230573,33.9299628],[126.3228811,33.929958],[126.3226405,33.9300778],[126.3226639,33.9301617],[126.3225451,33.9301576],[126.3223153,33.9303005],[126.3223653,33.930146],[126.3222325,33.9301085],[126.3220821,33.9301734],[126.3220301,33.9301154],[126.3218972,33.9302164],[126.3217174,33.9300803],[126.3213876,33.9301129],[126.3211153,33.9302946],[126.3210673,33.9305812],[126.3209765,33.9305018],[126.3209107,33.9306026],[126.3210693,33.9307893],[126.3207849,33.9307475],[126.3207195,33.9308642],[126.3207779,33.9309316],[126.3206651,33.9309828],[126.3208158,33.9310796],[126.320638,33.9311392],[126.3207243,33.931215],[126.3206617,33.9315268],[126.3209581,33.9316979],[126.320763,33.9317615],[126.3205914,33.9317317],[126.3205515,33.9317947],[126.3206886,33.9318302],[126.3206895,33.9319188],[126.3203502,33.9319778],[126.3204225,33.9321102],[126.3201241,33.9321549],[126.3200216,33.9322563],[126.3202466,33.9322155],[126.3202456,33.9323013],[126.320479,33.9322999],[126.3204874,33.9324206],[126.3206356,33.9325169],[126.320779,33.9325104],[126.321019,33.9323007],[126.3210891,33.9323562],[126.3209393,33.9326845],[126.3208569,33.9327085],[126.320969,33.9327735],[126.3208955,33.9328235],[126.3208343,33.9327798],[126.3207483,33.9328997],[126.3207737,33.9329855],[126.3208605,33.9329891],[126.3207697,33.933125],[126.32091,33.9332558],[126.3206934,33.9332479],[126.3205485,33.9334053],[126.3205495,33.9336704],[126.3204825,33.9336843],[126.3206061,33.933779],[126.3205903,33.9338706],[126.3202441,33.9339607],[126.3203838,33.9340608],[126.3201059,33.9341036],[126.3201572,33.934216],[126.3199907,33.934315],[126.3200548,33.9343022],[126.3200557,33.9343733],[126.3199304,33.934526],[126.3200648,33.9345804],[126.3199286,33.9347227],[126.3201592,33.9347066],[126.3200164,33.9349504],[126.3201405,33.9350072],[126.3200788,33.9350855],[126.3198118,33.9351314],[126.3197769,33.9353039],[126.3198357,33.9354066],[126.320043,33.935486],[126.3197039,33.9355063],[126.3194813,33.935412],[126.3196776,33.9355848],[126.3194813,33.9357313],[126.3196076,33.9358787],[126.3191802,33.9357429],[126.3191318,33.935819],[126.3183067,33.9356455],[126.3183332,33.9357539],[126.3185572,33.9357464],[126.3186506,33.9358775],[126.3188376,33.9359566],[126.3186415,33.9360128],[126.3186004,33.9361584],[126.3183838,33.9361645],[126.3182503,33.9364589],[126.318321,33.9365718],[126.3181765,33.9365559],[126.3180546,33.9366391],[126.3182014,33.93685],[126.318024,33.9368203],[126.3178345,33.936927],[126.3177295,33.9374161],[126.3177823,33.9375307],[126.317607,33.9374775],[126.3175333,33.9375728],[126.3174129,33.9373841],[126.3171482,33.9375593],[126.3171394,33.9379425],[126.3172543,33.9381114],[126.3171914,33.938181],[126.3169115,33.9381652],[126.3168934,33.9382728],[126.3169621,33.938554],[126.3171204,33.9386263],[126.31713,33.938719],[126.3172009,33.9386195],[126.3172559,33.9386961],[126.3172216,33.9390289],[126.3171666,33.938897],[126.3170678,33.9389684],[126.3170673,33.9390332],[126.3172007,33.9390773],[126.3171088,33.9391419],[126.3171457,33.9392321],[126.3170062,33.9393281],[126.3170145,33.9394365],[126.3171593,33.9395366],[126.3164935,33.9394911],[126.316418,33.9396579],[126.3164535,33.9400244],[126.316332,33.9401151],[126.31641,33.9403902],[126.3163187,33.9404144],[126.3165014,33.9404733],[126.3163441,33.9404928],[126.3163336,33.9405649],[126.316522,33.9407027],[126.316343,33.940735],[126.3168264,33.9409305],[126.316166,33.9407275],[126.3164412,33.9409074],[126.3168528,33.9410296],[126.3168198,33.9412376],[126.3166587,33.941464],[126.3163536,33.941812],[126.3158636,33.9421422],[126.3157783,33.942113],[126.3158224,33.9420303],[126.3156579,33.9419375],[126.3155837,33.942042],[126.3152771,33.9419908],[126.3151976,33.9421683],[126.3142255,33.9424231],[126.3135982,33.9427981],[126.3135807,33.9429477],[126.3138301,33.9429942],[126.313713,33.9431275],[126.313655,33.9437438],[126.3133847,33.9440385],[126.312655,33.9438964],[126.3123619,33.9442042],[126.3121534,33.9441686],[126.3118017,33.9443727],[126.3116123,33.9446812],[126.311364,33.9448265],[126.3109184,33.9448521],[126.3106588,33.9450311],[126.3104674,33.9452721],[126.310434,33.9455917],[126.3107257,33.945688],[126.31083,33.9454582],[126.3108124,33.9453832],[126.3106933,33.9454484],[126.3106992,33.945273],[126.31097,33.9450436],[126.311638,33.9450771],[126.3115457,33.9451322],[126.3116181,33.945174],[126.3125128,33.9448333],[126.3124187,33.944989],[126.3120072,33.9451835],[126.3121278,33.9455141],[126.3124632,33.9454235],[126.3125329,33.9456654],[126.3124587,33.9459368],[126.3122931,33.9459619],[126.3120934,33.9462131],[126.3119607,33.9461995],[126.3117932,33.9463373],[126.3114745,33.9462672],[126.3113792,33.9464282],[126.311737,33.9465841],[126.3113839,33.9468285],[126.3111822,33.9469221],[126.3110072,33.9468614],[126.3106193,33.9470505],[126.3105004,33.9469576],[126.3103903,33.9470419],[126.3100981,33.9470099],[126.3100171,33.947157],[126.3094319,33.9473614],[126.3091459,33.9471111],[126.3089359,33.9471056],[126.3088691,33.9471971],[126.3089061,33.9473662],[126.308415,33.9474039],[126.3084231,33.9476537],[126.3082039,33.9476146],[126.3082071,33.9477157],[126.3080664,33.9476254],[126.3080554,33.94779],[126.3077609,33.9477089],[126.3077242,33.9478409],[126.3073977,33.947996],[126.3073402,33.9479865],[126.3074225,33.9478033],[126.30735,33.9477295],[126.3072124,33.9477843],[126.3072147,33.9479095],[126.3070181,33.9478463],[126.3069602,33.9479814],[126.3065911,33.9480098],[126.3063206,33.9481283],[126.3060281,33.9477696],[126.3056952,33.9478281],[126.3054703,33.9477101],[126.3053541,33.9479784],[126.3050251,33.9482542],[126.3050623,33.9483997],[126.3048477,33.9483842],[126.3044441,33.9485623],[126.3043332,33.9486764],[126.3044247,33.9487864],[126.304749,33.948742],[126.3039572,33.9492462],[126.3040615,33.9492972],[126.3042458,33.9492394],[126.3042242,33.9493054],[126.3040721,33.9494122],[126.3039346,33.9493604],[126.3036101,33.9495421],[126.3035325,33.9496399],[126.3036233,33.9496708],[126.3034081,33.9497284],[126.3035363,33.9498135],[126.3031613,33.9499241],[126.3031051,33.9500802],[126.3028435,33.9502634],[126.3032294,33.9502918],[126.3033763,33.950486],[126.3034674,33.9504527],[126.303663,33.9505372],[126.3040856,33.9503379],[126.3044024,33.9505264],[126.3045106,33.9507192],[126.3044968,33.9511732],[126.3040595,33.9511594],[126.3038702,33.9514453],[126.3037695,33.9518904],[126.3038784,33.9520253],[126.304069,33.9520722],[126.3038461,33.9521296],[126.3038764,33.952451],[126.3037635,33.9524609],[126.3038202,33.952575],[126.30372,33.9525765],[126.3037027,33.9526933],[126.3039645,33.9530984],[126.3041312,33.9531133],[126.3044701,33.9533592],[126.304871,33.9534902],[126.3049263,33.9535956],[126.3050326,33.9535288],[126.304871,33.9537431],[126.3050481,33.9535506],[126.3052018,33.9537918],[126.3053756,33.9536569],[126.3053807,33.9535153],[126.305639,33.9536208],[126.3057117,33.9535592],[126.306015,33.9535557],[126.3060647,33.953453],[126.3065289,33.9532416],[126.3065275,33.953151],[126.3066695,33.9531244],[126.3065916,33.9530872],[126.3066586,33.9530078],[126.3070215,33.952785],[126.3074476,33.9528459],[126.3077592,33.9526924],[126.3080224,33.9526445],[126.3081585,33.9526928],[126.308281,33.9526245],[126.308226,33.9527911],[126.3084442,33.9526463],[126.308824,33.9526162],[126.3088628,33.952688],[126.3092273,33.9525895],[126.3095363,33.9524108],[126.3097344,33.952473],[126.3098982,33.952375],[126.3101328,33.9524375],[126.3107193,33.9523345],[126.310789,33.9521877],[126.3112161,33.9523745],[126.3113653,33.9525642],[126.3113964,33.9529448],[126.3115149,33.9530188],[126.3114482,33.9532256],[126.3112081,33.9533055],[126.3113868,33.9534038],[126.3113265,33.9536842],[126.3116147,33.9537313],[126.3118422,33.9536132],[126.3119792,33.9536206],[126.3120162,33.9534301],[126.3125443,33.9534551],[126.3128366,33.9535501],[126.313127,33.9535506],[126.3133659,33.9534635],[126.3135626,33.9538076],[126.3136318,33.9541964],[126.3133273,33.9542016],[126.3132095,33.9543543],[126.3128567,33.954551],[126.3132647,33.9546723],[126.3141407,33.9546216],[126.3145979,33.9547584],[126.3146649,33.9547212],[126.3145895,33.9545956],[126.3150003,33.9547169],[126.3149489,33.9546392],[126.3152102,33.9545856],[126.315211,33.9544516],[126.3154052,33.9544371],[126.3154649,33.9543095],[126.315779,33.9542959],[126.3159875,33.9541325],[126.3160318,33.9543706],[126.3162338,33.9543557],[126.3165538,33.9544757],[126.3165198,33.9543987],[126.316823,33.9543738],[126.316885,33.9541417],[126.3171194,33.954105],[126.3170324,33.9539613],[126.3174007,33.9536727],[126.3175035,33.9537403],[126.3175949,33.9536523],[126.3179193,33.953709],[126.3180256,33.9536397],[126.318364,33.9536373],[126.3187414,33.9533808],[126.3189104,33.9534056],[126.3188771,33.953279],[126.3193684,33.9532311],[126.31948,33.9531115],[126.3197316,33.9531924],[126.3196837,33.9530922],[126.3198628,33.9529661],[126.320288,33.9528023],[126.3203424,33.952917],[126.3204467,33.9528716],[126.3203944,33.9527615],[126.3205176,33.952655],[126.321244,33.9525273],[126.3214857,33.9523008],[126.3217802,33.9523437],[126.3220656,33.9522332],[126.3221099,33.9522725],[126.3222071,33.9521644],[126.3223991,33.9521875],[126.3225084,33.9523447],[126.3226042,33.9522044],[126.3228852,33.9521426],[126.3230835,33.9521979],[126.323094,33.9523023],[126.3237115,33.9522361],[126.3240449,33.9523156],[126.3241425,33.9521838],[126.3244604,33.9522328],[126.324634,33.9521035],[126.3245554,33.9520813],[126.3246097,33.9519844],[126.3250181,33.9517965],[126.3251713,33.9516287],[126.3254031,33.9515583],[126.3255779,33.9515954],[126.3257313,33.9514422],[126.3260064,33.9513609],[126.3268447,33.951553],[126.3274073,33.9518054],[126.3274932,33.952156],[126.3274281,33.9523618],[126.3275259,33.9524373],[126.3274948,33.9525069],[126.3276705,33.9525625],[126.3276452,33.9526431],[126.3281128,33.9526094],[126.3282043,33.9526728],[126.3282773,33.9526176],[126.3294062,33.953044],[126.3296171,33.9531922],[126.3294962,33.9533696],[126.3297338,33.9534602],[126.3299775,33.9534384],[126.3301589,33.9535286],[126.3306499,33.9535807],[126.3309388,33.9534953],[126.3313889,33.9539329],[126.3315828,33.9539834],[126.3322585,33.9546126],[126.3325941,33.9552832],[126.332549,33.955407],[126.3322584,33.9555302],[126.3321674,33.9554741],[126.3318632,33.9559371],[126.3311848,33.9554917],[126.3308223,33.9550538],[126.330885,33.9549892],[126.3307838,33.954848],[126.3306899,33.9548219],[126.3305301,33.9549367],[126.3310765,33.9556139],[126.3317468,33.9560952],[126.3319931,33.9561166],[126.3320754,33.9562192],[126.332848,33.9560165],[126.3330709,33.9560295],[126.3330688,33.9561826],[126.3329677,33.9561862],[126.3329292,33.9562842],[126.3332217,33.9562802],[126.3330411,33.9564575],[126.3333501,33.9565418],[126.3334228,33.956413],[126.333294,33.9562594],[126.3335404,33.9561025],[126.3336481,33.9562823],[126.3339141,33.9563152],[126.3338648,33.9564202],[126.3341581,33.9565176],[126.3345902,33.9563315],[126.3350859,33.9564586],[126.3351827,33.9565711],[126.3354557,33.9566543],[126.3356324,33.9565636],[126.3361571,33.956807],[126.3364168,33.9568173],[126.3367222,33.9569933]]],[[[126.3321312,33.9570482],[126.3321102,33.9570288],[126.3321062,33.9570506],[126.3321312,33.9570482]]],[[[126.3314982,33.957107],[126.3317963,33.9571545],[126.3318296,33.9569831],[126.3317148,33.9568036],[126.3312831,33.9570387],[126.3315383,33.9571915],[126.3314982,33.957107]]],[[[126.3315526,33.9575972],[126.3315049,33.9575537],[126.3313726,33.9576368],[126.3313957,33.95765],[126.3315526,33.9575972]]],[[[126.3308598,33.9579147],[126.3308233,33.9577771],[126.3309364,33.9577419],[126.3308797,33.957623],[126.3313131,33.957478],[126.3312014,33.9573378],[126.3309428,33.9572712],[126.3306662,33.9573941],[126.3304694,33.9572999],[126.3302219,33.9574477],[126.3302031,33.9575304],[126.330502,33.9574704],[126.3303357,33.9576168],[126.3303649,33.9578071],[126.3307517,33.9577778],[126.3308598,33.9579147]]],[[[126.3309092,33.9580622],[126.3308581,33.958045],[126.3308597,33.9580728],[126.3309092,33.9580622]]],[[[126.3029522,33.9597172],[126.3030193,33.9595691],[126.3029343,33.9595415],[126.3027232,33.9596361],[126.3029522,33.9597172]]],[[[126.2871445,33.9600486],[126.2869733,33.9600835],[126.2868519,33.960188],[126.2871186,33.960121],[126.2871445,33.9600486]]],[[[126.330695,33.9609809],[126.3309032,33.9609594],[126.3308868,33.9608745],[126.330695,33.9609809]]],[[[126.3043796,33.9627868],[126.3057545,33.9623352],[126.3058872,33.9621566],[126.3058601,33.9612931],[126.306153,33.9606734],[126.3058727,33.9606907],[126.3059349,33.9607497],[126.3056927,33.9613383],[126.3056929,33.9621223],[126.3056067,33.9622136],[126.3044628,33.9626066],[126.3043433,33.9625501],[126.3043796,33.9627868]]],[[[126.3002697,33.9627245],[126.3000107,33.9627033],[126.2998369,33.9627428],[126.3000361,33.9628114],[126.3002697,33.9627245]]],[[[126.3776422,33.9639394],[126.3775354,33.9640289],[126.3775246,33.9641643],[126.3776352,33.9640216],[126.3776422,33.9639394]]],[[[126.3788002,33.9641057],[126.3786786,33.964138],[126.3786094,33.9642284],[126.3787557,33.9642042],[126.3788002,33.9641057]]],[[[126.3790325,33.9644043],[126.3789623,33.9644166],[126.3790334,33.964441],[126.3790325,33.9644043]]],[[[126.379374,33.9645003],[126.3793274,33.964486],[126.3793358,33.964519],[126.379374,33.9645003]]],[[[126.3808593,33.9654553],[126.3807709,33.9656138],[126.3808398,33.965674],[126.3809316,33.9656186],[126.3808593,33.9654553]]],[[[126.3781556,33.9665944],[126.3781207,33.9665658],[126.3781099,33.9665918],[126.3781556,33.9665944]]],[[[126.380364,33.9666747],[126.3803158,33.9666843],[126.3803635,33.9666972],[126.380364,33.9666747]]],[[[126.3845481,33.9673738],[126.3841889,33.9671473],[126.3842233,33.9672212],[126.3845481,33.9673738]]],[[[126.2894778,33.9666536],[126.2894173,33.9666381],[126.2894065,33.9666527],[126.2894778,33.9666536]]],[[[126.3843098,33.967572],[126.3841783,33.9675355],[126.3840529,33.9676135],[126.3842483,33.9676783],[126.3843098,33.967572]]],[[[126.3844104,33.9677183],[126.3843288,33.9677397],[126.3843086,33.9677955],[126.3843887,33.9677953],[126.3844104,33.9677183]]],[[[126.3830523,33.9678004],[126.3829734,33.9677824],[126.383058,33.9678303],[126.3830523,33.9678004]]],[[[126.3838481,33.9678967],[126.3838713,33.9676937],[126.3836885,33.9675675],[126.383438,33.9675974],[126.3836576,33.9677428],[126.3836792,33.9678884],[126.3838481,33.9678967]]],[[[126.2836717,33.9669959],[126.2836309,33.9669911],[126.2836683,33.96701],[126.2836717,33.9669959]]],[[[126.2837828,33.9670778],[126.2837547,33.9670592],[126.2837515,33.9670899],[126.2837828,33.9670778]]],[[[126.3812307,33.9682355],[126.3813116,33.9681492],[126.3812048,33.9680967],[126.3812307,33.9682355]]],[[[126.3799374,33.9682918],[126.3798594,33.9682874],[126.37985,33.9683042],[126.3799374,33.9682918]]],[[[126.3803436,33.9685771],[126.3807855,33.9685445],[126.3808083,33.9684228],[126.3807039,33.9682747],[126.3810835,33.9681591],[126.381182,33.9679952],[126.3813672,33.9680319],[126.3815427,33.9682118],[126.3822945,33.967966],[126.38246,33.9678135],[126.3828297,33.9676596],[126.3827606,33.9675411],[126.382839,33.9674282],[126.382601,33.9674316],[126.3819335,33.9670566],[126.3814437,33.9671168],[126.381003,33.9676285],[126.3804822,33.9675341],[126.38015,33.9673636],[126.3800438,33.9671613],[126.3800446,33.9668653],[126.3797048,33.966855],[126.3799646,33.9665452],[126.3803765,33.9664766],[126.3805193,33.9663609],[126.380257,33.9662633],[126.3802826,33.9660174],[126.3801643,33.9658926],[126.3805428,33.965899],[126.3807352,33.9657884],[126.3804515,33.9657364],[126.3805339,33.9655982],[126.3804712,33.9650656],[126.3802285,33.9650253],[126.3798802,33.9652816],[126.3796673,33.9650745],[126.3792461,33.9651327],[126.3793594,33.9647327],[126.379152,33.9646214],[126.3793231,33.9646339],[126.379322,33.9644226],[126.379206,33.9643879],[126.3789734,33.9645374],[126.3786244,33.9645884],[126.3784594,33.964409],[126.3783459,33.9645482],[126.3784538,33.9641788],[126.3782584,33.9642368],[126.378399,33.9640704],[126.3782553,33.9641369],[126.3781139,33.9639567],[126.3780972,33.9640659],[126.3779388,33.9640438],[126.3777813,33.964133],[126.3776024,33.9643884],[126.3779543,33.9647503],[126.3779989,33.9649305],[126.3781464,33.9650048],[126.3781017,33.9652237],[126.3778542,33.965211],[126.3777596,33.9652808],[126.3779037,33.9655227],[126.377641,33.9656564],[126.3778882,33.9656136],[126.377755,33.9658038],[126.377846,33.9659128],[126.3779591,33.9658232],[126.3779614,33.9663753],[126.3781983,33.9665385],[126.3781853,33.9667064],[126.3785023,33.9669456],[126.378778,33.9670223],[126.3793322,33.9673862],[126.3794769,33.9673214],[126.3800302,33.9680769],[126.3800493,33.9681907],[126.3798799,33.9684044],[126.380093,33.9684035],[126.3803436,33.9685771]]],[[[126.2844493,33.9676843],[126.2843564,33.9676521],[126.2843497,33.9676712],[126.2844493,33.9676843]]],[[[126.2837292,33.9677003],[126.2841383,33.9675923],[126.2847061,33.9675938],[126.28504,33.9674579],[126.2860777,33.9674313],[126.2864845,33.9672259],[126.2876791,33.9673638],[126.28782,33.9670384],[126.2881248,33.9672226],[126.2886341,33.9672584],[126.2889501,33.9668518],[126.2893811,33.9666344],[126.2897213,33.9666209],[126.29004,33.9664365],[126.2903355,33.9664339],[126.2904119,33.9662985],[126.2904376,33.9663976],[126.2905582,33.9664254],[126.2910511,33.9662783],[126.2914475,33.9662459],[126.291993,33.9660938],[126.2921935,33.965951],[126.2927583,33.9659612],[126.293209,33.9658181],[126.2931898,33.9659699],[126.2936465,33.9659031],[126.2934535,33.966025],[126.2935663,33.9661093],[126.2939154,33.9659472],[126.2943689,33.9658851],[126.2944165,33.9657709],[126.2954428,33.9657458],[126.2957325,33.9656737],[126.2959245,33.9655242],[126.2957639,33.965774],[126.2958749,33.9657776],[126.2962672,33.9656539],[126.2966016,33.9654255],[126.2965984,33.9651756],[126.2966971,33.9650379],[126.2964896,33.965028],[126.2966057,33.9649517],[126.2964965,33.9648909],[126.2968624,33.9647328],[126.2969969,33.9645786],[126.2969628,33.9645039],[126.2971858,33.9645006],[126.297657,33.9642377],[126.2976845,33.9640375],[126.2983308,33.9636405],[126.2987532,33.9634256],[126.2992057,33.9633428],[126.2996262,33.9630388],[126.2993692,33.9629376],[126.2994905,33.9628333],[126.299499,33.9625917],[126.3000988,33.9624348],[126.3003665,33.9621511],[126.3008226,33.9613392],[126.3007808,33.9611885],[126.3005107,33.9611781],[126.3005811,33.9613845],[126.3002779,33.961885],[126.3001579,33.9618013],[126.3001154,33.9618918],[126.2979847,33.961969],[126.2972329,33.9622232],[126.2971829,33.9621378],[126.2970747,33.9621757],[126.2970014,33.9624356],[126.2975489,33.9626963],[126.2972571,33.9633871],[126.296317,33.9636834],[126.2959766,33.9629799],[126.2957317,33.9627848],[126.2960851,33.9623685],[126.2945703,33.9614733],[126.2959635,33.9608424],[126.2964392,33.9603232],[126.2965407,33.9598784],[126.2971733,33.9597561],[126.297514,33.9601773],[126.2974527,33.9604423],[126.2976141,33.9604778],[126.2977069,33.9601031],[126.2980467,33.9601275],[126.2980457,33.9602947],[126.298214,33.9603295],[126.2983927,33.9601343],[126.2987382,33.9601601],[126.2984418,33.9605014],[126.2985115,33.9605481],[126.2986243,33.9603949],[126.2989466,33.9603004],[126.2990145,33.9603601],[126.2992104,33.9603316],[126.2994696,33.9601313],[126.3000637,33.9600535],[126.3003533,33.9598749],[126.30038,33.959755],[126.3004949,33.9597426],[126.3010065,33.9593539],[126.3018253,33.9592072],[126.3018137,33.958782],[126.3021391,33.9584029],[126.3021316,33.9583488],[126.3020374,33.9584066],[126.3021225,33.9581853],[126.3020295,33.9581055],[126.3020376,33.9579787],[126.3018974,33.9579041],[126.3018271,33.9576533],[126.3015226,33.957484],[126.3014935,33.9574007],[126.3010931,33.9574719],[126.3008016,33.9574071],[126.3007745,33.957499],[126.3006555,33.9575308],[126.3004143,33.9572095],[126.3003471,33.9567292],[126.3003949,33.9563788],[126.3005745,33.9563608],[126.300735,33.9561951],[126.3009387,33.9561265],[126.3008951,33.9559553],[126.3010886,33.955821],[126.3011495,33.9556696],[126.302248,33.9548428],[126.3018822,33.954946],[126.301859,33.9548571],[126.3019894,33.9547104],[126.3025142,33.9541637],[126.3028,33.9541085],[126.3025077,33.9537222],[126.3022944,33.9538051],[126.3016215,33.9531547],[126.3019497,33.9525458],[126.3017186,33.9525686],[126.3016911,33.9524538],[126.3015192,33.9524599],[126.3014482,33.9525355],[126.3014675,33.9524274],[126.3013268,33.9523523],[126.3011877,33.9524522],[126.3010072,33.9524251],[126.3008444,33.9522253],[126.3007171,33.9522349],[126.3007704,33.9520514],[126.3005483,33.9519374],[126.2993683,33.9522828],[126.2996098,33.9519814],[126.2994771,33.9519958],[126.2993643,33.9518541],[126.2992041,33.9518335],[126.2990353,33.9518828],[126.298957,33.9520915],[126.2988114,33.9519328],[126.2986978,33.9519164],[126.2980844,33.9520158],[126.2980376,33.9520852],[126.2978241,33.9521019],[126.2978298,33.952207],[126.297601,33.9522912],[126.2972093,33.9523363],[126.2970603,33.9526714],[126.2969012,33.952684],[126.2967016,33.952866],[126.2967139,33.9530692],[126.2970796,33.953303],[126.2970774,33.9533827],[126.2969274,33.953349],[126.2965995,33.9534641],[126.2962734,33.9533255],[126.2959798,33.9533542],[126.2958841,33.9534192],[126.2959437,33.9535765],[126.2955088,33.9537084],[126.2954009,33.9540919],[126.2951939,33.9540016],[126.29508,33.9541946],[126.295107,33.9543375],[126.2947975,33.9543057],[126.294613,33.9543861],[126.2944923,33.9545141],[126.2938426,33.9548019],[126.2939595,33.9549169],[126.2939254,33.9549736],[126.2935195,33.9550231],[126.2934745,33.9551533],[126.2933269,33.9552349],[126.2932474,33.955166],[126.2929187,33.9551967],[126.2926902,33.9553926],[126.2925704,33.95528],[126.2924443,33.9552751],[126.2921686,33.9554854],[126.2922702,33.95573],[126.2918277,33.9556805],[126.2917308,33.9557961],[126.2913665,33.9559051],[126.2914002,33.9559734],[126.2921227,33.9561051],[126.2912267,33.9564902],[126.291111,33.9568019],[126.2912776,33.9570082],[126.2908697,33.9569556],[126.2902139,33.957132],[126.2903182,33.9573455],[126.290091,33.9575356],[126.2897504,33.9576435],[126.2897189,33.9577789],[126.2898013,33.9578141],[126.2896358,33.9578712],[126.2894022,33.9582049],[126.2889691,33.9582979],[126.2888961,33.9582257],[126.2888733,33.9585998],[126.2889847,33.958612],[126.288926,33.9587161],[126.2891392,33.9587856],[126.2891433,33.9588455],[126.2888561,33.9587787],[126.2886863,33.95883],[126.2886136,33.9589244],[126.2887177,33.9589943],[126.2886312,33.9591448],[126.2884858,33.9592844],[126.2882943,33.9592749],[126.2883092,33.9594149],[126.2879832,33.9596403],[126.2879075,33.9598193],[126.2875418,33.959918],[126.2873186,33.9601386],[126.286526,33.9603647],[126.2864341,33.9603675],[126.2864922,33.9602882],[126.286366,33.9602066],[126.286025,33.9602352],[126.2857613,33.960408],[126.2856036,33.9603983],[126.2854591,33.9606079],[126.2850757,33.9603536],[126.2847518,33.960385],[126.2844225,33.9602918],[126.2841804,33.9604244],[126.2838869,33.9604611],[126.2836643,33.9607789],[126.2829131,33.9609253],[126.2827998,33.9610735],[126.2824026,33.9612374],[126.2822835,33.9613466],[126.282381,33.961354],[126.2823154,33.9614769],[126.2825032,33.961743],[126.2827461,33.9619152],[126.282924,33.9618557],[126.282975,33.9619219],[126.2831131,33.9618894],[126.2830858,33.9618063],[126.2834408,33.9618902],[126.2844915,33.9615755],[126.2848641,33.9616343],[126.2848711,33.9615438],[126.285144,33.9615752],[126.2853253,33.9612862],[126.2854112,33.9612968],[126.2855394,33.9614917],[126.2861346,33.9617304],[126.2867652,33.9618162],[126.2866492,33.9619102],[126.2869039,33.9619277],[126.286723,33.9619896],[126.2871872,33.9621026],[126.2875454,33.9620944],[126.2875915,33.9621694],[126.2879811,33.962213],[126.2884161,33.9621742],[126.2887215,33.9620639],[126.2886367,33.9623267],[126.2891434,33.9622934],[126.2892785,33.9623621],[126.2893259,33.962661],[126.2894045,33.9626473],[126.2894568,33.9628447],[126.2892215,33.9629905],[126.2887297,33.9630089],[126.2886652,33.9631786],[126.2883699,33.9632628],[126.288233,33.9633989],[126.28816,33.963342],[126.2879555,33.9636156],[126.2877134,33.9635826],[126.2874551,33.9636383],[126.287374,33.9637366],[126.2871035,33.9637404],[126.2869942,33.9639464],[126.287166,33.9640334],[126.2870104,33.9642679],[126.2865719,33.9646004],[126.2860868,33.9645622],[126.2860703,33.9644349],[126.285963,33.9644377],[126.2858568,33.9642552],[126.2858887,33.9641629],[126.2856762,33.9641075],[126.2856767,33.9640157],[126.2853724,33.9640106],[126.2854329,33.9639509],[126.2853016,33.9638799],[126.2851566,33.9638865],[126.2850974,33.9639625],[126.2845635,33.9639583],[126.2839721,33.9640941],[126.2840387,33.9641579],[126.2838753,33.9642212],[126.2837177,33.9644157],[126.2837576,33.9646579],[126.2833656,33.9650415],[126.2830252,33.9655204],[126.2832564,33.9656919],[126.2831387,33.9658701],[126.2833045,33.9658876],[126.2831292,33.9660637],[126.2834956,33.9662243],[126.2834019,33.9663151],[126.283708,33.9664553],[126.2834886,33.9665458],[126.2838321,33.9665243],[126.2837327,33.9667124],[126.2839814,33.9667058],[126.2838394,33.9668867],[126.283917,33.9669227],[126.2837893,33.9673174],[126.2838994,33.9673361],[126.2837825,33.9674231],[126.2839518,33.9674801],[126.2838647,33.9675375],[126.2839352,33.9675698],[126.2838064,33.9675832],[126.283859,33.9676432],[126.2837292,33.9677003]]],[[[126.3803506,33.9686979],[126.380263,33.9687006],[126.3802661,33.9687799],[126.3803506,33.9686979]]],[[[126.3807524,33.968937],[126.3808135,33.9686807],[126.3806877,33.9686769],[126.3807772,33.9686362],[126.3807151,33.9685998],[126.3805117,33.9687487],[126.3807524,33.968937]]],[[[126.2821385,33.9708126],[126.282944,33.9708329],[126.2835419,33.9705352],[126.283499,33.9701788],[126.2833082,33.9699934],[126.2834196,33.969673],[126.2836351,33.9696029],[126.2839696,33.9691372],[126.2844375,33.9689134],[126.2843581,33.9688804],[126.2844491,33.9688461],[126.2844467,33.9687622],[126.2841826,33.9683878],[126.2842198,33.9681739],[126.2841209,33.9680656],[126.284192,33.9680267],[126.2840763,33.968001],[126.2841266,33.9679356],[126.2840119,33.9679572],[126.2839209,33.9678551],[126.2835295,33.9679323],[126.2835326,33.9679943],[126.2829992,33.9681134],[126.282852,33.9682929],[126.2827698,33.9683061],[126.2826985,33.9681682],[126.28261,33.9682971],[126.2820826,33.9684016],[126.2817118,33.9686049],[126.2817131,33.9686871],[126.2818501,33.9686971],[126.2818867,33.9687653],[126.2820707,33.9687396],[126.2813392,33.9693586],[126.2813364,33.9695945],[126.2814909,33.9695709],[126.2815147,33.969633],[126.2814577,33.9697772],[126.2812574,33.9699263],[126.2812505,33.9700464],[126.2813944,33.970288],[126.2813898,33.9706015],[126.281609,33.9709288],[126.2818974,33.971034],[126.2819335,33.9709182],[126.2821385,33.9708126]]],[[[126.3090009,33.9736548],[126.3089853,33.973642],[126.308979,33.9736535],[126.3090009,33.9736548]]],[[[126.308944,33.9736866],[126.3088864,33.973661],[126.3088827,33.9736973],[126.308944,33.9736866]]],[[[126.3160786,33.9750841],[126.3160293,33.9750649],[126.3160556,33.9750947],[126.3160786,33.9750841]]],[[[126.3066174,33.9751545],[126.3071421,33.9749027],[126.3072281,33.9746818],[126.3079791,33.9744551],[126.3083569,33.974539],[126.3084229,33.974672],[126.3085922,33.9746556],[126.3086691,33.9747969],[126.3089116,33.9747767],[126.3090662,33.9745798],[126.3093527,33.9744897],[126.3092257,33.9743577],[126.3093739,33.9741596],[126.3090397,33.9740074],[126.3090172,33.9738294],[126.3086347,33.9737705],[126.3086261,33.9736678],[126.3088509,33.9735194],[126.3087155,33.9732427],[126.3081633,33.9732796],[126.3080433,33.9732146],[126.3075007,33.9733755],[126.3075477,33.9734434],[126.3073999,33.9734812],[126.3073089,33.973659],[126.3071807,33.9736374],[126.3069799,33.9738024],[126.306875,33.9736908],[126.3064643,33.9737717],[126.3062787,33.9740057],[126.3059286,33.974209],[126.3058837,33.9744751],[126.3060414,33.9749916],[126.3063641,33.9751126],[126.3064682,33.9750441],[126.3066174,33.9751545]]],[[[126.3155257,33.9754153],[126.3160129,33.9752838],[126.3160526,33.9751774],[126.3159506,33.9750993],[126.3157214,33.9750834],[126.3153793,33.9751991],[126.3153155,33.9753262],[126.3155257,33.9754153]]],[[[126.313159,33.9761718],[126.313072,33.9761728],[126.3130448,33.9761867],[126.3131172,33.9762135],[126.313159,33.9761718]]],[[[126.3122681,33.9768009],[126.3121508,33.9765462],[126.3126946,33.9762869],[126.3129474,33.9762526],[126.3129444,33.9761521],[126.3131061,33.9760519],[126.3131218,33.9759481],[126.312068,33.9761829],[126.3121774,33.9760905],[126.3121317,33.9760305],[126.3116816,33.9760329],[126.3115313,33.9760952],[126.3111848,33.9764175],[126.3112048,33.9765018],[126.3115701,33.9765127],[126.3114423,33.9766282],[126.3115714,33.976637],[126.3112101,33.9770295],[126.3111914,33.9773198],[126.3116527,33.9773344],[126.3119184,33.9772291],[126.3122681,33.9768009]]],[[[126.3482211,33.9807665],[126.3481656,33.9807858],[126.3482191,33.9807929],[126.3482211,33.9807665]]],[[[126.3482278,33.9808669],[126.348163,33.9809081],[126.3481641,33.9809299],[126.3482211,33.9809231],[126.3482278,33.9808669]]],[[[126.3539599,33.9820138],[126.3541093,33.9819641],[126.3538521,33.9820086],[126.3539599,33.9820138]]],[[[126.3456182,33.9823969],[126.3455839,33.9823852],[126.345584,33.982409],[126.3456182,33.9823969]]],[[[126.3464664,33.9849758],[126.3475785,33.9850601],[126.347796,33.9849525],[126.3478499,33.9848186],[126.3479687,33.9848258],[126.3481846,33.984572],[126.348306,33.9845944],[126.348344,33.9844469],[126.3484912,33.9844102],[126.3482848,33.9843976],[126.348814,33.984136],[126.3489283,33.9837664],[126.3491687,33.9838577],[126.3493612,33.9837651],[126.3494571,33.983609],[126.3499095,33.9835186],[126.3500018,33.9834508],[126.3498806,33.9833001],[126.3501422,33.9834288],[126.3504707,33.9834367],[126.3508153,33.9831352],[126.3508493,33.9831882],[126.3509001,33.9829695],[126.3510026,33.9830747],[126.3514994,33.9827571],[126.3515835,33.9828846],[126.3518217,33.9828296],[126.3520039,33.9826808],[126.352951,33.9829314],[126.3530422,33.9825206],[126.3534275,33.9823862],[126.3536225,33.9822295],[126.3536485,33.9820695],[126.3538099,33.9820381],[126.3529776,33.9819905],[126.3531579,33.9819141],[126.3531,33.9818691],[126.3533625,33.9818073],[126.3531187,33.9816938],[126.3528033,33.9816947],[126.3531816,33.9815629],[126.3528129,33.9814656],[126.3528037,33.9812869],[126.3525722,33.9811659],[126.3525299,33.9810675],[126.3518295,33.9809197],[126.35256,33.9809313],[126.3526129,33.9808804],[126.3516509,33.9808024],[126.3514467,33.9807439],[126.3514137,33.9806526],[126.3508359,33.9806757],[126.3507541,33.9807452],[126.3509121,33.9808293],[126.3505462,33.9809312],[126.3502752,33.9809312],[126.3504269,33.9808618],[126.3502798,33.9808478],[126.3500797,33.9809737],[126.3500155,33.9808381],[126.3498704,33.9808898],[126.3496474,33.9808428],[126.3497161,33.9807665],[126.3496209,33.9807135],[126.3493393,33.9809644],[126.349264,33.9812078],[126.3491423,33.9809858],[126.3482438,33.9810338],[126.348137,33.9810719],[126.3480855,33.9811987],[126.348261,33.9813792],[126.3477702,33.9813246],[126.3477219,33.9814009],[126.347809,33.9815479],[126.3476502,33.9815099],[126.3477525,33.981618],[126.3471808,33.9815652],[126.3470697,33.9816186],[126.3470966,33.9817266],[126.34694,33.9816383],[126.3468671,33.9817746],[126.3468088,33.9816301],[126.346589,33.9815655],[126.3462708,33.9815814],[126.3461964,33.9816801],[126.3460277,33.9816645],[126.3459811,33.9817592],[126.3458328,33.9816344],[126.3457954,33.9818128],[126.3459173,33.9822488],[126.3457057,33.9823878],[126.3455649,33.9827559],[126.3456128,33.9829037],[126.3455259,33.9829058],[126.3456344,33.9830104],[126.3456515,33.9832117],[126.3458676,33.9834311],[126.3462658,33.9835064],[126.3459868,33.9835998],[126.3460342,33.9837356],[126.3462039,33.9837912],[126.3459908,33.9838799],[126.3462338,33.983908],[126.3463105,33.9840436],[126.3462156,33.9841107],[126.3463399,33.9842778],[126.3462151,33.9844332],[126.3462148,33.9846032],[126.3463644,33.9848338],[126.3466506,33.9848967],[126.3464664,33.9849758]]],[[[126.3416005,33.9852793],[126.3415182,33.9852534],[126.3414855,33.9853161],[126.3416005,33.9852793]]],[[[126.3412478,33.9854604],[126.3414503,33.9853333],[126.341395,33.9852304],[126.3412073,33.9852124],[126.3410549,33.9853277],[126.3412478,33.9854604]]],[[[126.2954209,33.9850723],[126.2957535,33.9849496],[126.2960235,33.9847006],[126.2961203,33.9841939],[126.2960599,33.9840444],[126.2963096,33.9837618],[126.2961579,33.9832416],[126.295776,33.9830662],[126.2956824,33.9828111],[126.2957366,33.9827221],[126.2954077,33.9825555],[126.2945146,33.9824328],[126.294227,33.9823152],[126.2941973,33.9821566],[126.2939438,33.9820551],[126.2930278,33.9822122],[126.2928882,33.98237],[126.2930529,33.9825242],[126.2929445,33.9828924],[126.2931009,33.9831144],[126.2932651,33.9831478],[126.2931524,33.9833222],[126.29342,33.9834498],[126.2931934,33.9838223],[126.2934088,33.9840097],[126.2937025,33.9839467],[126.2934244,33.9841927],[126.2934312,33.9843156],[126.2940579,33.9845964],[126.2945806,33.985009],[126.2954209,33.9850723]]],[[[126.2962218,33.9860314],[126.2963385,33.9859593],[126.2963179,33.9858945],[126.2959895,33.9858385],[126.2959545,33.9860156],[126.2962218,33.9860314]]],[[[126.2957472,33.9858971],[126.2956535,33.9858881],[126.2956817,33.9860324],[126.2957698,33.9860037],[126.2957472,33.9858971]]],[[[126.2959312,33.9863085],[126.2963331,33.9862874],[126.2963799,33.9862131],[126.2961649,33.9860913],[126.2960364,33.986214],[126.2958318,33.9862472],[126.2959312,33.9863085]]],[[[126.3244628,33.9866895],[126.3243824,33.9867167],[126.3243775,33.9867685],[126.3245172,33.986772],[126.3244628,33.9866895]]],[[[126.2980436,33.9869014],[126.2979906,33.9868876],[126.2980034,33.9869172],[126.2980436,33.9869014]]],[[[126.2986427,33.9869501],[126.2990717,33.9865833],[126.2995965,33.9863911],[126.299718,33.9862432],[126.2995817,33.9861963],[126.2992912,33.9862788],[126.2994072,33.9861621],[126.2992789,33.9861238],[126.2990954,33.9862309],[126.2989286,33.9861797],[126.2982365,33.9863655],[126.2978902,33.9862984],[126.297484,33.9863249],[126.2971459,33.9862246],[126.2969779,33.9862982],[126.2971354,33.9863869],[126.2975398,33.9864411],[126.2977162,33.9866828],[126.2981902,33.9867907],[126.2984153,33.986991],[126.2986427,33.9869501]]],[[[126.2982959,33.9869861],[126.2981894,33.9869422],[126.2981893,33.9869888],[126.2982959,33.9869861]]],[[[126.2983114,33.9871072],[126.2983323,33.987056],[126.2982845,33.9870583],[126.2983114,33.9871072]]],[[[126.317126,33.9892092],[126.3179869,33.9891372],[126.3181956,33.9890378],[126.3185788,33.9892066],[126.319116,33.9890998],[126.31969,33.9891538],[126.3200958,33.9890376],[126.3203399,33.9890882],[126.3208409,33.9890329],[126.3209086,33.9888904],[126.3215302,33.9888715],[126.3217082,33.9889501],[126.3218058,33.9888972],[126.3218203,33.9887733],[126.3223026,33.9886903],[126.3222135,33.9886217],[126.3222571,33.9885825],[126.3225464,33.9886004],[126.3229235,33.9885177],[126.3237087,33.9878836],[126.3236177,33.9876996],[126.3237996,33.9874055],[126.3239836,33.9874595],[126.3240327,33.9873214],[126.3239525,33.9872598],[126.3237991,33.9873179],[126.3238594,33.9872068],[126.3243211,33.9869151],[126.3242351,33.9866926],[126.3242742,33.9864465],[126.324608,33.9861913],[126.3245064,33.9861342],[126.3245518,33.9860147],[126.3244324,33.9858263],[126.3245503,33.9856302],[126.3242858,33.9855544],[126.3242279,33.9854957],[126.3242823,33.9853992],[126.324027,33.9851646],[126.3236322,33.9855396],[126.3233743,33.9849859],[126.3232229,33.9848701],[126.3231461,33.9849428],[126.3230143,33.9848836],[126.3228324,33.9850104],[126.3228035,33.9851693],[126.3226299,33.9852078],[126.322616,33.9853514],[126.3227325,33.9855468],[126.3225086,33.9854431],[126.322237,33.9854858],[126.3222165,33.9853649],[126.3220356,33.9853873],[126.3220553,33.9855343],[126.3215652,33.9856993],[126.3214366,33.9858201],[126.3212958,33.985756],[126.3210454,33.9857902],[126.3204237,33.9860644],[126.3201626,33.986372],[126.320193,33.9864622],[126.3199047,33.9865272],[126.3196256,33.9867087],[126.319242,33.9871236],[126.3192465,33.9873942],[126.3190905,33.987363],[126.3188044,33.9876219],[126.3187514,33.9879187],[126.3188133,33.9880103],[126.3187257,33.9881081],[126.3190149,33.9882974],[126.3186799,33.9883654],[126.3179117,33.9887898],[126.3174265,33.988897],[126.3171816,33.9890429],[126.317126,33.9892092]]],[[[126.3810967,33.990701],[126.3807385,33.9906628],[126.3807242,33.9906032],[126.3802968,33.9906586],[126.3797284,33.9909601],[126.3796746,33.99106],[126.3800067,33.9912087],[126.3803381,33.9912484],[126.3810602,33.990926],[126.3810967,33.990701]]],[[[126.2503493,33.9901815],[126.2512553,33.9896256],[126.251147,33.9893946],[126.2513752,33.9892892],[126.2512703,33.9891051],[126.2515435,33.9890871],[126.2520391,33.9889018],[126.2521198,33.9884852],[126.2519968,33.9882931],[126.2519657,33.9880342],[126.2521528,33.9879133],[126.2521091,33.98779],[126.2524449,33.9877784],[126.2532487,33.9874562],[126.2531175,33.9874043],[126.2528098,33.9874468],[126.2522576,33.9871698],[126.2524792,33.9869986],[126.2524159,33.9869146],[126.2525216,33.9866393],[126.2522143,33.9862778],[126.2521503,33.9857725],[126.2520132,33.9857386],[126.2517747,33.9858541],[126.2517,33.9860784],[126.2515089,33.9858838],[126.2510214,33.9857996],[126.2506439,33.9859213],[126.2507366,33.9857822],[126.2505315,33.985523],[126.2502001,33.9855159],[126.2504078,33.9853494],[126.2503175,33.9851578],[126.2499096,33.9853809],[126.2500432,33.9858198],[126.2503351,33.9860985],[126.2503306,33.9863771],[126.2497485,33.986216],[126.2496171,33.986295],[126.2494454,33.9862707],[126.2493052,33.9864387],[126.2493987,33.9866138],[126.2492134,33.9866506],[126.249277,33.9867132],[126.2484922,33.986672],[126.2481952,33.9867383],[126.2478387,33.9866758],[126.2476855,33.9868112],[126.247458,33.9867856],[126.2473877,33.9868712],[126.2472705,33.9868501],[126.2474684,33.9871917],[126.2472512,33.9870484],[126.2467823,33.9870461],[126.2467101,33.9869922],[126.246344,33.9871525],[126.2461805,33.9870835],[126.245928,33.9873444],[126.2460319,33.9874561],[126.246788,33.9877572],[126.2469011,33.9883522],[126.2470045,33.988489],[126.2473612,33.9885837],[126.2481591,33.9884929],[126.2488485,33.9889491],[126.2489816,33.9891113],[126.248948,33.9897341],[126.2490887,33.98988],[126.2496624,33.9899879],[126.2497401,33.9901436],[126.2499014,33.9901733],[126.2503493,33.9901815]]],[[[126.3623619,33.9913164],[126.3625072,33.9911594],[126.3627368,33.9910849],[126.3627345,33.9910088],[126.362582,33.9909326],[126.3623264,33.9910108],[126.3622379,33.9909324],[126.36218,33.9910248],[126.3623318,33.9912057],[126.3622832,33.9912955],[126.3623619,33.9913164]]],[[[126.3623066,33.9914026],[126.3622806,33.9913638],[126.3622634,33.9913935],[126.3623066,33.9914026]]],[[[126.3630072,33.9920718],[126.362925,33.9920267],[126.3629244,33.9920661],[126.3630072,33.9920718]]],[[[126.3792821,33.9919901],[126.3795204,33.9920435],[126.3795956,33.9919949],[126.3796077,33.9916067],[126.3795315,33.9914696],[126.379671,33.9914188],[126.3796099,33.9912197],[126.3794069,33.9911486],[126.3788268,33.9911368],[126.3787596,33.9909374],[126.3780225,33.9912758],[126.3776933,33.9916215],[126.3776315,33.9919202],[126.3777399,33.9921774],[126.3781815,33.992286],[126.3786469,33.9922657],[126.3790234,33.9920378],[126.3792821,33.9919901]]],[[[126.3626225,33.9920216],[126.3622888,33.9921021],[126.3623064,33.9922596],[126.3628007,33.9921658],[126.3626225,33.9920216]]],[[[126.3635824,33.9923303],[126.3635145,33.9922955],[126.3635426,33.9923414],[126.3635824,33.9923303]]],[[[126.3709888,33.9924212],[126.3717333,33.9922678],[126.3718103,33.9923682],[126.372235,33.992395],[126.3729173,33.9922996],[126.3729678,33.992437],[126.3730679,33.9924499],[126.3734597,33.9923167],[126.3735945,33.9920924],[126.3734859,33.991981],[126.3733062,33.9919557],[126.3733204,33.9918336],[126.3722509,33.9916661],[126.371681,33.9919719],[126.3713241,33.9919372],[126.3710827,33.9920314],[126.3709888,33.9924212]]],[[[126.3633815,33.9924035],[126.3632546,33.9923827],[126.3632484,33.9924134],[126.3633815,33.9924035]]],[[[126.3632101,33.9923565],[126.3630555,33.9923831],[126.3629966,33.9924446],[126.3631018,33.9924413],[126.3632101,33.9923565]]],[[[126.3629072,33.9922279],[126.3625888,33.992258],[126.3625152,33.992305],[126.3625614,33.9923731],[126.3623453,33.9924473],[126.3624218,33.9924803],[126.3630688,33.9922853],[126.3629072,33.9922279]]],[[[126.3628558,33.992424],[126.3627037,33.9924412],[126.3625142,33.9925723],[126.3627299,33.9925612],[126.3628558,33.992424]]],[[[126.3641639,33.9925578],[126.3643757,33.9924358],[126.3643602,33.992316],[126.3637901,33.9923506],[126.363537,33.992517],[126.3636788,33.9926127],[126.3641639,33.9925578]]],[[[126.3752917,33.9927889],[126.3763962,33.9925617],[126.3764205,33.992387],[126.3762701,33.9921596],[126.3760699,33.9921383],[126.3756604,33.9924159],[126.3755493,33.9923982],[126.3748952,33.9926463],[126.3752917,33.9927889]]],[[[126.3919681,33.9928435],[126.3922831,33.9924988],[126.3922497,33.9923671],[126.3913852,33.9925355],[126.3910699,33.9927248],[126.3910728,33.9927895],[126.3908926,33.992817],[126.390782,33.9930194],[126.3912224,33.9931006],[126.3919681,33.9928435]]],[[[126.3917132,33.9932804],[126.3915473,33.9931803],[126.3912516,33.9932477],[126.3914489,33.993319],[126.3917132,33.9932804]]],[[[126.3184702,33.9929386],[126.3185896,33.9929208],[126.3184807,33.9928901],[126.3184702,33.9929386]]],[[[126.318737,33.9930073],[126.3187304,33.9929572],[126.3186902,33.9929879],[126.318737,33.9930073]]],[[[126.3208656,33.9932385],[126.3207678,33.9931789],[126.3207475,33.993246],[126.3208656,33.9932385]]],[[[126.3209053,33.9933218],[126.3208539,33.993282],[126.3208369,33.9932935],[126.3209053,33.9933218]]],[[[126.3209372,33.9933603],[126.3208752,33.9933367],[126.3208679,33.9933536],[126.3209372,33.9933603]]],[[[126.3209235,33.9933975],[126.3208792,33.9933915],[126.320924,33.993406],[126.3209235,33.9933975]]],[[[126.3660485,33.9951459],[126.3659361,33.9952106],[126.3659287,33.9952676],[126.3660172,33.9952688],[126.3660485,33.9951459]]],[[[126.3661268,33.9953133],[126.3660602,33.9952892],[126.3660382,33.9953401],[126.3661268,33.9953133]]],[[[126.3915374,33.9954838],[126.3919768,33.9955327],[126.3926758,33.9953578],[126.3934038,33.9953718],[126.3936579,33.9952849],[126.393604,33.9950501],[126.3938126,33.994786],[126.393757,33.994669],[126.3938546,33.9944841],[126.3940115,33.9943541],[126.3939814,33.9941127],[126.3938461,33.9940722],[126.3936285,33.9941334],[126.3935978,33.9940376],[126.3934084,33.9941533],[126.3931871,33.9939655],[126.392664,33.9940297],[126.3927761,33.9938482],[126.3925884,33.9936956],[126.3919601,33.9938702],[126.3916671,33.9943138],[126.3912727,33.9946661],[126.3914604,33.9947745],[126.3913724,33.9955653],[126.3915374,33.9954838]]],[[[126.364384,33.9971741],[126.3651262,33.9970847],[126.3653884,33.9969107],[126.3653863,33.9966854],[126.365174,33.9965881],[126.3654962,33.9964569],[126.3655674,33.9960903],[126.3652053,33.9961179],[126.3649428,33.9963099],[126.3648889,33.9965346],[126.3650534,33.9966475],[126.3647559,33.9967119],[126.3646077,33.9969201],[126.3643501,33.9970183],[126.364384,33.9971741]]],[[[126.3651303,33.9973346],[126.3649795,33.997283],[126.3648796,33.9973554],[126.3650541,33.9974084],[126.3651303,33.9973346]]],[[[126.3004436,33.9978298],[126.3007614,33.9978275],[126.3007851,33.9977752],[126.3004436,33.9978298]]],[[[126.3002543,33.9979243],[126.3002217,33.9979046],[126.3002282,33.9979368],[126.3002543,33.9979243]]],[[[126.3000964,33.9981581],[126.3006173,33.9980958],[126.3006188,33.9979904],[126.3004391,33.9979525],[126.3006023,33.9978926],[126.3003344,33.997916],[126.3000964,33.9981581]]],[[[126.3661528,34.0025248],[126.36599,34.0025104],[126.3657598,34.0026089],[126.3657438,34.0026985],[126.3661012,34.0026644],[126.3661528,34.0025248]]],[[[126.3676596,34.0027572],[126.3686118,34.0026821],[126.3687335,34.0026139],[126.3686468,34.0025397],[126.3682537,34.002561],[126.3677796,34.0024819],[126.3676155,34.0025032],[126.3675391,34.0026347],[126.3676596,34.0027572]]],[[[126.3491145,34.0040961],[126.3490766,34.0040487],[126.3490321,34.0040918],[126.3491145,34.0040961]]],[[[126.3487927,34.003932],[126.3486605,34.0039406],[126.3484652,34.0041067],[126.3485567,34.0040883],[126.3487927,34.003932]]],[[[126.3499114,34.0046092],[126.349879,34.0046219],[126.3499041,34.0046235],[126.3499114,34.0046092]]],[[[126.360706,34.0061426],[126.3611722,34.0062016],[126.3612968,34.0060925],[126.3608449,34.0057291],[126.3606797,34.0057799],[126.3606719,34.0059831],[126.3605318,34.0059643],[126.3602717,34.0063346],[126.3603279,34.0065809],[126.3604682,34.0066726],[126.3606547,34.0066299],[126.360706,34.0061426]]],[[[126.3595205,34.0068705],[126.3598101,34.0065101],[126.3598057,34.0062706],[126.3599993,34.0062672],[126.3601458,34.0060803],[126.3599691,34.005593],[126.3595436,34.0055945],[126.3594184,34.0056602],[126.3592327,34.0056206],[126.3592225,34.0055106],[126.3588728,34.0053366],[126.3583866,34.0053224],[126.3581852,34.005642],[126.3582007,34.0058147],[126.3583529,34.0060156],[126.3579356,34.0062292],[126.3579607,34.0063178],[126.3580901,34.0063324],[126.3579134,34.0065796],[126.3580067,34.0065713],[126.3582441,34.0067961],[126.3586897,34.0068526],[126.3586789,34.0066828],[126.3588497,34.0068257],[126.3592176,34.0069125],[126.3595205,34.0068705]]],[[[126.3295291,34.0108896],[126.3293206,34.0109295],[126.3292642,34.0110378],[126.3295413,34.011063],[126.3296064,34.0109535],[126.3295291,34.0108896]]],[[[126.3294874,34.0111232],[126.3293123,34.0111544],[126.3292578,34.011209],[126.3294538,34.0112343],[126.3294874,34.0111232]]],[[[126.3292861,34.0113133],[126.3292371,34.0112742],[126.3292304,34.0113361],[126.3292861,34.0113133]]],[[[126.3132284,34.0120856],[126.3133661,34.0120558],[126.3133686,34.0120416],[126.3132284,34.0120856]]],[[[126.3129737,34.0120985],[126.3128561,34.0121119],[126.3128322,34.0121651],[126.3129736,34.0121478],[126.3129737,34.0120985]]],[[[126.3274175,34.0108253],[126.3272338,34.0109639],[126.3273609,34.011086],[126.3272097,34.0113526],[126.3273496,34.0118041],[126.3273075,34.0119622],[126.3271373,34.0121063],[126.3271577,34.0124835],[126.3272554,34.0126727],[126.3273543,34.0127068],[126.327468,34.0125905],[126.3273727,34.012169],[126.3276387,34.0116564],[126.3276559,34.0114407],[126.3279028,34.0112047],[126.3277584,34.0109504],[126.3274175,34.0108253]]],[[[126.3343308,34.0128669],[126.3347922,34.012763],[126.335329,34.0124644],[126.3356074,34.0124644],[126.3357622,34.012363],[126.3357693,34.0124463],[126.335836,34.0124415],[126.3358827,34.0122899],[126.3363884,34.0123625],[126.3368922,34.0122918],[126.3369879,34.0121794],[126.3373213,34.012083],[126.3374193,34.01195],[126.3371633,34.01193],[126.3375601,34.0117574],[126.3379923,34.011407],[126.3383545,34.0112811],[126.3385219,34.0111436],[126.3385652,34.0112934],[126.3387763,34.0113671],[126.3390296,34.0112755],[126.3392437,34.0113017],[126.3401445,34.0111084],[126.3402353,34.0111421],[126.3406419,34.0110189],[126.3411803,34.0110366],[126.3418846,34.0108228],[126.3418095,34.0109342],[126.3420515,34.0107651],[126.34221,34.0107817],[126.3422873,34.0106477],[126.3423089,34.0107471],[126.3423799,34.0107219],[126.3424714,34.0108465],[126.3426638,34.0108535],[126.3428654,34.0107578],[126.3430076,34.0108895],[126.3430076,34.0109962],[126.3431207,34.0110441],[126.3432083,34.0110183],[126.3431831,34.0108877],[126.3434668,34.0109286],[126.3435435,34.0108571],[126.3441183,34.0107499],[126.3443332,34.0105699],[126.3446545,34.0105531],[126.3448341,34.0104515],[126.344674,34.010432],[126.344951,34.0103097],[126.3452396,34.0102865],[126.345539,34.0100968],[126.3454744,34.0100538],[126.3456197,34.0099662],[126.3456581,34.0098111],[126.3455326,34.0097762],[126.3457957,34.0097113],[126.3458818,34.0095684],[126.3468026,34.0095838],[126.3468104,34.0094737],[126.3469255,34.0094713],[126.3468357,34.0094103],[126.3469917,34.0094031],[126.3469709,34.0093275],[126.3478523,34.0087862],[126.3483349,34.008622],[126.3486116,34.0083991],[126.3488482,34.0084112],[126.3488322,34.0083489],[126.3492704,34.0082638],[126.349392,34.0081423],[126.349385,34.0078617],[126.3502248,34.0075828],[126.3512483,34.0075261],[126.3515902,34.0074059],[126.3519146,34.0071183],[126.352709,34.0068067],[126.3528143,34.0067102],[126.3528676,34.0064725],[126.3530271,34.0063432],[126.353065,34.0059613],[126.3528428,34.0058441],[126.3525663,34.0059121],[126.3524586,34.0056959],[126.3525309,34.0056291],[126.3520269,34.0053677],[126.3516885,34.0052725],[126.351593,34.0053115],[126.3517285,34.0054421],[126.3514775,34.0053918],[126.3511072,34.0051964],[126.3509443,34.005197],[126.3508996,34.0051187],[126.350598,34.0051059],[126.3504119,34.0049412],[126.3505046,34.0048811],[126.3504618,34.0048387],[126.3502698,34.004868],[126.3500389,34.004701],[126.349787,34.0046984],[126.3498554,34.0046671],[126.3497893,34.0046311],[126.3490995,34.0045946],[126.3490859,34.0045117],[126.3487921,34.0044148],[126.3488393,34.0041523],[126.3486601,34.0041299],[126.3483661,34.0042302],[126.3483855,34.0041179],[126.3482041,34.004015],[126.3482162,34.0039175],[126.3481224,34.0039148],[126.3481866,34.0038541],[126.3480786,34.0036627],[126.3476391,34.0035764],[126.3474163,34.003661],[126.3474143,34.0037385],[126.3470851,34.0038454],[126.3470624,34.00392],[126.3469015,34.0038898],[126.3469611,34.0039471],[126.3465924,34.0040147],[126.3464835,34.0042241],[126.3465739,34.0043979],[126.3466954,34.0045132],[126.3468681,34.0044719],[126.3468597,34.0045361],[126.3470094,34.0045806],[126.3470121,34.0047273],[126.3467344,34.0048386],[126.3467724,34.0049248],[126.3465958,34.0049946],[126.3466372,34.0050434],[126.3464456,34.0051989],[126.3464853,34.005262],[126.3463275,34.0052626],[126.3462544,34.0054247],[126.346008,34.0054796],[126.345959,34.0057739],[126.3456388,34.0058892],[126.3455175,34.0060874],[126.3452105,34.0060963],[126.3448984,34.0063297],[126.3440189,34.0066928],[126.3440943,34.0067216],[126.3440647,34.0067854],[126.3436329,34.0071565],[126.3434691,34.0071697],[126.3434598,34.0073166],[126.3432475,34.0073321],[126.3432265,34.0075061],[126.3429656,34.0076072],[126.3429381,34.0076863],[126.3428822,34.0075758],[126.3427673,34.0075821],[126.3422629,34.0079506],[126.34213,34.0079788],[126.3421618,34.0078662],[126.3416264,34.0078569],[126.3415891,34.0077862],[126.3414615,34.0078166],[126.341146,34.0077278],[126.3407797,34.0077909],[126.3407824,34.0076482],[126.340967,34.0074666],[126.3407576,34.0074113],[126.3406633,34.0076809],[126.3400277,34.0080075],[126.3397913,34.008044],[126.3398899,34.0079327],[126.339641,34.0080501],[126.3395971,34.0082227],[126.33918,34.0083122],[126.3390475,34.008447],[126.3391228,34.0084789],[126.3390688,34.008655],[126.3387579,34.0088279],[126.3381482,34.0088645],[126.3380048,34.0088389],[126.3380326,34.0087723],[126.3374689,34.0086692],[126.3369669,34.0087352],[126.3368038,34.0086924],[126.3368245,34.0087775],[126.3363832,34.0087403],[126.3363824,34.0088],[126.3358281,34.0088511],[126.3356595,34.0090053],[126.3356228,34.0089341],[126.3355489,34.0090335],[126.3353122,34.0090549],[126.3351363,34.008929],[126.334957,34.0089319],[126.3350591,34.0088479],[126.3349864,34.0088001],[126.3346461,34.0088454],[126.3346246,34.0087817],[126.3345177,34.0087999],[126.334511,34.0086891],[126.3342139,34.0087087],[126.3341935,34.0087803],[126.3335528,34.008965],[126.3334413,34.0092066],[126.3321776,34.0096161],[126.331922,34.0098236],[126.3314469,34.0100339],[126.3307589,34.0100604],[126.3304901,34.0101367],[126.330297,34.0102247],[126.3301984,34.0103683],[126.3300152,34.0103689],[126.3297017,34.010578],[126.3296617,34.0108623],[126.3303411,34.0113334],[126.3306171,34.0113443],[126.3312689,34.0111661],[126.331675,34.0113183],[126.3318643,34.0114769],[126.3320686,34.0114983],[126.3322207,34.0113743],[126.3323584,34.0113507],[126.3324869,34.0114439],[126.3327401,34.0113226],[126.3326302,34.0115548],[126.3327249,34.0121385],[126.3329605,34.0123225],[126.3329395,34.0124072],[126.3331271,34.0124267],[126.3331024,34.0125304],[126.3334302,34.012558],[126.3333903,34.012676],[126.3337956,34.0126762],[126.3343308,34.0128669]]],[[[126.3114732,34.0128439],[126.3108888,34.0130019],[126.310904,34.0131558],[126.3111241,34.0131969],[126.3114732,34.0128439]]]]}},{"type":"Feature","properties":{"level":"sig","code":"50130","name":"제주도 서귀포시","sig_cd":"50130","base_date":"20260701"},"geometry":{"type":"MultiPolygon","coordinates":[[[[126.2684597,33.1125001],[126.2681492,33.1126406],[126.2682018,33.1127581],[126.2684196,33.1127646],[126.2685161,33.1125785],[126.2684597,33.1125001]]],[[[126.2646731,33.1157717],[126.2649553,33.1156931],[126.2649513,33.1156237],[126.2647701,33.1156899],[126.2645732,33.1156019],[126.2645745,33.1157327],[126.2646731,33.1157717]]],[[[126.2648695,33.1162558],[126.2646679,33.1161639],[126.2646062,33.1161943],[126.264737,33.1162455],[126.2647802,33.1163887],[126.2648695,33.1162558]]],[[[126.2646707,33.1169098],[126.2648079,33.1169659],[126.2648337,33.1168536],[126.2645342,33.1167821],[126.2644283,33.1169142],[126.2645645,33.1170204],[126.2646707,33.1169098]]],[[[126.2648197,33.1170626],[126.2647138,33.1170696],[126.2648153,33.1170851],[126.2648197,33.1170626]]],[[[126.2665046,33.121685],[126.266429,33.1216979],[126.2663565,33.1217711],[126.2664636,33.1217644],[126.2665046,33.121685]]],[[[126.27017,33.1228576],[126.2700437,33.1228469],[126.2699683,33.1229615],[126.2701304,33.1229589],[126.27017,33.1228576]]],[[[126.2698665,33.1235486],[126.2696218,33.1233893],[126.2696363,33.1234994],[126.2698665,33.1235486]]],[[[126.269555,33.1235056],[126.2694622,33.1235127],[126.269412,33.1235478],[126.2695111,33.1235806],[126.269555,33.1235056]]],[[[126.2695389,33.1219609],[126.2699018,33.1220624],[126.2698944,33.122191],[126.2700463,33.122276],[126.2702112,33.1225304],[126.2703668,33.1225238],[126.2704009,33.1223895],[126.2701486,33.1218453],[126.2700877,33.1218287],[126.2700006,33.1220017],[126.2694699,33.1218363],[126.2694111,33.121906],[126.2693486,33.1218118],[126.2693497,33.1216789],[126.2696513,33.121216],[126.2696902,33.1209335],[126.2695088,33.1207477],[126.2693902,33.1198094],[126.2695771,33.118926],[126.2697415,33.1185547],[126.2696888,33.1180897],[126.2698976,33.1173744],[126.2699703,33.1162328],[126.2695788,33.1149038],[126.2695726,33.1146463],[126.2696837,33.1144846],[126.2694953,33.1143407],[126.2691848,33.1138883],[126.2692504,33.1135905],[126.2691148,33.113503],[126.2689298,33.1135481],[126.2690301,33.113287],[126.2688095,33.1132185],[126.2688316,33.1131612],[126.2689862,33.1131621],[126.2687659,33.1128516],[126.2685597,33.1128504],[126.2682761,33.1131582],[126.2676076,33.1131084],[126.26712,33.113349],[126.2665537,33.113862],[126.2658175,33.1147925],[126.265786,33.1149868],[126.2655419,33.1152415],[126.265605,33.1154973],[126.2651703,33.1153793],[126.2650432,33.1153707],[126.2649815,33.1154437],[126.2652246,33.1155881],[126.2655434,33.1155529],[126.2653039,33.1164636],[126.2650351,33.1167846],[126.2651641,33.116975],[126.2650629,33.1170951],[126.2653638,33.1172085],[126.2652851,33.1175717],[126.2653467,33.1176552],[126.265141,33.1177471],[126.2649993,33.1179439],[126.2648341,33.1179065],[126.2647499,33.1179851],[126.2649462,33.1180213],[126.2651235,33.1184058],[126.265483,33.1185723],[126.2656775,33.1187848],[126.2656781,33.1189115],[126.2654055,33.1192821],[126.2659196,33.1198589],[126.2659178,33.1200801],[126.2656482,33.1203052],[126.2660367,33.1203817],[126.2662331,33.1205661],[126.2663103,33.1210858],[126.2666956,33.1213484],[126.2667156,33.1217369],[126.2668512,33.1219315],[126.267003,33.1220779],[126.2673085,33.1221497],[126.267595,33.1224957],[126.2681123,33.1236869],[126.2682245,33.1237981],[126.2684135,33.1238706],[126.2686649,33.1238441],[126.2690724,33.1232335],[126.2690764,33.1227549],[126.2694015,33.1224601],[126.2695389,33.1219609]]],[[[126.2677716,33.1239649],[126.2676615,33.1239826],[126.2676556,33.1240212],[126.267764,33.124018],[126.2677716,33.1239649]]],[[[126.2695488,33.1239861],[126.2691915,33.1238628],[126.2690336,33.1239678],[126.2694007,33.1239801],[126.2695034,33.1240526],[126.2695488,33.1239861]]],[[[126.2692051,33.1240475],[126.2691087,33.1241009],[126.2692845,33.1242225],[126.2693071,33.1241762],[126.2692051,33.1240475]]],[[[126.2687178,33.1240636],[126.2686531,33.1241505],[126.2687215,33.1242176],[126.2687741,33.1241437],[126.2687178,33.1240636]]],[[[126.2695359,33.1241462],[126.2694223,33.1242305],[126.2695883,33.1242741],[126.2696181,33.1241799],[126.2695359,33.1241462]]],[[[126.2682317,33.1239848],[126.2679078,33.1241454],[126.2679125,33.1242363],[126.2680569,33.1242851],[126.2682317,33.1239848]]],[[[126.2677234,33.1243666],[126.2676243,33.1243482],[126.2677037,33.1243958],[126.2677234,33.1243666]]],[[[126.2722323,33.1620517],[126.2718611,33.161903],[126.2714314,33.1619801],[126.2707666,33.1618239],[126.2706376,33.1618918],[126.270992,33.162095],[126.2716876,33.1619824],[126.2721639,33.1621097],[126.2722323,33.1620517]]],[[[126.2712164,33.1624029],[126.2711065,33.1623515],[126.2710573,33.1624414],[126.2712164,33.1624029]]],[[[126.2706219,33.1628481],[126.2705604,33.1628489],[126.2706335,33.1628618],[126.2706219,33.1628481]]],[[[126.2726665,33.1636583],[126.2726074,33.1633753],[126.2724605,33.1632922],[126.2723752,33.1633543],[126.2724427,33.1635046],[126.2725455,33.1636146],[126.2726665,33.1636583]]],[[[126.2715185,33.1635771],[126.2714455,33.1636113],[126.2714252,33.1636663],[126.2715055,33.1636524],[126.2715185,33.1635771]]],[[[126.2693514,33.1643326],[126.2693851,33.1642937],[126.2693103,33.1643017],[126.2693514,33.1643326]]],[[[126.2686654,33.1648659],[126.268607,33.1648013],[126.2686341,33.1648739],[126.2686654,33.1648659]]],[[[126.2685985,33.1650151],[126.2685644,33.1649739],[126.2685492,33.1649849],[126.2685985,33.1650151]]],[[[126.2685301,33.1652214],[126.2685017,33.1652249],[126.2685326,33.1652335],[126.2685301,33.1652214]]],[[[126.2796075,33.1674159],[126.2795536,33.1673274],[126.2792834,33.1673349],[126.279089,33.1674715],[126.2790999,33.1676016],[126.2793123,33.1676449],[126.2796075,33.1674159]]],[[[126.2774765,33.1678737],[126.2774548,33.1678514],[126.2774466,33.1678676],[126.2774765,33.1678737]]],[[[126.2650221,33.1681785],[126.2649995,33.1681533],[126.2649891,33.168178],[126.2650221,33.1681785]]],[[[126.2644096,33.1683078],[126.2643794,33.1682692],[126.2643596,33.1683127],[126.2644096,33.1683078]]],[[[126.2873551,33.168677],[126.2873207,33.1686084],[126.2873042,33.1686616],[126.2873551,33.168677]]],[[[126.263952,33.1701228],[126.2638735,33.1702021],[126.2638852,33.1702457],[126.2639607,33.1701808],[126.263952,33.1701228]]],[[[126.264403,33.1705818],[126.2643847,33.1705358],[126.2643307,33.1705642],[126.264403,33.1705818]]],[[[126.2641709,33.1707282],[126.2641041,33.1707564],[126.2640965,33.1707808],[126.2641469,33.1707781],[126.2641709,33.1707282]]],[[[126.2636998,33.1716328],[126.263761,33.1715999],[126.2637127,33.1715844],[126.2636998,33.1716328]]],[[[126.2661958,33.1723902],[126.2661495,33.1723648],[126.2661757,33.1724045],[126.2661958,33.1723902]]],[[[126.2660521,33.172595],[126.2661223,33.1725469],[126.2660463,33.1725622],[126.2660521,33.172595]]],[[[126.2906674,33.1734381],[126.290983,33.1734007],[126.2912144,33.1732648],[126.2912039,33.1731512],[126.291327,33.1731442],[126.2913073,33.1725862],[126.2911786,33.172623],[126.2909599,33.1728834],[126.2908173,33.1731365],[126.2908548,33.1732565],[126.2906281,33.1732978],[126.2906674,33.1734381]]],[[[126.2678874,33.1734947],[126.2678568,33.1734577],[126.2678404,33.1734794],[126.2678874,33.1734947]]],[[[126.2681765,33.1734558],[126.2680778,33.1734956],[126.2680601,33.1735223],[126.268103,33.1735222],[126.2681765,33.1734558]]],[[[126.2675772,33.1735318],[126.2674482,33.1734371],[126.2673261,33.1735036],[126.2675201,33.1735696],[126.2675772,33.1735318]]],[[[126.2686672,33.1736751],[126.2686319,33.1736532],[126.2686187,33.1736653],[126.2686672,33.1736751]]],[[[126.2679877,33.1737392],[126.2678666,33.1737542],[126.2678424,33.1737832],[126.2679523,33.1737979],[126.2679877,33.1737392]]],[[[126.2686202,33.1738817],[126.2687332,33.1738638],[126.2687857,33.1738404],[126.2686627,33.1738479],[126.2686202,33.1738817]]],[[[126.26919,33.1749352],[126.2691085,33.174921],[126.2691874,33.1749665],[126.26919,33.1749352]]],[[[126.2696036,33.1748697],[126.2693964,33.1749511],[126.269404,33.1749974],[126.2694712,33.174993],[126.2696036,33.1748697]]],[[[126.2729418,33.1750606],[126.2728963,33.1750252],[126.2728846,33.175038],[126.2729418,33.1750606]]],[[[126.2690989,33.1750791],[126.2690249,33.1750831],[126.2690302,33.1751116],[126.2690989,33.1750791]]],[[[126.272768,33.175085],[126.2726983,33.1751373],[126.272701,33.1751645],[126.2727705,33.1751504],[126.272768,33.175085]]],[[[126.2722431,33.1752205],[126.272336,33.1751963],[126.272234,33.1752077],[126.2722431,33.1752205]]],[[[126.2699925,33.1747807],[126.270371,33.1746691],[126.2705583,33.1749596],[126.2711472,33.1749549],[126.2713198,33.1759894],[126.271435,33.1759944],[126.2715169,33.1760894],[126.2716162,33.1760524],[126.2715826,33.175806],[126.2715003,33.1754727],[126.271335,33.175321],[126.2712624,33.1746843],[126.271713,33.1748258],[126.2728799,33.1747864],[126.273233,33.1748444],[126.2732888,33.1747454],[126.2740322,33.1743985],[126.2743086,33.1743735],[126.274504,33.1744978],[126.2746325,33.1744882],[126.27469,33.1743351],[126.2744327,33.1740635],[126.2744342,33.1738816],[126.2746729,33.173382],[126.2753213,33.1728553],[126.2752639,33.1727556],[126.2755126,33.1724576],[126.2760167,33.1722772],[126.276282,33.1719876],[126.2764148,33.1720178],[126.2763545,33.1718719],[126.2767248,33.1713534],[126.2774277,33.1708705],[126.2776474,33.1708718],[126.2778814,33.1707444],[126.2783308,33.1703215],[126.278881,33.1694279],[126.2790791,33.16821],[126.2790358,33.1679534],[126.278868,33.1678433],[126.2781713,33.1677847],[126.2775422,33.1681793],[126.276825,33.168246],[126.2760257,33.1680395],[126.2751258,33.1676457],[126.2749991,33.1674799],[126.274708,33.1673855],[126.2743767,33.1671545],[126.2746655,33.1669301],[126.274662,33.1664276],[126.2750605,33.1663706],[126.2754912,33.1664352],[126.2754746,33.1663437],[126.2751229,33.166327],[126.2751353,33.1662165],[126.2750438,33.1661934],[126.2750127,33.1662835],[126.2741451,33.1664155],[126.2740929,33.1663783],[126.2741839,33.1660542],[126.2734922,33.1656954],[126.273539,33.1655868],[126.2733889,33.1655475],[126.2732895,33.1656278],[126.2727688,33.1654893],[126.2728625,33.165225],[126.2728077,33.1652091],[126.2727039,33.1654754],[126.2722773,33.1652589],[126.2723612,33.1649721],[126.272575,33.1650062],[126.2728773,33.1648179],[126.2733821,33.1649231],[126.273425,33.1653922],[126.273535,33.1653968],[126.2736043,33.1651364],[126.2744301,33.1653092],[126.2750245,33.1658914],[126.2752716,33.1660114],[126.2758284,33.1658746],[126.2762639,33.165979],[126.2762975,33.1658799],[126.2758063,33.1657499],[126.2752044,33.1658987],[126.2745845,33.1652729],[126.2736418,33.1650646],[126.2734629,33.1648082],[126.2731944,33.1647015],[126.2728548,33.164677],[126.2725815,33.1647898],[126.2718323,33.1645851],[126.2711106,33.1640228],[126.2710412,33.1638867],[126.2699833,33.1644185],[126.2696154,33.164525],[126.2690174,33.1649216],[126.2687913,33.1651404],[126.2687391,33.1657673],[126.2685959,33.1661625],[126.2683064,33.1664394],[126.2679646,33.166996],[126.2675794,33.1672932],[126.266136,33.1679761],[126.2649785,33.1686942],[126.2644458,33.1693152],[126.2643968,33.1696018],[126.2645751,33.1701781],[126.2648178,33.170598],[126.2653371,33.1711902],[126.2657567,33.1713536],[126.2659449,33.1715423],[126.2664724,33.1725446],[126.2669807,33.1728464],[126.2670772,33.1727525],[126.2673811,33.1727333],[126.2676528,33.1729749],[126.2678067,33.1729814],[126.2680198,33.1731646],[126.2681864,33.1734497],[126.2684085,33.1736308],[126.2685698,33.1735714],[126.2687106,33.1736534],[126.2688198,33.1736247],[126.2690669,33.1737248],[126.2690662,33.173808],[126.2691862,33.1736898],[126.2695318,33.173859],[126.2695737,33.1739917],[126.2693259,33.1740965],[126.2688138,33.1748737],[126.2689331,33.1749129],[126.2694104,33.1741501],[126.269519,33.174099],[126.269625,33.1741514],[126.2698094,33.1745947],[126.269464,33.1747061],[126.2694633,33.1747858],[126.2697518,33.1747231],[126.2698458,33.1746145],[126.2705394,33.1761874],[126.2706942,33.176201],[126.2699925,33.1747807]]],[[[126.2695242,33.1944686],[126.2694724,33.1945115],[126.269511,33.1945731],[126.2695801,33.1945262],[126.2695242,33.1944686]]],[[[126.2698814,33.1946317],[126.2697754,33.1944935],[126.2696596,33.1945678],[126.2698035,33.1946481],[126.2698814,33.1946317]]],[[[126.2689459,33.1945509],[126.2687825,33.1945583],[126.268837,33.194653],[126.2689459,33.1945509]]],[[[126.2651865,33.1955794],[126.2651482,33.1955471],[126.2651443,33.1955663],[126.2651865,33.1955794]]],[[[126.2745603,33.1956158],[126.2746796,33.1956418],[126.2748115,33.195555],[126.2745082,33.1955299],[126.2744529,33.1956844],[126.2745603,33.1956158]]],[[[126.2679407,33.1956306],[126.2679701,33.1955591],[126.2677374,33.1955342],[126.2677678,33.1956139],[126.2679407,33.1956306]]],[[[126.2654172,33.1957015],[126.2653197,33.1956512],[126.2653515,33.1957181],[126.2654172,33.1957015]]],[[[126.2655056,33.1957182],[126.2654103,33.1956491],[126.2655146,33.1957953],[126.2655056,33.1957182]]],[[[126.2652269,33.1958363],[126.2651854,33.1958145],[126.2652133,33.1958551],[126.2652269,33.1958363]]],[[[126.2654829,33.1959164],[126.2654515,33.1958962],[126.2654545,33.1959263],[126.2654829,33.1959164]]],[[[126.2656166,33.1960142],[126.2655267,33.1960137],[126.2656117,33.1960812],[126.2656166,33.1960142]]],[[[126.2757738,33.1971429],[126.2756813,33.1972345],[126.2757322,33.1973142],[126.2758208,33.1972829],[126.2757738,33.1971429]]],[[[126.274947,33.1977988],[126.2752155,33.1977866],[126.2752177,33.1976445],[126.2750611,33.1975564],[126.2749111,33.1976001],[126.274947,33.1977988]]],[[[126.2755543,33.1976184],[126.275405,33.1976366],[126.2752706,33.1977459],[126.275444,33.1977996],[126.2755543,33.1976184]]],[[[126.2630128,33.1978532],[126.2629389,33.1978232],[126.2629566,33.1978785],[126.2630128,33.1978532]]],[[[126.2628105,33.1978979],[126.2627576,33.1979178],[126.2627991,33.1979275],[126.2628105,33.1978979]]],[[[126.2625392,33.1980661],[126.2624621,33.1980931],[126.2625033,33.1982073],[126.2625762,33.1981528],[126.2625392,33.1980661]]],[[[126.2626489,33.1982495],[126.2624975,33.1982751],[126.2624473,33.1983115],[126.2626161,33.1983572],[126.2626489,33.1982495]]],[[[126.2619881,33.1986251],[126.2618744,33.1986114],[126.261976,33.1986813],[126.2619881,33.1986251]]],[[[126.2763882,33.1988279],[126.2762906,33.198853],[126.2763048,33.1988855],[126.2763882,33.1988279]]],[[[126.2758404,33.1988751],[126.2758204,33.1989207],[126.2759407,33.198969],[126.2759449,33.1989519],[126.2758404,33.1988751]]],[[[126.2616619,33.1988803],[126.2616388,33.1988248],[126.26151,33.198862],[126.2615354,33.1988889],[126.2616619,33.1988803]]],[[[126.2614749,33.1989425],[126.2613912,33.1989412],[126.2614717,33.1989609],[126.2614749,33.1989425]]],[[[126.2770333,33.1994256],[126.276943,33.1994808],[126.2769395,33.1995792],[126.2770776,33.1995003],[126.2770333,33.1994256]]],[[[126.2624151,33.202869],[126.2622728,33.2029062],[126.2619017,33.203474],[126.2619636,33.203791],[126.2620685,33.2038644],[126.2624563,33.2037674],[126.2623884,33.2035004],[126.2626435,33.2030315],[126.2624151,33.202869]]],[[[126.2925288,33.2073156],[126.292572,33.2072857],[126.2925527,33.2072779],[126.2925288,33.2073156]]],[[[126.292222,33.2077804],[126.2922479,33.2075803],[126.2921097,33.2076688],[126.292222,33.2077804]]],[[[126.3140105,33.208339],[126.3139974,33.2083096],[126.3139835,33.2083466],[126.3140105,33.208339]]],[[[126.3142708,33.2083433],[126.314477,33.2082012],[126.314492,33.2080323],[126.3144092,33.2079907],[126.3143569,33.2077659],[126.3141911,33.207649],[126.3140453,33.2076543],[126.3139045,33.2077705],[126.313967,33.2082126],[126.3140896,33.20833],[126.3142708,33.2083433]]],[[[126.3139039,33.2086241],[126.3139851,33.2085247],[126.3138855,33.2085753],[126.3139039,33.2086241]]],[[[126.3168919,33.2084607],[126.3167976,33.2085001],[126.3168406,33.2086887],[126.3170159,33.2086989],[126.3168919,33.2084607]]],[[[126.3139946,33.208811],[126.3140777,33.2087693],[126.313928,33.2086711],[126.3138797,33.2087482],[126.3139946,33.208811]]],[[[126.3170072,33.208785],[126.3169533,33.2088677],[126.3171435,33.2088968],[126.3171372,33.2088566],[126.3170072,33.208785]]],[[[126.3163995,33.2088517],[126.3163634,33.2089281],[126.3164923,33.2089607],[126.3164572,33.208886],[126.3163995,33.2088517]]],[[[126.2924391,33.2087884],[126.2924858,33.2087622],[126.2924316,33.2087515],[126.2924391,33.2087884]]],[[[126.3160284,33.2091986],[126.3159551,33.2092178],[126.3159879,33.2092922],[126.3160469,33.2092643],[126.3160284,33.2091986]]],[[[126.2926828,33.209043],[126.2925831,33.2089622],[126.2926523,33.2090824],[126.2926828,33.209043]]],[[[126.2923676,33.2091549],[126.2924169,33.2090229],[126.2924577,33.2089766],[126.2923723,33.2089802],[126.2922874,33.2091133],[126.2923676,33.2091549]]],[[[126.2924249,33.2093046],[126.2926232,33.2092517],[126.2923753,33.2092688],[126.2924249,33.2093046]]],[[[126.3158756,33.2095182],[126.315799,33.2095138],[126.3158475,33.2094816],[126.3157531,33.2094],[126.3157563,33.2095152],[126.3158583,33.2096282],[126.3158756,33.2095182]]],[[[126.3161139,33.2101092],[126.3160475,33.2100804],[126.316108,33.2101646],[126.3161139,33.2101092]]],[[[126.3166355,33.2100164],[126.3165685,33.2100241],[126.3165935,33.2103048],[126.3166667,33.2102905],[126.3166355,33.2100164]]],[[[126.3158317,33.2105658],[126.3159147,33.2105441],[126.3159334,33.21052],[126.3158317,33.2105658]]],[[[126.2928332,33.2104406],[126.2927824,33.2104955],[126.2928735,33.2107543],[126.2929814,33.2106379],[126.2928332,33.2104406]]],[[[126.2928207,33.2107769],[126.2927236,33.2107612],[126.2926649,33.2107117],[126.2927009,33.2107775],[126.2928207,33.2107769]]],[[[126.3134137,33.2112899],[126.3139393,33.2111906],[126.3150207,33.2104893],[126.3154181,33.2105461],[126.3155513,33.2104884],[126.3154037,33.2102945],[126.315626,33.210277],[126.3156827,33.2102042],[126.3156636,33.2100931],[126.3155297,33.2100366],[126.3156826,33.2097328],[126.3156505,33.2095509],[126.3151487,33.2095478],[126.3147367,33.2093541],[126.3146021,33.2091286],[126.3146568,33.2089134],[126.3145222,33.2089476],[126.3140845,33.2088378],[126.3139609,33.2089249],[126.3140474,33.2090433],[126.3137111,33.209081],[126.3133331,33.2095121],[126.3130945,33.2100025],[126.3131534,33.2102476],[126.313401,33.2103639],[126.3135921,33.2103131],[126.3137166,33.2105903],[126.3136578,33.2108195],[126.3133782,33.211214],[126.3134137,33.2112899]]],[[[126.3133782,33.2113155],[126.3133782,33.2113141],[126.3133766,33.211315],[126.3133782,33.2113155]]],[[[126.2939455,33.2118122],[126.2939433,33.2118598],[126.2940293,33.2118867],[126.294027,33.2118557],[126.2939455,33.2118122]]],[[[126.2935614,33.2120109],[126.2938074,33.2120066],[126.2938321,33.2119753],[126.2936233,33.2118899],[126.2935614,33.2120109]]],[[[126.2951123,33.2139045],[126.2951007,33.2139834],[126.2952065,33.2140277],[126.2952353,33.2139552],[126.2951123,33.2139045]]],[[[126.2953661,33.2140324],[126.2954116,33.2140333],[126.2953924,33.2140093],[126.2953661,33.2140324]]],[[[126.2954024,33.2140466],[126.2955522,33.2140786],[126.2955207,33.2140147],[126.2954024,33.2140466]]],[[[126.2458146,33.217233],[126.2456336,33.2172806],[126.2456327,33.2174557],[126.2457368,33.2174528],[126.2458146,33.217233]]],[[[126.654829,33.22133],[126.6547004,33.2213418],[126.6546848,33.2213855],[126.6547897,33.2214315],[126.654829,33.22133]]],[[[126.5157286,33.2205156],[126.5164081,33.2203482],[126.5168005,33.2200474],[126.5168233,33.2199123],[126.5172596,33.2197098],[126.5175195,33.2195335],[126.5176074,33.2193701],[126.518293,33.2190222],[126.5185887,33.2186801],[126.5189912,33.21849],[126.5189564,33.2181582],[126.5190605,33.2178088],[126.5190001,33.2172983],[126.519117,33.2171784],[126.5191139,33.2169917],[126.5190294,33.2169097],[126.518536,33.2169775],[126.5182988,33.2168347],[126.5182481,33.2166329],[126.5184056,33.2161119],[126.5183279,33.2160853],[126.5181054,33.216283],[126.5173113,33.2163013],[126.5171526,33.2161147],[126.5171794,33.2160157],[126.5169706,33.2158789],[126.5166381,33.2160323],[126.5163248,33.216013],[126.5159239,33.2161892],[126.5155559,33.2161828],[126.5151409,33.2167597],[126.514785,33.2166701],[126.5146425,33.2167981],[126.5146518,33.2175516],[126.5148082,33.2177673],[126.5146459,33.2178398],[126.5145051,33.217854],[126.514372,33.2177113],[126.5144139,33.2174227],[126.5135886,33.2171019],[126.5133626,33.21711],[126.5130502,33.2172529],[126.5130146,33.2175599],[126.5130826,33.217691],[126.5134383,33.2178029],[126.5135328,33.2179002],[126.5140006,33.2179245],[126.5138432,33.2179547],[126.5137292,33.2181339],[126.5138353,33.2183228],[126.514151,33.218291],[126.5142859,33.2181674],[126.5142093,33.2183465],[126.51425,33.2184758],[126.5144272,33.2186432],[126.5144611,33.218805],[126.5146216,33.2188578],[126.5146497,33.2190144],[126.5149187,33.2191146],[126.5149847,33.2192651],[126.515222,33.2194326],[126.5152083,33.2195665],[126.5154336,33.2199363],[126.5154851,33.220254],[126.5157286,33.2205156]]],[[[126.245946,33.2181516],[126.2463288,33.2180944],[126.2465528,33.2178518],[126.2467437,33.2178467],[126.2468645,33.2177383],[126.2468136,33.2175938],[126.2465644,33.2177341],[126.2456208,33.2177111],[126.245924,33.2178962],[126.245946,33.2181516]]],[[[126.6546043,33.2216251],[126.6546298,33.2215561],[126.6545828,33.2215647],[126.6546043,33.2216251]]],[[[126.6542159,33.2216889],[126.6541411,33.2217565],[126.6542433,33.22193],[126.6543009,33.2218399],[126.6542159,33.2216889]]],[[[126.6569076,33.2220404],[126.6568613,33.222],[126.656869,33.2220405],[126.6569076,33.2220404]]],[[[126.6584553,33.2221531],[126.6584256,33.2221221],[126.6584188,33.2221465],[126.6584553,33.2221531]]],[[[126.6568634,33.2223013],[126.6567621,33.2222323],[126.656742,33.2222959],[126.6568634,33.2223013]]],[[[126.6534262,33.2224546],[126.6533437,33.2224428],[126.6533263,33.2224737],[126.6534121,33.2225103],[126.6534262,33.2224546]]],[[[126.6547899,33.2224579],[126.6547131,33.2224879],[126.654756,33.2225762],[126.6548336,33.2225539],[126.6547899,33.2224579]]],[[[126.6535508,33.2224962],[126.6534812,33.2225019],[126.6534769,33.2225848],[126.6535211,33.2225837],[126.6535508,33.2224962]]],[[[126.6529611,33.2225256],[126.6528754,33.2225376],[126.6529005,33.2226348],[126.6529741,33.222628],[126.6529611,33.2225256]]],[[[126.6538051,33.2226475],[126.6537222,33.2226278],[126.6537499,33.222684],[126.6538051,33.2226475]]],[[[126.6532608,33.2225873],[126.6531565,33.2226289],[126.6532177,33.2227068],[126.653309,33.2226836],[126.6532608,33.2225873]]],[[[126.6535562,33.2227496],[126.6536071,33.2227323],[126.6536706,33.2226197],[126.6535562,33.2227496]]],[[[126.2468581,33.2192983],[126.2469001,33.2188202],[126.2471576,33.2186518],[126.2470641,33.2183502],[126.2468974,33.2184171],[126.2467617,33.2187445],[126.2465054,33.2185713],[126.2463978,33.2186177],[126.246304,33.2189629],[126.246342,33.219013],[126.2466387,33.2189767],[126.2466183,33.2192275],[126.2467579,33.2193384],[126.2468581,33.2192983]]],[[[126.6537435,33.2227927],[126.6536687,33.2227978],[126.6536363,33.2228489],[126.6537233,33.2228558],[126.6537435,33.2227927]]],[[[126.6543596,33.2228837],[126.6543273,33.2229788],[126.6544401,33.2229738],[126.6544207,33.2229213],[126.6543596,33.2228837]]],[[[126.6534783,33.2228314],[126.6533518,33.2229341],[126.6533847,33.222988],[126.6534783,33.2228314]]],[[[126.6535442,33.2229837],[126.6534615,33.2229431],[126.6534527,33.2229886],[126.6535442,33.2229837]]],[[[126.6548698,33.2229359],[126.6547016,33.2229588],[126.6547738,33.2230481],[126.6548698,33.2229359]]],[[[126.6545658,33.2230207],[126.6544581,33.2230844],[126.6544576,33.2231048],[126.6546315,33.2230877],[126.6545658,33.2230207]]],[[[126.6575859,33.2231729],[126.65749,33.2231567],[126.6574441,33.2232954],[126.657531,33.2232698],[126.6575859,33.2231729]]],[[[126.6547628,33.22326],[126.654705,33.223132],[126.6545174,33.223236],[126.6545554,33.22331],[126.6547081,33.2233371],[126.6547628,33.22326]]],[[[126.6528481,33.2231896],[126.6527613,33.2232043],[126.6528162,33.2233598],[126.6529152,33.2232865],[126.6528481,33.2231896]]],[[[126.6578429,33.2232343],[126.657654,33.2232326],[126.6576315,33.2234162],[126.6578498,33.2233786],[126.6578429,33.2232343]]],[[[126.6519469,33.2233949],[126.6518217,33.2234563],[126.6519933,33.2235325],[126.6520221,33.2234865],[126.6519469,33.2233949]]],[[[126.6566258,33.2234656],[126.6565432,33.2235225],[126.6566083,33.223592],[126.6566593,33.223556],[126.6566258,33.2234656]]],[[[126.6575396,33.22345],[126.657332,33.2235341],[126.6573017,33.2236396],[126.6574735,33.2236242],[126.6575396,33.22345]]],[[[126.6578013,33.2237718],[126.6575912,33.2238339],[126.6575875,33.2239629],[126.657828,33.2239365],[126.6578013,33.2237718]]],[[[126.24615,33.2204741],[126.2459627,33.2205975],[126.2460636,33.2207463],[126.2462187,33.2206239],[126.24615,33.2204741]]],[[[126.6521947,33.2241474],[126.6521118,33.2242038],[126.6522227,33.2244319],[126.6523941,33.2244832],[126.6524183,33.2243237],[126.6521947,33.2241474]]],[[[126.6524061,33.2247175],[126.65251,33.2247786],[126.6525517,33.2247334],[126.6524061,33.2247175]]],[[[126.6527544,33.2250333],[126.6526615,33.2250999],[126.652762,33.2251673],[126.6528427,33.2251055],[126.6527544,33.2250333]]],[[[126.2431624,33.2216827],[126.2429525,33.221696],[126.2429684,33.2218272],[126.2431311,33.2218137],[126.2431624,33.2216827]]],[[[126.6584328,33.2252658],[126.6583227,33.2253078],[126.6583217,33.2253777],[126.6584754,33.2253387],[126.6584328,33.2252658]]],[[[126.6584846,33.2254828],[126.6583364,33.2254826],[126.6583188,33.2255733],[126.658522,33.2256197],[126.6584846,33.2254828]]],[[[126.658443,33.2260568],[126.6583657,33.2258295],[126.6582348,33.2258735],[126.6582384,33.2260743],[126.658443,33.2260568]]],[[[126.6559593,33.2268124],[126.6558567,33.2267684],[126.6560735,33.2267005],[126.6561236,33.2268007],[126.6563797,33.2266504],[126.6569359,33.22659],[126.6572947,33.2263157],[126.6574864,33.2263491],[126.6575821,33.2262549],[126.657627,33.2260149],[126.65752,33.2259537],[126.6575164,33.225636],[126.6572562,33.2252351],[126.6571321,33.2253432],[126.6572216,33.225227],[126.657211,33.2250686],[126.6576143,33.225057],[126.6577551,33.2249509],[126.657534,33.2248901],[126.6572364,33.2249586],[126.6572198,33.2248909],[126.6570872,33.2248798],[126.657239,33.2247132],[126.6570663,33.2244492],[126.6572663,33.2242314],[126.6573503,33.2239592],[126.6571619,33.2238759],[126.6572359,33.2237383],[126.657103,33.223467],[126.6569098,33.2234089],[126.6566053,33.2237454],[126.6563543,33.2237164],[126.6563111,33.223461],[126.6561428,33.2235611],[126.6557067,33.2236206],[126.6554924,33.2236076],[126.6554393,33.2235384],[126.6552828,33.2236162],[126.6553836,33.2234751],[126.6553089,33.2233705],[126.6551791,33.2233942],[126.6550873,33.2235656],[126.6548316,33.2234514],[126.654713,33.2234753],[126.6542871,33.2232665],[126.6541728,33.2233529],[126.6540293,33.223297],[126.6536805,33.2233263],[126.6535677,33.223504],[126.653758,33.2235796],[126.6532103,33.2234991],[126.6530645,33.2236157],[126.6529592,33.223599],[126.6529599,33.2239561],[126.6528424,33.223996],[126.6526991,33.2239178],[126.6524941,33.2241748],[126.6526809,33.2243517],[126.6527434,33.2243117],[126.6526929,33.2244154],[126.6529497,33.2246492],[126.652835,33.2249564],[126.6529693,33.2252794],[126.6529044,33.2253731],[126.6530223,33.2256],[126.6529848,33.2257228],[126.6533492,33.225977],[126.6540264,33.2261597],[126.6544322,33.2264767],[126.655092,33.2267947],[126.6553643,33.226716],[126.6554627,33.226875],[126.6556325,33.2269496],[126.6559593,33.2268124]]],[[[126.6569287,33.2270947],[126.6569891,33.2270022],[126.6562344,33.2269482],[126.6560168,33.2268555],[126.656022,33.2269693],[126.6561364,33.2270653],[126.6565782,33.2271535],[126.6569287,33.2270947]]],[[[126.5654267,33.2276454],[126.5664942,33.2275489],[126.566898,33.2276394],[126.5676454,33.2274672],[126.5679813,33.2272739],[126.5681112,33.2270181],[126.5684727,33.2268229],[126.5684721,33.2264665],[126.5686928,33.2262218],[126.5685036,33.2259904],[126.56837,33.2255367],[126.5681579,33.2253232],[126.567768,33.2253826],[126.5674136,33.2252887],[126.5672558,33.2251073],[126.5667283,33.2250592],[126.5664007,33.2252891],[126.5663794,33.2255269],[126.5656962,33.2254211],[126.5651648,33.2256699],[126.5649465,33.2256296],[126.5647794,33.2254378],[126.5645566,33.225379],[126.5643068,33.2254426],[126.5640963,33.2257268],[126.563703,33.2260026],[126.5636091,33.2259791],[126.5633412,33.2260992],[126.5631747,33.2263234],[126.5630638,33.2266875],[126.563343,33.2271814],[126.5636312,33.2271949],[126.5637128,33.22712],[126.5638334,33.2271859],[126.5637213,33.2274125],[126.5637712,33.2275344],[126.5644127,33.2276419],[126.5654267,33.2276454]]],[[[126.568101,33.2278128],[126.5686045,33.2273489],[126.5686326,33.2272714],[126.5682998,33.2273149],[126.5677119,33.2275437],[126.567797,33.2276158],[126.5676418,33.227722],[126.5676922,33.2277998],[126.5678677,33.2278023],[126.5679113,33.2278704],[126.568101,33.2278128]]],[[[126.4683433,33.2277818],[126.4686275,33.2275662],[126.4685113,33.2274798],[126.4683433,33.2277818]]],[[[126.4991984,33.228143],[126.4991321,33.228035],[126.4991533,33.2281629],[126.4991984,33.228143]]],[[[126.4675873,33.2281508],[126.4675861,33.2279377],[126.467617,33.2278392],[126.4674709,33.2279336],[126.4674418,33.228143],[126.4675642,33.2279776],[126.4675873,33.2281508]]],[[[126.5005753,33.2287176],[126.500514,33.2286067],[126.5004073,33.228568],[126.5004733,33.2287223],[126.5005753,33.2287176]]],[[[126.308902,33.2270661],[126.3089636,33.2270178],[126.3088296,33.2270618],[126.308902,33.2270661]]],[[[126.3089701,33.2271493],[126.308936,33.2271341],[126.308938,33.2271776],[126.3089701,33.2271493]]],[[[126.5004195,33.2288023],[126.5002946,33.2288159],[126.5002631,33.2288662],[126.5003474,33.2289001],[126.5004195,33.2288023]]],[[[126.3091976,33.2272344],[126.3093309,33.2271194],[126.3092148,33.2271963],[126.3091734,33.2271052],[126.3090571,33.2270578],[126.3089417,33.227099],[126.309018,33.2271361],[126.3090606,33.2270825],[126.3091459,33.227138],[126.3090482,33.2271552],[126.3091976,33.2272344]]],[[[126.3090239,33.2272969],[126.3089456,33.2272783],[126.309005,33.227323],[126.3090239,33.2272969]]],[[[126.3089121,33.2273344],[126.3089638,33.2273098],[126.308895,33.2273337],[126.3089121,33.2273344]]],[[[126.4990375,33.2291213],[126.4990229,33.2290974],[126.4990175,33.2291213],[126.4990375,33.2291213]]],[[[126.4990056,33.2291288],[126.4989715,33.2291479],[126.4989954,33.2291553],[126.4990056,33.2291288]]],[[[126.5087448,33.229238],[126.5085444,33.2294377],[126.5085844,33.2294985],[126.5086584,33.2294749],[126.5087448,33.229238]]],[[[126.5066863,33.2295066],[126.5068025,33.22922],[126.5067846,33.22911],[126.5066723,33.229166],[126.5065373,33.2294667],[126.5066749,33.2293633],[126.5066161,33.2294861],[126.5066863,33.2295066]]],[[[126.4651997,33.229134],[126.4651593,33.2292103],[126.4652343,33.2292705],[126.4652549,33.2292177],[126.4651997,33.229134]]],[[[126.5021735,33.2299037],[126.5023759,33.2298275],[126.5024872,33.229712],[126.5022294,33.2298136],[126.5021735,33.2299037]]],[[[126.3095294,33.2283819],[126.3094607,33.228356],[126.3094555,33.2283627],[126.3095294,33.2283819]]],[[[126.504689,33.2301197],[126.5050134,33.2300306],[126.5052584,33.2296651],[126.5050013,33.2295447],[126.5048491,33.2297211],[126.504566,33.2296335],[126.5046095,33.2300213],[126.504689,33.2301197]]],[[[126.3096439,33.2285885],[126.3096453,33.2284542],[126.3095348,33.2285483],[126.3096439,33.2285885]]],[[[126.4984662,33.2307539],[126.4988675,33.2304546],[126.4989912,33.2302527],[126.4989758,33.2301013],[126.4992278,33.2297309],[126.4988796,33.2293172],[126.4985582,33.2292294],[126.4982239,33.2292814],[126.4980581,33.2294243],[126.4979595,33.2299441],[126.4979923,33.2302618],[126.4978783,33.2302621],[126.4976763,33.2304119],[126.4980154,33.2306938],[126.4982119,33.2306537],[126.4984662,33.2307539]]],[[[126.497665,33.2308033],[126.4979219,33.2306763],[126.4975628,33.230565],[126.4975618,33.2307379],[126.497665,33.2308033]]],[[[126.3098548,33.2291711],[126.3098745,33.229147],[126.3097864,33.2291434],[126.3098548,33.2291711]]],[[[126.309663,33.2291529],[126.3095544,33.2291032],[126.3095254,33.2291115],[126.3095522,33.2291644],[126.309663,33.2291529]]],[[[126.3703495,33.2296595],[126.3702101,33.2296699],[126.3702563,33.2298098],[126.3704087,33.2297966],[126.3703495,33.2296595]]],[[[126.3695247,33.2303705],[126.3693838,33.2303936],[126.3693627,33.2304318],[126.3694269,33.2304516],[126.3695247,33.2303705]]],[[[126.5988688,33.2323369],[126.5993691,33.2321296],[126.5992995,33.231996],[126.5995724,33.2320466],[126.5999049,33.231775],[126.6003541,33.2317396],[126.6008865,33.2313792],[126.6007847,33.2310557],[126.6009025,33.2309161],[126.6008371,33.2306945],[126.6009949,33.2307192],[126.6012424,33.230362],[126.6014408,33.2303806],[126.6017251,33.2300313],[126.6017617,33.2301678],[126.601898,33.2301849],[126.6020482,33.230121],[126.6021549,33.2299425],[126.6024434,33.2299527],[126.6026222,33.2298798],[126.6027554,33.2292753],[126.602595,33.2287059],[126.6018798,33.2287284],[126.6011081,33.2284449],[126.6002867,33.2284834],[126.6001491,33.2284115],[126.5998348,33.2284335],[126.5997219,33.2282592],[126.5995289,33.2282275],[126.5991889,33.2283591],[126.5987876,33.2286659],[126.5984624,33.2284711],[126.5983982,33.2282959],[126.5983108,33.2283166],[126.5982262,33.2284915],[126.5980371,33.2285184],[126.5977718,33.2283875],[126.5972244,33.2282995],[126.5970213,33.2285648],[126.5971217,33.2286678],[126.5970279,33.2288486],[126.596518,33.2288588],[126.5966223,33.2289892],[126.5964977,33.2292428],[126.5965949,33.2295548],[126.5964235,33.2298118],[126.5964383,33.2299143],[126.5962116,33.2301704],[126.5962668,33.2302914],[126.5960344,33.2304044],[126.596043,33.2307529],[126.5961438,33.2309654],[126.5964689,33.231308],[126.5976427,33.2318408],[126.5979706,33.232096],[126.5985781,33.2323598],[126.5988688,33.2323369]]],[[[126.369079,33.2304048],[126.36896,33.2304106],[126.3689452,33.2306761],[126.3691163,33.2306047],[126.369079,33.2304048]]],[[[126.3100351,33.2300897],[126.3098927,33.2299699],[126.3099799,33.23013],[126.3100351,33.2300897]]],[[[126.3098885,33.2301465],[126.3098013,33.2300149],[126.3097807,33.2300152],[126.3098126,33.2301142],[126.3098885,33.2301465]]],[[[126.3097908,33.2302279],[126.3097693,33.2302148],[126.3097856,33.2302292],[126.3097908,33.2302279]]],[[[126.2377326,33.2296055],[126.2379314,33.2295733],[126.2378241,33.229485],[126.2379551,33.2294704],[126.2379566,33.2293731],[126.2378826,33.2294306],[126.2375911,33.2293999],[126.2375538,33.2296013],[126.2376936,33.2296872],[126.2377326,33.2296055]]],[[[126.3682673,33.2312594],[126.3685232,33.2311781],[126.3685193,33.2311073],[126.3682903,33.2311327],[126.3682673,33.2312594]]],[[[126.3646101,33.2312671],[126.3645926,33.231241],[126.3645781,33.2312465],[126.3646101,33.2312671]]],[[[126.3690889,33.2312985],[126.3689824,33.2312756],[126.3690893,33.2313484],[126.3690889,33.2312985]]],[[[126.3103942,33.230832],[126.3105373,33.2307333],[126.310408,33.2305419],[126.3102704,33.2305957],[126.3103942,33.230832]]],[[[126.3701193,33.2313776],[126.3699878,33.2313552],[126.3699223,33.2313901],[126.3701193,33.2313776]]],[[[126.3698285,33.2314183],[126.3697446,33.2314203],[126.3698418,33.2314742],[126.3698285,33.2314183]]],[[[126.3646596,33.2314527],[126.3649281,33.231378],[126.3645642,33.23142],[126.3646596,33.2314527]]],[[[126.3645645,33.2315851],[126.3645394,33.2315758],[126.3645452,33.2315935],[126.3645645,33.2315851]]],[[[126.364446,33.2316041],[126.3644226,33.2315675],[126.3644391,33.2316103],[126.364446,33.2316041]]],[[[126.3644043,33.231634],[126.3643742,33.2315963],[126.3643718,33.2316573],[126.3644043,33.231634]]],[[[126.3720156,33.2316975],[126.3719709,33.2317072],[126.3720607,33.2317423],[126.3720156,33.2316975]]],[[[126.3643572,33.2316946],[126.3643024,33.2316894],[126.3643043,33.2317058],[126.3643572,33.2316946]]],[[[126.3674425,33.2318655],[126.3673986,33.2317895],[126.3673603,33.2318158],[126.3674425,33.2318655]]],[[[126.4619169,33.2326516],[126.46187,33.2327175],[126.4619112,33.2327381],[126.4619961,33.2326857],[126.4619169,33.2326516]]],[[[126.3642041,33.2318881],[126.3641631,33.2319047],[126.3641616,33.2319265],[126.3642041,33.2318881]]],[[[126.3644704,33.2317703],[126.3646365,33.2317283],[126.3645351,33.2316956],[126.3645559,33.2316135],[126.3643542,33.2317615],[126.364279,33.2319457],[126.3644704,33.2317703]]],[[[126.3640388,33.2319813],[126.3639791,33.2319609],[126.3639738,33.2319726],[126.3640388,33.2319813]]],[[[126.3676811,33.2320763],[126.3675871,33.232023],[126.3675518,33.2320397],[126.3676811,33.2320763]]],[[[126.3639538,33.2320426],[126.3639134,33.2320297],[126.36391,33.2320493],[126.3639538,33.2320426]]],[[[126.3640174,33.2320668],[126.363989,33.2320503],[126.363999,33.2320773],[126.3640174,33.2320668]]],[[[126.4623105,33.2331143],[126.4622181,33.2331248],[126.4622711,33.2331722],[126.4623105,33.2331143]]],[[[126.3730662,33.2323758],[126.3729888,33.2323533],[126.3730293,33.2324035],[126.3730662,33.2323758]]],[[[126.3840458,33.2325192],[126.3840765,33.2325033],[126.3840229,33.232501],[126.3840458,33.2325192]]],[[[126.383812,33.2325103],[126.3837721,33.2325015],[126.3837842,33.2325204],[126.383812,33.2325103]]],[[[126.3840684,33.2325484],[126.3840494,33.2325301],[126.3840346,33.2325476],[126.3840684,33.2325484]]],[[[126.3636986,33.2323905],[126.3637034,33.2323497],[126.3636171,33.2323779],[126.3636986,33.2323905]]],[[[126.38402,33.2326114],[126.3840086,33.232539],[126.383973,33.2325912],[126.38402,33.2326114]]],[[[126.3839082,33.2326392],[126.3839581,33.2326201],[126.3839031,33.2326148],[126.3839082,33.2326392]]],[[[126.3829954,33.2327324],[126.3829743,33.232724],[126.3829709,33.2327415],[126.3829954,33.2327324]]],[[[126.3838182,33.232754],[126.3837992,33.2326708],[126.3837961,33.2325514],[126.3837591,33.2326048],[126.3838182,33.232754]]],[[[126.3740939,33.2327222],[126.3739605,33.2326946],[126.3741051,33.2327748],[126.3740939,33.2327222]]],[[[126.3636296,33.2325703],[126.3635348,33.2325968],[126.3635142,33.2326949],[126.3635507,33.2326818],[126.3636296,33.2325703]]],[[[126.3132772,33.2323879],[126.3132571,33.2323722],[126.3132529,33.2323936],[126.3132772,33.2323879]]],[[[126.3850747,33.2331237],[126.385078,33.2330914],[126.3850546,33.2331278],[126.3850747,33.2331237]]],[[[126.2378118,33.2313894],[126.2377209,33.2315993],[126.2378146,33.2317458],[126.2379542,33.2315166],[126.2378118,33.2313894]]],[[[126.3133087,33.2325684],[126.3133731,33.2325234],[126.313305,33.2325384],[126.3133087,33.2325684]]],[[[126.3848745,33.2332925],[126.3848049,33.2332194],[126.3848331,33.233316],[126.3848745,33.2332925]]],[[[126.4623755,33.2342069],[126.4623614,33.2341553],[126.462362,33.2342095],[126.4623755,33.2342069]]],[[[126.4628063,33.2342556],[126.4627676,33.2342021],[126.4627757,33.2342713],[126.4628063,33.2342556]]],[[[126.4626807,33.2342536],[126.4626088,33.2342161],[126.4625724,33.2342864],[126.4626807,33.2342536]]],[[[126.4621402,33.2343003],[126.4621027,33.234311],[126.462121,33.2343315],[126.4621402,33.2343003]]],[[[126.4627078,33.2343423],[126.4627742,33.2343518],[126.4627388,33.2343188],[126.4627078,33.2343423]]],[[[126.3819347,33.2336367],[126.3817918,33.2335774],[126.3818686,33.2337052],[126.3819347,33.2336367]]],[[[126.2358723,33.2324269],[126.2359727,33.2322649],[126.2356199,33.23203],[126.235386,33.2320976],[126.2352709,33.2322113],[126.2353512,33.2324102],[126.2358723,33.2324269]]],[[[126.4624436,33.2345995],[126.4624102,33.2345816],[126.4624267,33.2346076],[126.4624436,33.2345995]]],[[[126.4625018,33.2348341],[126.462496,33.2348036],[126.4624642,33.2348233],[126.4625018,33.2348341]]],[[[126.4625567,33.2349402],[126.4624828,33.2349366],[126.4625208,33.2349663],[126.4625567,33.2349402]]],[[[126.4621263,33.2353035],[126.4620436,33.2352978],[126.4620322,33.2353056],[126.4620783,33.2353312],[126.4621263,33.2353035]]],[[[126.4625376,33.2353379],[126.4624941,33.2353525],[126.4625391,33.2353654],[126.4625376,33.2353379]]],[[[126.3604463,33.234517],[126.3604574,33.2344641],[126.3603756,33.2344733],[126.3604463,33.234517]]],[[[126.4622956,33.2354719],[126.4622652,33.2354459],[126.4622607,33.2354577],[126.4622956,33.2354719]]],[[[126.5958205,33.2364873],[126.5957458,33.2364528],[126.5954878,33.2364441],[126.5957639,33.2365283],[126.5958205,33.2364873]]],[[[126.462061,33.2355008],[126.4620087,33.2354364],[126.4619808,33.2355057],[126.462061,33.2355008]]],[[[126.5947185,33.2365539],[126.5947045,33.236499],[126.5946767,33.2365102],[126.5947185,33.2365539]]],[[[126.5947957,33.2364905],[126.5946545,33.2364176],[126.5947397,33.2365099],[126.5947696,33.2365733],[126.5947957,33.2364905]]],[[[126.4622842,33.2355492],[126.4622597,33.2355252],[126.462251,33.2355397],[126.4622842,33.2355492]]],[[[126.5952423,33.2366235],[126.5952132,33.2365928],[126.5952003,33.2366115],[126.5952423,33.2366235]]],[[[126.358601,33.2346794],[126.3585364,33.2346682],[126.3586114,33.2346979],[126.358601,33.2346794]]],[[[126.3372493,33.2344918],[126.3371954,33.2344727],[126.3372628,33.2345107],[126.3372493,33.2344918]]],[[[126.2361999,33.2335065],[126.2364974,33.2334247],[126.2363599,33.2332701],[126.2363846,33.2331902],[126.2361334,33.2332188],[126.2361999,33.2335065]]],[[[126.4367924,33.2354198],[126.4367462,33.2353829],[126.4367001,33.2353849],[126.436713,33.2354144],[126.4367924,33.2354198]]],[[[126.4622061,33.2355904],[126.4621297,33.235595],[126.4621881,33.2356423],[126.4622061,33.2355904]]],[[[126.5942268,33.2366516],[126.5941811,33.2366294],[126.5941989,33.2366893],[126.5942268,33.2366516]]],[[[126.436817,33.2354502],[126.4368056,33.2354382],[126.4368044,33.2354424],[126.436817,33.2354502]]],[[[126.5951746,33.2366749],[126.5953225,33.2366549],[126.5953246,33.2366441],[126.5951746,33.2366749]]],[[[126.3581553,33.2347441],[126.3582254,33.2347645],[126.358199,33.2347217],[126.3581553,33.2347441]]],[[[126.2359881,33.2336287],[126.2360978,33.2335272],[126.2359957,33.2335509],[126.2360067,33.2334985],[126.2360959,33.2334981],[126.2360231,33.2334466],[126.2358522,33.2334854],[126.2358727,33.2333479],[126.2356656,33.2332858],[126.2354756,33.2330358],[126.2354711,33.2328823],[126.2353298,33.2330069],[126.2352444,33.2332811],[126.2352776,33.2334629],[126.2354768,33.2335506],[126.2357964,33.2334709],[126.235848,33.2336355],[126.2359881,33.2336287]]],[[[126.3606706,33.2348624],[126.3606389,33.2348269],[126.3606398,33.2348646],[126.3606706,33.2348624]]],[[[126.4621256,33.235756],[126.4620628,33.2357148],[126.4620617,33.2357488],[126.4621256,33.235756]]],[[[126.5941794,33.2367715],[126.5941302,33.2367296],[126.5941402,33.2367982],[126.5941794,33.2367715]]],[[[126.4373456,33.2355562],[126.4373248,33.2355652],[126.4373554,33.2355594],[126.4373456,33.2355562]]],[[[126.3373909,33.2346397],[126.3372954,33.234609],[126.3373594,33.2346943],[126.3373909,33.2346397]]],[[[126.6023874,33.2367605],[126.6022729,33.2368248],[126.6022783,33.2368851],[126.602379,33.2368224],[126.6023874,33.2367605]]],[[[126.6019424,33.2368875],[126.6020179,33.2368664],[126.6020305,33.2367857],[126.6019426,33.2367871],[126.6019424,33.2368875]]],[[[126.5941997,33.2367856],[126.5941759,33.2368461],[126.594203,33.2368699],[126.5942145,33.2368633],[126.5941997,33.2367856]]],[[[126.4621807,33.2358911],[126.4622384,33.235834],[126.4621158,33.2358363],[126.4621807,33.2358911]]],[[[126.3582322,33.2349151],[126.3584277,33.2349325],[126.3583706,33.2347541],[126.3581301,33.2348573],[126.3581382,33.2349898],[126.3582322,33.2349151]]],[[[126.4366193,33.2356975],[126.4366064,33.235689],[126.4366063,33.2356982],[126.4366193,33.2356975]]],[[[126.5942462,33.2367683],[126.5942181,33.2368092],[126.5943024,33.2369725],[126.5943084,33.2369543],[126.5942462,33.2367683]]],[[[126.4624202,33.2359303],[126.4623665,33.2359184],[126.4624159,33.235941],[126.4624202,33.2359303]]],[[[126.337485,33.2348156],[126.3374521,33.2348383],[126.3374896,33.2348433],[126.337485,33.2348156]]],[[[126.4367497,33.2357331],[126.4367317,33.2357244],[126.4367347,33.2357352],[126.4367497,33.2357331]]],[[[126.4374296,33.2357499],[126.4373924,33.2357528],[126.4374265,33.2357573],[126.4374296,33.2357499]]],[[[126.3374074,33.2348654],[126.3373802,33.2347303],[126.3373669,33.2347239],[126.3374074,33.2348654]]],[[[126.4367045,33.2357382],[126.4366619,33.2357372],[126.4366964,33.2357542],[126.4367045,33.2357382]]],[[[126.4374427,33.2357735],[126.4374597,33.2357489],[126.4374247,33.2357681],[126.4374427,33.2357735]]],[[[126.4369569,33.2357766],[126.4369183,33.2357299],[126.4369094,33.2357346],[126.4369569,33.2357766]]],[[[126.4374515,33.235792],[126.4374354,33.2358018],[126.4374602,33.2357972],[126.4374515,33.235792]]],[[[126.3418536,33.2349485],[126.3418327,33.2348694],[126.3418009,33.234952],[126.3418536,33.2349485]]],[[[126.4369947,33.2358009],[126.4370631,33.2357922],[126.436986,33.2357745],[126.4369947,33.2358009]]],[[[126.3372116,33.234914],[126.3371027,33.2347996],[126.3370015,33.234557],[126.336947,33.2347029],[126.3370806,33.234892],[126.3372116,33.234914]]],[[[126.6019872,33.2369354],[126.6018955,33.2370442],[126.601981,33.237145],[126.6020135,33.2371049],[126.6019872,33.2369354]]],[[[126.5943261,33.2369964],[126.5943114,33.2370575],[126.5943725,33.2371003],[126.5943797,33.2370906],[126.5943261,33.2369964]]],[[[126.461938,33.2360585],[126.4619156,33.2360338],[126.4619145,33.2360917],[126.461938,33.2360585]]],[[[126.437445,33.2358818],[126.4372653,33.2356923],[126.4371479,33.2357194],[126.4373344,33.2358715],[126.437445,33.2358818]]],[[[126.4375087,33.2358998],[126.4374784,33.2358861],[126.437474,33.2359063],[126.4375087,33.2358998]]],[[[126.4367406,33.2359247],[126.4367535,33.2359088],[126.4367226,33.2358934],[126.4367406,33.2359247]]],[[[126.4371252,33.235933],[126.4370824,33.2358923],[126.4370234,33.235915],[126.4370482,33.2359288],[126.4371252,33.235933]]],[[[126.4622028,33.23614],[126.4621565,33.2361279],[126.4621686,33.2361721],[126.4622028,33.23614]]],[[[126.4372923,33.2359068],[126.4371924,33.2359327],[126.4371785,33.2359457],[126.4372689,33.2359607],[126.4372923,33.2359068]]],[[[126.4368622,33.2359772],[126.436843,33.235977],[126.4368553,33.2359836],[126.4368622,33.2359772]]],[[[126.4375039,33.2359896],[126.4374927,33.2359698],[126.4374849,33.2359801],[126.4375039,33.2359896]]],[[[126.4389182,33.2360239],[126.4389313,33.2358801],[126.4387645,33.2359323],[126.4387544,33.2360102],[126.4389182,33.2360239]]],[[[126.3426565,33.2351618],[126.3426201,33.2351437],[126.342656,33.2351679],[126.3426565,33.2351618]]],[[[126.4374708,33.2359863],[126.437397,33.2359767],[126.4374705,33.2360282],[126.4374708,33.2359863]]],[[[126.3409851,33.2351552],[126.3409675,33.2350884],[126.340949,33.2351768],[126.3409851,33.2351552]]],[[[126.3408097,33.2351472],[126.3408436,33.2351808],[126.3408646,33.2351522],[126.3408097,33.2351472]]],[[[126.4376042,33.2360485],[126.4375936,33.2360398],[126.4375987,33.2360508],[126.4376042,33.2360485]]],[[[126.435968,33.2360214],[126.4359395,33.2360335],[126.4359644,33.2360396],[126.435968,33.2360214]]],[[[126.4367737,33.2360414],[126.4368204,33.2360124],[126.4367569,33.2360237],[126.4367737,33.2360414]]],[[[126.4365404,33.2360516],[126.4366624,33.2360302],[126.4366402,33.235868],[126.4365305,33.2359584],[126.4365404,33.2360516]]],[[[126.4376746,33.2360351],[126.4376191,33.2360192],[126.4376602,33.236078],[126.4376746,33.2360351]]],[[[126.4621099,33.2362088],[126.4620728,33.2362519],[126.4621139,33.2363144],[126.4621484,33.2362873],[126.4621099,33.2362088]]],[[[126.3433975,33.2352819],[126.3434266,33.2352971],[126.3434331,33.2352822],[126.3433975,33.2352819]]],[[[126.3430977,33.2353118],[126.3430599,33.235307],[126.3430745,33.235328],[126.3430977,33.2353118]]],[[[126.3433092,33.2353451],[126.34325,33.2353381],[126.3432003,33.2353816],[126.3432527,33.2353812],[126.3433092,33.2353451]]],[[[126.3428482,33.2353726],[126.3429582,33.2353051],[126.34276,33.2352308],[126.3428482,33.2353726]]],[[[126.3430762,33.235416],[126.3431235,33.2353709],[126.3430616,33.2354055],[126.3430762,33.235416]]],[[[126.3411432,33.2354191],[126.3411499,33.2353651],[126.3410957,33.2353728],[126.3411432,33.2354191]]],[[[126.3421795,33.2354468],[126.3422101,33.2353582],[126.3421358,33.2354418],[126.3421795,33.2354468]]],[[[126.3414096,33.2354409],[126.3412751,33.235372],[126.3414068,33.2353007],[126.3412789,33.2352389],[126.3412005,33.2353591],[126.3412538,33.2354352],[126.3414096,33.2354409]]],[[[126.4377531,33.2363492],[126.4377313,33.236332],[126.437734,33.2363481],[126.4377531,33.2363492]]],[[[126.3434225,33.2355092],[126.3434612,33.2355157],[126.3434714,33.2354557],[126.3434225,33.2355092]]],[[[126.3433957,33.2356109],[126.3433974,33.2355565],[126.3433612,33.235619],[126.3433957,33.2356109]]],[[[126.3382516,33.2355097],[126.338152,33.2354864],[126.3381054,33.2353477],[126.3380927,33.2355624],[126.3382516,33.2355097]]],[[[126.4379307,33.2364543],[126.4378532,33.2364039],[126.4378046,33.2364457],[126.4379051,33.2364582],[126.4379097,33.2365382],[126.4379307,33.2364543]]],[[[126.3436017,33.2356965],[126.3435656,33.2356502],[126.3435833,33.2357045],[126.3436017,33.2356965]]],[[[126.3436793,33.2357229],[126.3436405,33.2357119],[126.3436386,33.2357273],[126.3436793,33.2357229]]],[[[126.4384598,33.2365692],[126.4384349,33.2365311],[126.4384382,33.2365952],[126.4384598,33.2365692]]],[[[126.3406108,33.2357282],[126.3405637,33.2356748],[126.3405498,33.235722],[126.3406108,33.2357282]]],[[[126.4380555,33.2365404],[126.437969,33.2365217],[126.4380721,33.2366115],[126.4380555,33.2365404]]],[[[126.4381545,33.2366055],[126.4381247,33.2366202],[126.438155,33.2366227],[126.4381545,33.2366055]]],[[[126.4619318,33.2368419],[126.46207,33.2367573],[126.4618492,33.2366451],[126.4618398,33.2368184],[126.4619318,33.2368419]]],[[[126.4382001,33.2366711],[126.4381459,33.2366566],[126.4381804,33.2366827],[126.4382001,33.2366711]]],[[[126.3469578,33.2357876],[126.3469261,33.2359092],[126.3469959,33.2360166],[126.347019,33.2358432],[126.3469578,33.2357876]]],[[[126.3464107,33.2361093],[126.3463875,33.2360694],[126.346388,33.2361109],[126.3464107,33.2361093]]],[[[126.4382171,33.2369898],[126.4383868,33.2369486],[126.438325,33.2368438],[126.4382171,33.2369898]]],[[[126.3471353,33.2361279],[126.3470862,33.2361668],[126.3471463,33.2362367],[126.3471599,33.2362052],[126.3471353,33.2361279]]],[[[126.6054169,33.2380678],[126.6053325,33.2381206],[126.605269,33.2383842],[126.6052908,33.2383773],[126.6054169,33.2380678]]],[[[126.3568996,33.2364528],[126.3568709,33.2365034],[126.3569396,33.2365157],[126.3569518,33.2365008],[126.3568996,33.2364528]]],[[[126.6052859,33.2385213],[126.605257,33.2384852],[126.6052605,33.2385561],[126.6052859,33.2385213]]],[[[126.547003,33.2376995],[126.5468452,33.237773],[126.5468775,33.2381556],[126.5469628,33.2380885],[126.547003,33.2376995]]],[[[126.5640381,33.2370261],[126.5642481,33.2361724],[126.5642108,33.2356119],[126.5643497,33.2350727],[126.5642744,33.2347688],[126.5647336,33.23392],[126.5655663,33.2331705],[126.5656582,33.2321276],[126.5652033,33.2321586],[126.5650998,33.2331059],[126.5647812,33.2333497],[126.5641763,33.2340412],[126.5637439,33.234766],[126.5633998,33.2346927],[126.5628898,33.2347843],[126.5626777,33.2346819],[126.5622067,33.2346747],[126.5615825,33.2350473],[126.5614115,33.235314],[126.5608705,33.2353926],[126.5606545,33.2356173],[126.5598485,33.235879],[126.5593598,33.2364446],[126.5590526,33.2364688],[126.5587146,33.2362586],[126.5585719,33.2363458],[126.5587512,33.2366239],[126.55934,33.2368185],[126.55967,33.2370533],[126.5609859,33.2376615],[126.5628453,33.2383115],[126.5629506,33.2382688],[126.5630195,33.2380289],[126.5629559,33.2379199],[126.5640381,33.2370261]]],[[[126.604501,33.238603],[126.6044368,33.2385965],[126.6044868,33.2386497],[126.604501,33.238603]]],[[[126.4618561,33.2374917],[126.4617583,33.2373739],[126.46179,33.2375979],[126.4618561,33.2374917]]],[[[126.4617233,33.2375743],[126.4616188,33.2374467],[126.4616434,33.2373179],[126.4615921,33.2373107],[126.4615651,33.2375351],[126.4617233,33.2375743]]],[[[126.5913252,33.2386322],[126.5915886,33.2384672],[126.5915112,33.2383909],[126.5913137,33.2384259],[126.5913252,33.2386322]]],[[[126.5349506,33.238252],[126.5353291,33.2381271],[126.5351814,33.2380456],[126.5351307,33.2381751],[126.5350196,33.2381407],[126.5349506,33.238252]]],[[[126.2353078,33.2353905],[126.2352082,33.2355143],[126.2352479,33.2355895],[126.235374,33.2355271],[126.2353078,33.2353905]]],[[[126.4396652,33.2375197],[126.4397358,33.2374879],[126.4396806,33.2374785],[126.4396652,33.2375197]]],[[[126.461467,33.237533],[126.461378,33.2375501],[126.4614252,33.2377104],[126.4614916,33.2376485],[126.461467,33.237533]]],[[[126.4397017,33.2375659],[126.4397062,33.2375501],[126.4396674,33.2375617],[126.4397017,33.2375659]]],[[[126.6046557,33.2389091],[126.6046117,33.2388595],[126.6046145,33.2389086],[126.6046557,33.2389091]]],[[[126.6047329,33.2389605],[126.6046613,33.2389238],[126.6047198,33.2389779],[126.6047329,33.2389605]]],[[[126.5482009,33.2386235],[126.5480817,33.2386339],[126.5482169,33.2386535],[126.5482009,33.2386235]]],[[[126.5449599,33.2386674],[126.5449071,33.2385463],[126.5447106,33.2386566],[126.5449599,33.2386674]]],[[[126.5443872,33.238655],[126.5443268,33.2386761],[126.5443756,33.2386881],[126.5443872,33.238655]]],[[[126.4607455,33.2379925],[126.4606179,33.2379584],[126.4606053,33.2380291],[126.460666,33.2380371],[126.4607455,33.2379925]]],[[[126.4609136,33.2380335],[126.4607857,33.2379952],[126.4608327,33.2381071],[126.4609136,33.2380335]]],[[[126.4606087,33.2381212],[126.4605337,33.2381046],[126.460598,33.2381475],[126.4606087,33.2381212]]],[[[126.4607836,33.2381473],[126.4607481,33.2381224],[126.4607562,33.2381531],[126.4607836,33.2381473]]],[[[126.4602896,33.238155],[126.4602588,33.2381332],[126.460256,33.2381555],[126.4602896,33.238155]]],[[[126.460225,33.2382238],[126.46019,33.2381966],[126.4601781,33.2382238],[126.460225,33.2382238]]],[[[126.5479433,33.2390493],[126.5479989,33.2390005],[126.5479311,33.2390223],[126.5479433,33.2390493]]],[[[126.5491255,33.239065],[126.5489985,33.2388772],[126.5487804,33.2388852],[126.5486554,33.2387847],[126.5485446,33.2390299],[126.5486324,33.2390754],[126.5488344,33.2389686],[126.5490952,33.2391335],[126.5491255,33.239065]]],[[[126.3921378,33.2374909],[126.391963,33.2374214],[126.3917692,33.2375737],[126.3918332,33.2378501],[126.3921378,33.2374909]]],[[[126.5449381,33.2389835],[126.5447037,33.2389783],[126.5446916,33.2390145],[126.5448659,33.23915],[126.5450459,33.2390772],[126.5449381,33.2389835]]],[[[126.5480396,33.2391856],[126.5481407,33.2391539],[126.5480658,33.2391423],[126.5480396,33.2391856]]],[[[126.548041,33.2393889],[126.5481895,33.2393787],[126.5482202,33.2392885],[126.5480359,33.2393324],[126.548041,33.2393889]]],[[[126.544632,33.2394003],[126.5446783,33.2393317],[126.5445295,33.2393573],[126.544632,33.2394003]]],[[[126.5447782,33.2394706],[126.5448772,33.2395297],[126.5448764,33.2394463],[126.5447782,33.2394706]]],[[[126.5485418,33.2395844],[126.5487559,33.2395614],[126.5488126,33.2394198],[126.5491372,33.2395209],[126.5492099,33.2394036],[126.5491285,33.239284],[126.548902,33.2393325],[126.5487217,33.2391802],[126.5485447,33.2393886],[126.5485418,33.2395844]]],[[[126.6140127,33.2402862],[126.613915,33.2402284],[126.6138497,33.2402368],[126.6138552,33.2402908],[126.6140127,33.2402862]]],[[[126.6136631,33.2403026],[126.6136064,33.2401433],[126.6135032,33.2402614],[126.613604,33.2402313],[126.6136631,33.2403026]]],[[[126.6142473,33.2403323],[126.6142279,33.2401576],[126.6140995,33.2403262],[126.6139497,33.2403218],[126.6142473,33.2403323]]],[[[126.6145567,33.2403513],[126.6150204,33.2402691],[126.614927,33.2402479],[126.6149403,33.2401575],[126.6147701,33.2402451],[126.6149005,33.2401514],[126.6148879,33.240054],[126.6146548,33.2401794],[126.6146768,33.2402585],[126.6145567,33.2403513]]],[[[126.549211,33.2396926],[126.5490031,33.2396345],[126.5490356,33.2398662],[126.549193,33.2398715],[126.549211,33.2396926]]],[[[126.5447675,33.2397195],[126.5446754,33.2398024],[126.5447741,33.2398809],[126.5448276,33.239781],[126.5447675,33.2397195]]],[[[126.3940841,33.2386082],[126.393871,33.2386732],[126.3938485,33.2387407],[126.3940598,33.2387194],[126.3940841,33.2386082]]],[[[126.5492689,33.2403066],[126.549336,33.2401944],[126.5491648,33.2402719],[126.5492689,33.2403066]]],[[[126.455635,33.2400569],[126.4555588,33.2400491],[126.4556064,33.2400811],[126.455635,33.2400569]]],[[[126.421013,33.2402395],[126.4207769,33.2401716],[126.4207586,33.2402482],[126.4209069,33.2403546],[126.421013,33.2402395]]],[[[126.6184861,33.2419075],[126.6184062,33.2418848],[126.6184316,33.2419409],[126.6184861,33.2419075]]],[[[126.3968579,33.2401496],[126.3968034,33.2401203],[126.3968089,33.2402167],[126.3968579,33.2401496]]],[[[126.4539783,33.2406479],[126.4540539,33.2406554],[126.4540581,33.2406302],[126.4539783,33.2406479]]],[[[126.3986417,33.2402284],[126.3985834,33.2402682],[126.3985812,33.2402954],[126.3986404,33.2402832],[126.3986417,33.2402284]]],[[[126.4538095,33.2406876],[126.4537009,33.2407275],[126.4536869,33.2407695],[126.4537985,33.2407557],[126.4538095,33.2406876]]],[[[126.6184745,33.2420808],[126.6183838,33.242078],[126.6183918,33.2421243],[126.6184745,33.2420808]]],[[[126.6188335,33.2422398],[126.6187367,33.2421943],[126.6187633,33.2422627],[126.6188335,33.2422398]]],[[[126.6186749,33.2421266],[126.6185856,33.2421697],[126.6186168,33.2422811],[126.6186451,33.2422653],[126.6186749,33.2421266]]],[[[126.3991444,33.2405858],[126.399299,33.2405966],[126.3993098,33.2405384],[126.3991444,33.2405858]]],[[[126.6188001,33.242406],[126.6187308,33.2424069],[126.6187194,33.2424839],[126.6187906,33.2424737],[126.6188001,33.242406]]],[[[126.6191753,33.2425129],[126.6190981,33.2424619],[126.6191383,33.2425291],[126.6191753,33.2425129]]],[[[126.3987354,33.2409137],[126.3987185,33.2406753],[126.3986379,33.2405927],[126.3985146,33.2406617],[126.3986345,33.2407394],[126.398618,33.2409236],[126.3987354,33.2409137]]],[[[126.3983904,33.2410095],[126.3984818,33.2409083],[126.3983871,33.2409184],[126.3983904,33.2410095]]],[[[126.3984977,33.2410147],[126.3984307,33.2409798],[126.3984733,33.2410287],[126.3984977,33.2410147]]],[[[126.6188494,33.2426664],[126.6187595,33.2427079],[126.6188475,33.2427869],[126.6188978,33.2427521],[126.6188494,33.2426664]]],[[[126.3988008,33.2410784],[126.3988304,33.241001],[126.39877,33.2409991],[126.3988008,33.2410784]]],[[[126.3987839,33.241076],[126.3987389,33.2410858],[126.3987868,33.2411094],[126.3987839,33.241076]]],[[[126.5826282,33.243066],[126.5824289,33.243058],[126.5823942,33.2430751],[126.5825313,33.2431898],[126.5826282,33.243066]]],[[[126.5822692,33.2433416],[126.5821849,33.2433582],[126.5821714,33.2434018],[126.5822845,33.2434232],[126.5822692,33.2433416]]],[[[126.6195513,33.2435648],[126.6196055,33.2434664],[126.6194181,33.2434381],[126.6194687,33.2432705],[126.6195718,33.243432],[126.6195653,33.2432332],[126.619645,33.2432708],[126.6196798,33.2435567],[126.6197419,33.2431819],[126.6194283,33.2429829],[126.619305,33.2431553],[126.6194291,33.2435455],[126.6193052,33.2435337],[126.6197251,33.2437239],[126.6195513,33.2435648]]],[[[126.6196749,33.2438969],[126.6196673,33.2437747],[126.6195964,33.243894],[126.6195446,33.2437776],[126.6193692,33.2439434],[126.6196749,33.2438969]]],[[[126.5744705,33.2436566],[126.5744404,33.2436016],[126.5744063,33.2436525],[126.5744705,33.2436566]]],[[[126.574576,33.2438091],[126.5745593,33.2437608],[126.5745252,33.2437801],[126.574576,33.2438091]]],[[[126.2220352,33.2408137],[126.2220354,33.24076],[126.2219001,33.2407357],[126.2219469,33.2408049],[126.2220352,33.2408137]]],[[[126.2214456,33.2409023],[126.2213691,33.2409466],[126.221378,33.2410665],[126.2215116,33.2410467],[126.2214456,33.2409023]]],[[[126.5749832,33.2441971],[126.5751431,33.2441999],[126.5751878,33.2441822],[126.5750304,33.2441235],[126.5749832,33.2441971]]],[[[126.5753899,33.2444057],[126.5757825,33.2443794],[126.5757283,33.2442184],[126.5754396,33.2442292],[126.5752483,33.2443182],[126.5753899,33.2444057]]],[[[126.5764933,33.2445471],[126.5764653,33.2444958],[126.5764691,33.2445549],[126.5764933,33.2445471]]],[[[126.575632,33.2444586],[126.575614,33.2445449],[126.5757013,33.2445663],[126.5757003,33.2445203],[126.575632,33.2444586]]],[[[126.5763761,33.2445796],[126.5762657,33.2444993],[126.5762874,33.2446222],[126.5763761,33.2445796]]],[[[126.5763485,33.2446562],[126.5763084,33.2446294],[126.5762963,33.2446525],[126.5763485,33.2446562]]],[[[126.4143421,33.243358],[126.4142693,33.2434032],[126.4142895,33.2435142],[126.4143452,33.2434798],[126.4143421,33.243358]]],[[[126.620401,33.2453808],[126.6197106,33.2451618],[126.6196643,33.2453469],[126.620356,33.2455352],[126.620401,33.2453808]]],[[[126.2121182,33.2421452],[126.2120698,33.2420589],[126.2120051,33.2419877],[126.2121182,33.2421452]]],[[[126.2133677,33.2424055],[126.2132976,33.2422626],[126.2131105,33.2423379],[126.2131212,33.2424038],[126.2133677,33.2424055]]],[[[126.2171809,33.2424778],[126.217084,33.2425042],[126.217164,33.2425442],[126.2171809,33.2424778]]],[[[126.2178756,33.2427442],[126.2178481,33.2427861],[126.2179949,33.2428531],[126.2179882,33.2428101],[126.2178756,33.2427442]]],[[[126.2165341,33.2427244],[126.2164448,33.2427727],[126.2164724,33.2428693],[126.2166805,33.2428457],[126.2165341,33.2427244]]],[[[126.2104876,33.2427113],[126.2104571,33.242836],[126.2105151,33.2428592],[126.2105613,33.2428078],[126.2104876,33.2427113]]],[[[126.209919,33.2427924],[126.2103085,33.2428871],[126.2102437,33.2426421],[126.2100475,33.2425679],[126.209919,33.2427924]]],[[[126.2190794,33.2428694],[126.2191717,33.2429955],[126.2191302,33.2430767],[126.2192102,33.2430861],[126.2191875,33.2429236],[126.2190794,33.2428694]]],[[[126.6233476,33.2467843],[126.6201101,33.245704],[126.6198363,33.2457207],[126.6197031,33.2458604],[126.6197041,33.2460646],[126.6198542,33.2462339],[126.6201693,33.2462536],[126.6202106,33.2461922],[126.6207662,33.2463847],[126.622377,33.2469627],[126.6223468,33.2470386],[126.622481,33.2472091],[126.6230678,33.2473856],[126.6233476,33.2467843]]],[[[126.2068924,33.2444919],[126.2068203,33.2444589],[126.206828,33.2445092],[126.2068924,33.2444919]]],[[[126.2050448,33.2445149],[126.2050167,33.2445654],[126.2050777,33.2446218],[126.2051012,33.2445784],[126.2050448,33.2445149]]],[[[126.2045222,33.2445993],[126.2044366,33.2447459],[126.2044997,33.2448214],[126.2045899,33.2446964],[126.2045222,33.2445993]]],[[[126.2020913,33.2455827],[126.2020393,33.245611],[126.2020455,33.2456695],[126.2021315,33.2456611],[126.2020913,33.2455827]]],[[[126.2023349,33.2457605],[126.2021777,33.245807],[126.2022227,33.2459024],[126.2024084,33.2458828],[126.2023349,33.2457605]]],[[[126.2009879,33.2463649],[126.2010167,33.2464848],[126.2011234,33.2464869],[126.2010365,33.246423],[126.2009879,33.2463649]]],[[[126.2009583,33.246666],[126.2008447,33.2466167],[126.2009099,33.2466937],[126.2009583,33.246666]]],[[[126.2008247,33.2470136],[126.200927,33.2470301],[126.2012573,33.2469753],[126.2011373,33.2469057],[126.2010026,33.2469817],[126.2007755,33.2469359],[126.2006048,33.247024],[126.2006256,33.2471633],[126.2008247,33.2470136]]],[[[126.200198,33.2469],[126.2001478,33.2469328],[126.200221,33.2470448],[126.2001351,33.2471185],[126.200293,33.2472048],[126.2003873,33.2470509],[126.200198,33.2469]]],[[[126.1983415,33.2489605],[126.1983146,33.2487662],[126.1982132,33.248698],[126.1981904,33.248939],[126.1983415,33.2489605]]],[[[126.1980154,33.2492001],[126.1981045,33.2489595],[126.1979403,33.248897],[126.1978432,33.2489486],[126.1978683,33.2490696],[126.197995,33.2490682],[126.1980154,33.2492001]]],[[[126.6285704,33.2531536],[126.6284606,33.2532016],[126.6284639,33.2532997],[126.6285875,33.2532786],[126.6285704,33.2531536]]],[[[126.1975582,33.2493745],[126.197474,33.2494611],[126.1976196,33.2496918],[126.1976995,33.2497014],[126.1977985,33.249623],[126.1977727,33.2494967],[126.1975582,33.2493745]]],[[[126.1944925,33.2511355],[126.1944205,33.2511908],[126.1944882,33.2512372],[126.1945368,33.2511989],[126.1944925,33.2511355]]],[[[126.1947491,33.251434],[126.1946898,33.2512891],[126.194419,33.251432],[126.194681,33.2514799],[126.1947491,33.251434]]],[[[126.192801,33.252732],[126.1927828,33.2526529],[126.192632,33.2526301],[126.1926389,33.2527361],[126.192801,33.252732]]],[[[126.1881632,33.2560946],[126.1883681,33.2559963],[126.1883201,33.2559271],[126.1880278,33.2559486],[126.1880419,33.2560463],[126.1881632,33.2560946]]],[[[126.6433576,33.2657939],[126.6434188,33.2658614],[126.6436034,33.2658554],[126.6437484,33.2657057],[126.6437637,33.2655706],[126.6435972,33.2656113],[126.6435503,33.2657002],[126.6434445,33.2656878],[126.6433328,33.2655562],[126.643367,33.2656652],[126.643219,33.2658369],[126.6433129,33.2658965],[126.6433576,33.2657939]]],[[[126.642794,33.2657958],[126.6427044,33.2658271],[126.6427038,33.2659447],[126.6428041,33.265876],[126.642794,33.2657958]]],[[[126.6452964,33.2669954],[126.6451964,33.2670155],[126.6452756,33.2671343],[126.6453289,33.2671144],[126.6452964,33.2669954]]],[[[126.6872354,33.267714],[126.6871632,33.2676298],[126.6871001,33.2676838],[126.6871883,33.2677359],[126.6870966,33.267816],[126.6872,33.2678012],[126.6872354,33.267714]]],[[[126.6869903,33.2678469],[126.6868772,33.2678748],[126.6867963,33.2679462],[126.6868771,33.2679446],[126.6869903,33.2678469]]],[[[126.6744795,33.2677252],[126.6744951,33.2678227],[126.674573,33.2679493],[126.6745754,33.2678403],[126.6744795,33.2677252]]],[[[126.6874751,33.2677837],[126.6873559,33.2678665],[126.6874203,33.2680084],[126.6872769,33.2680659],[126.6875221,33.2679893],[126.6874751,33.2677837]]],[[[126.6739329,33.2681245],[126.6741533,33.2681071],[126.6743753,33.2679338],[126.6742377,33.2678842],[126.6740829,33.2676837],[126.6741795,33.2678818],[126.6739563,33.2680411],[126.6739329,33.2681245]]],[[[126.6877969,33.2682477],[126.6877337,33.2682177],[126.6876645,33.2682617],[126.6877413,33.2683027],[126.6877969,33.2682477]]],[[[126.6872561,33.2685378],[126.6871795,33.2685076],[126.6871352,33.2685434],[126.6872561,33.2685378]]],[[[126.6874215,33.2684352],[126.6873714,33.2685129],[126.6874861,33.268565],[126.687506,33.2685173],[126.6874215,33.2684352]]],[[[126.6567093,33.2684998],[126.6570322,33.2684007],[126.6569743,33.2681341],[126.657043,33.2681616],[126.6570541,33.2679715],[126.6569704,33.2679255],[126.6569467,33.2674018],[126.656872,33.2680352],[126.65676,33.2683205],[126.6566196,33.2684459],[126.6567093,33.2684998]]],[[[126.691442,33.269044],[126.6914181,33.2690161],[126.6914004,33.2690438],[126.691442,33.269044]]],[[[126.6873489,33.2690863],[126.6872749,33.269042],[126.6872621,33.2691828],[126.6873489,33.2690863]]],[[[126.1797288,33.2648517],[126.1796836,33.2648881],[126.1797358,33.2648913],[126.1797288,33.2648517]]],[[[126.6922457,33.2694286],[126.6921329,33.2694118],[126.6922646,33.2694645],[126.6922457,33.2694286]]],[[[126.6930086,33.269603],[126.6929222,33.269531],[126.692961,33.2696198],[126.6930086,33.269603]]],[[[126.1797581,33.2651586],[126.1797273,33.2650318],[126.1796541,33.2651504],[126.1795922,33.2651275],[126.1796686,33.2652573],[126.1797581,33.2651586]]],[[[126.7019558,33.2719066],[126.7018356,33.271963],[126.701872,33.2720205],[126.7019739,33.271968],[126.7019558,33.2719066]]],[[[126.7020893,33.2719981],[126.7019829,33.2720821],[126.7020453,33.2721736],[126.7020957,33.2721117],[126.7020893,33.2719981]]],[[[126.7228236,33.2763603],[126.7227303,33.276364],[126.7226973,33.2764079],[126.7228147,33.2764275],[126.7228236,33.2763603]]],[[[126.7387479,33.2767803],[126.7386506,33.276938],[126.7386877,33.2769983],[126.7387836,33.2768392],[126.7387479,33.2767803]]],[[[126.723099,33.2768665],[126.7230417,33.2768967],[126.7230918,33.2769068],[126.723099,33.2768665]]],[[[126.7229164,33.2770699],[126.7228525,33.2770997],[126.7229062,33.277156],[126.7229206,33.2771449],[126.7229164,33.2770699]]],[[[126.739937,33.2772885],[126.7398707,33.2772649],[126.7398759,33.2773056],[126.739937,33.2772885]]],[[[126.7398463,33.2772895],[126.7397841,33.2772778],[126.7398068,33.2773243],[126.7398463,33.2772895]]],[[[126.7430585,33.2774647],[126.7430099,33.2774275],[126.743003,33.2774742],[126.7430585,33.2774647]]],[[[126.7393673,33.2772373],[126.7393106,33.2772646],[126.739243,33.2774626],[126.7393358,33.2774262],[126.7393673,33.2772373]]],[[[126.7447408,33.2778797],[126.7446635,33.2778551],[126.7446673,33.2779155],[126.7447408,33.2778797]]],[[[126.7447422,33.2779661],[126.7447075,33.2779256],[126.7446827,33.2779644],[126.7447422,33.2779661]]],[[[126.7313237,33.2782474],[126.731256,33.2782596],[126.7313044,33.2782858],[126.7313237,33.2782474]]],[[[126.7452207,33.2783535],[126.7451421,33.2783257],[126.7451784,33.2783724],[126.7452207,33.2783535]]],[[[126.7288915,33.2782704],[126.7287905,33.2781908],[126.7287563,33.2781372],[126.7287508,33.2782598],[126.7288915,33.2782704]]],[[[126.7455504,33.2783721],[126.7454527,33.2783348],[126.7455052,33.2784503],[126.7455504,33.2783721]]],[[[126.7310081,33.2783634],[126.730932,33.2783604],[126.7309424,33.2783988],[126.7310081,33.2783634]]],[[[126.7289749,33.2783902],[126.7290876,33.2783916],[126.7291243,33.2783673],[126.7290071,33.2782967],[126.7289749,33.2783902]]],[[[126.7306238,33.2783291],[126.7305371,33.2783798],[126.7305403,33.2784231],[126.7306359,33.2783845],[126.7306238,33.2783291]]],[[[126.731706,33.2784235],[126.7316276,33.2783907],[126.7316607,33.2784476],[126.731706,33.2784235]]],[[[126.7455312,33.2785297],[126.7454932,33.278469],[126.7454809,33.2785348],[126.7455312,33.2785297]]],[[[126.731181,33.2785094],[126.731037,33.2784712],[126.7310992,33.2785398],[126.73103,33.2786093],[126.731181,33.2785094]]],[[[126.7321117,33.2785814],[126.7321748,33.2786022],[126.7321607,33.2785442],[126.7321117,33.2785814]]],[[[126.731995,33.2786783],[126.7318954,33.2785807],[126.7318679,33.2785833],[126.7318815,33.2786622],[126.731995,33.2786783]]],[[[126.7239503,33.2787523],[126.7241441,33.2787143],[126.7240567,33.2785418],[126.7239138,33.2786872],[126.7239503,33.2787523]]],[[[126.7275976,33.2787374],[126.7274609,33.2787467],[126.7275924,33.2787847],[126.7275976,33.2787374]]],[[[126.725122,33.2786772],[126.7250726,33.2787345],[126.7250857,33.2787833],[126.7251386,33.2787573],[126.725122,33.2786772]]],[[[126.7363174,33.2788782],[126.736278,33.2790018],[126.736372,33.2790133],[126.7363855,33.2789911],[126.7363174,33.2788782]]],[[[126.7360623,33.2789522],[126.7360216,33.2790731],[126.73614,33.2791758],[126.7361291,33.2789984],[126.7360623,33.2789522]]],[[[126.7260505,33.2790381],[126.7259971,33.2790649],[126.7260154,33.2791724],[126.7260645,33.2791098],[126.7260505,33.2790381]]],[[[126.7458955,33.279239],[126.7458412,33.2792874],[126.7458754,33.2793473],[126.7459842,33.2792986],[126.7458955,33.279239]]],[[[126.7364711,33.2793227],[126.7365123,33.2791504],[126.7363577,33.2791483],[126.7364711,33.2793227]]],[[[126.7368032,33.2794234],[126.7367285,33.2793689],[126.7366699,33.2793823],[126.7367529,33.2794488],[126.7368032,33.2794234]]],[[[126.7372688,33.2789062],[126.7371211,33.2788632],[126.7369571,33.2790411],[126.7369766,33.2792896],[126.7371076,33.2795153],[126.7370945,33.2792591],[126.7372688,33.2789062]]],[[[126.7479907,33.2794624],[126.7478855,33.279499],[126.7479098,33.2795824],[126.7479716,33.2795724],[126.7479907,33.2794624]]],[[[126.7369071,33.2794315],[126.7369337,33.2796422],[126.7369806,33.2796694],[126.737004,33.2795941],[126.7369071,33.2794315]]],[[[126.7466671,33.2798249],[126.7466211,33.2797709],[126.7466427,33.279828],[126.7466671,33.2798249]]],[[[126.746809,33.2798698],[126.7467539,33.27983],[126.7467583,33.2798648],[126.746809,33.2798698]]],[[[126.7469577,33.2798572],[126.7468604,33.2798485],[126.7468339,33.279875],[126.7469102,33.27992],[126.7469577,33.2798572]]],[[[126.7472653,33.2799741],[126.7473714,33.2799437],[126.74726,33.2798934],[126.7472653,33.2799741]]],[[[126.7351728,33.2800227],[126.7350043,33.2799656],[126.7349752,33.2799824],[126.7352068,33.2801143],[126.7351728,33.2800227]]],[[[126.7352827,33.2801392],[126.7353454,33.2801058],[126.7352932,33.2800963],[126.7352827,33.2801392]]],[[[126.7357246,33.2804328],[126.7355901,33.2801765],[126.7355451,33.2801697],[126.7355312,33.2803642],[126.7357246,33.2804328]]],[[[126.7354903,33.2804354],[126.7354011,33.2803619],[126.735266,33.2804135],[126.7352932,33.2805084],[126.73545,33.2805618],[126.7354903,33.2804354]]],[[[126.7484942,33.2797646],[126.7483708,33.2797862],[126.7484029,33.280046],[126.7482869,33.2801495],[126.7485274,33.2805314],[126.7484967,33.2806873],[126.7486017,33.2805717],[126.7484391,33.2801624],[126.7484942,33.2797646]]],[[[126.1696482,33.2760488],[126.1702719,33.2757207],[126.1701562,33.2755692],[126.1702029,33.2753674],[126.1700401,33.2753899],[126.1695147,33.2751839],[126.169647,33.2754455],[126.1692854,33.2757465],[126.1693131,33.2758235],[126.1696482,33.2760488]]],[[[126.7344345,33.2809048],[126.7343815,33.28091],[126.7344312,33.280922],[126.7344345,33.2809048]]],[[[126.7343981,33.2809231],[126.7343854,33.280975],[126.734436,33.2809981],[126.7344506,33.2809662],[126.7343981,33.2809231]]],[[[126.7489376,33.2816049],[126.7488898,33.2815753],[126.7488732,33.2816375],[126.7489376,33.2816049]]],[[[126.7490957,33.281548],[126.7489726,33.2815485],[126.7489591,33.2816521],[126.749039,33.2816455],[126.7490957,33.281548]]],[[[126.7499747,33.2820122],[126.7498569,33.2819998],[126.7499459,33.282117],[126.7499809,33.2821066],[126.7499747,33.2820122]]],[[[126.7506897,33.2822296],[126.7507602,33.2821151],[126.7504975,33.2821564],[126.7505859,33.2822218],[126.7506897,33.2822296]]],[[[126.7506174,33.2822852],[126.7505676,33.2822457],[126.7505619,33.2822775],[126.7506174,33.2822852]]],[[[126.7498626,33.2823201],[126.7497466,33.2823416],[126.7497673,33.282478],[126.749978,33.2825222],[126.7498626,33.2823201]]],[[[126.7504032,33.2827887],[126.7504885,33.2827035],[126.7504497,33.2826408],[126.7502114,33.2826792],[126.7502161,33.2827861],[126.7504032,33.2827887]]],[[[126.7538947,33.2849421],[126.7540157,33.2849251],[126.7540191,33.2846939],[126.7538107,33.2848026],[126.7538947,33.2849421]]],[[[126.1686672,33.2805319],[126.1686568,33.2804454],[126.1685346,33.2805017],[126.168553,33.2805253],[126.1686672,33.2805319]]],[[[126.754365,33.2857246],[126.7542331,33.2857373],[126.754272,33.2858491],[126.754358,33.2858335],[126.754365,33.2857246]]],[[[126.7535178,33.2855336],[126.753376,33.2856591],[126.7535787,33.2860465],[126.7536562,33.2858008],[126.7535178,33.2855336]]],[[[126.75405,33.2861687],[126.75395,33.2862224],[126.7539857,33.2863038],[126.7540506,33.2862757],[126.75405,33.2861687]]],[[[126.7536346,33.2865855],[126.7536107,33.2866374],[126.7536663,33.2866795],[126.7537078,33.2866252],[126.7536346,33.2865855]]],[[[126.1679123,33.2828199],[126.1677219,33.2828694],[126.1676924,33.2828962],[126.1678478,33.2829261],[126.1679123,33.2828199]]],[[[126.7591251,33.2892953],[126.7591318,33.2892224],[126.7588502,33.2892573],[126.7588742,33.2892933],[126.7591251,33.2892953]]],[[[126.7591827,33.2894392],[126.7591622,33.2894922],[126.7593326,33.2895266],[126.7593034,33.2894705],[126.7591827,33.2894392]]],[[[126.7585136,33.2896174],[126.7587085,33.2895685],[126.758546,33.2894892],[126.7585136,33.2896174]]],[[[126.7596814,33.2899967],[126.7596685,33.2899736],[126.759664,33.2900026],[126.7596814,33.2899967]]],[[[126.7622366,33.2899328],[126.7621699,33.2899635],[126.7621712,33.2900409],[126.7622822,33.2900174],[126.7622366,33.2899328]]],[[[126.7634472,33.2900491],[126.7633187,33.2900035],[126.7634382,33.2900847],[126.7634472,33.2900491]]],[[[126.7614036,33.2900935],[126.7613387,33.2901053],[126.7613554,33.2901958],[126.7614897,33.2902851],[126.7614036,33.2900935]]],[[[126.7594282,33.2902776],[126.7593426,33.2902801],[126.759337,33.2903166],[126.7594282,33.2902776]]],[[[126.7595525,33.2905229],[126.7594918,33.2904759],[126.7594939,33.2905423],[126.7595525,33.2905229]]],[[[126.7641927,33.2904926],[126.7639953,33.2906049],[126.7640386,33.290727],[126.7641479,33.2907194],[126.7641927,33.2904926]]],[[[126.7611878,33.2907586],[126.761263,33.2906715],[126.7611443,33.2905615],[126.761089,33.2906386],[126.7611878,33.2907586]]],[[[126.7649303,33.2907106],[126.7648666,33.290772],[126.7647874,33.290978],[126.7650372,33.2908601],[126.7649303,33.2907106]]],[[[126.7637188,33.2909886],[126.763601,33.290945],[126.7635875,33.2910078],[126.7637188,33.2909886]]],[[[126.7656679,33.2909158],[126.7654811,33.2906801],[126.765287,33.2907282],[126.7652931,33.2908425],[126.7651433,33.2909418],[126.7652111,33.2910491],[126.7654046,33.2911248],[126.7656679,33.2909158]]],[[[126.7648564,33.2911545],[126.7651079,33.2910543],[126.7646325,33.2910483],[126.7645675,33.2911053],[126.7648564,33.2911545]]],[[[126.7626631,33.2912276],[126.7627616,33.2912041],[126.7626715,33.2911814],[126.7626631,33.2912276]]],[[[126.7615268,33.2910639],[126.7614152,33.2910904],[126.7614093,33.2911786],[126.7616216,33.2912853],[126.7616824,33.2912103],[126.7615268,33.2910639]]],[[[126.7650036,33.29167],[126.7653708,33.2914065],[126.7656205,33.2914192],[126.7661801,33.2912394],[126.766082,33.2911895],[126.765881,33.2912395],[126.765669,33.2911576],[126.7654668,33.29124],[126.7652858,33.2911877],[126.7650036,33.29167]]],[[[126.7657332,33.2925388],[126.7656399,33.292551],[126.7657051,33.2925828],[126.7657332,33.2925388]]],[[[126.7653313,33.292592],[126.7650992,33.2925678],[126.7650494,33.2926338],[126.7653313,33.292592]]],[[[126.7647857,33.2925451],[126.7646419,33.2925746],[126.7646007,33.2926145],[126.7647615,33.2927014],[126.7647857,33.2925451]]],[[[126.7646568,33.2931203],[126.7646501,33.2930258],[126.7644963,33.2929201],[126.764153,33.2929506],[126.7639785,33.2928675],[126.7640928,33.2930997],[126.7646568,33.2931203]]],[[[126.7664716,33.2960641],[126.7664042,33.2960472],[126.7664287,33.2960906],[126.7664716,33.2960641]]],[[[126.7664462,33.2962092],[126.7663865,33.2962136],[126.7664188,33.2962488],[126.7664462,33.2962092]]],[[[126.7671079,33.296989],[126.7668967,33.2970483],[126.7669895,33.2971759],[126.7671032,33.2970796],[126.7671079,33.296989]]],[[[126.7700366,33.3004667],[126.7699256,33.3004736],[126.7699443,33.300529],[126.7700366,33.3004667]]],[[[126.7732087,33.3014285],[126.773211,33.301367],[126.7731597,33.3013708],[126.7732087,33.3014285]]],[[[126.8077324,33.3016779],[126.8076159,33.3016782],[126.8077225,33.301733],[126.8077324,33.3016779]]],[[[126.8086521,33.3018252],[126.8086018,33.3017826],[126.8085875,33.3018008],[126.8086521,33.3018252]]],[[[126.80796,33.3018318],[126.8078853,33.3018028],[126.8078963,33.3018396],[126.80796,33.3018318]]],[[[126.8078006,33.301896],[126.8077206,33.301889],[126.8077958,33.3019365],[126.8078006,33.301896]]],[[[126.7738261,33.3016435],[126.7736843,33.301724],[126.7737466,33.3018496],[126.7738003,33.3018338],[126.7737348,33.3017689],[126.7738261,33.3016435]]],[[[126.7980499,33.3021809],[126.7982371,33.3021517],[126.7981859,33.3020388],[126.7980499,33.3021809]]],[[[126.8092412,33.3022643],[126.8091407,33.3022367],[126.8091216,33.3022697],[126.8092412,33.3022643]]],[[[126.7911605,33.3025494],[126.7911253,33.3025229],[126.7911,33.3025483],[126.7911605,33.3025494]]],[[[126.8112612,33.3027284],[126.8113778,33.3026302],[126.8114034,33.302556],[126.8111764,33.302634],[126.8111726,33.3027145],[126.8112612,33.3027284]]],[[[126.7919722,33.3026426],[126.7918753,33.3026255],[126.7918992,33.3026764],[126.7919722,33.3026426]]],[[[126.790894,33.3027257],[126.7908412,33.3026772],[126.7908329,33.3027297],[126.790894,33.3027257]]],[[[126.7913684,33.3027492],[126.791252,33.3028202],[126.7912614,33.302859],[126.7914212,33.3027934],[126.7913684,33.3027492]]],[[[126.7892837,33.3028418],[126.7892213,33.3028569],[126.7892733,33.3028678],[126.7892837,33.3028418]]],[[[126.7892069,33.3028528],[126.7891442,33.302836],[126.7891394,33.3028688],[126.7892069,33.3028528]]],[[[126.8006627,33.3028733],[126.8005951,33.3028663],[126.8006069,33.3029527],[126.8006627,33.3028733]]],[[[126.8011633,33.3029139],[126.8010916,33.3029127],[126.8011121,33.3029546],[126.8011633,33.3029139]]],[[[126.7891563,33.3029572],[126.7892706,33.3029521],[126.7892983,33.30293],[126.7892186,33.3028823],[126.7891563,33.3029572]]],[[[126.8095095,33.3030653],[126.8094377,33.3030425],[126.8094847,33.3030902],[126.8095095,33.3030653]]],[[[126.7915679,33.3028883],[126.7914836,33.3029372],[126.7916025,33.3030125],[126.7916149,33.3029772],[126.7915679,33.3028883]]],[[[126.8025113,33.3031542],[126.8026692,33.3031308],[126.8027956,33.3030574],[126.8026608,33.3030542],[126.8025113,33.3031542]]],[[[126.7885391,33.3031003],[126.7884852,33.3030893],[126.7884986,33.30311],[126.7885391,33.3031003]]],[[[126.78936,33.3031082],[126.7892246,33.3030351],[126.789358,33.3031806],[126.78936,33.3031082]]],[[[126.7895891,33.3030903],[126.7894952,33.3032535],[126.7895566,33.3032951],[126.7896501,33.3031815],[126.7895891,33.3030903]]],[[[126.7889233,33.3031672],[126.789013,33.3031941],[126.7891192,33.3030821],[126.7888383,33.3030761],[126.7887155,33.3031528],[126.7887465,33.3032849],[126.7889233,33.3031672]]],[[[126.7884158,33.3032613],[126.7886706,33.3032687],[126.788461,33.3031406],[126.7884158,33.3032613]]],[[[126.8011427,33.3033154],[126.8010638,33.3033249],[126.8010719,33.3034163],[126.8011205,33.3033786],[126.8011427,33.3033154]]],[[[126.789475,33.3033779],[126.7894579,33.3030327],[126.7893168,33.3029773],[126.789475,33.3033779]]],[[[126.8120433,33.3034758],[126.811979,33.303485],[126.8120022,33.303555],[126.8120316,33.3035466],[126.8120433,33.3034758]]],[[[126.8118327,33.3036718],[126.8118022,33.3036254],[126.8117926,33.3036749],[126.8118327,33.3036718]]],[[[126.7887595,33.3034282],[126.7887038,33.3035016],[126.7888098,33.3035868],[126.7888161,33.3035033],[126.7887595,33.3034282]]],[[[126.8120597,33.3037176],[126.8121629,33.3037225],[126.8121801,33.3037044],[126.8120597,33.3037176]]],[[[126.7873583,33.3039784],[126.7872808,33.3039442],[126.7873384,33.3040346],[126.7873583,33.3039784]]],[[[126.7882515,33.3042844],[126.7881728,33.3042939],[126.7882357,33.3044411],[126.7882544,33.3044353],[126.7882515,33.3042844]]],[[[126.7851399,33.3055004],[126.7850457,33.3055025],[126.7850378,33.3055933],[126.7850854,33.3055905],[126.7851399,33.3055004]]],[[[126.7838297,33.3055026],[126.7837557,33.3054063],[126.7836865,33.3053922],[126.7837645,33.3056088],[126.7838297,33.3055026]]],[[[126.7832717,33.3055975],[126.7831835,33.3056419],[126.7831884,33.3056814],[126.7832624,33.305659],[126.7832717,33.3055975]]],[[[126.7853408,33.3057192],[126.7852881,33.3057403],[126.785345,33.3057564],[126.7853408,33.3057192]]],[[[126.7819875,33.3058044],[126.7819256,33.3057773],[126.7819261,33.3058098],[126.7819875,33.3058044]]],[[[126.7769874,33.3060126],[126.776916,33.3060336],[126.7769154,33.3060828],[126.7769621,33.3060809],[126.7769874,33.3060126]]],[[[126.777052,33.3060284],[126.7769848,33.3060873],[126.7770727,33.3061772],[126.7770845,33.3061594],[126.777052,33.3060284]]],[[[126.7801033,33.3063425],[126.7800238,33.306366],[126.7800425,33.3064134],[126.7800948,33.3064174],[126.7801033,33.3063425]]],[[[126.7800756,33.306503],[126.7800159,33.3064603],[126.7800002,33.3064883],[126.7800756,33.306503]]],[[[126.7773164,33.3067914],[126.7772149,33.306779],[126.7772772,33.3068626],[126.7773164,33.3067914]]],[[[126.8157402,33.3068634],[126.8156052,33.3070705],[126.8156126,33.3071362],[126.8157753,33.3069896],[126.8157402,33.3068634]]],[[[126.8355647,33.3095721],[126.835681,33.3096],[126.8357411,33.3095422],[126.8356287,33.3094936],[126.8354155,33.3096297],[126.8355653,33.3096788],[126.8355647,33.3095721]]],[[[126.8352422,33.3094753],[126.8353293,33.3094514],[126.8351077,33.309374],[126.8350447,33.3092048],[126.8348635,33.3093088],[126.8348224,33.3091136],[126.8347532,33.3090931],[126.8346326,33.3092684],[126.8347372,33.3094787],[126.835126,33.3096802],[126.8352856,33.3095832],[126.8352422,33.3094753]]],[[[126.8336419,33.310371],[126.8335815,33.3104238],[126.833708,33.310493],[126.8337236,33.3104612],[126.8336419,33.310371]]],[[[126.8364906,33.3107929],[126.8364216,33.3108131],[126.8365426,33.310849],[126.8364906,33.3107929]]],[[[126.8387347,33.3136889],[126.8386318,33.3137347],[126.8385597,33.3139255],[126.838628,33.3140237],[126.8388788,33.3138739],[126.8387347,33.3136889]]],[[[126.8404196,33.3138761],[126.8402678,33.3139231],[126.8402325,33.3141477],[126.8403939,33.3139527],[126.8404196,33.3138761]]],[[[126.8393291,33.3141452],[126.8392367,33.3141079],[126.8391974,33.3141203],[126.8392278,33.3141913],[126.8393291,33.3141452]]],[[[126.8401351,33.3148109],[126.8398541,33.3148742],[126.8399743,33.3150505],[126.8401869,33.3149384],[126.8401351,33.3148109]]],[[[126.840584,33.3149239],[126.8404443,33.3149505],[126.8402895,33.3151494],[126.8402876,33.3153156],[126.840453,33.3153805],[126.8405584,33.3153824],[126.8407492,33.3151839],[126.840584,33.3149239]]],[[[126.8405707,33.3155543],[126.8405285,33.3154982],[126.8404896,33.3155843],[126.8405707,33.3155543]]],[[[126.8425774,33.3167938],[126.8424782,33.3167987],[126.8424397,33.3168404],[126.8425352,33.3168609],[126.8425774,33.3167938]]],[[[126.8435873,33.3180727],[126.8435123,33.3179806],[126.8434566,33.3180207],[126.8435127,33.3180806],[126.8435873,33.3180727]]],[[[126.8436517,33.3182386],[126.8435569,33.3182475],[126.8435725,33.3182974],[126.8436208,33.3182852],[126.8436517,33.3182386]]],[[[126.8453667,33.3192921],[126.8452827,33.3192927],[126.8452819,33.3193465],[126.8453667,33.3192921]]],[[[126.8461092,33.3200371],[126.8460316,33.3198976],[126.8458516,33.3199308],[126.8460307,33.3200625],[126.8461092,33.3200371]]],[[[126.8472076,33.3201509],[126.8471402,33.3201341],[126.8471354,33.3201921],[126.8471708,33.3202052],[126.8472076,33.3201509]]],[[[126.8472574,33.3203175],[126.8471296,33.3202848],[126.8471687,33.3203652],[126.8472574,33.3203175]]],[[[126.8478124,33.3203848],[126.8477358,33.3203154],[126.8478064,33.3204255],[126.8478124,33.3203848]]],[[[126.8480661,33.3236058],[126.8480276,33.3235411],[126.8479927,33.3235818],[126.8480661,33.3236058]]],[[[126.8478605,33.3241718],[126.8476898,33.3238921],[126.8475281,33.3240284],[126.8478605,33.3241718]]],[[[126.8487307,33.3243057],[126.848536,33.3242972],[126.8484866,33.3243438],[126.8488265,33.3244905],[126.8487307,33.3243057]]],[[[126.8484379,33.3244803],[126.8483336,33.3244327],[126.8483822,33.3245004],[126.8484379,33.3244803]]],[[[126.8482773,33.3248087],[126.8480741,33.324831],[126.8480524,33.3248833],[126.8483026,33.3248608],[126.8482773,33.3248087]]],[[[126.8475724,33.3253635],[126.8474898,33.3253784],[126.8475759,33.3254462],[126.8475972,33.3254259],[126.8475724,33.3253635]]],[[[126.8477668,33.3254748],[126.8477448,33.3255663],[126.8478792,33.3255615],[126.8477668,33.3254748]]],[[[126.8508358,33.33691],[126.8507627,33.3368404],[126.8507329,33.3369723],[126.8508358,33.33691]]],[[[126.856229,33.3381492],[126.8561306,33.3380869],[126.8562036,33.3381759],[126.856229,33.3381492]]],[[[126.8565879,33.3382384],[126.8564708,33.3382819],[126.8565317,33.3385621],[126.8566371,33.3384569],[126.8565879,33.3382384]]],[[[126.8552593,33.3384636],[126.8551276,33.3385061],[126.8551318,33.3386635],[126.8552161,33.3386254],[126.8552593,33.3384636]]],[[[126.8584477,33.3433325],[126.8582166,33.3431831],[126.8582302,33.3432409],[126.8584477,33.3433325]]],[[[126.8608368,33.3476002],[126.8607943,33.3475384],[126.860809,33.3476024],[126.8608368,33.3476002]]],[[[126.8682599,33.3542244],[126.8682141,33.3541897],[126.8681953,33.3542156],[126.8682599,33.3542244]]],[[[126.8725987,33.3678596],[126.8725333,33.3678689],[126.8724783,33.368007],[126.8725447,33.3680136],[126.8725987,33.3678596]]],[[[126.8727878,33.3681292],[126.8727112,33.3681362],[126.8726975,33.3681551],[126.8727618,33.3681921],[126.8727878,33.3681292]]],[[[126.8729177,33.3692749],[126.8728971,33.3692151],[126.8728573,33.369272],[126.8729177,33.3692749]]],[[[126.884543,33.3833952],[126.8843451,33.3835536],[126.8843458,33.3836705],[126.8845995,33.3834403],[126.884543,33.3833952]]],[[[126.8865595,33.3842513],[126.8865313,33.3841506],[126.8864892,33.3842536],[126.8865595,33.3842513]]],[[[126.8886386,33.3846135],[126.8885837,33.3846642],[126.888668,33.3847272],[126.8886875,33.384702],[126.8886386,33.3846135]]],[[[126.888605,33.3849307],[126.8884935,33.3849293],[126.8883527,33.3850254],[126.8885801,33.3849905],[126.888605,33.3849307]]],[[[126.8905719,33.3867372],[126.8905218,33.3866911],[126.8905217,33.3867148],[126.8905719,33.3867372]]],[[[126.8971644,33.3879071],[126.8970534,33.3878386],[126.8970192,33.3878747],[126.8971644,33.3879071]]],[[[126.8935641,33.3880037],[126.893511,33.387942],[126.8935275,33.3880165],[126.8935641,33.3880037]]],[[[126.8968038,33.3878684],[126.8967078,33.3879104],[126.8967276,33.3880329],[126.8968593,33.3879918],[126.8968038,33.3878684]]],[[[126.9004586,33.3889423],[126.9004362,33.388895],[126.9003945,33.388914],[126.9004586,33.3889423]]],[[[126.9004932,33.389253],[126.9003414,33.3892225],[126.900498,33.3893049],[126.9004932,33.389253]]],[[[126.9046335,33.3900864],[126.9046807,33.3899763],[126.9044841,33.3898994],[126.9044435,33.3899681],[126.9046335,33.3900864]]],[[[126.905109,33.3900064],[126.9049592,33.3900371],[126.9049397,33.3901211],[126.9050962,33.390132],[126.905109,33.3900064]]],[[[126.9032746,33.390261],[126.9032357,33.3902118],[126.9032289,33.3902566],[126.9032746,33.390261]]],[[[126.9036426,33.3903257],[126.9035991,33.3903562],[126.9036607,33.3903837],[126.9036426,33.3903257]]],[[[126.9033506,33.3904081],[126.903314,33.3905971],[126.9035351,33.3905934],[126.9035357,33.3905355],[126.9033506,33.3904081]]],[[[126.9067182,33.3911905],[126.9065802,33.3910455],[126.9063586,33.3910964],[126.9066376,33.3912628],[126.9067182,33.3911905]]],[[[126.9064738,33.3913073],[126.9063147,33.3913252],[126.9062963,33.3913947],[126.9064208,33.3914706],[126.9064738,33.3913073]]],[[[126.9066218,33.3962808],[126.90663,33.3961721],[126.9065116,33.3962615],[126.9066218,33.3962808]]],[[[126.9069001,33.3971186],[126.9067622,33.3970939],[126.9067906,33.3971695],[126.9069001,33.3971186]]],[[[126.9057135,33.3990749],[126.9055729,33.3991011],[126.9058278,33.3991998],[126.9058307,33.3991885],[126.9057135,33.3990749]]],[[[126.9052216,33.3996122],[126.905168,33.3995499],[126.9051226,33.3995841],[126.9052216,33.3996122]]],[[[126.9056351,33.4015233],[126.9055073,33.4014561],[126.9054801,33.4014866],[126.9054984,33.4015223],[126.9056351,33.4015233]]],[[[126.9055772,33.4016658],[126.9055283,33.4017125],[126.90561,33.40175],[126.9056171,33.4017133],[126.9055772,33.4016658]]],[[[126.9053648,33.4015809],[126.9052756,33.4016041],[126.9053656,33.401765],[126.9054097,33.4017003],[126.9053648,33.4015809]]],[[[126.9042097,33.4034279],[126.9041314,33.4034339],[126.9041419,33.4035202],[126.9042097,33.4034279]]],[[[126.9036101,33.4035172],[126.9034644,33.4035158],[126.9034177,33.4035625],[126.9036159,33.4036429],[126.9036101,33.4035172]]],[[[126.9037376,33.403702],[126.9037284,33.4040446],[126.9038773,33.4040803],[126.9039871,33.4039302],[126.9037376,33.403702]]],[[[126.9056842,33.4047375],[126.9055724,33.4047173],[126.9055417,33.4047669],[126.9057019,33.404828],[126.9056842,33.4047375]]],[[[126.906344,33.4051356],[126.9062485,33.4051103],[126.9062718,33.4052027],[126.9063428,33.4052111],[126.906344,33.4051356]]],[[[126.9075169,33.4057033],[126.9074136,33.405786],[126.9074201,33.4058272],[126.9074741,33.405801],[126.9075169,33.4057033]]],[[[126.9077847,33.406116],[126.9079174,33.4061334],[126.907945,33.4060744],[126.9077847,33.406116]]],[[[126.9081142,33.4064062],[126.9080177,33.4063861],[126.9079933,33.4064107],[126.9081142,33.4064062]]],[[[126.9087817,33.4064321],[126.9087487,33.4063857],[126.9087637,33.4064416],[126.9087817,33.4064321]]],[[[126.9085846,33.4066748],[126.9087285,33.4065711],[126.9087211,33.4065384],[126.9085883,33.4065432],[126.9085846,33.4066748]]],[[[126.9104477,33.4124633],[126.910426,33.4123606],[126.9103589,33.4124489],[126.9104477,33.4124633]]],[[[126.9118083,33.4124307],[126.911705,33.4126025],[126.9116863,33.4127351],[126.9118044,33.4126335],[126.9118083,33.4124307]]],[[[126.9116416,33.4129427],[126.9116048,33.4129978],[126.9117184,33.4130821],[126.9117475,33.4130479],[126.9116416,33.4129427]]],[[[126.9116125,33.41319],[126.9117064,33.413126],[126.9115785,33.4131567],[126.9116125,33.41319]]],[[[126.9115539,33.4132204],[126.9116111,33.4133791],[126.9115769,33.4135322],[126.9116586,33.4134044],[126.9116359,33.413246],[126.9115539,33.4132204]]],[[[126.9115719,33.4142077],[126.9114967,33.4142225],[126.9114779,33.4142495],[126.9115413,33.4142577],[126.9115719,33.4142077]]],[[[126.9112889,33.4157638],[126.9113124,33.4157206],[126.911271,33.4157359],[126.9112889,33.4157638]]],[[[126.9113581,33.4158022],[126.9113616,33.415857],[126.9114388,33.4158377],[126.9114337,33.4158252],[126.9113581,33.4158022]]],[[[126.9112807,33.4163262],[126.9111699,33.4163222],[126.9111472,33.4164157],[126.9112262,33.4164401],[126.9112807,33.4163262]]],[[[126.9114142,33.4169535],[126.9113863,33.4167778],[126.9113313,33.4169541],[126.9114142,33.4169535]]],[[[126.9120447,33.4192576],[126.9121743,33.4192613],[126.912211,33.4192053],[126.9120447,33.4192576]]],[[[126.9124821,33.4193508],[126.9124023,33.4193687],[126.9123824,33.4194102],[126.9124499,33.4193885],[126.9124821,33.4193508]]],[[[126.9122252,33.4196574],[126.9122253,33.4195286],[126.9121327,33.4196243],[126.9122252,33.4196574]]],[[[126.9123696,33.4202632],[126.9125364,33.4200645],[126.912462,33.4201241],[126.9123519,33.4200916],[126.9123696,33.4202632]]],[[[126.9136995,33.4203795],[126.9136778,33.4203276],[126.9136125,33.4203466],[126.9136995,33.4203795]]],[[[126.9140088,33.4204457],[126.9139606,33.4203168],[126.9139327,33.4203009],[126.9138743,33.4204299],[126.9140088,33.4204457]]],[[[126.9131094,33.4204819],[126.9131041,33.4204136],[126.9130832,33.4204159],[126.9131094,33.4204819]]],[[[126.9141118,33.4208363],[126.9138988,33.4207886],[126.9140802,33.4208756],[126.9141118,33.4208363]]],[[[126.9144645,33.4207048],[126.9143882,33.4208384],[126.9145078,33.4209199],[126.9144191,33.4208104],[126.9144645,33.4207048]]],[[[126.9145148,33.4210725],[126.9144677,33.4210968],[126.9144449,33.4211463],[126.9145121,33.4211503],[126.9145148,33.4210725]]],[[[126.914532,33.4220881],[126.9146661,33.4219669],[126.9145702,33.4220115],[126.914532,33.4220881]]],[[[126.9145197,33.4223062],[126.9145891,33.4222883],[126.9145889,33.4222699],[126.9145197,33.4223062]]],[[[126.9151312,33.4227397],[126.9150867,33.422695],[126.9150388,33.4227572],[126.9151312,33.4227397]]],[[[126.9311678,33.4227394],[126.9310941,33.4226719],[126.9311684,33.4228936],[126.9311678,33.4227394]]],[[[126.9310608,33.4229594],[126.9310173,33.4229194],[126.9310054,33.4229396],[126.9310608,33.4229594]]],[[[126.9316635,33.4234574],[126.9316991,33.42339],[126.9316003,33.4234268],[126.9316635,33.4234574]]],[[[126.9318626,33.4239934],[126.9317525,33.4239978],[126.9317356,33.4241312],[126.9318734,33.4240875],[126.9318626,33.4239934]]],[[[126.9269859,33.4241524],[126.9269333,33.4241396],[126.9269741,33.424174],[126.9269859,33.4241524]]],[[[126.9253331,33.4251263],[126.9252307,33.4251141],[126.9251982,33.4251258],[126.9253331,33.4251263]]],[[[126.925628,33.4252882],[126.9255031,33.4253119],[126.9255266,33.4254441],[126.9256333,33.4254257],[126.925628,33.4252882]]],[[[126.9349764,33.4261888],[126.9349504,33.4261224],[126.9349208,33.4261886],[126.9349764,33.4261888]]],[[[126.9353673,33.4262298],[126.9351934,33.4263197],[126.9351796,33.4263886],[126.9352376,33.426378],[126.9353673,33.4262298]]],[[[126.9343579,33.4264843],[126.9342642,33.4265101],[126.9342835,33.4265808],[126.9343415,33.4265663],[126.9343579,33.4264843]]],[[[126.9171104,33.4264242],[126.9170213,33.4264593],[126.91706,33.4265248],[126.9171398,33.426487],[126.9171104,33.4264242]]],[[[126.9347639,33.4266719],[126.9346612,33.4266677],[126.9346305,33.4267418],[126.9347515,33.4267654],[126.9347639,33.4266719]]],[[[126.9346053,33.4270957],[126.9350161,33.4268921],[126.9349903,33.4267541],[126.9347115,33.4269578],[126.9345396,33.4269677],[126.9346053,33.4270957]]],[[[126.9359874,33.4286198],[126.9358922,33.4286876],[126.935899,33.4287132],[126.9359495,33.4287102],[126.9359874,33.4286198]]],[[[126.9358717,33.428779],[126.9358828,33.4287374],[126.935819,33.4287493],[126.9358717,33.428779]]],[[[126.9360264,33.4291492],[126.9362426,33.4291549],[126.936105,33.4291052],[126.9360264,33.4291492]]],[[[126.9363197,33.4292865],[126.9362882,33.4292495],[126.9360924,33.4292743],[126.9361134,33.4292912],[126.9363197,33.4292865]]],[[[126.9360213,33.4299246],[126.9359128,33.4299251],[126.9359153,33.4299964],[126.93606,33.4300043],[126.9360213,33.4299246]]],[[[126.9162503,33.4306601],[126.9162125,33.4307172],[126.916242,33.4307664],[126.9163031,33.430699],[126.9162503,33.4306601]]],[[[126.9166468,33.4316017],[126.9164792,33.4316255],[126.9164765,33.4317883],[126.9166639,33.4317012],[126.9166468,33.4316017]]],[[[126.9308959,33.4333785],[126.9308078,33.4332857],[126.9307452,33.4333652],[126.9308495,33.4334076],[126.9308959,33.4333785]]],[[[126.9285276,33.4349971],[126.9284256,33.4348998],[126.9283729,33.4348987],[126.9284305,33.4350586],[126.9285276,33.4349971]]],[[[126.928007,33.434988],[126.9279594,33.435051],[126.9280079,33.4351488],[126.9280376,33.4351171],[126.928007,33.434988]]],[[[126.9405189,33.4552218],[126.9404554,33.4552246],[126.9404455,33.4552521],[126.9405189,33.4552218]]],[[[126.9436123,33.4553738],[126.9435566,33.4554099],[126.9436144,33.4554478],[126.9436329,33.4554332],[126.9436123,33.4553738]]],[[[126.9441262,33.4556525],[126.9442026,33.4556781],[126.9441672,33.4556342],[126.9441262,33.4556525]]],[[[126.939611,33.4560377],[126.9397973,33.455845],[126.9395567,33.4560477],[126.939611,33.4560377]]],[[[126.9476877,33.4571634],[126.9474822,33.4571883],[126.9474714,33.4572657],[126.9478848,33.4572553],[126.9476877,33.4571634]]],[[[126.9379125,33.4640648],[126.9378421,33.4641094],[126.9379101,33.4643291],[126.9380635,33.4642091],[126.9379125,33.4640648]]],[[[126.9378933,33.4643928],[126.9378538,33.4643441],[126.9378591,33.4643984],[126.9378933,33.4643928]]],[[[126.9376345,33.4644422],[126.9375724,33.4643798],[126.9375401,33.464406],[126.9376345,33.4644422]]],[[[126.9372776,33.4650292],[126.9372264,33.4650061],[126.9371456,33.4650631],[126.937199,33.4650765],[126.9372776,33.4650292]]],[[[126.9274456,33.4771306],[126.9339234,33.4771323],[126.9339782,33.4769111],[126.9338694,33.4768646],[126.927503,33.4768872],[126.9273607,33.4769739],[126.9273703,33.4771038],[126.9274456,33.4771306]]],[[[126.8981453,33.4829981],[126.8985839,33.4829509],[126.8992433,33.4826163],[126.9002286,33.4824614],[126.9005608,33.4823044],[126.900685,33.4824512],[126.9006438,33.4825465],[126.9009312,33.4826774],[126.9018355,33.4825309],[126.9018775,33.4818456],[126.9025477,33.4809712],[126.9028277,33.4810108],[126.9028652,33.4808163],[126.9031215,33.4804773],[126.9030817,33.4803384],[126.9036327,33.4796909],[126.9042665,33.4792559],[126.9049674,33.4790459],[126.9079404,33.4784047],[126.9078882,33.4787566],[126.9086081,33.4791793],[126.9086149,33.479096],[126.9079746,33.4787144],[126.9080612,33.4783557],[126.9081706,33.4783342],[126.9090086,33.4788892],[126.9090424,33.4790841],[126.9087927,33.479204],[126.9090436,33.479168],[126.9091797,33.4792525],[126.9092155,33.4793974],[126.9093849,33.4794231],[126.9093865,33.4797332],[126.9095467,33.4798107],[126.9101692,33.4797388],[126.9101632,33.4796769],[126.9096301,33.479719],[126.9095667,33.4794239],[126.909832,33.4790545],[126.9116297,33.4794584],[126.9135882,33.4794707],[126.9136505,33.4795912],[126.9140931,33.4794341],[126.9141793,33.4793568],[126.9141364,33.4789497],[126.9138348,33.478767],[126.9139256,33.4785254],[126.9138865,33.4781676],[126.9137946,33.4781381],[126.9134831,33.478268],[126.913154,33.4780493],[126.91314,33.4779394],[126.9128442,33.4780414],[126.9129023,33.47828],[126.9129708,33.478338],[126.9131334,33.478313],[126.9133661,33.4784884],[126.9134483,33.47905],[126.913881,33.4791663],[126.9139099,33.4792975],[126.9136696,33.4794091],[126.9116572,33.4793901],[126.9099636,33.4790155],[126.9098788,33.4789429],[126.9100956,33.478538],[126.9099848,33.478086],[126.9104056,33.4764341],[126.9105854,33.4763308],[126.9108844,33.475463],[126.9111978,33.4751612],[126.9113078,33.4749329],[126.9114849,33.4747928],[126.9116957,33.4747436],[126.9118045,33.4746073],[126.9114799,33.4741343],[126.9115725,33.4737709],[126.912334,33.4729278],[126.912863,33.4726002],[126.9137017,33.4722286],[126.9138824,33.4721816],[126.9141306,33.4722359],[126.9146388,33.472443],[126.9148111,33.4726794],[126.9148902,33.4726799],[126.915074,33.4726291],[126.9151775,33.472389],[126.9154719,33.4721121],[126.9159577,33.4721767],[126.9168095,33.4720146],[126.9170059,33.4721262],[126.9172568,33.472074],[126.9175081,33.4717978],[126.9174274,33.4715674],[126.9173496,33.4716335],[126.9172546,33.4715325],[126.9172279,33.4711939],[126.9183998,33.4704855],[126.9187619,33.4705589],[126.9186647,33.4706693],[126.9187092,33.4709769],[126.918986,33.4708276],[126.9191945,33.4708223],[126.9193085,33.4709316],[126.9193854,33.4706555],[126.9193017,33.4704782],[126.9190172,33.4703309],[126.9189783,33.4701154],[126.9205813,33.469297],[126.9213558,33.4696319],[126.9215381,33.4698446],[126.9216592,33.4700517],[126.9214466,33.4702241],[126.921439,33.4704014],[126.9217491,33.4704687],[126.9218538,33.4703356],[126.9219998,33.4704572],[126.9220295,33.4706094],[126.9222542,33.4706643],[126.9224764,33.4704309],[126.922813,33.4706132],[126.9228166,33.4707268],[126.922907,33.4706831],[126.9231778,33.4708136],[126.9250777,33.4721466],[126.9244215,33.4728876],[126.9253899,33.4735343],[126.9255028,33.4734474],[126.9245967,33.4728524],[126.9250773,33.4723318],[126.9258362,33.4728621],[126.9259539,33.47274],[126.9261105,33.4728301],[126.9270569,33.4734856],[126.9274787,33.4739841],[126.9274449,33.4757205],[126.9275611,33.4757942],[126.9276777,33.4757083],[126.9275737,33.4739311],[126.9271624,33.4733851],[126.9266531,33.4730522],[126.9267889,33.4729129],[126.9254624,33.47201],[126.9253122,33.4713658],[126.9261541,33.4712289],[126.9261119,33.4710491],[126.9252703,33.4711767],[126.9251976,33.4708141],[126.9250077,33.4708248],[126.9248266,33.4700409],[126.9251102,33.469801],[126.9252614,33.4697738],[126.925256,33.4689775],[126.9260119,33.4689781],[126.9260105,33.4688893],[126.9261014,33.4688611],[126.9279173,33.4688367],[126.9281278,33.4689279],[126.9285161,33.4696562],[126.9275324,33.4700124],[126.9276175,33.4701814],[126.9286048,33.4698261],[126.9297005,33.4719484],[126.9285562,33.4729352],[126.9288737,33.4735286],[126.9352326,33.4735859],[126.9352572,33.475117],[126.9356609,33.4752238],[126.9356436,33.476951],[126.9355505,33.4771723],[126.9356437,33.4773304],[126.9356317,33.4779445],[126.9353682,33.4780541],[126.9353636,33.4785031],[126.935586,33.4785778],[126.9360717,33.4785253],[126.9361517,33.4782368],[126.9360892,33.4773828],[126.936229,33.4769697],[126.9362028,33.4758623],[126.9362996,33.4745162],[126.9362306,33.4736747],[126.9356599,33.4722104],[126.9351026,33.4710634],[126.935118,33.4704719],[126.9354072,33.4696318],[126.9357592,33.4693429],[126.9362066,33.4691698],[126.9363282,33.4691902],[126.9364445,33.4686898],[126.9366173,33.4685398],[126.9369242,33.4684585],[126.9370218,33.4682669],[126.9369603,33.4680202],[126.9364268,33.4672473],[126.9363145,33.4669606],[126.9363337,33.4663131],[126.9365164,33.4659495],[126.9364172,33.4652884],[126.9362919,33.4650361],[126.9363817,33.4646361],[126.9363253,33.4642142],[126.9365876,33.4639129],[126.9370739,33.4637309],[126.9372597,33.4637323],[126.9373963,33.4638682],[126.9382294,33.4638557],[126.9382463,33.4640079],[126.9380602,33.4645163],[126.9381461,33.4645837],[126.9382777,33.4645246],[126.9383779,33.4642898],[126.9383236,33.464114],[126.9384534,33.4640403],[126.9384896,33.4638859],[126.938284,33.463502],[126.938647,33.4634799],[126.938895,33.4635616],[126.9390751,33.4633621],[126.9391915,33.4627081],[126.9388333,33.4627676],[126.9385839,33.4625474],[126.9385337,33.4623463],[126.9387927,33.4618191],[126.9392077,33.4614701],[126.9397106,33.4614315],[126.9403185,33.4616101],[126.9409029,33.4612705],[126.9415848,33.4611948],[126.9416276,33.4612804],[126.94178,33.4613011],[126.9417665,33.461204],[126.9416571,33.4611554],[126.9421779,33.4611506],[126.9423146,33.4610181],[126.942515,33.4610222],[126.9427029,33.4611773],[126.9431925,33.4610944],[126.9437134,33.4608516],[126.9437013,33.4607029],[126.9441526,33.4605418],[126.9444163,33.4603605],[126.9444084,33.4602062],[126.9442437,33.4601707],[126.9442484,33.4601097],[126.9445628,33.4598517],[126.9448479,33.4597724],[126.9449501,33.4596676],[126.9451196,33.4597112],[126.945293,33.4595341],[126.9450957,33.4593599],[126.9451831,33.4591975],[126.9451029,33.4589144],[126.9452641,33.4585316],[126.9450467,33.4577364],[126.9452111,33.4572832],[126.9455349,33.4571038],[126.9462209,33.4569853],[126.9462971,33.4568633],[126.9464523,33.4568176],[126.9468126,33.45688],[126.946886,33.456801],[126.946642,33.4564926],[126.9466279,33.4563087],[126.9464579,33.4560736],[126.9461428,33.4562877],[126.9460821,33.4565223],[126.9459602,33.4565136],[126.9458007,33.4566783],[126.9455635,33.4565936],[126.9454686,33.4564643],[126.94514,33.4567275],[126.9448887,33.4565139],[126.9447901,33.4561986],[126.9446103,33.4560468],[126.944652,33.4557767],[126.9444863,33.4557009],[126.9443068,33.4557501],[126.9438796,33.4557026],[126.9433779,33.4555171],[126.9432519,33.4553871],[126.9433885,33.4552046],[126.9433515,33.4551453],[126.9413499,33.4554343],[126.9410506,33.4556551],[126.940716,33.455678],[126.9405055,33.4557712],[126.9404166,33.4560116],[126.9401358,33.4561955],[126.9397262,33.4562397],[126.9395519,33.4561583],[126.9391121,33.4567669],[126.9388809,33.4568854],[126.9386921,33.4568168],[126.9382734,33.4574898],[126.9381391,33.4580889],[126.9378579,33.4582836],[126.9378339,33.4584946],[126.9376563,33.4586075],[126.9375622,33.4588267],[126.9371852,33.4590477],[126.9361982,33.4593519],[126.9358457,33.4601594],[126.9355741,33.4602655],[126.9350339,33.460336],[126.9349501,33.4606854],[126.9346791,33.4607942],[126.9343993,33.4608073],[126.9337423,33.4606089],[126.9337586,33.4603819],[126.9336829,33.4603857],[126.9336602,33.4605934],[126.9332399,33.4605902],[126.9323774,33.4603166],[126.9313294,33.4597989],[126.930098,33.459002],[126.9292268,33.4579914],[126.9287568,33.4570023],[126.9283815,33.4566572],[126.9274853,33.4555136],[126.9254349,33.4535902],[126.9248787,33.452785],[126.9245192,33.4515396],[126.9241854,33.450932],[126.9239447,33.4506396],[126.9231663,33.4502478],[126.922796,33.4499683],[126.9225078,33.4494707],[126.9223382,33.4488631],[126.9222657,33.4479073],[126.922526,33.4470246],[126.9225629,33.4465888],[126.9218114,33.4451428],[126.9216299,33.443876],[126.9217027,33.4432054],[126.9218998,33.4425006],[126.9221356,33.4421542],[126.9225526,33.4418503],[126.9220239,33.4406355],[126.9220785,33.4399138],[126.9221969,33.439497],[126.9226226,33.4387018],[126.9231324,33.4380336],[126.9240623,33.4360127],[126.9245635,33.4354135],[126.9252631,33.4347837],[126.9256543,33.4347242],[126.9258052,33.4348345],[126.9262404,33.4349091],[126.9264206,33.4347191],[126.926422,33.434502],[126.9267293,33.4344414],[126.9267533,33.4345865],[126.9269299,33.4346048],[126.9269942,33.4343691],[126.9271565,33.4342173],[126.9271605,33.4340392],[126.9274311,33.4339555],[126.9275891,33.434026],[126.9275211,33.4342285],[126.9275987,33.4342514],[126.9276704,33.4340439],[126.9279036,33.4341261],[126.9280671,33.4343333],[126.9279787,33.4346285],[126.9275818,33.4346363],[126.9275751,33.4347102],[126.9279938,33.4347207],[126.9281189,33.4348202],[126.9282285,33.4347739],[126.9282731,33.4346317],[126.9285008,33.4345553],[126.9283904,33.4342279],[126.9285054,33.4341976],[126.9284759,33.4340789],[126.9285781,33.4340315],[126.9289886,33.434507],[126.9290897,33.4348051],[126.9292573,33.434911],[126.9293589,33.4346654],[126.9291466,33.43449],[126.9291435,33.4343787],[126.9293102,33.4342413],[126.929413,33.4337885],[126.9293558,33.4335934],[126.9294619,33.4335328],[126.9295708,33.4332415],[126.9298272,33.433235],[126.9303265,33.4330382],[126.9307568,33.433266],[126.930918,33.4330388],[126.9311886,33.4329061],[126.9314514,33.4329873],[126.93183,33.4329718],[126.9318658,33.4328668],[126.9316964,33.4326796],[126.9319292,33.4324687],[126.9322838,33.4324422],[126.9325285,33.4325198],[126.9325131,33.4323093],[126.9327482,33.4321672],[126.9327502,33.4320891],[126.9330127,33.4321145],[126.9330462,33.4319632],[126.9332868,33.4321185],[126.9332567,33.4318886],[126.9331033,33.4317612],[126.9331245,33.4315973],[126.9339299,33.4308589],[126.9339422,33.4307092],[126.9342747,33.4305396],[126.9347312,33.4305106],[126.9350062,33.4303346],[126.9357016,33.4301086],[126.9358031,33.4298131],[126.9359829,33.4297188],[126.9362965,33.4297739],[126.9364014,33.4294551],[126.9365676,33.429361],[126.9360282,33.4293416],[126.9358328,33.4294631],[126.9357359,33.4293718],[126.9357998,33.4292637],[126.9357755,33.4290548],[126.9356807,33.4289655],[126.9357164,33.4287385],[126.9354977,33.4287403],[126.9354725,33.4286196],[126.935361,33.4286292],[126.9353788,33.4288871],[126.9351007,33.4286961],[126.9352688,33.4285462],[126.9351496,33.4284575],[126.9348453,33.4285593],[126.9346473,33.42847],[126.9345649,33.4283162],[126.9344146,33.4284518],[126.9343057,33.4284068],[126.9340325,33.4280434],[126.9339653,33.4277706],[126.9341317,33.4275983],[126.9344728,33.4275341],[126.9345643,33.4270464],[126.933941,33.4268325],[126.9336992,33.42697],[126.9334853,33.4269871],[126.9330441,33.4266853],[126.9327517,33.4260379],[126.932402,33.4256475],[126.9319212,33.4253345],[126.9317617,33.425136],[126.9315302,33.4243198],[126.9313684,33.4240478],[126.9314436,33.4237899],[126.931237,33.4237687],[126.9311318,33.423536],[126.9312028,33.4233078],[126.9310742,33.4233963],[126.9309656,33.42306],[126.9305279,33.4228779],[126.9306425,33.4230579],[126.9306072,33.4231656],[126.9300251,33.4229795],[126.9294425,33.4229245],[126.9294026,33.4231079],[126.9291813,33.4231554],[126.9291293,33.4233948],[126.9286793,33.4236759],[126.9283691,33.4240749],[126.927237,33.4244283],[126.9271292,33.4244102],[126.9271195,33.4242876],[126.9269907,33.4242161],[126.9268038,33.4245575],[126.9266404,33.4245826],[126.9264182,33.4247532],[126.9261366,33.4251229],[126.9257571,33.4253009],[126.9257571,33.4254047],[126.9251968,33.4260696],[126.9249822,33.4261798],[126.9247992,33.4260142],[126.924716,33.4260293],[126.9246861,33.4261036],[126.9248666,33.4262707],[126.9246631,33.4264273],[126.9240956,33.4264781],[126.9240474,33.4266125],[126.9236068,33.4266989],[126.9233256,33.4269308],[126.9230874,33.4268327],[126.923127,33.4269737],[126.9228996,33.4270931],[126.9229183,33.4271578],[126.9230887,33.4271992],[126.9230967,33.4277247],[126.9234102,33.4284972],[126.9235713,33.4285963],[126.9239215,33.4286053],[126.924441,33.428276],[126.9247833,33.4282702],[126.9252384,33.4285144],[126.9255219,33.4287789],[126.9257049,33.429038],[126.9258139,33.4294121],[126.9257922,33.430447],[126.9257151,33.4307857],[126.9255027,33.4311764],[126.9250978,33.4316798],[126.9249078,33.4317423],[126.9248903,33.4319409],[126.9245783,33.4322142],[126.9244232,33.4323011],[126.9240279,33.432261],[126.9239435,33.4323501],[126.9241754,33.4326076],[126.9242576,33.4328794],[126.9242247,33.4331797],[126.9241018,33.4333837],[126.92378,33.4335128],[126.9238258,33.4336036],[126.9242611,33.4338332],[126.9242158,33.434144],[126.9240854,33.4343001],[126.9233242,33.4347473],[126.9225423,33.4350294],[126.9211463,33.4352051],[126.9196455,33.4352329],[126.9172837,33.4347691],[126.9167531,33.4345396],[126.9167235,33.4344236],[126.9168809,33.4343725],[126.9167696,33.4341111],[126.9165031,33.4343395],[126.916291,33.434307],[126.9160809,33.4341495],[126.9159253,33.4336099],[126.9161275,33.4332175],[126.91595,33.433002],[126.9160499,33.432759],[126.9159754,33.432748],[126.9158749,33.4329356],[126.915657,33.4330071],[126.9153696,33.432716],[126.9153131,33.4324471],[126.9153319,33.4323645],[126.9160898,33.4322341],[126.9160645,33.4326974],[126.9161887,33.4326988],[126.9161021,33.4319477],[126.9162305,33.4317066],[126.9161871,33.4316494],[126.9159384,33.4316625],[126.9156136,33.4314725],[126.9164731,33.4296136],[126.9164645,33.4294019],[126.9161266,33.429326],[126.9161099,33.4291548],[126.9162865,33.4289423],[126.9164626,33.4290348],[126.9165863,33.4289371],[126.9163843,33.4287434],[126.9164464,33.4286296],[126.9170418,33.4287666],[126.9179961,33.4288244],[126.9179923,33.4289223],[126.918575,33.4289483],[126.9186409,33.4289021],[126.9185339,33.4287983],[126.9186056,33.4283822],[126.9185305,33.4283727],[126.9184543,33.428705],[126.9182303,33.4287044],[126.9182292,33.428603],[126.9177962,33.4286053],[126.9177906,33.4274574],[126.9195109,33.4274782],[126.9194497,33.427931],[126.9197441,33.4279523],[126.9197315,33.4272702],[126.9176326,33.427272],[126.9172236,33.4273351],[126.9169278,33.4273175],[126.9169467,33.4272143],[126.9168284,33.4273294],[126.9166204,33.4273251],[126.9166037,33.427264],[126.916716,33.4272234],[126.9166625,33.4269995],[126.9168025,33.4270304],[126.9168435,33.426893],[126.916736,33.4268603],[126.9166781,33.4269574],[126.9165032,33.4269634],[126.9164128,33.4265668],[126.9162488,33.4264744],[126.9163069,33.4262431],[126.9161724,33.4262416],[126.9160415,33.4260644],[126.9158956,33.4260649],[126.9158145,33.4258799],[126.9154871,33.425791],[126.9154962,33.4256085],[126.9151796,33.4256221],[126.9152553,33.4254866],[126.9150535,33.4254287],[126.9150159,33.4253006],[126.9148533,33.4252788],[126.9147132,33.4249604],[126.9148725,33.424888],[126.9148629,33.4247564],[126.9146355,33.4247543],[126.9147196,33.4245346],[126.914681,33.4243358],[126.9143115,33.424397],[126.9140526,33.4241921],[126.9139753,33.4236585],[126.9141104,33.4234854],[126.9143674,33.423453],[126.9141858,33.4232069],[126.9142629,33.4229778],[126.9145763,33.4226789],[126.9149161,33.4225937],[126.9146705,33.4224592],[126.9142487,33.4224154],[126.9143513,33.422191],[126.9143242,33.4218256],[126.9135985,33.4209951],[126.9138116,33.4207922],[126.9136741,33.4204928],[126.9136123,33.4204717],[126.9136222,33.4205687],[126.9132964,33.4206994],[126.9129288,33.4206017],[126.9127579,33.4206642],[126.9127054,33.4204542],[126.9124345,33.4204776],[126.9119263,33.4202429],[126.911612,33.4198006],[126.9116264,33.4197017],[126.9117625,33.4196425],[126.9116309,33.4196182],[126.9115741,33.4194099],[126.9113238,33.4191837],[126.9113783,33.4189846],[126.9116974,33.4187835],[126.9118243,33.4186079],[126.9116139,33.4183705],[126.9119151,33.4182494],[126.9114603,33.4181785],[126.9111497,33.417925],[126.9109863,33.4168633],[126.9110638,33.4165752],[126.9110102,33.4163098],[126.9112476,33.4160788],[126.9111646,33.4159294],[126.9109901,33.4161131],[126.9108817,33.4160119],[126.9109184,33.4156748],[126.9110889,33.4153001],[126.9110955,33.4149896],[126.9112536,33.4147341],[126.9110651,33.413968],[126.9108345,33.4138624],[126.9110886,33.4137444],[126.9111014,33.4134397],[126.9113071,33.4131292],[126.9109084,33.413139],[126.9107805,33.4130023],[126.9108196,33.4132455],[126.9106199,33.4132766],[126.9104626,33.4134046],[126.9104343,33.4137129],[126.910148,33.4137941],[126.9100979,33.4137304],[126.9102298,33.4136264],[126.9099314,33.413532],[126.9101632,33.4134482],[126.9100664,33.4132343],[126.9103495,33.4129722],[126.9102499,33.4129045],[126.9099981,33.4130689],[126.9098106,33.4128925],[126.9103254,33.4125448],[126.9099759,33.4124951],[126.9099996,33.4120325],[126.9097134,33.4120781],[126.909128,33.4124977],[126.909023,33.4124199],[126.9093201,33.4122313],[126.9092713,33.4121126],[126.9089599,33.4120848],[126.9085445,33.4122474],[126.9084778,33.4122145],[126.9084921,33.4120739],[126.9083459,33.4120026],[126.9085693,33.4113344],[126.9083794,33.4107825],[126.9091838,33.4108306],[126.9091875,33.4107659],[126.9083298,33.410686],[126.9085099,33.4102014],[126.9086775,33.4100965],[126.9087557,33.4099232],[126.9085237,33.4099159],[126.9084069,33.4097897],[126.9085142,33.4095239],[126.9083814,33.409018],[126.9085312,33.4087455],[126.9081885,33.4085665],[126.9080418,33.4081391],[126.9080829,33.4079715],[126.9081898,33.4078988],[126.9080738,33.4075831],[126.9082717,33.4074562],[126.9082912,33.4071989],[126.9084196,33.4070764],[126.9082525,33.4068941],[126.9078236,33.4068071],[126.9077742,33.4065194],[126.90745,33.4065405],[126.9072244,33.406311],[126.9075045,33.4061344],[126.9076664,33.4061169],[126.9076622,33.406032],[126.9072362,33.4060006],[126.9071555,33.4058434],[126.9070511,33.405934],[126.9067051,33.405915],[126.9069131,33.4056318],[126.9067538,33.405549],[126.906461,33.4056215],[126.9064691,33.4057297],[126.9062427,33.4056587],[126.9060534,33.4053674],[126.9061182,33.4052771],[126.9057826,33.4049596],[126.9055321,33.4049654],[126.9054788,33.405072],[126.9048675,33.4049104],[126.9048877,33.4047238],[126.9047154,33.4045638],[126.9046413,33.4046306],[126.904795,33.4047739],[126.9047438,33.4049104],[126.9045776,33.404946],[126.9044389,33.4048304],[126.9041965,33.4050501],[126.9041896,33.4049562],[126.9041085,33.4050115],[126.903972,33.4049379],[126.9039914,33.4047469],[126.9044393,33.4047266],[126.9045733,33.4046909],[126.9045679,33.4046062],[126.9039308,33.4046388],[126.9037055,33.4047124],[126.903609,33.4043221],[126.9036724,33.4038844],[126.9029735,33.4035151],[126.9028962,33.4033769],[126.9029623,33.4026051],[126.9042007,33.40257],[126.9045691,33.4026399],[126.9045773,33.402694],[126.9051143,33.4024828],[126.9049841,33.4022812],[126.9048571,33.4023306],[126.9048904,33.4023914],[126.9045807,33.4025176],[126.9041701,33.4024435],[126.9034623,33.4020948],[126.9033644,33.4018509],[126.9029694,33.4020473],[126.9027499,33.4019364],[126.9027842,33.4017625],[126.9032122,33.4013409],[126.9033989,33.4014691],[126.9032431,33.4016744],[126.9040848,33.4021978],[126.9044287,33.4019549],[126.9041993,33.4017455],[126.9042563,33.4016773],[126.9048704,33.4019589],[126.9050743,33.4018726],[126.9052705,33.4019297],[126.9055056,33.4022418],[126.9056523,33.4027029],[126.9058589,33.4026658],[126.9055055,33.4019875],[126.9053418,33.4018636],[126.9045746,33.4015931],[126.9043953,33.4014244],[126.9043033,33.4011728],[126.9041236,33.4010586],[126.9042537,33.4009122],[126.9042318,33.4007204],[126.9044967,33.4005608],[126.9047051,33.4002874],[126.9044393,33.4001846],[126.9046733,33.3998322],[126.9049348,33.3997794],[126.9049133,33.3993499],[126.9055397,33.3990053],[126.9057623,33.3986258],[126.9062607,33.398311],[126.9065469,33.3984204],[126.9065335,33.3982895],[126.9066881,33.3980878],[126.9068635,33.3980058],[126.9071543,33.3980626],[126.9072909,33.3979639],[126.9071256,33.3978356],[126.9069771,33.3979236],[126.9066547,33.3976272],[126.9065231,33.3973537],[126.9065014,33.3970503],[126.9067428,33.3969013],[126.9066555,33.3968318],[126.906513,33.3968471],[126.9065114,33.3967181],[126.9063716,33.3966422],[126.9065132,33.396446],[126.9063282,33.3962144],[126.9064583,33.395949],[126.9063565,33.3957192],[126.9065681,33.3955311],[126.9065607,33.3950157],[126.9066666,33.3949539],[126.9067416,33.3946625],[126.9069036,33.3945815],[126.9069701,33.394461],[126.9068876,33.3943926],[126.9069743,33.3943503],[126.9069137,33.394254],[126.9066784,33.3941887],[126.9067393,33.3941367],[126.9066925,33.3940215],[126.9064653,33.3938286],[126.9064277,33.3936884],[126.9062023,33.3936552],[126.9060273,33.3933126],[126.9060265,33.3930478],[126.9061648,33.3926573],[126.9063885,33.3926667],[126.9061662,33.3923423],[126.9062818,33.392081],[126.9060652,33.3918861],[126.9062959,33.3918441],[126.9062818,33.39146],[126.9058786,33.3913288],[126.905739,33.391084],[126.9055065,33.3911529],[126.905257,33.3909847],[126.9051025,33.3910146],[126.9048358,33.3907933],[126.9048039,33.3905288],[126.9040821,33.3903698],[126.9039414,33.3902752],[126.9038335,33.3903341],[126.9036895,33.3906257],[126.9035661,33.390676],[126.9035741,33.3907669],[126.9021304,33.3904997],[126.901335,33.389864],[126.9007681,33.3898759],[126.8995235,33.3891312],[126.8993294,33.3891418],[126.8990085,33.3890191],[126.8988255,33.3888328],[126.8988606,33.3885957],[126.8985821,33.3884971],[126.8984851,33.3883869],[126.8983846,33.3884418],[126.8982403,33.3883609],[126.8977158,33.3883591],[126.8975117,33.3883166],[126.8972932,33.3881396],[126.8969972,33.3880982],[126.8969935,33.3881936],[126.8968167,33.3881643],[126.8966322,33.3883192],[126.896716,33.3884725],[126.8966656,33.3885301],[126.8962265,33.3885623],[126.8961391,33.3883798],[126.8959705,33.3883224],[126.8959793,33.3884497],[126.8957471,33.3884093],[126.895563,33.3885592],[126.8953143,33.3885896],[126.8949975,33.3885021],[126.8948444,33.3882497],[126.8947458,33.3884761],[126.8944376,33.3884429],[126.892147,33.3875804],[126.8913936,33.3875658],[126.8910906,33.3874199],[126.890804,33.3874123],[126.8905379,33.3870985],[126.8903027,33.3871815],[126.8897212,33.3868385],[126.8897124,33.3865849],[126.889893,33.3863617],[126.8898828,33.3862122],[126.8898447,33.3861134],[126.8897143,33.386142],[126.8895277,33.3860555],[126.8894267,33.3858523],[126.8895007,33.3855513],[126.8893489,33.3855052],[126.8893245,33.3855799],[126.8890272,33.3856325],[126.888822,33.3854368],[126.8889251,33.385328],[126.88889,33.3852648],[126.8885089,33.385333],[126.8882136,33.3851905],[126.8880959,33.385289],[126.888118,33.3851203],[126.8882763,33.3850238],[126.8881263,33.3847868],[126.888237,33.3846155],[126.8881311,33.3845611],[126.8880143,33.3845357],[126.888001,33.3849562],[126.8878612,33.3851093],[126.8873796,33.3851349],[126.8872102,33.3852577],[126.8871852,33.384929],[126.886897,33.3847311],[126.886632,33.3847352],[126.8864648,33.3850927],[126.8863614,33.3851154],[126.8863811,33.384589],[126.8863147,33.3845183],[126.8862188,33.3847482],[126.8862535,33.3849337],[126.8861028,33.3849821],[126.8857313,33.3848884],[126.8855035,33.3845545],[126.8854125,33.384635],[126.8855202,33.3847856],[126.8851672,33.384804],[126.8847089,33.3846176],[126.884484,33.3846548],[126.8845615,33.3844869],[126.8845013,33.384422],[126.884115,33.3844988],[126.8837907,33.3843404],[126.8837337,33.3841868],[126.8842042,33.3839519],[126.8842358,33.383865],[126.8840188,33.3837417],[126.8838151,33.3839085],[126.883501,33.3839166],[126.8836264,33.3837],[126.8836008,33.3835761],[126.8833978,33.3837929],[126.8829529,33.3839274],[126.8829139,33.3837717],[126.8827279,33.3836359],[126.8827045,33.3831504],[126.882521,33.3829657],[126.8826736,33.3824943],[126.8826476,33.3822146],[126.8825664,33.3822053],[126.882298,33.383091],[126.8819947,33.3832902],[126.8816477,33.383217],[126.8817327,33.3829855],[126.8815591,33.3828791],[126.8804857,33.3826948],[126.880405,33.3822459],[126.8804895,33.3822691],[126.8804707,33.3821456],[126.8806772,33.3821426],[126.8804667,33.3821044],[126.8805605,33.3817915],[126.8809392,33.3817806],[126.8809941,33.3820345],[126.8808297,33.3821442],[126.8809019,33.3822454],[126.8811053,33.3822078],[126.8811834,33.381993],[126.881592,33.3819595],[126.8815794,33.3821788],[126.881674,33.3821796],[126.8817408,33.3819793],[126.8822178,33.3820247],[126.8822334,33.381928],[126.8812423,33.3818421],[126.881064,33.3814804],[126.8811172,33.3811906],[126.8814114,33.3806642],[126.8814381,33.3801592],[126.8812594,33.3798771],[126.88129,33.379691],[126.8814691,33.3795041],[126.8809529,33.3792299],[126.8805199,33.3787086],[126.8799815,33.3784334],[126.8784502,33.3773477],[126.8783478,33.377218],[126.878621,33.3768767],[126.8778823,33.3764168],[126.8777587,33.376106],[126.8774951,33.3760111],[126.8771996,33.3757445],[126.8768621,33.375655],[126.8766714,33.3754626],[126.8766703,33.3753243],[126.8766178,33.3753094],[126.876625,33.3754576],[126.8764353,33.3753911],[126.8762386,33.3752379],[126.8761504,33.3750253],[126.8756986,33.3748205],[126.8754765,33.3748554],[126.8752448,33.3745048],[126.8752605,33.3743167],[126.8751885,33.3743103],[126.8750877,33.3744497],[126.8747455,33.3742781],[126.8742492,33.3736899],[126.8742568,33.3735599],[126.8745747,33.3735646],[126.8745891,33.3734796],[126.8744088,33.3734059],[126.8738945,33.373482],[126.873647,33.373334],[126.8737556,33.3731475],[126.873462,33.3730071],[126.873389,33.3728957],[126.8734976,33.3727214],[126.8732576,33.3721946],[126.8729904,33.3721135],[126.8728794,33.3722424],[126.872876,33.3724847],[126.87258,33.3724812],[126.8719668,33.372665],[126.8715365,33.3725462],[126.8714272,33.3723291],[126.870785,33.3719726],[126.8707049,33.3717938],[126.8709079,33.3712012],[126.8708561,33.3710794],[126.8705009,33.3709682],[126.8701328,33.3709956],[126.8699855,33.3709331],[126.8703726,33.3708786],[126.8709095,33.3710013],[126.87104,33.3710756],[126.8712229,33.371368],[126.871526,33.3713847],[126.8715872,33.371266],[126.8713273,33.3712665],[126.8711461,33.3709596],[126.87169,33.3708592],[126.8717506,33.3709996],[126.8713483,33.3710693],[126.8717452,33.3710944],[126.8717062,33.3713561],[126.871859,33.3715339],[126.8717825,33.3712749],[126.8720003,33.3710161],[126.8721833,33.371047],[126.8722729,33.3709839],[126.8723047,33.3709133],[126.8721999,33.3708508],[126.8722493,33.3707289],[126.8725689,33.3704308],[126.8725595,33.3702013],[126.8726422,33.3700597],[126.8727834,33.3700129],[126.8726474,33.3698746],[126.8726121,33.3696857],[126.8727215,33.3694329],[126.8726603,33.3692575],[126.8727297,33.3688333],[126.8728895,33.3685533],[126.8727128,33.3685282],[126.8726408,33.3682274],[126.8724058,33.3681195],[126.8722556,33.3677758],[126.8719689,33.3676688],[126.8715469,33.3670483],[126.8718233,33.3665052],[126.8724747,33.3660174],[126.8725216,33.3658511],[126.8724231,33.3658192],[126.8720522,33.3659447],[126.8717806,33.3658876],[126.8714708,33.3660256],[126.8712006,33.3660462],[126.8709161,33.3664284],[126.8704897,33.3664151],[126.8703856,33.3663094],[126.8704773,33.3661618],[126.8704506,33.3659402],[126.8701005,33.3657391],[126.8700928,33.3655518],[126.8696961,33.3653945],[126.8697095,33.3651229],[126.869179,33.3653565],[126.8688603,33.3653464],[126.8689878,33.3651201],[126.8687663,33.3650439],[126.8687537,33.3649325],[126.8685801,33.3648899],[126.8686149,33.3647232],[126.8684123,33.364826],[126.8682822,33.3648105],[126.8682782,33.3646289],[126.8681165,33.3645108],[126.8678269,33.3646608],[126.8676699,33.3643802],[126.8676788,33.3641994],[126.867347,33.3640723],[126.8672346,33.363769],[126.8672625,33.3634106],[126.8674318,33.363391],[126.8677266,33.3635374],[126.8677728,33.3634528],[126.8674072,33.363242],[126.8674005,33.3629344],[126.8678732,33.362986],[126.8679756,33.3629011],[126.8678114,33.3626098],[126.8675408,33.36285],[126.8673112,33.3628326],[126.8675076,33.3624283],[126.8679167,33.36257],[126.8683973,33.3631684],[126.86845,33.3631324],[126.8679111,33.3624784],[126.8679463,33.3622213],[126.8680104,33.3621392],[126.8681467,33.3622156],[126.8681597,33.3619553],[126.8684668,33.3619827],[126.8686269,33.3618036],[126.8691268,33.3617304],[126.8690504,33.3617037],[126.8689982,33.3614473],[126.8688265,33.3614535],[126.8686982,33.3615646],[126.8679363,33.3616791],[126.8677461,33.3618571],[126.8674195,33.3619854],[126.8673073,33.3619037],[126.867231,33.3614899],[126.8673167,33.3607027],[126.8676545,33.3600902],[126.8677339,33.3597888],[126.8679346,33.3597517],[126.8679662,33.359672],[126.8676925,33.3594883],[126.8678454,33.3590676],[126.867924,33.3590277],[126.8677943,33.3588185],[126.8679077,33.3584001],[126.8681558,33.3580446],[126.8684622,33.3572934],[126.868573,33.3555602],[126.8686284,33.3554789],[126.8687867,33.355466],[126.8687875,33.3553877],[126.8685912,33.3552727],[126.8683423,33.3546372],[126.8678143,33.3537831],[126.8677976,33.3534293],[126.8675366,33.3534134],[126.8676116,33.3533132],[126.8674638,33.3532502],[126.8673746,33.3533033],[126.8671536,33.3525243],[126.8670012,33.3525234],[126.8666919,33.3522238],[126.8664168,33.3522388],[126.866148,33.352025],[126.8661421,33.351944],[126.8660098,33.3519113],[126.8657199,33.3515729],[126.8657075,33.3514226],[126.8655245,33.3513503],[126.8652446,33.3510594],[126.8646921,33.3504005],[126.864596,33.3501771],[126.8643843,33.3501442],[126.8640751,33.3498151],[126.8639429,33.3493577],[126.8640227,33.3488436],[126.8641375,33.3486776],[126.8638505,33.3486743],[126.8637459,33.3487371],[126.8635559,33.3482053],[126.8629985,33.3480397],[126.8630972,33.3479026],[126.8629253,33.3476964],[126.8622662,33.3477859],[126.8617432,33.347532],[126.8611079,33.3476832],[126.8606365,33.3475653],[126.859984,33.3473239],[126.8597095,33.3471406],[126.8595848,33.3466231],[126.8593999,33.3466824],[126.8591671,33.3465324],[126.859187,33.3463725],[126.8589618,33.3461392],[126.8591187,33.3460137],[126.8591261,33.3459184],[126.8590632,33.3458696],[126.858789,33.3459539],[126.8587546,33.3457457],[126.8586222,33.345685],[126.8583967,33.3452301],[126.8584772,33.3450524],[126.8583883,33.3448656],[126.8584691,33.3446093],[126.8588203,33.344458],[126.858719,33.3443283],[126.8587493,33.3441708],[126.8588627,33.3440934],[126.8588031,33.3439651],[126.8589071,33.3439206],[126.8590207,33.343973],[126.8589323,33.3438317],[126.8590249,33.3436955],[126.8588048,33.3437165],[126.8587634,33.343513],[126.8585423,33.3433731],[126.8582537,33.3436616],[126.8579625,33.3436551],[126.8578225,33.3435191],[126.8578251,33.3432689],[126.8576693,33.3432537],[126.857618,33.3431381],[126.8574973,33.3430932],[126.8578544,33.3428096],[126.8579294,33.3428348],[126.8585489,33.3424492],[126.8591926,33.3419072],[126.859267,33.3412116],[126.8588979,33.3412008],[126.858822,33.341473],[126.8589091,33.3415206],[126.8588688,33.3417878],[126.8574239,33.3429058],[126.8570645,33.342531],[126.8570281,33.3424114],[126.8571415,33.3423064],[126.8570617,33.3422451],[126.85714,33.3421786],[126.8570366,33.342143],[126.8570541,33.3420749],[126.8568808,33.3420392],[126.8569915,33.34195],[126.8568288,33.3418028],[126.8568884,33.3414992],[126.8566315,33.3414318],[126.8571676,33.3413474],[126.8571601,33.341293],[126.8566257,33.3413538],[126.8564781,33.3404843],[126.8558313,33.3403035],[126.8558356,33.3402308],[126.8554046,33.3402281],[126.8552704,33.3401393],[126.8551622,33.3398863],[126.8552826,33.3396936],[126.8555407,33.3396594],[126.8555858,33.3398141],[126.8554221,33.3399974],[126.8557084,33.3399382],[126.8557858,33.3398378],[126.8560667,33.3400094],[126.8559561,33.34008],[126.8560393,33.3401752],[126.8563656,33.3400336],[126.8568092,33.3401194],[126.8567131,33.3404034],[126.8567791,33.34042],[126.8568677,33.3401685],[126.8569424,33.340149],[126.8577237,33.3406511],[126.8579004,33.3408454],[126.8580361,33.3408751],[126.8577692,33.3411348],[126.8578426,33.3412072],[126.8580522,33.3409973],[126.8582773,33.3410878],[126.858434,33.3408809],[126.8569649,33.3399825],[126.8563733,33.3398747],[126.8556913,33.3396059],[126.8556719,33.3392516],[126.8560192,33.3389483],[126.8559569,33.338699],[126.8560993,33.3383988],[126.8559705,33.3381515],[126.8558641,33.3384548],[126.8555453,33.3385578],[126.8553678,33.3385071],[126.8552684,33.3387674],[126.8551242,33.3388425],[126.8549877,33.3390631],[126.854619,33.3392439],[126.8541123,33.3392213],[126.8539278,33.338959],[126.8536338,33.3391812],[126.8533785,33.339137],[126.8529621,33.3388171],[126.8527131,33.3388574],[126.8523311,33.3386242],[126.8521751,33.3381609],[126.8518936,33.3381696],[126.8517632,33.3380581],[126.8517268,33.3379752],[126.8518002,33.3379014],[126.8517043,33.3378038],[126.8517852,33.3376284],[126.8510938,33.3377359],[126.8509006,33.3375649],[126.850512,33.3374102],[126.8504135,33.3372286],[126.8505863,33.3370236],[126.8505218,33.3366998],[126.8505925,33.3364122],[126.8504068,33.3365328],[126.8502454,33.336462],[126.8500744,33.3365096],[126.8499839,33.3368238],[126.8496784,33.3369397],[126.8496179,33.3370905],[126.8493989,33.3367513],[126.8492151,33.3367877],[126.8492096,33.3362902],[126.8489868,33.3360698],[126.8489944,33.3358496],[126.8487732,33.3353418],[126.8484779,33.335391],[126.8485295,33.3354908],[126.8486337,33.3354551],[126.8488498,33.3358371],[126.8486854,33.3358542],[126.8488462,33.3358809],[126.8488348,33.3359987],[126.8486581,33.3361573],[126.8481322,33.3360569],[126.8481998,33.3357078],[126.8485927,33.3358329],[126.8481949,33.3356662],[126.8484114,33.3355302],[126.8483713,33.3354874],[126.8481071,33.335607],[126.8479627,33.3360278],[126.8477531,33.3359614],[126.8476283,33.3358306],[126.8476697,33.3356545],[126.8474051,33.3357407],[126.8473757,33.3356137],[126.8472012,33.3355601],[126.8470265,33.3353433],[126.8468747,33.3353241],[126.8462675,33.3344898],[126.8463667,33.3342171],[126.8459188,33.33416],[126.8464184,33.3337783],[126.8468783,33.3332868],[126.8458824,33.3341382],[126.8451241,33.3336784],[126.8442613,33.3332953],[126.843838,33.3329976],[126.8435451,33.3323797],[126.8429965,33.3322013],[126.8426869,33.3318445],[126.8422269,33.3304966],[126.8422458,33.3302402],[126.8424401,33.3298776],[126.8413641,33.33006],[126.8406672,33.3298031],[126.8400338,33.3301245],[126.8395415,33.3299196],[126.8393261,33.3297234],[126.8391146,33.3296743],[126.8387562,33.3296979],[126.8384326,33.3296003],[126.8376976,33.3296906],[126.8371799,33.3294924],[126.8367903,33.3292085],[126.8366639,33.327802],[126.8369615,33.3268623],[126.8370739,33.3266278],[126.8380309,33.3257752],[126.8392559,33.3258316],[126.84003,33.3261528],[126.8404828,33.3260036],[126.841136,33.3260026],[126.8413443,33.3261058],[126.8414578,33.3260025],[126.8424462,33.3260046],[126.8425981,33.3261378],[126.8426872,33.325935],[126.8430956,33.3258098],[126.8431743,33.3258271],[126.8431861,33.3260073],[126.8432831,33.3260743],[126.84338,33.3260139],[126.8437325,33.3260208],[126.8438242,33.3258591],[126.8441298,33.3260258],[126.8438466,33.3262069],[126.8437848,33.3263305],[126.8441257,33.3265945],[126.8441732,33.3268209],[126.844506,33.3267832],[126.8445392,33.3266946],[126.8448059,33.3266428],[126.8451568,33.3266756],[126.8453314,33.32704],[126.8457836,33.3274799],[126.8458215,33.3274434],[126.845622,33.3272479],[126.8458686,33.3265041],[126.8451552,33.3260083],[126.8449562,33.3261032],[126.8446749,33.3258272],[126.8448055,33.3254995],[126.8454336,33.3254009],[126.8455227,33.3255799],[126.845604,33.3255622],[126.8455557,33.3253806],[126.8456235,33.325368],[126.846748,33.3255901],[126.8467148,33.3275965],[126.8465881,33.3276879],[126.8466301,33.3277995],[126.8468113,33.3278256],[126.8469413,33.3277042],[126.8470068,33.3254924],[126.8469344,33.3254686],[126.8469375,33.3252861],[126.8473752,33.3251627],[126.8477031,33.3252527],[126.8476985,33.3250557],[126.8479623,33.3251172],[126.8476924,33.325022],[126.8476967,33.324729],[126.8475974,33.3245843],[126.8484913,33.3241868],[126.8475869,33.3245521],[126.8475009,33.3244117],[126.8473342,33.324416],[126.8472696,33.3240928],[126.8470691,33.3239103],[126.8472797,33.323817],[126.8474012,33.3235362],[126.8469562,33.323198],[126.8469031,33.3228202],[126.8470955,33.3226754],[126.8472458,33.3226831],[126.8474885,33.3225418],[126.8475529,33.3222245],[126.8476612,33.3223301],[126.8477359,33.322308],[126.8476711,33.3220423],[126.8474501,33.3218596],[126.8476201,33.3214372],[126.8478138,33.3214625],[126.8480146,33.3212948],[126.8476493,33.3211695],[126.8479472,33.3209207],[126.8475385,33.3208922],[126.847504,33.3207639],[126.8474249,33.3207623],[126.8479531,33.3206529],[126.8473502,33.3207312],[126.8474897,33.3205592],[126.8472648,33.3203995],[126.8473875,33.3201631],[126.8472191,33.3203881],[126.846481,33.3207231],[126.8462724,33.3206968],[126.8460041,33.3207937],[126.8458616,33.3206618],[126.8458017,33.3203407],[126.8456393,33.3202617],[126.8456554,33.320079],[126.8453673,33.3200014],[126.8453911,33.319877],[126.8451531,33.3198016],[126.8449322,33.3198279],[126.8448369,33.3197549],[126.8447019,33.3198722],[126.8445789,33.3198775],[126.8441005,33.3197443],[126.8439405,33.3195711],[126.843786,33.3195399],[126.8437908,33.3193149],[126.8436637,33.3192907],[126.8436551,33.3191543],[126.8435839,33.3191242],[126.8434974,33.3192471],[126.8433219,33.3192509],[126.8431617,33.3189612],[126.8429575,33.3188717],[126.8434287,33.318266],[126.8430671,33.3182386],[126.8428256,33.318022],[126.8428539,33.3174242],[126.843003,33.3174692],[126.8430595,33.3174123],[126.8428413,33.3173107],[126.8423325,33.3167797],[126.8423237,33.3164426],[126.8425429,33.3162249],[126.8424358,33.3161161],[126.842306,33.3162142],[126.8422237,33.3159101],[126.8419351,33.315974],[126.8417776,33.3159055],[126.8418288,33.3158179],[126.8416557,33.3157289],[126.841507,33.3158146],[126.8413963,33.3157664],[126.8413739,33.3159676],[126.8408886,33.3159731],[126.8405856,33.316202],[126.8401666,33.3163007],[126.8398466,33.3161207],[126.8401965,33.3158243],[126.8400594,33.3154267],[126.839728,33.3155481],[126.8395161,33.3154872],[126.8393914,33.3155701],[126.8393359,33.315367],[126.8390751,33.3153382],[126.838898,33.3155269],[126.8388176,33.3155188],[126.8387506,33.3148308],[126.8389294,33.3145196],[126.8387098,33.3145237],[126.8384452,33.3148771],[126.83817,33.3148955],[126.8380865,33.3148084],[126.8382193,33.314356],[126.8376897,33.3146252],[126.8371767,33.3145184],[126.8369141,33.3143505],[126.8369618,33.3141812],[126.8371673,33.3140868],[126.837388,33.3141161],[126.8377055,33.3143587],[126.8378575,33.3143441],[126.8381165,33.3141023],[126.8380849,33.3139665],[126.838284,33.3137497],[126.8382159,33.3135071],[126.8380056,33.3135444],[126.8379059,33.313405],[126.8379674,33.3130289],[126.8383604,33.3130197],[126.8378867,33.3126994],[126.8377443,33.3125026],[126.8377485,33.3123185],[126.8379257,33.312064],[126.8376411,33.3122226],[126.8375778,33.3121985],[126.8376594,33.3121337],[126.8375921,33.3120615],[126.8374288,33.3120235],[126.8374152,33.3121175],[126.8371796,33.3121222],[126.8369851,33.3120166],[126.8370298,33.3118894],[126.8369506,33.3117935],[126.8366283,33.3117934],[126.8362953,33.311669],[126.8351436,33.3115868],[126.8349021,33.3112527],[126.8346925,33.3112095],[126.8346484,33.3111328],[126.8347277,33.310939],[126.834809,33.3101322],[126.8346985,33.3096909],[126.8347415,33.3095662],[126.8346695,33.3095311],[126.8346064,33.3095838],[126.8347449,33.3098998],[126.8347587,33.3102744],[126.8346798,33.3109464],[126.8345598,33.3111315],[126.8341244,33.3109111],[126.834042,33.3106568],[126.8337916,33.3105817],[126.8338349,33.310673],[126.8337561,33.3106777],[126.833088,33.3105265],[126.8329288,33.310268],[126.8329299,33.3099224],[126.8330176,33.3098512],[126.8329791,33.3099656],[126.8330931,33.3100125],[126.8332681,33.3099167],[126.8330711,33.3097856],[126.8330643,33.3095339],[126.8328691,33.3096061],[126.8327037,33.3099917],[126.8324083,33.3098742],[126.832247,33.3095128],[126.8319527,33.3096146],[126.8317956,33.309918],[126.8314018,33.3097771],[126.831243,33.3095946],[126.8314523,33.3092505],[126.8312698,33.3092238],[126.8316197,33.3088161],[126.8318879,33.3087444],[126.8318061,33.3086161],[126.8318407,33.3081113],[126.8318019,33.3086359],[126.8315808,33.3087971],[126.8312372,33.3092062],[126.830936,33.3089994],[126.8309816,33.3088894],[126.8308766,33.3086397],[126.830993,33.3084932],[126.8308271,33.3083249],[126.8308813,33.3082262],[126.8307747,33.3077329],[126.8307114,33.3076018],[126.8305909,33.3075881],[126.830531,33.307365],[126.8306851,33.307234],[126.8304872,33.307144],[126.8303482,33.3069365],[126.8301535,33.3069913],[126.8297563,33.3067998],[126.8296681,33.3068832],[126.8294187,33.3065088],[126.8291305,33.306306],[126.8281398,33.3062255],[126.8278298,33.3063993],[126.8275445,33.3063626],[126.8274493,33.3064407],[126.8268328,33.3063732],[126.8265974,33.3062347],[126.8265902,33.306347],[126.8263212,33.3063307],[126.8256372,33.3060765],[126.8252832,33.3055895],[126.8250827,33.3056529],[126.8247798,33.3055899],[126.8245497,33.3060514],[126.824286,33.3060786],[126.8240658,33.3060088],[126.8240686,33.3059186],[126.8239321,33.3059281],[126.8238005,33.3058422],[126.8235325,33.3058453],[126.8234115,33.3059569],[126.8231378,33.3059009],[126.8231302,33.3057388],[126.8229716,33.3055616],[126.8227244,33.3056532],[126.8224745,33.3054161],[126.8219281,33.3057805],[126.8217878,33.3057086],[126.8215064,33.3057355],[126.8216334,33.3058682],[126.8214843,33.3059246],[126.8213498,33.3061062],[126.8211756,33.3060696],[126.8211456,33.3062959],[126.8209422,33.3062681],[126.820844,33.3063776],[126.8205791,33.3063178],[126.8205623,33.3065445],[126.8202999,33.3066608],[126.8204642,33.3068467],[126.8204843,33.3070793],[126.8198646,33.3076298],[126.8194512,33.3076941],[126.818589,33.307499],[126.8182147,33.3070812],[126.8180566,33.3070521],[126.8178382,33.3068712],[126.8176257,33.3071266],[126.817418,33.3071802],[126.8175469,33.3073493],[126.8173586,33.3073295],[126.8169411,33.3074817],[126.8168792,33.3077008],[126.8167849,33.3077539],[126.8164967,33.3078227],[126.8159113,33.3077525],[126.8151592,33.3074696],[126.8151961,33.3069883],[126.8150434,33.3069573],[126.8148251,33.307219],[126.8143674,33.3068701],[126.8144802,33.3067957],[126.814577,33.3069427],[126.8148274,33.3070337],[126.8148755,33.3068011],[126.8150439,33.3068449],[126.8150703,33.306795],[126.81492,33.3067353],[126.8149422,33.3065662],[126.8145982,33.3065301],[126.8145688,33.3063384],[126.8144688,33.3064043],[126.8143277,33.3063601],[126.8143368,33.3059998],[126.8142461,33.3063822],[126.8138402,33.3062638],[126.8137587,33.3061647],[126.8133985,33.3061219],[126.8128854,33.3062047],[126.812507,33.3060664],[126.8114346,33.3054476],[126.811137,33.3047943],[126.8110583,33.3044575],[126.8110942,33.3041898],[126.8109223,33.3040266],[126.8108463,33.3041003],[126.8109474,33.3042753],[126.8108181,33.3042383],[126.8105584,33.3039029],[126.8115209,33.3039111],[126.8100092,33.3037807],[126.8098456,33.303635],[126.8099251,33.3034632],[126.8095791,33.3031866],[126.8094765,33.3031374],[126.8092091,33.3031984],[126.8089961,33.303114],[126.8088259,33.3029149],[126.808563,33.302838],[126.8088616,33.3023492],[126.8085291,33.3028202],[126.808172,33.302512],[126.8082459,33.3023943],[126.8081354,33.3022441],[126.8080947,33.3022986],[126.808011,33.3022403],[126.8077792,33.3023007],[126.8078248,33.3022409],[126.8077153,33.3021976],[126.8076111,33.3023371],[126.8073512,33.3023007],[126.8071657,33.3020337],[126.807172,33.3022866],[126.8070863,33.3022235],[126.8070419,33.3023227],[126.8068947,33.3022824],[126.8067545,33.3023863],[126.80663,33.3023336],[126.8067786,33.3024983],[126.8068264,33.3027852],[126.8065341,33.302679],[126.8064906,33.3029376],[126.8062543,33.3030316],[126.805934,33.303012],[126.8058716,33.3031178],[126.8056861,33.3030627],[126.8053702,33.3031232],[126.805146,33.3028048],[126.8047011,33.3027437],[126.8046983,33.3028666],[126.8049842,33.3028844],[126.8052431,33.3032297],[126.8051548,33.3035532],[126.8054009,33.3036525],[126.8055114,33.3034393],[126.8058795,33.3035358],[126.8059791,33.3035982],[126.8058964,33.3037465],[126.8060801,33.3038628],[126.8059717,33.3041886],[126.8058303,33.3041303],[126.805917,33.3038733],[126.805812,33.3037964],[126.8057148,33.3040855],[126.8048361,33.3038935],[126.8053294,33.3040431],[126.8053402,33.3043677],[126.8056289,33.304427],[126.8053598,33.3045646],[126.8051014,33.3044918],[126.8050519,33.304549],[126.8051502,33.3048633],[126.8054131,33.3051434],[126.8058571,33.3058681],[126.8058561,33.3059542],[126.8055574,33.3060853],[126.8053024,33.3057795],[126.8048555,33.3049638],[126.8044776,33.3047663],[126.803379,33.3044642],[126.8032367,33.3043143],[126.8032549,33.3041895],[126.8031742,33.3041101],[126.8032699,33.304039],[126.8032517,33.3038786],[126.8030809,33.3037313],[126.8029699,33.3031004],[126.8043282,33.3023077],[126.8043988,33.3023381],[126.8044353,33.3022363],[126.8043351,33.302156],[126.8028148,33.3030083],[126.8029823,33.3038375],[126.8023605,33.3035814],[126.8022944,33.3033606],[126.802005,33.3034911],[126.8017373,33.3038324],[126.8012055,33.3036756],[126.8011427,33.3035919],[126.8012179,33.3033596],[126.8011055,33.3034521],[126.8010547,33.3034253],[126.8010284,33.3033653],[126.8010808,33.3031859],[126.8012116,33.3031695],[126.8012173,33.303095],[126.8008917,33.3029785],[126.8008415,33.3033511],[126.8007206,33.3033726],[126.80066,33.3030717],[126.8003776,33.3028897],[126.8000773,33.3028606],[126.8000296,33.3030765],[126.7993913,33.3031363],[126.7991359,33.3032791],[126.7989533,33.3031164],[126.7985763,33.3030632],[126.7985211,33.302993],[126.7988126,33.3029966],[126.798368,33.3028847],[126.7983635,33.3026684],[126.7978334,33.3030007],[126.7973271,33.3031193],[126.7966887,33.3034844],[126.7958602,33.3037112],[126.7948747,33.3043912],[126.7947456,33.3043321],[126.7941943,33.3046996],[126.7938932,33.3047527],[126.7935154,33.3046069],[126.7932562,33.3041449],[126.7933315,33.3037996],[126.7931485,33.3037487],[126.7930979,33.3035922],[126.7928328,33.3033908],[126.7927299,33.3034021],[126.7926665,33.3032514],[126.7924072,33.3032762],[126.7922897,33.3030724],[126.7921135,33.3030322],[126.7920223,33.3027509],[126.7918604,33.3027561],[126.7918312,33.3029118],[126.7915814,33.3031593],[126.7914681,33.3031183],[126.7914863,33.3030266],[126.791403,33.3030876],[126.7909949,33.3030378],[126.7911304,33.3033405],[126.7906691,33.3038432],[126.7904083,33.3038827],[126.7902563,33.3037727],[126.7900977,33.303797],[126.7897498,33.3034214],[126.7896019,33.3035148],[126.7896066,33.3036374],[126.7894303,33.3036422],[126.7893972,33.3037183],[126.7891756,33.3037485],[126.7886185,33.3036596],[126.7885789,33.3038162],[126.7889789,33.303829],[126.7890337,33.3038904],[126.7893691,33.3038566],[126.7895283,33.3040761],[126.7893335,33.3042039],[126.7892531,33.3040803],[126.7890553,33.3039937],[126.78903,33.3043245],[126.7887317,33.3045131],[126.7881842,33.3045331],[126.7879771,33.3044559],[126.7878896,33.3043698],[126.7880077,33.3040582],[126.7878123,33.304006],[126.7876857,33.3038341],[126.7875421,33.3038436],[126.7874412,33.3039675],[126.7876839,33.3043454],[126.7873048,33.3043444],[126.7873995,33.304474],[126.7873924,33.3046448],[126.787141,33.3045584],[126.7871858,33.3052766],[126.7870034,33.3054354],[126.7867984,33.3057988],[126.7863935,33.3060345],[126.7859389,33.3061767],[126.7856255,33.3062308],[126.7853101,33.3061642],[126.7851286,33.3060141],[126.7850481,33.3057077],[126.7848189,33.305614],[126.784702,33.3057811],[126.7846847,33.3060949],[126.7838593,33.3059012],[126.7837916,33.3060397],[126.7834183,33.3059858],[126.7833634,33.3061776],[126.7830694,33.3062158],[126.7828852,33.3061193],[126.7827869,33.3063374],[126.7825647,33.3064106],[126.7821408,33.3063114],[126.7818866,33.306082],[126.7818682,33.3061639],[126.7821166,33.3064256],[126.7818158,33.3067206],[126.7817341,33.3063747],[126.781446,33.3062126],[126.7812884,33.3062122],[126.7811934,33.3063744],[126.7813447,33.3064809],[126.7813765,33.3068306],[126.7812796,33.3069479],[126.7811358,33.3069406],[126.7806517,33.3066774],[126.7804198,33.3067579],[126.7799344,33.3065451],[126.779235,33.3067373],[126.7786975,33.3070734],[126.7785307,33.3070865],[126.7771432,33.3068958],[126.7769331,33.3066809],[126.7766321,33.3066797],[126.776718,33.3065229],[126.7765439,33.3064575],[126.776499,33.306334],[126.7763258,33.3062298],[126.7762017,33.3062417],[126.7759407,33.3065188],[126.7759513,33.305844],[126.7755752,33.3053186],[126.7756011,33.3051235],[126.7752646,33.3049722],[126.7748353,33.3042036],[126.77468,33.3038016],[126.7746668,33.3032329],[126.7740889,33.3027348],[126.7740868,33.3024609],[126.7739352,33.30227],[126.7731899,33.3017961],[126.7731719,33.3015961],[126.7728855,33.3015167],[126.7727236,33.3012983],[126.7724912,33.301264],[126.7719466,33.3008593],[126.770079,33.3005925],[126.7693336,33.3003774],[126.7683835,33.2999682],[126.7680838,33.2997399],[126.7678573,33.2994254],[126.7675488,33.2993814],[126.7675061,33.2992878],[126.7673087,33.2993486],[126.7670728,33.2992102],[126.7668732,33.2991996],[126.7665463,33.2990054],[126.7665228,33.2988861],[126.7667214,33.2983045],[126.766815,33.2982269],[126.7664018,33.2978458],[126.7661845,33.2980221],[126.7663113,33.2982992],[126.7662208,33.2985335],[126.7659986,33.2984346],[126.7660017,33.2981152],[126.7662865,33.2978121],[126.7663398,33.2975704],[126.7664615,33.2974845],[126.7663789,33.2973325],[126.7664332,33.2972297],[126.7669654,33.2974295],[126.7673004,33.2976515],[126.7672244,33.297736],[126.767315,33.297792],[126.7674254,33.297693],[126.7676869,33.2979638],[126.7678491,33.2978003],[126.7671633,33.2973486],[126.766606,33.2971524],[126.7666148,33.2967341],[126.7662227,33.2967248],[126.7660244,33.2968134],[126.7658563,33.2967766],[126.7657191,33.2965111],[126.7656238,33.2965109],[126.7654643,33.2963363],[126.7654646,33.2962363],[126.7651725,33.2960811],[126.7652867,33.2960003],[126.7649689,33.295122],[126.7648262,33.2950332],[126.7645164,33.2950697],[126.7643705,33.2948922],[126.7645853,33.2947755],[126.7644057,33.2944922],[126.7644073,33.2938877],[126.7645706,33.293888],[126.7647394,33.2937811],[126.7645221,33.2935849],[126.7644985,33.293492],[126.7646318,33.2933738],[126.7642592,33.2933464],[126.7640652,33.2932568],[126.7637731,33.2930333],[126.7636207,33.2927586],[126.7636218,33.2923413],[126.7637788,33.2922101],[126.7641188,33.2923108],[126.7643097,33.2922197],[126.7643102,33.2920168],[126.7640796,33.2917076],[126.7637066,33.2914483],[126.7633736,33.2913605],[126.7632092,33.2913944],[126.7628801,33.2916453],[126.762659,33.291582],[126.7625262,33.2916175],[126.762203,33.291496],[126.7621638,33.2915839],[126.7620397,33.2915365],[126.7621304,33.2916869],[126.7620051,33.2916851],[126.7620272,33.291768],[126.7619062,33.291855],[126.7611249,33.2918519],[126.7610039,33.2916682],[126.7610372,33.2913131],[126.7608612,33.2909755],[126.7609679,33.2908328],[126.7608925,33.2907054],[126.7606271,33.2908213],[126.7606521,33.2908832],[126.7602964,33.2910142],[126.7601796,33.2909458],[126.7601906,33.2911105],[126.7599604,33.2912583],[126.7597723,33.2910588],[126.7606133,33.2906934],[126.7605699,33.2905581],[126.7607004,33.2903011],[126.7606485,33.2902838],[126.760452,33.2906313],[126.7602744,33.2906301],[126.7602665,33.290472],[126.7601396,33.2904633],[126.759951,33.2906919],[126.7599696,33.2907996],[126.7596922,33.2909566],[126.7593303,33.2909617],[126.7586105,33.2901083],[126.7581867,33.289852],[126.7582982,33.2895121],[126.7581443,33.2897934],[126.7576792,33.2896051],[126.7577863,33.2894068],[126.757787,33.2891667],[126.7573902,33.2886543],[126.7571555,33.2886053],[126.7572009,33.2883865],[126.7569248,33.2883647],[126.7564663,33.2880065],[126.755947,33.2881449],[126.7556493,33.28812],[126.7552011,33.2877304],[126.7549844,33.2873355],[126.7544568,33.2872675],[126.7545726,33.2869618],[126.7545167,33.2869533],[126.7543764,33.2872679],[126.7539634,33.2873649],[126.7536503,33.2873643],[126.7531607,33.2871919],[126.7528667,33.2873062],[126.7524529,33.2879696],[126.7522311,33.2881397],[126.7522099,33.2882536],[126.7520751,33.2882912],[126.752041,33.2883786],[126.7521493,33.2884215],[126.752164,33.2885992],[126.7518756,33.2886733],[126.7518213,33.2884624],[126.7519865,33.2883968],[126.7518412,33.288378],[126.7519608,33.288254],[126.7520055,33.2879478],[126.7518285,33.2881005],[126.7516807,33.2880411],[126.7517353,33.2877745],[126.7522797,33.2872112],[126.7519368,33.2873019],[126.751659,33.2875519],[126.7515091,33.2875541],[126.7518103,33.2871803],[126.752342,33.287018],[126.7523482,33.2868508],[126.7520728,33.2868187],[126.7522227,33.2866902],[126.7521261,33.2864585],[126.7530117,33.2855987],[126.752412,33.2841778],[126.7522167,33.2841767],[126.7521539,33.2842621],[126.7523103,33.2844649],[126.7527804,33.2855646],[126.751962,33.2863569],[126.7517072,33.2860742],[126.7516444,33.2861064],[126.7518477,33.2864689],[126.7511791,33.2871069],[126.7512319,33.2872179],[126.7510254,33.2872966],[126.7509224,33.2870447],[126.7508398,33.2871106],[126.7509129,33.2874793],[126.7507245,33.2878202],[126.7498376,33.287331],[126.7503998,33.2870323],[126.7505674,33.2870218],[126.7507078,33.2871057],[126.7507803,33.2870165],[126.7507147,33.286905],[126.7512882,33.2866776],[126.7510264,33.2865508],[126.7510777,33.2863154],[126.7503946,33.2860078],[126.7505594,33.2849948],[126.7516833,33.2846953],[126.7516954,33.284485],[126.7515757,33.2844445],[126.7502493,33.284853],[126.7498932,33.2848187],[126.7491911,33.2839798],[126.7492367,33.2835198],[126.7491707,33.283401],[126.7489358,33.2834234],[126.7488459,33.2833246],[126.7490165,33.2831649],[126.7491059,33.2828478],[126.7490632,33.2827363],[126.7488224,33.282908],[126.7484893,33.282778],[126.7484454,33.2824265],[126.7482435,33.2821572],[126.7484554,33.2820521],[126.748275,33.2820062],[126.7476997,33.2822869],[126.7474464,33.2818526],[126.7476484,33.2814157],[126.7472652,33.2809644],[126.7471735,33.2809563],[126.7470777,33.2810816],[126.7468977,33.2809483],[126.7469039,33.2811713],[126.7465374,33.2814063],[126.746403,33.2814061],[126.7459443,33.2811465],[126.745911,33.2810628],[126.74633,33.2806599],[126.7466399,33.2805428],[126.7466573,33.2802102],[126.7465374,33.2802094],[126.7465062,33.2804504],[126.745741,33.2808617],[126.7456495,33.2807186],[126.745708,33.2804872],[126.7460656,33.2804057],[126.7453232,33.2794002],[126.7444026,33.2787115],[126.7437325,33.2787739],[126.7434266,33.2786703],[126.7431889,33.2784926],[126.7431443,33.2781919],[126.7428902,33.2782405],[126.7426456,33.2780799],[126.7420796,33.2784904],[126.7418417,33.2783812],[126.741472,33.2784622],[126.741357,33.278344],[126.7412129,33.2785288],[126.7410792,33.2784115],[126.7409303,33.2784632],[126.7401783,33.2776933],[126.7400748,33.2777243],[126.7399645,33.277975],[126.7397462,33.2781661],[126.7392612,33.2779873],[126.7391115,33.2780004],[126.7389137,33.2784636],[126.7389586,33.2786846],[126.7391179,33.2788793],[126.7390967,33.2791322],[126.7392017,33.2793097],[126.7390746,33.2794416],[126.7392383,33.2796063],[126.7394019,33.2795836],[126.7395849,33.2800153],[126.7396679,33.2809779],[126.7395266,33.2809983],[126.739628,33.2813847],[126.7393748,33.2810312],[126.7392117,33.2809651],[126.7391954,33.280429],[126.7389964,33.2804237],[126.7387855,33.2801157],[126.7389261,33.2799514],[126.7388237,33.2798484],[126.7387195,33.2799115],[126.737808,33.2792428],[126.7377193,33.2793004],[126.7378265,33.2794416],[126.7373616,33.2799647],[126.7370343,33.2799384],[126.7366475,33.2801205],[126.7365739,33.2802818],[126.7360535,33.2807609],[126.7358767,33.2806948],[126.7356764,33.2811259],[126.7353473,33.281351],[126.7346552,33.2815089],[126.7341788,33.2815022],[126.7335586,33.2817724],[126.7333069,33.2817404],[126.7328514,33.2815765],[126.7324784,33.2811413],[126.7322321,33.2804548],[126.7321823,33.2800431],[126.7317159,33.2789874],[126.7314444,33.2787524],[126.730876,33.2787912],[126.7301742,33.2790641],[126.729732,33.2790059],[126.7294221,33.2790681],[126.7292079,33.2790362],[126.7290185,33.2788949],[126.7284442,33.2788309],[126.7278053,33.2792361],[126.72653,33.2795191],[126.7258122,33.2794332],[126.7247723,33.2790136],[126.7245925,33.2788332],[126.7239487,33.2790547],[126.7237209,33.2789884],[126.7236567,33.2788482],[126.7233029,33.2788046],[126.7230652,33.278644],[126.7228821,33.2784321],[126.7227848,33.2780088],[126.722422,33.2775793],[126.7222828,33.2775018],[126.7217172,33.2774468],[126.721545,33.2772971],[126.7216146,33.2767515],[126.721204,33.2765964],[126.7210058,33.2767301],[126.7209241,33.276913],[126.7206057,33.2772294],[126.7205565,33.2774316],[126.7204118,33.2774545],[126.7200404,33.2772965],[126.7201812,33.2770688],[126.7197431,33.2771653],[126.719703,33.2770527],[126.719822,33.2767924],[126.7196683,33.2767609],[126.7192397,33.2775971],[126.7189792,33.2776868],[126.7190122,33.2778196],[126.7192361,33.2777173],[126.7195081,33.2779581],[126.7192221,33.2782128],[126.7190005,33.2781149],[126.7190656,33.2778996],[126.7189156,33.2780284],[126.7186288,33.2779068],[126.7185806,33.2777669],[126.7186947,33.2776384],[126.7189162,33.2775863],[126.7192273,33.2772587],[126.7194458,33.2766288],[126.7194039,33.2763246],[126.7195631,33.2759994],[126.7196299,33.2759469],[126.7199101,33.2759735],[126.7200407,33.2760696],[126.720064,33.2758369],[126.7195525,33.2757867],[126.7194496,33.2758575],[126.7193388,33.2761105],[126.719296,33.2767343],[126.7191269,33.2770893],[126.7183074,33.2769243],[126.7183088,33.2767171],[126.7180153,33.2767349],[126.7178719,33.2765246],[126.7176859,33.2765484],[126.7176728,33.2763783],[126.7174618,33.2763864],[126.7173256,33.2760362],[126.717547,33.2759139],[126.7172732,33.2759988],[126.7171079,33.2758895],[126.7168645,33.2758877],[126.7167134,33.2758016],[126.716308,33.2759393],[126.7161738,33.2758933],[126.7161057,33.2761675],[126.7157839,33.2762404],[126.7155953,33.2764093],[126.7153227,33.2763958],[126.7150262,33.2765251],[126.7145522,33.2764892],[126.7137532,33.2761414],[126.713666,33.2760433],[126.7135479,33.2760887],[126.7135764,33.2762581],[126.7133656,33.2762325],[126.712867,33.2759109],[126.712717,33.2753623],[126.7126379,33.2753788],[126.7124295,33.275145],[126.7115975,33.2749437],[126.7113917,33.2746691],[126.7111094,33.2747869],[126.7106948,33.2746445],[126.7097169,33.2745236],[126.7093553,33.2742955],[126.7087702,33.2742198],[126.7083795,33.2740417],[126.7080765,33.2741124],[126.7078282,33.2740747],[126.7073253,33.2738534],[126.706852,33.2739495],[126.7063605,33.273914],[126.7058491,33.2737056],[126.7055648,33.2737364],[126.7051217,33.2734609],[126.7048243,33.2733745],[126.7046921,33.2732248],[126.7045272,33.2731694],[126.7042813,33.2731996],[126.7042817,33.2730752],[126.7040032,33.2729302],[126.7038594,33.2726898],[126.7037084,33.2726692],[126.7033503,33.2728072],[126.7031279,33.2726638],[126.7024308,33.2725349],[126.702234,33.2723758],[126.7019959,33.2723624],[126.7018503,33.2721834],[126.7016644,33.272273],[126.7014672,33.2722239],[126.7009764,33.2719741],[126.7009768,33.2718497],[126.7011284,33.2717875],[126.7009719,33.2714562],[126.7008176,33.271645],[126.7006617,33.2714578],[126.7004451,33.2716083],[126.6993698,33.2711599],[126.6991969,33.2709637],[126.6987786,33.2708998],[126.6981899,33.2709326],[126.697568,33.2706882],[126.6965745,33.2706858],[126.6962958,33.2706079],[126.695547,33.2706747],[126.6946833,33.2705025],[126.6940452,33.2705438],[126.6937173,33.2704072],[126.6933088,33.2704648],[126.6931289,33.2703443],[126.6930438,33.2698768],[126.6929037,33.2700365],[126.6926999,33.2700143],[126.6927468,33.2701526],[126.6926428,33.2702138],[126.6922974,33.2702244],[126.6923117,33.2700629],[126.691759,33.2699758],[126.6915823,33.2694192],[126.6913475,33.269345],[126.6912483,33.2694574],[126.691474,33.2694587],[126.6916106,33.2699083],[126.691475,33.2699365],[126.6914857,33.270048],[126.6913469,33.270079],[126.6913898,33.2701654],[126.691304,33.2702088],[126.6911566,33.2701061],[126.6913439,33.27002],[126.6912108,33.2697497],[126.6912657,33.2699433],[126.6906637,33.2701246],[126.6900889,33.2700545],[126.6899225,33.2699827],[126.6898754,33.2698082],[126.689617,33.2697532],[126.689161,33.2697807],[126.6889804,33.2698574],[126.687555,33.2697938],[126.6873002,33.2696903],[126.6866399,33.2697486],[126.6864054,33.2696537],[126.6862038,33.2694559],[126.6860169,33.2694303],[126.6855484,33.2695487],[126.6854999,33.2697743],[126.6852475,33.2699566],[126.6848015,33.2700384],[126.6837464,33.2701243],[126.6834947,33.2700865],[126.6833082,33.269926],[126.6831008,33.2698654],[126.6828251,33.2699047],[126.682699,33.2699559],[126.6824896,33.2704584],[126.6823538,33.2704068],[126.6822342,33.2705377],[126.6816867,33.2704477],[126.6814527,33.2705162],[126.681583,33.2708876],[126.6814774,33.2709217],[126.6808145,33.2707571],[126.6799028,33.2707018],[126.6792212,33.2705514],[126.6788818,33.2707607],[126.6787594,33.2707603],[126.6782512,33.2706204],[126.6780238,33.2704526],[126.6780432,33.2702769],[126.6779302,33.2700179],[126.6781482,33.2694711],[126.6782759,33.2694557],[126.6781535,33.2694254],[126.6781122,33.2693203],[126.6781872,33.2692744],[126.678097,33.2692859],[126.6778192,33.2689536],[126.677827,33.2687036],[126.6777028,33.2687032],[126.6777241,33.2684475],[126.6778791,33.2683922],[126.6776545,33.2684144],[126.6772267,33.2681647],[126.6766384,33.2680717],[126.675777,33.2682266],[126.6751536,33.2684308],[126.6750947,33.2682749],[126.6750251,33.2684494],[126.6747355,33.2684329],[126.6746324,33.2682612],[126.6743275,33.2683575],[126.674248,33.268233],[126.6739572,33.2683269],[126.6737733,33.2681217],[126.6736917,33.2681611],[126.6737094,33.2682668],[126.6740931,33.2686739],[126.6739116,33.268812],[126.6739018,33.2691549],[126.6740037,33.2691996],[126.6740285,33.2689345],[126.6743605,33.269117],[126.6743644,33.2693497],[126.6742739,33.2695075],[126.674127,33.2694535],[126.6741788,33.2692486],[126.6741091,33.2692341],[126.674036,33.2694768],[126.6741417,33.2696415],[126.6740849,33.2698631],[126.6734881,33.2697012],[126.6733477,33.2699224],[126.6721665,33.270085],[126.6716019,33.2704687],[126.6716228,33.2705681],[126.671223,33.2708057],[126.6712922,33.2709395],[126.6709537,33.2711865],[126.6707981,33.2711418],[126.6706574,33.2712258],[126.6705726,33.2711698],[126.670599,33.2710101],[126.6702442,33.2708262],[126.6702522,33.2710839],[126.6700689,33.2709634],[126.6700379,33.2711719],[126.6699532,33.2712096],[126.6698235,33.2711889],[126.6696969,33.2709356],[126.669612,33.2709187],[126.6695241,33.2709473],[126.669568,33.2710582],[126.6694725,33.2711072],[126.6693815,33.2710898],[126.6693869,33.2709692],[126.669211,33.2709654],[126.6691322,33.2710063],[126.6691527,33.2711021],[126.6687745,33.2712225],[126.668591,33.2711763],[126.6683884,33.2707528],[126.668049,33.2705375],[126.6677157,33.2704994],[126.6667854,33.2706979],[126.666487,33.2706971],[126.665401,33.2703015],[126.6651482,33.2705153],[126.664989,33.2705566],[126.664725,33.2702162],[126.6647546,33.2700827],[126.6643366,33.269402],[126.6639497,33.2689979],[126.663649,33.2683677],[126.6634155,33.2680837],[126.6628683,33.2678334],[126.6618111,33.2676437],[126.6612196,33.2671272],[126.6597875,33.2664047],[126.6595502,33.2665896],[126.6595632,33.2667323],[126.6598974,33.2668925],[126.6600636,33.266891],[126.6608794,33.2673194],[126.6609679,33.2675119],[126.6612423,33.2676173],[126.661544,33.2679302],[126.6630301,33.2683156],[126.6641347,33.2698019],[126.6617929,33.27134],[126.6611897,33.2711818],[126.6611493,33.2712899],[126.6616582,33.2714232],[126.6615642,33.2727102],[126.6619597,33.2727363],[126.6619371,33.273015],[126.6617408,33.273017],[126.6619824,33.273041],[126.6619968,33.2727261],[126.662744,33.2727651],[126.6628534,33.2728241],[126.6628527,33.2729989],[126.6626397,33.2732225],[126.66211,33.2734365],[126.6621516,33.2735865],[126.662216,33.2735806],[126.6621887,33.2734712],[126.662387,33.2733605],[126.6623884,33.2736278],[126.6625394,33.2734444],[126.6626624,33.2735645],[126.6626678,33.273635],[126.662454,33.27366],[126.6625305,33.2737865],[126.6624447,33.2739113],[126.662008,33.2741023],[126.6617592,33.2741322],[126.6614877,33.2740479],[126.661134,33.2742002],[126.6604994,33.2741149],[126.6596834,33.2741976],[126.6595327,33.274161],[126.659403,33.2740121],[126.6592677,33.2741157],[126.65862,33.2739858],[126.6583699,33.2738348],[126.6583379,33.2734245],[126.6582364,33.2733995],[126.6581082,33.2735607],[126.6579064,33.2734446],[126.6578639,33.2732781],[126.6579555,33.2731613],[126.6580958,33.2731392],[126.6582697,33.2731782],[126.6582699,33.2733126],[126.6583611,33.2733128],[126.6585114,33.272763],[126.6587755,33.2728375],[126.6595658,33.2708834],[126.6600922,33.2710177],[126.6601393,33.2708989],[126.6595796,33.2707456],[126.6595826,33.2699714],[126.6596688,33.2699716],[126.659669,33.2699131],[126.6594235,33.2699528],[126.659477,33.2698339],[126.6592252,33.2696678],[126.6606,33.2688314],[126.6608329,33.268885],[126.6610258,33.2687864],[126.661071,33.2685982],[126.6609194,33.2684015],[126.6607444,33.2683433],[126.6605516,33.2684322],[126.6588822,33.2694737],[126.6589869,33.2695831],[126.6589153,33.2695643],[126.65842,33.2698805],[126.6580498,33.2697438],[126.6581565,33.2694481],[126.6581209,33.2692224],[126.6578291,33.2690405],[126.657621,33.26904],[126.6573913,33.2688569],[126.65704,33.2688323],[126.6568722,33.2689321],[126.6568248,33.2690954],[126.6566881,33.269127],[126.6565857,33.2690705],[126.6567143,33.2689572],[126.656424,33.2689017],[126.6561789,33.2690262],[126.6561151,33.2692266],[126.6559707,33.2692666],[126.6556708,33.2692281],[126.6552275,33.2690055],[126.6549474,33.2689838],[126.6545765,33.2686556],[126.653962,33.2689672],[126.6534395,33.2690576],[126.6533608,33.2691666],[126.6534187,33.2692706],[126.6532258,33.2694233],[126.6532703,33.2694972],[126.6526631,33.2696111],[126.6521746,33.2694858],[126.6517332,33.2691963],[126.6515406,33.26884],[126.6515504,33.2684605],[126.6511624,33.2680821],[126.6505033,33.2679131],[126.6503142,33.2679418],[126.6498922,33.2681802],[126.6497969,33.2683985],[126.6491501,33.2686815],[126.6491552,33.2685478],[126.6487994,33.2683832],[126.6485599,33.2683915],[126.6484045,33.2684921],[126.64792,33.2682135],[126.6477098,33.2683195],[126.6469065,33.2677421],[126.6470046,33.2674576],[126.6469283,33.2672611],[126.6463636,33.2675394],[126.646075,33.2675747],[126.6456273,33.2674036],[126.645649,33.2671487],[126.6455813,33.2670949],[126.645268,33.2673169],[126.6448591,33.2671876],[126.6447295,33.2672444],[126.6443778,33.2669203],[126.6442465,33.2670076],[126.6438837,33.2669356],[126.6436504,33.2666446],[126.6431718,33.2663194],[126.6430913,33.2661326],[126.6431696,33.266043],[126.6430029,33.2660822],[126.6429269,33.2660133],[126.6428799,33.2661042],[126.6425799,33.2660991],[126.6422355,33.2660118],[126.6419859,33.2658426],[126.6415305,33.2653079],[126.6411756,33.2647415],[126.641085,33.2641968],[126.641208,33.2640751],[126.6411711,33.2639206],[126.6412863,33.2638524],[126.6412131,33.263735],[126.641511,33.2636786],[126.6415508,33.2634426],[126.6413836,33.2634186],[126.6413588,33.2635942],[126.6411781,33.2636289],[126.6410652,33.2634657],[126.641221,33.2634548],[126.6412293,33.2633151],[126.6410603,33.2633055],[126.6410609,33.2631712],[126.6413075,33.2629243],[126.6414791,33.2630367],[126.6414008,33.2633661],[126.6415653,33.263378],[126.6415437,33.2631893],[126.6424814,33.2633951],[126.6425737,33.2635176],[126.6426326,33.2634866],[126.6425337,33.2633533],[126.6417744,33.2631847],[126.6416245,33.2629475],[126.6413995,33.2628425],[126.6415407,33.2625762],[126.641877,33.2626057],[126.6418098,33.2622295],[126.6416456,33.2621368],[126.6415677,33.2618426],[126.6404474,33.2612794],[126.6401405,33.2613593],[126.6399303,33.2612709],[126.6396284,33.2609289],[126.6397007,33.2606785],[126.6395359,33.2604475],[126.6396829,33.2601639],[126.6395992,33.2601636],[126.6395378,33.2603967],[126.6394286,33.260349],[126.6394185,33.2601819],[126.639326,33.2600991],[126.639426,33.2599715],[126.6395675,33.2599575],[126.6396032,33.2601118],[126.6397005,33.260111],[126.6396871,33.2599432],[126.639569,33.2598412],[126.6396706,33.2597266],[126.6395576,33.25961],[126.6396529,33.2594083],[126.6402819,33.2590325],[126.6403953,33.2590967],[126.6407011,33.2589256],[126.640669,33.2587134],[126.6404172,33.2586364],[126.6403414,33.258737],[126.6404396,33.2587967],[126.6404188,33.2588719],[126.6398789,33.2591796],[126.6395454,33.2588934],[126.6398384,33.2586069],[126.6397111,33.2585514],[126.6397359,33.2581532],[126.640039,33.2580148],[126.640038,33.2579452],[126.6398036,33.2579087],[126.639503,33.2576586],[126.6390928,33.2574568],[126.638806,33.2574783],[126.6384951,33.2572936],[126.6376307,33.2570989],[126.6370157,33.2571291],[126.6364497,33.2573336],[126.6362119,33.2571198],[126.6357952,33.257074],[126.6348796,33.2565903],[126.6347885,33.2564277],[126.6348721,33.2562692],[126.6346129,33.2562044],[126.6347245,33.2558443],[126.6345569,33.2557423],[126.6345685,33.2555912],[126.6344478,33.2555622],[126.6344725,33.2559057],[126.6343539,33.2561156],[126.6342808,33.2561585],[126.6340988,33.256087],[126.6339842,33.2557357],[126.6331936,33.2545484],[126.6327468,33.2543939],[126.6317746,33.2546235],[126.631654,33.2545355],[126.6326575,33.2539424],[126.6326637,33.2538527],[126.6324988,33.2538598],[126.6322379,33.253614],[126.631837,33.2535654],[126.6314387,33.2537007],[126.6307555,33.2545732],[126.6302768,33.2545091],[126.6301038,33.2546687],[126.6299281,33.2546682],[126.629332,33.2545383],[126.6286211,33.2545042],[126.628076,33.2540639],[126.6279213,33.2538002],[126.6276044,33.2527173],[126.6273576,33.2522974],[126.627095,33.2520808],[126.6271074,33.2518914],[126.6268321,33.2519171],[126.6261235,33.2517465],[126.6259312,33.2517723],[126.6252539,33.2516422],[126.6249553,33.2517081],[126.6244735,33.2519754],[126.6241173,33.2520041],[126.6241282,33.252198],[126.6239334,33.2522097],[126.6236465,33.2519653],[126.6232544,33.2514266],[126.6221132,33.2508856],[126.621661,33.2504358],[126.621612,33.2501196],[126.6218189,33.2498639],[126.621994,33.2498248],[126.6220647,33.2496667],[126.6216699,33.2489444],[126.6217609,33.2473877],[126.6216901,33.2472114],[126.6213988,33.2471878],[126.6212954,33.2472614],[126.6212823,33.2475241],[126.6214021,33.2475595],[126.6213946,33.2477288],[126.6211679,33.2477756],[126.6211678,33.2491248],[126.6205254,33.2491278],[126.6205258,33.2494036],[126.6208489,33.2494069],[126.6208487,33.2498468],[126.6202187,33.2498429],[126.6202189,33.2496113],[126.6198771,33.2496108],[126.6198631,33.2497216],[126.6196926,33.2497059],[126.6196136,33.2494367],[126.6196467,33.2490581],[126.6199435,33.2486426],[126.6195923,33.248214],[126.6191294,33.2479647],[126.6189778,33.247761],[126.6189976,33.2470063],[126.6192184,33.2465391],[126.6190051,33.2460538],[126.6187118,33.2448985],[126.6187616,33.2445032],[126.618945,33.2442364],[126.6196102,33.2440825],[126.6193421,33.2439981],[126.6193694,33.2438227],[126.6189824,33.2436433],[126.6185147,33.2429735],[126.6178764,33.2426484],[126.617844,33.2424868],[126.617664,33.2423387],[126.6171431,33.2420878],[126.6167,33.2420131],[126.616583,33.2418904],[126.6163022,33.2418763],[126.6162374,33.241521],[126.616122,33.2413981],[126.6158534,33.2414749],[126.615723,33.2416949],[126.615458,33.2416439],[126.6143482,33.2411657],[126.6138942,33.2411406],[126.6131923,33.2409824],[126.6124597,33.2410108],[126.6121186,33.2409512],[126.6103489,33.2405488],[126.6082409,33.2397236],[126.6081562,33.2393372],[126.608285,33.2385692],[126.6083569,33.2385372],[126.608443,33.2381401],[126.6082857,33.2376454],[126.6080079,33.2373058],[126.6078815,33.2374465],[126.6080856,33.2377015],[126.6081807,33.2380812],[126.6080191,33.2381339],[126.6077901,33.2383803],[126.608098,33.238618],[126.6079374,33.2389768],[126.6080041,33.2392541],[126.6078938,33.2394557],[126.607356,33.2392729],[126.6075805,33.2389234],[126.607792,33.239055],[126.6079086,33.2387803],[126.6075658,33.2387197],[126.607628,33.2382584],[126.6074964,33.2382433],[126.6074399,33.2386842],[126.6071733,33.2390078],[126.6061154,33.2391618],[126.6052977,33.2394976],[126.6049138,33.2397609],[126.604944,33.2398897],[126.6051274,33.239897],[126.6056697,33.2397049],[126.6057064,33.2397935],[126.6054114,33.2399381],[126.6051495,33.2399594],[126.6046772,33.2398007],[126.6046805,33.2396669],[126.6048268,33.2395713],[126.6048213,33.2392652],[126.6042956,33.2390474],[126.6041387,33.2381961],[126.6036263,33.2379062],[126.6034865,33.2384064],[126.6030563,33.2386292],[126.6028527,33.2385742],[126.6026496,33.2384065],[126.6027272,33.2381059],[126.6025502,33.2377348],[126.6022718,33.2376491],[126.6022429,33.2374805],[126.6019732,33.2373822],[126.6016976,33.2371446],[126.6013109,33.2370153],[126.6016202,33.2366611],[126.6015642,33.2366391],[126.6012309,33.2369997],[126.6007549,33.2367419],[126.6002845,33.2366875],[126.5996934,33.2362149],[126.5993264,33.2360327],[126.5985945,33.2359245],[126.5976621,33.2361666],[126.5970586,33.2366158],[126.5968511,33.2366778],[126.5966559,33.2366563],[126.5966654,33.2362468],[126.5965939,33.2361686],[126.5965756,33.2367201],[126.5961116,33.236828],[126.5960697,33.2367658],[126.5960733,33.2365935],[126.596425,33.2364737],[126.5964082,33.2364291],[126.5960012,33.2365737],[126.5959997,33.2367909],[126.5953919,33.2367719],[126.5952772,33.2368105],[126.5952435,33.2369163],[126.5946361,33.237126],[126.5944334,33.2372395],[126.5942232,33.2375424],[126.5938445,33.2377444],[126.593672,33.2377745],[126.5932449,33.2376784],[126.593187,33.2380124],[126.5928443,33.2383149],[126.5925257,33.2384085],[126.5925277,33.2386898],[126.592411,33.2388315],[126.5920455,33.2390392],[126.5916383,33.2389403],[126.5914459,33.2389815],[126.5913993,33.239374],[126.5922085,33.2406968],[126.5922583,33.2409349],[126.5920758,33.2410863],[126.591767,33.2410128],[126.5913269,33.2411284],[126.5910576,33.2410453],[126.5911106,33.2413226],[126.5910502,33.2414076],[126.5903804,33.2416334],[126.5900338,33.2416115],[126.5898959,33.2416765],[126.5895141,33.2426664],[126.5896591,33.2430668],[126.5895857,33.243178],[126.5889678,33.2434705],[126.5885019,33.2435135],[126.5882364,33.2436797],[126.5875808,33.2437308],[126.5872696,33.243559],[126.5872219,33.2438297],[126.5868583,33.2439817],[126.5865201,33.244007],[126.5865443,33.2441491],[126.5863943,33.2443282],[126.5860088,33.2445484],[126.5852991,33.2442835],[126.5848377,33.2437431],[126.584377,33.2440785],[126.5838198,33.24417],[126.5829441,33.2439568],[126.5824272,33.2439314],[126.5822044,33.2437384],[126.5816098,33.2436577],[126.5816355,33.2435957],[126.5817832,33.2435962],[126.5818225,33.2434659],[126.5819955,33.2434609],[126.5820613,33.2433877],[126.5819434,33.2431807],[126.581964,33.2429567],[126.5820938,33.2428669],[126.5819283,33.2426025],[126.5816188,33.2427383],[126.5812792,33.2427817],[126.580563,33.2433807],[126.580149,33.2435539],[126.5799692,33.2437259],[126.5800627,33.2439668],[126.5807491,33.2438139],[126.5809684,33.2438282],[126.5809011,33.2439036],[126.5807431,33.2438633],[126.5802471,33.2440314],[126.5801094,33.2441684],[126.57952,33.2443811],[126.5792753,33.2442633],[126.5791644,33.2438953],[126.578986,33.2437777],[126.5787805,33.243777],[126.5783339,33.2442824],[126.5779324,33.245072],[126.5767003,33.2449012],[126.5767539,33.2446703],[126.5766865,33.2445796],[126.5764762,33.2447495],[126.5761044,33.2447483],[126.5755151,33.2446014],[126.5744843,33.2439323],[126.5736748,33.2440855],[126.5728113,33.2444641],[126.5721412,33.2445843],[126.5716828,33.2447805],[126.5716823,33.2448919],[126.5715101,33.2448467],[126.5715107,33.2447409],[126.5717284,33.2445375],[126.5714659,33.2443954],[126.570286,33.2440627],[126.5699936,33.2438639],[126.5699046,33.2437661],[126.5700578,33.2436316],[126.570024,33.2434198],[126.5698808,33.2432272],[126.5699938,33.2431287],[126.5699148,33.2430504],[126.5694773,33.2430447],[126.5692772,33.2433044],[126.5690092,33.2431949],[126.5687868,33.2432805],[126.5685658,33.2430513],[126.5685666,33.2429009],[126.5683187,33.2427636],[126.568244,33.2424458],[126.5680857,33.2422838],[126.5681301,33.2420193],[126.5680335,33.2418338],[126.5677741,33.2416398],[126.5674865,33.2417335],[126.5663958,33.2409102],[126.5664667,33.2407884],[126.5663871,33.2407018],[126.5689216,33.23822],[126.5689836,33.2382384],[126.569738,33.2375707],[126.569963,33.2373236],[126.569926,33.237205],[126.5707112,33.2364087],[126.5710505,33.2363143],[126.5712348,33.2360952],[126.571156,33.2354277],[126.5681638,33.2330862],[126.5679644,33.2331042],[126.5674022,33.2326757],[126.5671442,33.2327811],[126.5670884,33.2329792],[126.5677135,33.2334349],[126.5674996,33.2336463],[126.5701945,33.2357109],[126.5692328,33.2366686],[126.5673473,33.2353233],[126.5667158,33.2359479],[126.5684032,33.2371889],[126.5674053,33.2381897],[126.5656016,33.237616],[126.5647195,33.2379558],[126.5644413,33.2385283],[126.5642989,33.2384823],[126.564062,33.2391702],[126.5617782,33.2398517],[126.5612284,33.2392765],[126.561141,33.2393349],[126.5616762,33.2399092],[126.5608913,33.2407042],[126.560794,33.2411334],[126.5610153,33.242018],[126.5606424,33.2421785],[126.5605164,33.2420157],[126.5606804,33.2422457],[126.5610354,33.2420734],[126.5615232,33.2424651],[126.5617687,33.2430409],[126.5613665,33.2432253],[126.5607714,33.2423656],[126.5606751,33.2423864],[126.5600288,33.2420389],[126.559799,33.241837],[126.5592461,33.2409978],[126.5591927,33.2394529],[126.5589803,33.2393048],[126.5591515,33.2392637],[126.5588976,33.2391104],[126.5589571,33.2389607],[126.558857,33.2388007],[126.559567,33.2378855],[126.5597055,33.2379065],[126.559773,33.2378148],[126.5596265,33.2376106],[126.5598137,33.2373634],[126.5597218,33.2373151],[126.5595375,33.2375375],[126.5594422,33.2375262],[126.5580583,33.2393151],[126.5578838,33.2393142],[126.5578684,33.2394038],[126.5579373,33.2394204],[126.5578299,33.2394899],[126.5575266,33.2395138],[126.5567147,33.2391573],[126.5562259,33.2391555],[126.5554811,33.238983],[126.5546556,33.2390218],[126.553791,33.2396008],[126.5534458,33.240034],[126.5522909,33.2403445],[126.5515715,33.2410215],[126.5511,33.241198],[126.5510417,33.2414099],[126.5505218,33.2414995],[126.5497738,33.2413019],[126.5494401,33.2410946],[126.5491243,33.2406283],[126.5493089,33.2404886],[126.5490657,33.2404164],[126.5487839,33.2397971],[126.5489274,33.2396027],[126.548818,33.2396023],[126.5485736,33.2398562],[126.5484954,33.2398351],[126.5484527,33.239743],[126.5481189,33.2395775],[126.5477466,33.2391445],[126.5477716,33.2387936],[126.548031,33.2388632],[126.5481169,33.2388207],[126.5480918,33.2387684],[126.5477359,33.2387439],[126.5477084,33.2385107],[126.5478681,33.2384027],[126.5481201,33.2383674],[126.5482766,33.2384614],[126.548318,33.2384005],[126.547676,33.237728],[126.5475405,33.2377685],[126.5472235,33.2380661],[126.5472223,33.2383001],[126.5469397,33.2384773],[126.5466967,33.2387687],[126.5465258,33.2387494],[126.546503,33.2383225],[126.5463721,33.2381686],[126.546275,33.2381908],[126.5462723,33.2383658],[126.5463875,33.2385616],[126.5461704,33.2391285],[126.5465402,33.2394673],[126.5469739,33.2397307],[126.5469359,33.2398531],[126.5462594,33.2399492],[126.5462199,33.2396162],[126.5460833,33.2395267],[126.545717,33.239715],[126.5454788,33.2396417],[126.5451529,33.239734],[126.5447983,33.2400365],[126.5445628,33.2398723],[126.5444383,33.2396045],[126.5445035,33.2390291],[126.5437664,33.2387888],[126.5435275,33.2386307],[126.5434323,33.2386867],[126.5432134,33.2393326],[126.5428124,33.2399773],[126.5422739,33.2402872],[126.5421139,33.2401243],[126.5419236,33.2401584],[126.5415422,33.2407719],[126.5408947,33.2413181],[126.5405798,33.2413966],[126.5405087,33.2416147],[126.5403162,33.2416711],[126.5401215,33.2415047],[126.5399238,33.2416042],[126.5396391,33.2415626],[126.5393829,33.2417289],[126.5395539,33.2419913],[126.5393648,33.2420255],[126.5389889,33.241662],[126.5372872,33.2409873],[126.5362228,33.2404709],[126.535218,33.2399435],[126.5346633,33.239546],[126.5334019,33.2393073],[126.5328149,33.2393803],[126.5314694,33.2393669],[126.5311141,33.2394992],[126.5305021,33.239593],[126.5285894,33.2395099],[126.5282476,33.2395949],[126.5280301,33.2399743],[126.5277054,33.2399591],[126.5269905,33.2400901],[126.5263655,33.2404442],[126.5229832,33.2408685],[126.5220417,33.2408259],[126.5211676,33.2412737],[126.5208925,33.2412726],[126.5201986,33.2408801],[126.5195299,33.2401478],[126.5195309,33.2399612],[126.5199024,33.2397073],[126.5200341,33.2394451],[126.5197878,33.239032],[126.5193989,33.238649],[126.5187733,33.2385045],[126.5184179,33.2380297],[126.5182065,33.2373068],[126.5184836,33.2362745],[126.5182844,33.2359093],[126.5180949,33.2358517],[126.5181432,33.2359503],[126.5182879,33.2359922],[126.5183433,33.2363443],[126.51829,33.2366467],[126.5181507,33.2367701],[126.5181985,33.2368653],[126.5180808,33.2372632],[126.5175847,33.2370691],[126.5176196,33.2367573],[126.5175199,33.2368071],[126.5174693,33.2369684],[126.51712,33.2370762],[126.5169734,33.2370514],[126.5165626,33.2366678],[126.5164094,33.2367789],[126.5166924,33.2370868],[126.5163803,33.2374255],[126.5162108,33.2374668],[126.5159375,33.2373191],[126.5157478,33.2370598],[126.5165696,33.2365029],[126.5167861,33.2363936],[126.5172699,33.2365228],[126.5172869,33.2362616],[126.5167519,33.2361328],[126.5164736,33.2362026],[126.5164809,33.2363149],[126.5163348,33.2363675],[126.5163485,33.23646],[126.5154793,33.2371041],[126.5155376,33.2370423],[126.5154942,33.2368754],[126.5152586,33.236407],[126.5154068,33.2362766],[126.5152682,33.2355673],[126.5146026,33.2351623],[126.5142845,33.2348561],[126.5138927,33.2346875],[126.5137383,33.2344473],[126.5137987,33.2341732],[126.5137356,33.2340435],[126.513817,33.2338593],[126.5137312,33.2337949],[126.5136577,33.2338935],[126.5132471,33.233825],[126.5131067,33.2336296],[126.5132328,33.233534],[126.5130711,33.23358],[126.5129742,33.2334452],[126.5130212,33.2333284],[126.5127665,33.2332411],[126.5125195,33.2329644],[126.5120002,33.2327981],[126.5117284,33.232797],[126.5112428,33.2325138],[126.5110608,33.2324797],[126.5080719,33.2306437],[126.5077734,33.230701],[126.5068557,33.23065],[126.5061986,33.2308229],[126.5056967,33.2310882],[126.5050803,33.2310941],[126.5047682,33.2312071],[126.5040483,33.230753],[126.5039444,33.2309559],[126.5034212,33.2308926],[126.5024925,33.2316185],[126.5020945,33.2316782],[126.5006319,33.2312936],[126.4998136,33.2318362],[126.4996663,33.2321085],[126.4979308,33.2330902],[126.4978314,33.2330898],[126.4976236,33.2329058],[126.4974142,33.2330241],[126.4970196,33.2330587],[126.496851,33.2329828],[126.4965986,33.2326413],[126.496435,33.2327137],[126.4963542,33.2329334],[126.4962086,33.2328966],[126.4953893,33.231921],[126.4951476,33.2318507],[126.4950456,33.2317097],[126.4951276,33.2315722],[126.495068,33.2312213],[126.4947917,33.2311646],[126.4945216,33.2312063],[126.4939492,33.2310507],[126.4937407,33.2312281],[126.4936022,33.231935],[126.4931769,33.2324123],[126.4925246,33.2326183],[126.4918721,33.2325704],[126.4916151,33.232676],[126.4913267,33.2326892],[126.491172,33.2325043],[126.491249,33.2322079],[126.4911402,33.2318209],[126.4911647,33.2313757],[126.4907949,33.2309356],[126.4901376,33.2306129],[126.4894327,33.2303799],[126.4882874,33.2297883],[126.4867664,33.2289612],[126.4864676,33.2286316],[126.4859572,33.2285096],[126.4857617,33.2285277],[126.485294,33.2288099],[126.4840983,33.2288283],[126.4829276,33.2290959],[126.4819024,33.2289903],[126.481148,33.2290188],[126.4806324,33.2288827],[126.4795836,33.2283061],[126.4782504,33.2277881],[126.4782258,33.2271292],[126.4778826,33.2267586],[126.4777931,33.2268143],[126.4781259,33.2271517],[126.4781278,33.2273768],[126.4779122,33.2273941],[126.4779118,33.2276411],[126.4765891,33.2276302],[126.4756667,33.2280002],[126.4753115,33.227351],[126.4759578,33.2270908],[126.4762112,33.2271525],[126.4763868,33.2274555],[126.476441,33.2274334],[126.4762945,33.2271758],[126.4770194,33.2271513],[126.477016,33.2270492],[126.4764698,33.2270477],[126.4759758,33.2268099],[126.4764281,33.226252],[126.4776746,33.2262786],[126.4776699,33.2259173],[126.4768228,33.2258953],[126.4767295,33.22545],[126.4763084,33.2252937],[126.47642,33.225207],[126.4767082,33.225271],[126.4767639,33.2252018],[126.4765416,33.2249636],[126.4762776,33.2250963],[126.476135,33.2250794],[126.4760475,33.2249979],[126.476061,33.2248831],[126.4763259,33.2244174],[126.4765054,33.2246129],[126.476602,33.2245809],[126.4764122,33.224339],[126.4765207,33.2241438],[126.4768753,33.2243329],[126.4774273,33.2243725],[126.4774184,33.224272],[126.477604,33.2241783],[126.4776595,33.2239427],[126.4778382,33.2237953],[126.4777622,33.2236548],[126.4773772,33.2236964],[126.4773274,33.223744],[126.4774004,33.2238015],[126.4773323,33.2238296],[126.4771055,33.2237179],[126.4771131,33.223648],[126.4768819,33.2238214],[126.4769048,33.2238787],[126.4771248,33.2238374],[126.4769393,33.2240196],[126.476836,33.2239611],[126.4765072,33.223966],[126.4759203,33.2237459],[126.4753507,33.2234034],[126.4752773,33.2234488],[126.4753138,33.2238777],[126.4752456,33.224042],[126.4746113,33.2241708],[126.4741006,33.2240237],[126.4741004,33.2243379],[126.4738248,33.2247106],[126.4730344,33.2253466],[126.4730755,33.2255421],[126.4732677,33.2255902],[126.4733386,33.2257187],[126.4736868,33.2259437],[126.4737163,33.2263566],[126.473234,33.2260033],[126.472999,33.2262308],[126.4727216,33.2263535],[126.4725726,33.2263279],[126.4723918,33.2260806],[126.4715393,33.2255006],[126.471347,33.2255377],[126.4703754,33.2263728],[126.4701227,33.226511],[126.4699255,33.2267831],[126.469924,33.2270365],[126.469565,33.227773],[126.4689138,33.2283272],[126.4685943,33.228823],[126.4673847,33.2299374],[126.466869,33.2302638],[126.4662977,33.230487],[126.4660408,33.2307699],[126.4653725,33.2311375],[126.4642537,33.2314641],[126.4634871,33.2316062],[126.4630004,33.231808],[126.4624223,33.2318266],[126.4621028,33.2320397],[126.4621483,33.2321847],[126.4624083,33.2323781],[126.462623,33.232708],[126.4627494,33.2330374],[126.4631354,33.2333498],[126.4631762,33.2339991],[126.463585,33.234104],[126.4634309,33.2342979],[126.4633036,33.2341615],[126.4631029,33.2341272],[126.4629767,33.2338996],[126.4628805,33.2339173],[126.4629541,33.2343465],[126.4627243,33.2345266],[126.4626455,33.2354843],[126.4623508,33.2365302],[126.4620393,33.2370719],[126.4619918,33.2372472],[126.4620875,33.2373088],[126.4618573,33.2375696],[126.4612383,33.2379903],[126.4610662,33.2379478],[126.4611643,33.2381543],[126.4610413,33.2382234],[126.4608595,33.2386821],[126.4600797,33.2393778],[126.4598937,33.2394411],[126.4598428,33.2392291],[126.459178,33.2392917],[126.4591278,33.2393681],[126.4592294,33.2395551],[126.4591458,33.2396745],[126.4586681,33.239742],[126.4584379,33.2399875],[126.4581576,33.2400392],[126.4579956,33.2403507],[126.4577766,33.2402868],[126.4577724,33.2400059],[126.4576957,33.2399703],[126.4575344,33.240315],[126.4576123,33.2405799],[126.4573584,33.2411776],[126.4569109,33.2410949],[126.4568932,33.2408957],[126.4570555,33.2405688],[126.4566507,33.2402191],[126.456175,33.2402041],[126.455908,33.2401181],[126.4555612,33.2403447],[126.4550746,33.2403922],[126.4551266,33.2409257],[126.454803,33.2412099],[126.4545129,33.2412596],[126.4541727,33.2410864],[126.4541005,33.2409113],[126.4539752,33.2408522],[126.4535554,33.2409019],[126.4536052,33.2411444],[126.4532473,33.2408852],[126.4532165,33.2407654],[126.4532933,33.2406738],[126.4532006,33.2406581],[126.453089,33.2412884],[126.452922,33.241218],[126.4528586,33.2412943],[126.4526438,33.2412001],[126.4526777,33.2410652],[126.4526016,33.240927],[126.4527666,33.2407409],[126.4526493,33.240696],[126.4523632,33.2408812],[126.4524844,33.2412398],[126.4519722,33.2415285],[126.4508466,33.2412301],[126.4501177,33.2411374],[126.4496786,33.2409914],[126.4493413,33.2406452],[126.4491989,33.2406181],[126.4491969,33.2403485],[126.4490529,33.2401301],[126.4484824,33.2396625],[126.4474017,33.2391898],[126.4463448,33.2390449],[126.4459131,33.2389133],[126.4456608,33.2384173],[126.4455621,33.2384324],[126.4454607,33.2386759],[126.4452054,33.2385785],[126.4449136,33.2385686],[126.4443831,33.2388792],[126.4440468,33.2388439],[126.4436922,33.2385996],[126.4434147,33.2379736],[126.4428755,33.2376942],[126.4426652,33.2373524],[126.4422532,33.2371161],[126.4421008,33.2372288],[126.4419523,33.2370996],[126.4419028,33.2372288],[126.4417477,33.2372849],[126.4417543,33.2373879],[126.4413496,33.2375812],[126.4411929,33.2375802],[126.4412773,33.2377236],[126.4408639,33.2383116],[126.4406764,33.2382756],[126.4402104,33.2379556],[126.4398756,33.2380815],[126.4397398,33.2380103],[126.4392868,33.2380799],[126.4392639,33.2378272],[126.4389093,33.2373176],[126.4387596,33.2374697],[126.43852,33.2375171],[126.4385438,33.2375942],[126.4389191,33.2375214],[126.439167,33.23788],[126.4391924,33.2382208],[126.4384503,33.2385044],[126.4391247,33.2386395],[126.4392008,33.2388197],[126.4389371,33.2389767],[126.4389152,33.2388501],[126.4388472,33.2388484],[126.4388482,33.2390097],[126.4385045,33.239033],[126.4385745,33.2387193],[126.438384,33.2387131],[126.4382933,33.2390318],[126.4380919,33.2389701],[126.4380406,33.2383688],[126.4377101,33.2379449],[126.4373674,33.2379219],[126.4373077,33.2377674],[126.437426,33.2375265],[126.4377171,33.2373587],[126.4378019,33.2371757],[126.437988,33.2370675],[126.4379866,33.236886],[126.4377053,33.2368252],[126.4376602,33.2367226],[126.4374954,33.2367137],[126.4371657,33.2364768],[126.4368224,33.2364436],[126.4367246,33.2365046],[126.4363351,33.2363289],[126.4360586,33.2364985],[126.4358756,33.2364925],[126.435838,33.2366054],[126.435721,33.2366395],[126.4355397,33.2366252],[126.4350478,33.2363416],[126.434936,33.2362019],[126.4348987,33.2357572],[126.4344748,33.2355871],[126.4340661,33.2350406],[126.433966,33.2345014],[126.4340123,33.2338835],[126.4337564,33.2337165],[126.4333462,33.2336032],[126.4332828,33.2336809],[126.4327571,33.233674],[126.4325022,33.2338688],[126.4325135,33.2342594],[126.4322537,33.2344643],[126.431803,33.2346429],[126.4316477,33.2349039],[126.4317001,33.2350662],[126.4316128,33.2353202],[126.4313826,33.235286],[126.4308899,33.2354205],[126.4302423,33.2357042],[126.4299724,33.2359439],[126.4295408,33.2360547],[126.4292929,33.2359589],[126.4293597,33.2357783],[126.4291617,33.2354848],[126.4291373,33.2351728],[126.4288557,33.2351548],[126.4285094,33.2353114],[126.4284657,33.2352059],[126.428373,33.2352087],[126.4281375,33.235342],[126.4277941,33.2354002],[126.4274405,33.2356007],[126.4271271,33.2355827],[126.4270302,33.2356502],[126.4269813,33.2358215],[126.4268471,33.2358932],[126.4268966,33.2359921],[126.4267913,33.2361283],[126.4268159,33.2362415],[126.4271134,33.2364559],[126.4270911,33.2369152],[126.4270042,33.2370178],[126.4265503,33.2371427],[126.4263262,33.2371189],[126.4260205,33.2365272],[126.4253737,33.236868],[126.4251536,33.2372293],[126.4249198,33.2369998],[126.4250421,33.2375602],[126.4247385,33.2374243],[126.4245088,33.2371536],[126.4243234,33.2371445],[126.424043,33.2372721],[126.4238334,33.2375473],[126.4236779,33.2382494],[126.423151,33.2380965],[126.4230723,33.2385569],[126.4233425,33.2388996],[126.4233255,33.2390123],[126.422999,33.2390048],[126.4224327,33.239118],[126.4222342,33.2395301],[126.421746,33.239857],[126.4216711,33.240084],[126.4213273,33.2401547],[126.4212718,33.2403972],[126.4211182,33.2405708],[126.4206319,33.2407378],[126.4205566,33.2409188],[126.4206306,33.2412285],[126.4204757,33.2413183],[126.4204029,33.2415015],[126.4196143,33.2420103],[126.4195923,33.2421786],[126.4190775,33.2422194],[126.4188531,33.2423078],[126.4182087,33.2428083],[126.4171372,33.2422373],[126.4164628,33.2421253],[126.4163099,33.2421589],[126.4162443,33.2423295],[126.4163685,33.2424193],[126.4166838,33.2424703],[126.4167,33.2423709],[126.4170633,33.2424262],[126.4184597,33.2431511],[126.4187653,33.2431651],[126.4189046,33.243265],[126.4190799,33.2435682],[126.4191477,33.2439891],[126.4188748,33.2440241],[126.4188898,33.2441448],[126.4188193,33.2441533],[126.4186467,33.2433393],[126.4185632,33.243402],[126.4187055,33.2439055],[126.4186578,33.2440943],[126.4182272,33.2440442],[126.4182104,33.2436392],[126.4180677,33.2436036],[126.4180931,33.2434505],[126.4180408,33.2435996],[126.4179799,33.2435938],[126.4180061,33.2434431],[126.4179537,33.2435878],[126.4166194,33.2434411],[126.4166811,33.2430345],[126.4165877,33.2430134],[126.4166967,33.2429043],[126.4165423,33.2428265],[126.4163335,33.242952],[126.4160173,33.2434135],[126.4155191,33.2432439],[126.4152875,33.2432593],[126.4144382,33.2436857],[126.4142894,33.2438292],[126.4142657,33.2440821],[126.4135087,33.244484],[126.4132734,33.2448321],[126.411833,33.2450101],[126.4103805,33.2449601],[126.4076001,33.2445288],[126.4072829,33.2444085],[126.4070915,33.2441746],[126.406462,33.243722],[126.4058863,33.2434986],[126.4050853,33.2433108],[126.4045687,33.2434578],[126.4037899,33.2438613],[126.4033126,33.2438251],[126.4025059,33.2435038],[126.402166,33.2432929],[126.401626,33.2422576],[126.4010176,33.2417588],[126.3985989,33.2413033],[126.3978217,33.2412596],[126.3971257,33.2410355],[126.3969149,33.240894],[126.3968112,33.2407108],[126.3968348,33.2405454],[126.3966225,33.2406803],[126.3966272,33.2404303],[126.3964219,33.2404879],[126.3959634,33.2402211],[126.3960481,33.2398792],[126.3959894,33.2397796],[126.3956819,33.2398338],[126.395312,33.2397605],[126.3950239,33.239594],[126.3949017,33.2393997],[126.3948827,33.2390012],[126.3948074,33.2389067],[126.3946001,33.2389501],[126.3942077,33.2388887],[126.3937797,33.2389646],[126.3935558,33.2388438],[126.3928798,33.2388198],[126.3919934,33.238593],[126.3909373,33.2379888],[126.390447,33.2372979],[126.390477,33.2370308],[126.3902328,33.2371206],[126.3898753,33.2374364],[126.3895666,33.2373085],[126.3892387,33.2369026],[126.3894011,33.2367343],[126.3895804,33.236689],[126.3896668,33.2365082],[126.389813,33.2364687],[126.3896834,33.2363598],[126.3894545,33.236465],[126.3894288,33.2363801],[126.3895706,33.2362397],[126.3893617,33.2362247],[126.3892464,33.2363105],[126.3891983,33.2361752],[126.3890978,33.236139],[126.388532,33.2360867],[126.3882559,33.2361656],[126.387699,33.2360126],[126.3870368,33.2357301],[126.3869146,33.2354198],[126.3867073,33.2352045],[126.3862458,33.2352781],[126.3858766,33.2347389],[126.3858985,33.2345783],[126.3858175,33.2344638],[126.3850234,33.2341568],[126.3849198,33.2338885],[126.3850832,33.2334753],[126.384666,33.2334502],[126.384609,33.2329508],[126.3842617,33.2326602],[126.384166,33.2327532],[126.3843353,33.232995],[126.3841269,33.2330337],[126.3840937,33.2328843],[126.3839242,33.2328271],[126.383923,33.2331209],[126.3836787,33.2331408],[126.3836992,33.2332489],[126.3834305,33.2333131],[126.3834234,33.2334234],[126.3831895,33.2333162],[126.3830959,33.233479],[126.3827606,33.2334462],[126.3824054,33.2336833],[126.3825856,33.2340241],[126.3820904,33.234278],[126.3816655,33.2343155],[126.3814132,33.2342527],[126.381323,33.2344456],[126.3808904,33.2345379],[126.380093,33.2345572],[126.3790483,33.2342786],[126.3787672,33.2340918],[126.3786418,33.2338955],[126.3786392,33.2335181],[126.3787599,33.2334049],[126.3786525,33.2333096],[126.3787123,33.2330525],[126.3783878,33.2328571],[126.3787317,33.2317483],[126.3787277,33.2315453],[126.379054,33.2312101],[126.3789868,33.2310332],[126.3787896,33.2309557],[126.3786454,33.230989],[126.3787152,33.2311149],[126.3782768,33.2312638],[126.3781446,33.2316795],[126.3779283,33.2319041],[126.3777511,33.2323456],[126.377635,33.2321868],[126.3770878,33.2319981],[126.3770087,33.2321938],[126.3774332,33.2323499],[126.3771804,33.2330449],[126.3767902,33.2332688],[126.3760705,33.2335182],[126.3760031,33.2334805],[126.3760768,33.2335788],[126.3760069,33.2336297],[126.3758578,33.2335173],[126.3758248,33.2335844],[126.3759693,33.2337202],[126.3755941,33.2340499],[126.3751982,33.2338156],[126.3751394,33.2337032],[126.375385,33.2335794],[126.3757042,33.2336217],[126.3758635,33.2330977],[126.3767578,33.2319755],[126.3768621,33.2320035],[126.376847,33.231885],[126.3767364,33.2318106],[126.3765812,33.2318203],[126.3763564,33.2320168],[126.3758667,33.2329398],[126.3757801,33.2328242],[126.3756441,33.2328377],[126.3756147,33.2329809],[126.3757344,33.2328629],[126.3758041,33.2329775],[126.3757398,33.2332207],[126.3751971,33.2333673],[126.3748414,33.2332015],[126.3740694,33.2330805],[126.3739679,33.2329145],[126.3737145,33.2330117],[126.3728111,33.2327242],[126.3724641,33.232731],[126.3720938,33.2325463],[126.3715265,33.2320771],[126.3709073,33.2319618],[126.3704078,33.2316971],[126.370139,33.231457],[126.369897,33.2315785],[126.3691454,33.2314819],[126.3690076,33.2316524],[126.3688979,33.2315282],[126.3688042,33.2315341],[126.3687921,33.2316208],[126.3689521,33.2317674],[126.3689654,33.2319903],[126.3687904,33.2321766],[126.3682601,33.2324984],[126.3681601,33.2329594],[126.3672895,33.2318408],[126.3666732,33.2318698],[126.3666483,33.2316696],[126.3663204,33.2317961],[126.3663796,33.2318954],[126.3661312,33.2318614],[126.3654291,33.2320333],[126.3648064,33.2323684],[126.3641712,33.2329643],[126.3640668,33.2331044],[126.3640299,33.2335936],[126.3639098,33.2339016],[126.3637776,33.2339603],[126.3631888,33.2338539],[126.3631621,33.2339883],[126.3628998,33.2341319],[126.3629255,33.2342654],[126.3631591,33.234229],[126.3631534,33.2344378],[126.3627616,33.234578],[126.3627076,33.2348491],[126.3624207,33.2352575],[126.3624232,33.2354007],[126.3621279,33.235241],[126.3620902,33.2352903],[126.3625507,33.2355583],[126.3629352,33.2356538],[126.3629488,33.2358159],[126.3621563,33.2360762],[126.3617898,33.2359928],[126.3616776,33.2362104],[126.3618575,33.2365732],[126.3619449,33.2365597],[126.3623722,33.236971],[126.3622943,33.2370245],[126.3621671,33.2369139],[126.3617395,33.2371588],[126.3610639,33.2366387],[126.3610259,33.2362893],[126.3612734,33.2358041],[126.3618136,33.2355777],[126.3617253,33.2354386],[126.3611726,33.2356719],[126.3609943,33.2360455],[126.3609591,33.2365346],[126.3607834,33.2368437],[126.3602031,33.2367555],[126.3596161,33.2364157],[126.3592167,33.2358472],[126.3590372,33.2357515],[126.3589378,33.235773],[126.3589162,33.2358572],[126.3591396,33.2360949],[126.359099,33.2361987],[126.3582254,33.2367275],[126.3573276,33.2369201],[126.3568005,33.2368229],[126.3565602,33.2365751],[126.3566185,33.236454],[126.3561796,33.2364266],[126.355976,33.2363239],[126.3559215,33.2362064],[126.3555223,33.2361729],[126.35501,33.2358698],[126.3542532,33.2357151],[126.3535242,33.2353798],[126.3525895,33.2352575],[126.3522968,33.2350344],[126.3520256,33.2351202],[126.3517698,33.2350786],[126.3516607,33.2349627],[126.3514876,33.2350252],[126.3507518,33.2347763],[126.3505759,33.2348894],[126.3503829,33.2347663],[126.3501241,33.2347364],[126.3497169,33.2348813],[126.3496226,33.2348432],[126.3493208,33.2349166],[126.3490477,33.2350952],[126.3485155,33.2352888],[126.3484362,33.235479],[126.3480015,33.2356885],[126.3479522,33.2358124],[126.3477861,33.2357571],[126.3477392,33.2359489],[126.3474839,33.2362307],[126.3472987,33.2362103],[126.3472493,33.2363481],[126.3463787,33.236382],[126.3465103,33.2365655],[126.3464205,33.2366917],[126.3459544,33.2365678],[126.3459803,33.2367168],[126.3455532,33.2368787],[126.3446163,33.2370407],[126.3444023,33.2368846],[126.3441287,33.2368659],[126.3439475,33.2373031],[126.3436496,33.2373065],[126.343759,33.2361851],[126.3398053,33.2359037],[126.3397324,33.2364852],[126.3396584,33.2364791],[126.3395965,33.2362568],[126.33926,33.2363383],[126.338642,33.236298],[126.3374353,33.2358993],[126.3373284,33.2357993],[126.3372021,33.2358509],[126.3371974,33.235575],[126.3368993,33.2349127],[126.335408,33.2343646],[126.3336006,33.2339261],[126.3325434,33.2333065],[126.3323206,33.2332977],[126.3316378,33.2329559],[126.3315215,33.2328114],[126.3307984,33.2325677],[126.3293178,33.2318341],[126.3269866,33.2317731],[126.3268329,33.2318239],[126.3267063,33.2319801],[126.3267024,33.2323576],[126.3268514,33.2325317],[126.3274746,33.2325906],[126.3277187,33.2323929],[126.3290919,33.2323735],[126.3332482,33.2342487],[126.3352759,33.2347721],[126.3354549,33.2348801],[126.3347949,33.2365592],[126.3330514,33.2360737],[126.3327167,33.2369348],[126.3344501,33.2374286],[126.3337609,33.2391375],[126.3340444,33.2392179],[126.3341815,33.238874],[126.3346396,33.2390037],[126.3344741,33.2393788],[126.3345406,33.2394012],[126.3344826,33.2395721],[126.3339668,33.2394196],[126.3336623,33.2393905],[126.3347158,33.2397017],[126.3338997,33.2394915],[126.3337399,33.2396447],[126.3332088,33.2398411],[126.3317645,33.240612],[126.3318007,33.240926],[126.3316853,33.2407875],[126.3313094,33.2407489],[126.3308875,33.2408027],[126.3304918,33.2406549],[126.3304755,33.2395707],[126.3285477,33.2395566],[126.3285696,33.2366755],[126.328388,33.2366589],[126.3283628,33.2365459],[126.3284655,33.2358106],[126.3281544,33.2358122],[126.3281696,33.2403313],[126.3280172,33.2406681],[126.3276034,33.2406772],[126.3271861,33.240478],[126.3270055,33.2403],[126.3270054,33.2401965],[126.3271808,33.240026],[126.3271054,33.2398262],[126.3262201,33.2398202],[126.325462,33.2396613],[126.3254388,33.2393978],[126.3255258,33.2392525],[126.3253957,33.2391745],[126.3253338,33.2390028],[126.32522,33.2391066],[126.3246477,33.2391919],[126.3243996,33.2391324],[126.3229025,33.2392211],[126.3220513,33.2391342],[126.3215161,33.238959],[126.3209447,33.2389082],[126.3202472,33.2386828],[126.3191508,33.2380217],[126.3173071,33.2371249],[126.3165041,33.2368392],[126.3154429,33.2359975],[126.3153837,33.2358737],[126.3156921,33.2353755],[126.3153384,33.2352721],[126.3150567,33.2350554],[126.3155373,33.2346913],[126.315392,33.2345135],[126.315526,33.2344813],[126.315573,33.2343691],[126.3151936,33.2341139],[126.3153195,33.2340081],[126.3155202,33.2339776],[126.3154924,33.233908],[126.3153466,33.2339307],[126.3152212,33.2336054],[126.3148819,33.2332641],[126.3147655,33.2330052],[126.31477,33.2325674],[126.3149562,33.2323878],[126.3154436,33.2322071],[126.3154108,33.231797],[126.3151995,33.231599],[126.3148355,33.2315361],[126.3147052,33.2314297],[126.3140656,33.2316784],[126.3139353,33.2319555],[126.3139813,33.2322631],[126.3138681,33.2324209],[126.3138066,33.2328354],[126.3131847,33.2328969],[126.3125142,33.2328246],[126.3116821,33.2324599],[126.3111277,33.2320515],[126.3104457,33.2312378],[126.3097356,33.2305857],[126.3093753,33.230012],[126.309325,33.2296222],[126.309054,33.2292682],[126.3088598,33.2286277],[126.3089919,33.2282121],[126.3091775,33.2282578],[126.3092411,33.2280938],[126.3090086,33.2280859],[126.3089117,33.2279992],[126.3090163,33.227915],[126.3088798,33.2274004],[126.308747,33.2272731],[126.307064,33.2267774],[126.3065012,33.225971],[126.3063883,33.2259407],[126.3062253,33.2259926],[126.3061342,33.2261622],[126.3062097,33.2262815],[126.3063624,33.2262237],[126.3066933,33.2266425],[126.3064245,33.2267492],[126.3065687,33.2268948],[126.3064807,33.2271609],[126.3065512,33.2271727],[126.3066485,33.2269158],[126.3078429,33.2272466],[126.3077932,33.227504],[126.3078592,33.2275199],[126.3079215,33.2272916],[126.3080901,33.2273047],[126.3085544,33.2274916],[126.3085952,33.2276334],[126.3082722,33.227641],[126.3082982,33.2277798],[126.308113,33.2279309],[126.3079497,33.2277829],[126.3077605,33.2278678],[126.3078434,33.2275667],[126.3077751,33.2275557],[126.3076794,33.2279025],[126.3069624,33.2282127],[126.3065498,33.2280918],[126.3067969,33.2274903],[126.3067384,33.2274732],[126.306485,33.2280739],[126.3059703,33.2279191],[126.305379,33.227691],[126.3055031,33.2274784],[126.3055903,33.227504],[126.3058444,33.2268473],[126.3058287,33.2265754],[126.3056996,33.2266301],[126.3056045,33.2270159],[126.3053905,33.2273812],[126.3049405,33.2276588],[126.3046655,33.2277121],[126.3037641,33.2274877],[126.3037804,33.2272743],[126.3036098,33.2271369],[126.3034301,33.2272818],[126.3032828,33.2270832],[126.303083,33.2271922],[126.3022611,33.2269444],[126.3011318,33.2262189],[126.3005287,33.2255665],[126.3002532,33.2250924],[126.299828,33.2245873],[126.298829,33.2239019],[126.298134,33.2235417],[126.2971493,33.2226919],[126.2966524,33.221807],[126.2972322,33.2216589],[126.2971835,33.221573],[126.2966997,33.221721],[126.2966499,33.2216235],[126.2964195,33.2216907],[126.2961669,33.2212671],[126.2956664,33.2209315],[126.2952384,33.2207774],[126.2952789,33.2205301],[126.2950223,33.2204438],[126.2950933,33.2202794],[126.2949132,33.2202129],[126.2948114,33.2199026],[126.294941,33.2195715],[126.2948238,33.2195738],[126.2947667,33.2193679],[126.2950496,33.2190625],[126.2950819,33.218908],[126.2949301,33.2187453],[126.294362,33.2185981],[126.2943631,33.218461],[126.2945347,33.2182098],[126.294465,33.2179573],[126.2938709,33.2172193],[126.2940314,33.2167268],[126.2939357,33.2164576],[126.2936895,33.2162534],[126.2944836,33.2156439],[126.2945548,33.2148987],[126.2943012,33.2139818],[126.2944271,33.2137413],[126.2939494,33.2131301],[126.2932156,33.2127367],[126.2926602,33.2120592],[126.2922503,33.2111194],[126.292253,33.2107905],[126.2921389,33.2103787],[126.2920002,33.210197],[126.2920047,33.2096296],[126.2917634,33.2092253],[126.2917652,33.2090061],[126.2919753,33.2084289],[126.2919017,33.2078446],[126.2914714,33.2072193],[126.2913946,33.2072435],[126.2914208,33.2073348],[126.2912144,33.2073487],[126.2912729,33.2071722],[126.2915357,33.2071381],[126.2915346,33.2070737],[126.2913893,33.2070906],[126.2909065,33.2069152],[126.2905975,33.2062959],[126.2913549,33.2059408],[126.2913178,33.2058748],[126.2905663,33.2062192],[126.2902844,33.2056652],[126.2905368,33.2055256],[126.2902636,33.2055595],[126.2902119,33.2053366],[126.2901957,33.204499],[126.2904477,33.203563],[126.2906709,33.2033806],[126.2912065,33.2032823],[126.2915831,33.2030679],[126.2923176,33.2030394],[126.2931651,33.2026678],[126.2936042,33.2013816],[126.293493,33.2012571],[126.2936182,33.2010161],[126.293582,33.2006991],[126.2936318,33.2005512],[126.293832,33.2004255],[126.2939917,33.1999784],[126.2940191,33.1996201],[126.293898,33.1993001],[126.2939827,33.1991453],[126.2939829,33.1988354],[126.2945427,33.1984259],[126.2949034,33.1977999],[126.2948306,33.1972827],[126.2945285,33.1967675],[126.2943983,33.1968259],[126.2944266,33.197079],[126.2936941,33.1973092],[126.2931545,33.1967086],[126.2929426,33.1967074],[126.2926334,33.1962287],[126.2916277,33.1955083],[126.2908955,33.1953369],[126.2902431,33.1953852],[126.2899715,33.1951014],[126.289481,33.1952505],[126.2887374,33.1958303],[126.2882838,33.1958743],[126.2878254,33.1961211],[126.2866624,33.1970475],[126.286471,33.1975712],[126.2866393,33.1978641],[126.2867331,33.1982652],[126.2868052,33.1991812],[126.2868925,33.1993919],[126.2867894,33.1996738],[126.2863694,33.2001715],[126.285797,33.2006035],[126.2851884,33.2008727],[126.284696,33.2009761],[126.2836602,33.200953],[126.2833968,33.2008679],[126.2826392,33.2009101],[126.2822044,33.2008549],[126.282048,33.2007354],[126.2817446,33.2007645],[126.2814493,33.2005942],[126.280809,33.2005615],[126.2806634,33.2004665],[126.2800804,33.2003902],[126.2798105,33.2001475],[126.27934,33.1999694],[126.2791286,33.2001093],[126.2781676,33.200397],[126.2775191,33.2003631],[126.2770442,33.2002206],[126.2764826,33.1999254],[126.2762549,33.1996719],[126.2767596,33.1987107],[126.2766946,33.1986822],[126.2765975,33.1987954],[126.2764692,33.1990784],[126.2763461,33.1990444],[126.2763104,33.1991364],[126.2764213,33.1991729],[126.2761793,33.1995861],[126.2760595,33.1995854],[126.27572,33.1994464],[126.2754921,33.1990093],[126.2753156,33.1988561],[126.2750539,33.1987669],[126.2749556,33.1986333],[126.2749672,33.1984645],[126.2745732,33.1981563],[126.2744223,33.1977191],[126.2744281,33.1966759],[126.2743438,33.1966137],[126.2741446,33.1966065],[126.2740449,33.196807],[126.2735281,33.1968899],[126.2726494,33.1966984],[126.2722775,33.1965249],[126.2719979,33.1962284],[126.2721293,33.1960485],[126.2721229,33.1958952],[126.2713895,33.1959209],[126.2710037,33.1958273],[126.2708784,33.1957592],[126.2709177,33.1956777],[126.2707601,33.1955128],[126.2704061,33.1954257],[126.2703022,33.1954733],[126.2702509,33.1956422],[126.2697471,33.1956265],[126.2690695,33.1960953],[126.2681131,33.1963742],[126.267515,33.1966609],[126.2672371,33.197013],[126.2670768,33.1970961],[126.2666451,33.1971525],[126.2663723,33.1970261],[126.2656588,33.1969548],[126.2655965,33.1968691],[126.2656656,33.1967578],[126.2652542,33.1968401],[126.2651917,33.1973543],[126.265551,33.1970392],[126.26591,33.1973357],[126.2659161,33.19767],[126.2654267,33.1978745],[126.2654015,33.1980041],[126.2651594,33.1981068],[126.2647794,33.1984417],[126.2643599,33.1983451],[126.2641916,33.1981459],[126.2639125,33.1981651],[126.2635229,33.1984251],[126.2631484,33.1988108],[126.2624163,33.1990861],[126.2620764,33.1995284],[126.2620345,33.1997095],[126.2622191,33.1999133],[126.2622059,33.200187],[126.2618733,33.2005577],[126.2618335,33.2007083],[126.2618532,33.2008757],[126.2620046,33.2009502],[126.2621456,33.2013409],[126.2625895,33.2013677],[126.2627443,33.2011869],[126.2630296,33.2011243],[126.2633133,33.201195],[126.2634488,33.2011095],[126.2637719,33.2013382],[126.2641098,33.2019127],[126.2641871,33.2024799],[126.2640229,33.202964],[126.2633992,33.20355],[126.2633063,33.203749],[126.2636175,33.2041439],[126.2637273,33.2041937],[126.263904,33.2040801],[126.2640482,33.2043684],[126.2643226,33.2045016],[126.2644467,33.2047066],[126.2644048,33.204934],[126.2646229,33.2050702],[126.2646521,33.2053406],[126.2646257,33.205471],[126.2644418,33.2055895],[126.2643902,33.2057878],[126.2642679,33.2057984],[126.2641912,33.2056844],[126.2640405,33.2057123],[126.2640756,33.205824],[126.2643127,33.2059409],[126.2644188,33.2060879],[126.2644077,33.2064308],[126.2641364,33.2066472],[126.2642405,33.2069825],[126.2641701,33.207384],[126.2639035,33.2076294],[126.2637458,33.207966],[126.2635184,33.2081885],[126.2633301,33.2082125],[126.263248,33.2083196],[126.2633629,33.208491],[126.2632446,33.2088247],[126.2633397,33.2093433],[126.2629611,33.2099729],[126.2623134,33.2106105],[126.2619569,33.2107372],[126.2616256,33.2109709],[126.260832,33.2111115],[126.2600922,33.2110687],[126.2594517,33.2109362],[126.2595697,33.2101341],[126.2594297,33.2094648],[126.2565405,33.2094515],[126.2565329,33.2095547],[126.2561965,33.2095534],[126.2561102,33.2098186],[126.2561608,33.2099016],[126.2565811,33.2100171],[126.2564228,33.2104007],[126.2560295,33.2104624],[126.2556075,33.2097807],[126.2565223,33.2077109],[126.2566831,33.2077341],[126.256565,33.2079075],[126.2566261,33.2079623],[126.2567513,33.207666],[126.2567239,33.2075363],[126.2578016,33.2070384],[126.2594227,33.2070541],[126.259412,33.2069314],[126.2577383,33.2069174],[126.2565133,33.2074976],[126.2551591,33.2103983],[126.2550991,33.2103417],[126.255046,33.2104041],[126.2551333,33.2104488],[126.255144,33.2108162],[126.2555934,33.2110738],[126.2552468,33.2111923],[126.2553429,33.2113985],[126.2531455,33.2134603],[126.2527002,33.2142456],[126.2520249,33.2141094],[126.252051,33.2140548],[126.2515961,33.2139078],[126.2505194,33.2136875],[126.2502713,33.2136775],[126.2501154,33.2137763],[126.2501086,33.2139183],[126.250263,33.2140666],[126.2504885,33.2140559],[126.2506139,33.2139757],[126.2512673,33.214136],[126.2512518,33.2141992],[126.2508079,33.2140721],[126.2507817,33.2141758],[126.2512457,33.2142264],[126.2511598,33.2143804],[126.2512524,33.2144013],[126.2508432,33.2147881],[126.2509252,33.2148541],[126.2514063,33.2144249],[126.2517424,33.2144742],[126.2516878,33.2156197],[126.2509429,33.215694],[126.250882,33.2164317],[126.2497243,33.216516],[126.2494479,33.216433],[126.2494046,33.2165289],[126.2496908,33.2166236],[126.2494038,33.2173102],[126.2495308,33.2186126],[126.2496404,33.218383],[126.2497629,33.2184516],[126.2499362,33.2183046],[126.2506349,33.2185953],[126.2507766,33.2188194],[126.2507603,33.2189866],[126.2508831,33.2190278],[126.2511915,33.2195779],[126.2507742,33.2197487],[126.2503619,33.2198209],[126.2498183,33.2191283],[126.2497385,33.2191699],[126.2501701,33.2197437],[126.2504703,33.2199621],[126.2503954,33.2202357],[126.2499619,33.2202095],[126.2497213,33.220037],[126.2496068,33.2196492],[126.2498285,33.2195566],[126.2497039,33.219353],[126.249614,33.2193737],[126.2496355,33.219441],[126.2495065,33.2194539],[126.2492274,33.2193998],[126.2490406,33.2191246],[126.2488752,33.2190935],[126.2485152,33.2176513],[126.2484421,33.2175788],[126.2478127,33.2177726],[126.247387,33.2170169],[126.2481645,33.2163571],[126.2481116,33.2162991],[126.2488178,33.2157395],[126.2493174,33.2159139],[126.2493753,33.2158324],[126.2490947,33.2157028],[126.2492605,33.2147507],[126.2493547,33.213235],[126.2496471,33.2128869],[126.2498643,33.2128149],[126.2499155,33.2126523],[126.2498747,33.2124739],[126.2497544,33.212372],[126.2495716,33.212334],[126.2493807,33.2124341],[126.2489237,33.2130913],[126.2488317,33.2146629],[126.2486056,33.2154021],[126.2473595,33.2164662],[126.2469857,33.2168983],[126.2471074,33.2170952],[126.2471641,33.2170445],[126.2476836,33.2179241],[126.2479373,33.2183875],[126.2479658,33.2186761],[126.2477356,33.2188947],[126.2477801,33.2189375],[126.2475285,33.2192868],[126.2467866,33.2197544],[126.2467691,33.2200054],[126.2465801,33.2201061],[126.246885,33.2203615],[126.2469849,33.2206828],[126.2461869,33.2208541],[126.2460826,33.2211583],[126.2459159,33.2212144],[126.2458599,33.2214318],[126.2457371,33.2214982],[126.245328,33.2214152],[126.2451386,33.221328],[126.2451243,33.2212163],[126.2446508,33.2211559],[126.2444083,33.2209932],[126.2445009,33.2213345],[126.2442367,33.2216064],[126.2439443,33.2215193],[126.2440508,33.2217169],[126.2438864,33.2219602],[126.2436002,33.2219677],[126.2434881,33.2218869],[126.2432088,33.221952],[126.2433273,33.222081],[126.2429857,33.2220513],[126.2428781,33.2221654],[126.2428994,33.2223492],[126.2431204,33.2224183],[126.2427709,33.2227313],[126.2427231,33.2225961],[126.2425282,33.2225213],[126.2424813,33.2226508],[126.2425904,33.2228954],[126.2423829,33.2231032],[126.2422321,33.2231631],[126.2419609,33.2231214],[126.2417747,33.2235562],[126.2409473,33.2238004],[126.2410039,33.2239535],[126.2406665,33.2244689],[126.2408716,33.2246573],[126.2407696,33.2251602],[126.2399322,33.2254491],[126.2394476,33.2251587],[126.2398006,33.2255363],[126.2395444,33.2256567],[126.2395764,33.2257207],[126.2402653,33.2255412],[126.2403832,33.2256946],[126.2406211,33.225676],[126.240616,33.2256256],[126.2404054,33.2256497],[126.2403689,33.2254439],[126.2409367,33.225213],[126.2413416,33.2254361],[126.2416379,33.2254441],[126.2417316,33.2255515],[126.2417833,33.2259904],[126.2414226,33.2262932],[126.2413326,33.226295],[126.2414341,33.2264341],[126.2412601,33.2265687],[126.2404216,33.2262305],[126.2393267,33.2261265],[126.2392858,33.2259509],[126.2392068,33.2259483],[126.239208,33.2261971],[126.240465,33.2263041],[126.2409818,33.2265101],[126.2411495,33.2267304],[126.24121,33.2267102],[126.2411583,33.2268346],[126.2410992,33.2266945],[126.2409523,33.2267169],[126.2409786,33.2268788],[126.2410839,33.2268636],[126.2410834,33.2269212],[126.240804,33.2270306],[126.2410724,33.2274406],[126.2409955,33.2276566],[126.2407063,33.2277289],[126.2406683,33.2275889],[126.2404279,33.227856],[126.2400897,33.2277416],[126.2399242,33.2274155],[126.2397082,33.2273582],[126.2396068,33.227491],[126.2398451,33.2277483],[126.2403845,33.2279763],[126.2408533,33.2280779],[126.2411768,33.2285678],[126.241157,33.2287814],[126.2412442,33.2288848],[126.2405225,33.2293628],[126.2399214,33.2292974],[126.2397398,33.2291702],[126.2396188,33.2292079],[126.2390627,33.2290263],[126.2390633,33.228955],[126.2387376,33.228901],[126.2386839,33.2290788],[126.2384755,33.2290392],[126.2382627,33.2291283],[126.2379771,33.2297241],[126.2380386,33.2301548],[126.2383238,33.2307349],[126.2382757,33.2312075],[126.238382,33.2313561],[126.2381248,33.2316835],[126.2378793,33.2319746],[126.2377442,33.2319398],[126.2376756,33.2317952],[126.2373479,33.2315769],[126.2374204,33.2314214],[126.2373662,33.231241],[126.237301,33.2311339],[126.2371922,33.2311253],[126.2370677,33.2312501],[126.2368838,33.2312065],[126.2369868,33.2313181],[126.2369671,33.2314116],[126.2367239,33.2315794],[126.2365079,33.2316287],[126.2363275,33.2319829],[126.2360953,33.2319201],[126.2359379,33.2319958],[126.2359793,33.2321521],[126.2362726,33.232268],[126.2364873,33.2321851],[126.2366597,33.2322495],[126.2368219,33.2324374],[126.2367868,33.2326172],[126.237082,33.2326097],[126.2372534,33.2327753],[126.2366696,33.2335337],[126.2359221,33.2339731],[126.2360358,33.2342137],[126.2359867,33.2343285],[126.235733,33.2344297],[126.2355363,33.2343819],[126.2357654,33.2345484],[126.2360946,33.234466],[126.2357817,33.2351132],[126.2356551,33.2350426],[126.2354768,33.23511],[126.2354941,33.2351814],[126.2357688,33.2352845],[126.2354902,33.2358104],[126.2350897,33.2358223],[126.2349828,33.2359258],[126.2346559,33.2360102],[126.2344807,33.2361914],[126.2343838,33.2361688],[126.2341023,33.2362877],[126.233637,33.2363479],[126.2333837,33.2362337],[126.233326,33.2364721],[126.2329832,33.2365056],[126.2326514,33.2364103],[126.2321513,33.2361195],[126.2316735,33.2362133],[126.2314857,33.2361855],[126.2312219,33.2359554],[126.2308415,33.2360401],[126.2304746,33.2362438],[126.2303147,33.2362197],[126.2297531,33.2363501],[126.2294463,33.2368332],[126.2285689,33.2373787],[126.2284879,33.2376893],[126.2286329,33.2380367],[126.2283338,33.238167],[126.2285559,33.238418],[126.2282663,33.238712],[126.2282092,33.2389664],[126.2274108,33.2394424],[126.2274559,33.2395126],[126.2281573,33.239125],[126.2284236,33.2390677],[126.2288409,33.2392799],[126.228409,33.2398029],[126.228154,33.2396572],[126.2278835,33.2397923],[126.227963,33.2398892],[126.2282167,33.239834],[126.2282907,33.2399926],[126.2283107,33.2403148],[126.2281981,33.240517],[126.2283167,33.2407562],[126.2284536,33.2407652],[126.2284742,33.2408346],[126.228328,33.2409536],[126.2284989,33.2409882],[126.2284549,33.2411682],[126.2282513,33.2412286],[126.2282184,33.2409838],[126.228095,33.2410145],[126.2280507,33.240858],[126.2278893,33.240857],[126.2276746,33.2402307],[126.2274143,33.2397864],[126.2272552,33.2397059],[126.2272088,33.2397824],[126.2274451,33.2399881],[126.2277323,33.2405312],[126.2277819,33.2406648],[126.2276568,33.2407415],[126.2271082,33.2405789],[126.2267471,33.2406621],[126.226389,33.240609],[126.2262917,33.2408377],[126.2261277,33.2406752],[126.2261869,33.2405401],[126.2258641,33.2403362],[126.2258382,33.2401308],[126.2254175,33.2401639],[126.2251517,33.2400455],[126.2250476,33.2401395],[126.2253474,33.240569],[126.2251357,33.2407343],[126.2250921,33.2408711],[126.2253585,33.2411702],[126.2253832,33.2413321],[126.2253551,33.2415553],[126.2252284,33.2416861],[126.2247987,33.2417697],[126.2245039,33.241354],[126.2233828,33.2411342],[126.2232969,33.2408803],[126.2231354,33.2408133],[126.2230709,33.2408573],[126.2231275,33.2411125],[126.2229907,33.2411998],[126.2228931,33.2412142],[126.2225316,33.2410182],[126.2222025,33.2410416],[126.222187,33.2412506],[126.2215341,33.2420072],[126.2211404,33.2422834],[126.220976,33.242497],[126.2198158,33.2432406],[126.2190362,33.2433379],[126.2184572,33.2432569],[126.2179781,33.2433896],[126.2175951,33.2433577],[126.2173835,33.2432679],[126.2165021,33.2432908],[126.2159764,33.2434829],[126.2151934,33.2432372],[126.2147963,33.2432266],[126.2140813,33.2430587],[126.2138309,33.2431243],[126.2137347,33.2430851],[126.2134101,33.2427951],[126.2130547,33.2426656],[126.2127929,33.2424341],[126.2126876,33.2422015],[126.2127739,33.2421045],[126.2127278,33.2418531],[126.2125732,33.2417472],[126.2124899,33.2419044],[126.2125932,33.2421479],[126.2124538,33.2422554],[126.2120815,33.2423721],[126.2116527,33.242401],[126.2112668,33.2427938],[126.210936,33.242826],[126.2107791,33.2429406],[126.2101944,33.2430826],[126.2092002,33.2439136],[126.2083913,33.2441818],[126.2083393,33.2444469],[126.2080496,33.2445317],[126.2079478,33.2444515],[126.2078265,33.2444644],[126.2075133,33.2446437],[126.2073234,33.2445696],[126.2070722,33.2446068],[126.2063498,33.2450666],[126.2060444,33.245009],[126.2057131,33.2450449],[126.2054338,33.2445977],[126.2054872,33.2448995],[126.2051302,33.2450043],[126.2047963,33.2454013],[126.204543,33.245537],[126.204151,33.2456185],[126.2040016,33.2457677],[126.2038475,33.2457975],[126.2035165,33.2457294],[126.2031784,33.2457788],[126.2024951,33.2462558],[126.2021915,33.2463006],[126.2019704,33.2466002],[126.2007915,33.2473919],[126.2007332,33.2475618],[126.2006339,33.2476052],[126.2006771,33.2477148],[126.2002545,33.2480725],[126.1998801,33.2482441],[126.1997094,33.248181],[126.1993885,33.2482718],[126.1991105,33.2486999],[126.1992313,33.2488631],[126.1987572,33.2490455],[126.1981862,33.2496175],[126.1980032,33.2496783],[126.198019,33.2497314],[126.19726,33.2499276],[126.1971778,33.2501036],[126.1969812,33.2502378],[126.1962936,33.250102],[126.1962198,33.250159],[126.1961861,33.2506349],[126.1960868,33.2508087],[126.1957038,33.2510235],[126.1956502,33.2511936],[126.195443,33.2512406],[126.1950329,33.2509924],[126.1949329,33.2510147],[126.1951692,33.2514022],[126.1950063,33.2517028],[126.1950428,33.251976],[126.194953,33.2521786],[126.1946951,33.252572],[126.1945507,33.2526285],[126.194592,33.2528218],[126.1942687,33.2530336],[126.1941358,33.2530299],[126.1939356,33.2528304],[126.1937631,33.2529053],[126.1937536,33.2529914],[126.1939176,33.2531431],[126.1937511,33.2534036],[126.1926361,33.2544438],[126.191764,33.2549881],[126.1913824,33.2550026],[126.1912925,33.2551187],[126.1908805,33.254881],[126.1907673,33.255134],[126.1901913,33.2554034],[126.1900721,33.2555365],[126.1901356,33.2556472],[126.1899499,33.2557365],[126.1898881,33.2558578],[126.1894209,33.2560105],[126.1893252,33.2561418],[126.188837,33.256267],[126.1887626,33.2564081],[126.1885467,33.2564172],[126.1881268,33.2566062],[126.1879505,33.2565818],[126.1879728,33.2566694],[126.1878426,33.2567097],[126.1878221,33.2567958],[126.1874935,33.2569459],[126.1870942,33.2569875],[126.1868242,33.2568708],[126.1867481,33.2569114],[126.1866901,33.2570054],[126.1867582,33.257131],[126.1864998,33.2573448],[126.1862497,33.2574356],[126.1859041,33.2578294],[126.1854088,33.2580232],[126.1843723,33.258626],[126.1843022,33.2588164],[126.1837279,33.2590958],[126.1832057,33.2595797],[126.1830168,33.2595769],[126.1829663,33.2597826],[126.1826821,33.2599138],[126.1820868,33.2607626],[126.18179,33.2610085],[126.1817741,33.2611902],[126.1814083,33.2613618],[126.1811619,33.2619702],[126.1809532,33.2619572],[126.1810027,33.2622706],[126.1808788,33.2625464],[126.181154,33.2627978],[126.1809881,33.2632914],[126.1809361,33.2636117],[126.1809948,33.2637303],[126.1808918,33.2641],[126.1805771,33.2645126],[126.1805775,33.2646644],[126.1803226,33.2648241],[126.1801906,33.2651324],[126.1801443,33.2656758],[126.180266,33.2660956],[126.1801094,33.266341],[126.1797921,33.2664658],[126.1794819,33.2664784],[126.1789377,33.2668972],[126.1790705,33.2670725],[126.1790566,33.2672449],[126.1791946,33.2673751],[126.1791007,33.267748],[126.1788824,33.2680975],[126.1785875,33.2682424],[126.178468,33.2685258],[126.1781058,33.2688456],[126.1775996,33.2691542],[126.1770458,33.2693332],[126.1765845,33.2698002],[126.1761724,33.269976],[126.1758394,33.2703165],[126.1752898,33.2705653],[126.1750626,33.2708245],[126.174958,33.2710311],[126.1749938,33.2711216],[126.1745703,33.2714739],[126.1741464,33.2716004],[126.1735517,33.2714394],[126.1735877,33.2716426],[126.1729528,33.2724487],[126.1726505,33.2725907],[126.1727112,33.272736],[126.1723228,33.2729439],[126.1718893,33.2729932],[126.1712247,33.273621],[126.1711434,33.2738628],[126.1711904,33.2739409],[126.1715215,33.2739534],[126.1715612,33.2740431],[126.1721429,33.2743266],[126.172267,33.2745171],[126.1723032,33.2749335],[126.17216,33.2752117],[126.1718052,33.275494],[126.1713212,33.2756304],[126.1710158,33.275495],[126.1712827,33.2756759],[126.1704563,33.276355],[126.1706871,33.2766024],[126.1706269,33.2766728],[126.1701316,33.2762269],[126.1699757,33.2762311],[126.1699675,33.2761578],[126.1683762,33.276586],[126.1683864,33.277295],[126.1686662,33.2772554],[126.168576,33.2771613],[126.1685698,33.2767454],[126.1688393,33.2766378],[126.1690108,33.2766175],[126.1690135,33.2768039],[126.1691383,33.2768304],[126.1691941,33.2765576],[126.1695519,33.2764578],[126.1697093,33.276676],[126.1696872,33.2764309],[126.1700808,33.2763477],[126.1705456,33.2767322],[126.1701715,33.2770035],[126.1699904,33.2767016],[126.1698997,33.2767225],[126.1701063,33.2770822],[126.1699518,33.2771562],[126.1696918,33.2770322],[126.1695447,33.2768521],[126.1692626,33.2769585],[126.1692802,33.2770253],[126.1695186,33.2769922],[126.1696721,33.2771862],[126.1696531,33.2775381],[126.168972,33.2775577],[126.1689714,33.2776133],[126.1694412,33.2775942],[126.1696611,33.2777595],[126.1697645,33.2780227],[126.1701286,33.2785042],[126.1701264,33.2787375],[126.1699185,33.2788694],[126.1698477,33.2793536],[126.1692964,33.2801359],[126.1693967,33.2801977],[126.1692097,33.2809088],[126.1693027,33.2815677],[126.169215,33.2817421],[126.1687317,33.2821499],[126.1683236,33.2829915],[126.1681371,33.283094],[126.168351,33.283042],[126.1685725,33.2827879],[126.1686478,33.2828122],[126.1687413,33.2825382],[126.1689923,33.2825639],[126.1689972,33.2827216],[126.1694265,33.2829458],[126.1698445,33.2834004],[126.1700661,33.2834478],[126.1703796,33.2840853],[126.1713836,33.2849205],[126.1718124,33.2851799],[126.1720652,33.2855288],[126.1720084,33.2860749],[126.1706974,33.286702],[126.1704614,33.2871802],[126.1704819,33.2875659],[126.1708685,33.2879399],[126.1709626,33.2880975],[126.1709347,33.2883184],[126.1710766,33.2885088],[126.1715448,33.2888062],[126.171719,33.2886935],[126.1719803,33.2889319],[126.1722857,33.2890657],[126.1726156,33.288732],[126.1731725,33.288945],[126.1741886,33.2899778],[126.1745167,33.29064],[126.1746518,33.2907247],[126.1749456,33.2906408],[126.1750831,33.2904578],[126.1754835,33.2902683],[126.1768668,33.2908168],[126.1774945,33.2908148],[126.1778674,33.2906204],[126.1782151,33.2906451],[126.1788351,33.2904506],[126.179048,33.2904497],[126.1790303,33.2905006],[126.1794339,33.2905934],[126.1797718,33.2904913],[126.1801268,33.2901514],[126.1804197,33.2900919],[126.1808759,33.2903085],[126.1810368,33.2906207],[126.1815947,33.2905654],[126.1822042,33.2907886],[126.1828927,33.2914501],[126.183183,33.2916111],[126.1833766,33.2916162],[126.183324,33.291744],[126.184028,33.2919952],[126.1847957,33.291894],[126.1854024,33.2920152],[126.185872,33.2914502],[126.18623,33.29167],[126.1863177,33.2918532],[126.1865179,33.2919456],[126.1867984,33.2919062],[126.1871323,33.2920239],[126.1874556,33.292004],[126.1882171,33.2923402],[126.188446,33.2926386],[126.1886554,33.2927763],[126.1887865,33.2932512],[126.1895973,33.2934171],[126.1904986,33.2934206],[126.1916918,33.2936742],[126.1917188,33.2942997],[126.191602,33.29437],[126.1917904,33.2956628],[126.1918823,33.2958468],[126.1916323,33.2963915],[126.1916221,33.2969625],[126.1916961,33.2973706],[126.1918461,33.2975359],[126.1920065,33.2983519],[126.1926175,33.298229],[126.1938146,33.2978354],[126.1943286,33.2975113],[126.1964714,33.297086],[126.1977191,33.2966879],[126.1995936,33.2963716],[126.2027033,33.2955044],[126.203453,33.2951322],[126.2046681,33.2943519],[126.2062316,33.2934955],[126.2098361,33.2926802],[126.2113087,33.2921104],[126.2136364,33.2908698],[126.2171514,33.2894816],[126.2220527,33.2871328],[126.2253301,33.2862856],[126.2266419,33.2858278],[126.2267497,33.2856963],[126.2274131,33.2854488],[126.2290635,33.2849815],[126.2297876,33.2846745],[126.2301312,33.2844413],[126.2304334,33.2840697],[126.2305738,33.2836443],[126.2321845,33.2820222],[126.232953,33.2817302],[126.2346051,33.2805326],[126.2354288,33.2801165],[126.235779,33.2800619],[126.2360907,33.2798029],[126.2367153,33.2790693],[126.2381652,33.2769225],[126.238705,33.2763777],[126.2405678,33.2751876],[126.2417969,33.2745396],[126.2430143,33.2736558],[126.2442938,33.2730054],[126.244651,33.2729661],[126.2442946,33.2739218],[126.2443035,33.2747502],[126.2439133,33.275218],[126.2439612,33.2759492],[126.2436262,33.2763561],[126.2435121,33.2766737],[126.2432822,33.2768489],[126.2430385,33.2774239],[126.2430313,33.2784433],[126.2432278,33.2790731],[126.2433907,33.2792602],[126.2434521,33.2795775],[126.2433218,33.2799048],[126.2431267,33.2810043],[126.2431246,33.2813365],[126.2434101,33.2821856],[126.242754,33.2831643],[126.2429304,33.2841582],[126.244043,33.2860436],[126.2441987,33.287308],[126.2441647,33.2875791],[126.2445483,33.2885018],[126.2450204,33.2882988],[126.2455621,33.2882755],[126.2458176,33.2883801],[126.2465275,33.2882575],[126.2467732,33.2883544],[126.2469989,33.2887815],[126.2473794,33.2889741],[126.2473624,33.2892408],[126.2474895,33.2893211],[126.2477754,33.2894368],[126.2483163,33.2894563],[126.2498249,33.290515],[126.2507665,33.2904284],[126.2508946,33.2906924],[126.2512905,33.2911144],[126.2514986,33.2915917],[126.2519841,33.2916665],[126.2521985,33.2920739],[126.2530289,33.2928053],[126.2535833,33.2929325],[126.2541936,33.29294],[126.2550838,33.2933123],[126.255514,33.2932396],[126.2566899,33.2937467],[126.2580067,33.2939518],[126.2581486,33.2940039],[126.2582857,33.2941811],[126.2586455,33.2942495],[126.2594647,33.2942178],[126.2600292,33.2946585],[126.2613148,33.2951152],[126.2616153,33.2951101],[126.263363,33.2955268],[126.2639483,33.2953187],[126.2643497,33.2955425],[126.2651844,33.2956058],[126.2657214,33.2959096],[126.266563,33.2960099],[126.2672279,33.2963093],[126.2683554,33.296188],[126.2688511,33.2965782],[126.2691407,33.2969139],[126.2703922,33.2974735],[126.2705799,33.2974211],[126.2707359,33.2974763],[126.2721486,33.2974847],[126.2728591,33.2976623],[126.2737627,33.2976673],[126.2745131,33.2981401],[126.2765366,33.2984737],[126.2778934,33.2988923],[126.2782672,33.2991615],[126.2792198,33.2994843],[126.2795694,33.2999176],[126.2797047,33.3005561],[126.2796824,33.3013106],[126.2799607,33.3019038],[126.2806642,33.3024174],[126.2824304,33.3033839],[126.2844874,33.3037823],[126.2855543,33.3038565],[126.2863525,33.3043374],[126.2872394,33.3056072],[126.2873501,33.3071014],[126.2924092,33.3104937],[126.2929684,33.3115984],[126.2933155,33.3131905],[126.2939136,33.3149071],[126.2943829,33.3168322],[126.2949953,33.3179311],[126.2963227,33.3219921],[126.3001744,33.3225233],[126.3036233,33.3243268],[126.303756,33.3247645],[126.3042388,33.3254054],[126.3059466,33.3266536],[126.3086742,33.3256098],[126.3093192,33.3254534],[126.3103053,33.325785],[126.3111204,33.326236],[126.3117987,33.3268572],[126.3136995,33.3268985],[126.3173499,33.3272637],[126.3183326,33.327426],[126.3192987,33.3272115],[126.3199833,33.3268224],[126.3205702,33.3260678],[126.3209658,33.3257377],[126.3215346,33.3255796],[126.3220226,33.3256382],[126.3225723,33.3258142],[126.3238486,33.3265897],[126.3235786,33.3271255],[126.3238331,33.3273382],[126.3241032,33.3274451],[126.3245344,33.3274539],[126.3293785,33.3328332],[126.3300548,33.333115],[126.3306905,33.3340291],[126.3310521,33.3339447],[126.3313395,33.3337548],[126.3317093,33.3340335],[126.3319285,33.3344963],[126.332387,33.3347915],[126.3325385,33.3354566],[126.3328098,33.3357242],[126.3334273,33.3358755],[126.3348023,33.3364791],[126.3351359,33.3372056],[126.33524,33.337709],[126.3363812,33.3394479],[126.3370404,33.3401364],[126.3377583,33.3407015],[126.3388106,33.3410289],[126.3395755,33.3415528],[126.3396603,33.3433423],[126.3402366,33.3436102],[126.3416385,33.3436311],[126.3431508,33.3431422],[126.3451668,33.3427432],[126.3461136,33.3421695],[126.3478537,33.341589],[126.3483457,33.3412235],[126.3495047,33.3409367],[126.35059,33.3410716],[126.351487,33.3409577],[126.3519752,33.3406851],[126.3543489,33.3408218],[126.3549278,33.3407797],[126.3563269,33.3408937],[126.3577736,33.3412061],[126.3593951,33.3417564],[126.3612159,33.3420346],[126.362575,33.3419657],[126.3629191,33.3415324],[126.363771,33.3413328],[126.3654802,33.3411646],[126.3674703,33.3411492],[126.3687013,33.3413829],[126.3691999,33.3416154],[126.3701365,33.3423521],[126.3706389,33.3436708],[126.37205,33.3451092],[126.3737925,33.345692],[126.3753104,33.3468188],[126.3759237,33.3468936],[126.3777692,33.3466647],[126.3812553,33.3464811],[126.3822126,33.3462871],[126.383517,33.3457872],[126.3850421,33.3456835],[126.3861446,33.3450057],[126.3869084,33.3448102],[126.3873662,33.3449963],[126.387685,33.3453055],[126.3877946,33.3450668],[126.3880127,33.3449398],[126.3887694,33.3448661],[126.390073,33.3444891],[126.3916445,33.3435582],[126.3923844,33.3437575],[126.394119,33.3439674],[126.3951053,33.3443289],[126.3952298,33.3442023],[126.3964503,33.3447096],[126.3977728,33.3445474],[126.3995401,33.3447017],[126.4006872,33.3447162],[126.4020629,33.344524],[126.4028545,33.3436328],[126.4038895,33.3430315],[126.4045073,33.343251],[126.4059001,33.3432993],[126.4071437,33.3435698],[126.4091028,33.3421245],[126.410245,33.3420624],[126.4131303,33.3425859],[126.4140033,33.3425693],[126.4150685,33.342397],[126.4156468,33.3425179],[126.4169802,33.3425535],[126.4176041,33.3427333],[126.4187757,33.3423552],[126.4203117,33.3413733],[126.4220103,33.3414349],[126.4222877,33.3415748],[126.4230431,33.3417091],[126.4231877,33.3417975],[126.4235004,33.34181],[126.4242763,33.3415951],[126.4246303,33.3416518],[126.4254693,33.3415223],[126.4257104,33.3413031],[126.4259605,33.3412653],[126.4260648,33.341124],[126.4264238,33.3410389],[126.4272388,33.3412495],[126.4278444,33.3412435],[126.4283416,33.3414897],[126.4287488,33.3415663],[126.4293778,33.3412408],[126.4301314,33.3413572],[126.4325897,33.3411214],[126.4323098,33.3416711],[126.4318238,33.3422731],[126.4319627,33.342432],[126.4319426,33.3425767],[126.4322509,33.3434235],[126.4323709,33.3434966],[126.4323721,33.3438898],[126.432541,33.3440799],[126.4325331,33.3444828],[126.4327483,33.3449314],[126.4331536,33.3448576],[126.4336094,33.3449751],[126.4340196,33.3454112],[126.4345552,33.3455125],[126.4347698,33.3457214],[126.4352018,33.345881],[126.4359233,33.3464156],[126.4364204,33.3466462],[126.4370547,33.3473275],[126.437342,33.3483023],[126.4376043,33.3487023],[126.4374977,33.3491306],[126.4376977,33.3494267],[126.4376666,33.3498722],[126.4378022,33.3504581],[126.4372657,33.3513781],[126.4376476,33.3515949],[126.4374694,33.3519476],[126.4373615,33.3524979],[126.4375016,33.3526495],[126.4374394,33.3530309],[126.4369975,33.353247],[126.4369561,33.3538721],[126.4371167,33.3542282],[126.4369736,33.3546233],[126.4370215,33.3548025],[126.4372393,33.35507],[126.4375591,33.3552258],[126.4376924,33.3555297],[126.4379783,33.3557189],[126.4382574,33.3560649],[126.4385496,33.3562683],[126.4388274,33.3562942],[126.4392745,33.3567225],[126.4398237,33.3565981],[126.4404698,33.3570529],[126.4419122,33.3576512],[126.4425022,33.3575302],[126.4429434,33.3577204],[126.4441474,33.358058],[126.4444089,33.3583064],[126.4455815,33.3588869],[126.4480594,33.3592524],[126.4507249,33.3589545],[126.4513613,33.358757],[126.4524838,33.3586295],[126.4534144,33.358745],[126.4561476,33.3584792],[126.4584451,33.3586579],[126.4602123,33.3587118],[126.4607637,33.3593707],[126.461194,33.3595568],[126.4627544,33.3595639],[126.4648174,33.3600775],[126.465663,33.36],[126.4668365,33.3597381],[126.4672855,33.3598681],[126.4677545,33.3597959],[126.4698454,33.3584997],[126.4709031,33.3584202],[126.4719569,33.3585543],[126.4725498,33.358369],[126.4741394,33.3569841],[126.4741749,33.3567134],[126.4746813,33.3560168],[126.4749756,33.3560366],[126.475634,33.3566044],[126.4767231,33.3573797],[126.4783035,33.3581501],[126.4809397,33.3590555],[126.4815947,33.3592158],[126.4818619,33.3595064],[126.4827483,33.3596785],[126.4833289,33.3596029],[126.4837074,33.3594422],[126.4841666,33.3591065],[126.4845421,33.3585062],[126.4848451,33.3581908],[126.4858964,33.3575498],[126.4864741,33.3573082],[126.4869156,33.3568359],[126.487278,33.3559237],[126.4873095,33.3554085],[126.4874213,33.3551247],[126.488784,33.3549585],[126.4904485,33.3549544],[126.4922313,33.3564814],[126.4940069,33.3572193],[126.4971956,33.3588607],[126.498269,33.3595301],[126.4990914,33.3598468],[126.5027102,33.3593732],[126.5034024,33.3591456],[126.5051743,33.3588244],[126.5060182,33.3584515],[126.5066349,33.357996],[126.5076858,33.3581196],[126.5086682,33.3586745],[126.5111036,33.3610399],[126.5120947,33.3610194],[126.5142897,33.3612241],[126.517471,33.3603848],[126.5196682,33.3606817],[126.5208214,33.360723],[126.5215359,33.3608528],[126.5238964,33.3617753],[126.5255471,33.3625533],[126.5269077,33.3630354],[126.5284082,33.3625295],[126.5287967,33.3621036],[126.5295227,33.3617404],[126.5296526,33.36186],[126.529968,33.3625392],[126.5304831,33.3626022],[126.531368,33.3629314],[126.5323897,33.3630814],[126.5333316,33.3634258],[126.5347357,33.3632328],[126.5360905,33.3640466],[126.5396491,33.3665533],[126.5406823,33.3671796],[126.5424844,33.3675186],[126.543105,33.3678308],[126.5439165,33.3680993],[126.5444893,33.3686103],[126.5465305,33.3696899],[126.5473264,33.3702756],[126.5478266,33.3705583],[126.5483699,33.3707058],[126.5507784,33.3718834],[126.5510344,33.3722293],[126.551548,33.3725631],[126.552675,33.3729633],[126.553716,33.3736764],[126.5545552,33.3733049],[126.5558095,33.3723666],[126.5573662,33.3720207],[126.5578796,33.3721353],[126.5587541,33.3731595],[126.559452,33.3732424],[126.559685,33.3731593],[126.5602834,33.3731107],[126.5615902,33.3723581],[126.5631602,33.3722927],[126.5636518,33.3720239],[126.564921,33.3717433],[126.5662309,33.3718112],[126.5666904,33.3716521],[126.5672067,33.3716312],[126.5683369,33.3718747],[126.5692101,33.3716375],[126.5701048,33.3723282],[126.5708805,33.3724666],[126.5712441,33.3724385],[126.572267,33.3717751],[126.5726088,33.3719502],[126.5728528,33.3719372],[126.5733986,33.3720931],[126.5745716,33.3718189],[126.5747587,33.3720229],[126.5752431,33.3722442],[126.5774126,33.3729392],[126.5780465,33.3730098],[126.5789559,33.3732457],[126.5796704,33.373377],[126.5804616,33.3734073],[126.5820852,33.3737626],[126.5830956,33.3736767],[126.584258,33.3734552],[126.584498,33.373626],[126.5867695,33.3741763],[126.5878468,33.3741113],[126.5889762,33.3742359],[126.5893219,33.3743444],[126.590545,33.3741129],[126.5915792,33.3737749],[126.5917322,33.3738504],[126.5925055,33.375509],[126.5932246,33.376153],[126.5952012,33.376529],[126.5963639,33.3771267],[126.5977324,33.3781482],[126.5984942,33.3785246],[126.6003642,33.3790942],[126.602682,33.3804061],[126.6040588,33.3809628],[126.605293,33.3816217],[126.6069339,33.3822375],[126.6093471,33.3824864],[126.6098827,33.3826609],[126.6119853,33.3829462],[126.6140663,33.3829088],[126.6152351,33.3831733],[126.6167906,33.383077],[126.6176213,33.3831921],[126.6187398,33.3837438],[126.6202193,33.384862],[126.6210401,33.3850134],[126.6212262,33.3851666],[126.6223948,33.384724],[126.6231851,33.3842658],[126.6236946,33.3843521],[126.623824,33.3845796],[126.6244614,33.3850277],[126.6249154,33.3850361],[126.625339,33.3883334],[126.6259954,33.3893663],[126.6263347,33.3901901],[126.6268748,33.3906196],[126.6273795,33.3908915],[126.6279185,33.3914606],[126.6286665,33.3917052],[126.6289731,33.3919906],[126.6291023,33.3922766],[126.6297661,33.3926308],[126.6302933,33.3927432],[126.6307791,33.393086],[126.633589,33.3939195],[126.6338239,33.3932635],[126.6344092,33.3929319],[126.6356155,33.3926474],[126.6358827,33.3928896],[126.6372608,33.3930654],[126.6396152,33.393182],[126.6419081,33.3938117],[126.6438533,33.3939471],[126.6470561,33.3938686],[126.6481404,33.3937684],[126.6486992,33.39403],[126.6501028,33.3949702],[126.6505969,33.3949939],[126.651701,33.3945069],[126.6526705,33.3946717],[126.6531325,33.3948511],[126.653419,33.3950549],[126.653695,33.3956551],[126.6536768,33.3961713],[126.653528,33.3966283],[126.6533289,33.3968946],[126.654154,33.3975512],[126.6545562,33.3982225],[126.654587,33.3989811],[126.6549706,33.3994232],[126.6554949,33.3995914],[126.6559546,33.3995245],[126.6573568,33.3997171],[126.6581996,33.4002164],[126.6590063,33.4005347],[126.6597752,33.4014417],[126.6604636,33.4019589],[126.6617224,33.4021916],[126.6627293,33.4021171],[126.66429,33.4021608],[126.6653681,33.4016661],[126.6663048,33.4013364],[126.6668652,33.4009273],[126.667867,33.4003951],[126.668344,33.4002373],[126.6690736,33.4002552],[126.6694318,33.4003854],[126.6722371,33.4026734],[126.6738411,33.403373],[126.6762083,33.4048615],[126.6778339,33.4060787],[126.6810691,33.4087307],[126.6827207,33.4094624],[126.6841592,33.4104179],[126.6856673,33.4117395],[126.6868029,33.4124265],[126.6877283,33.4132847],[126.6907342,33.414619],[126.6921232,33.4151576],[126.6970485,33.417874],[126.6996188,33.4191938],[126.7024349,33.4202474],[126.7046642,33.4208455],[126.7053646,33.4211239],[126.7065292,33.4212277],[126.7090583,33.4218972],[126.7172846,33.421885],[126.7183745,33.4223101],[126.7191135,33.4225056],[126.7223132,33.4231554],[126.724258,33.4241773],[126.7269501,33.4244209],[126.7289897,33.4254845],[126.728943,33.4256264],[126.7291646,33.425799],[126.731633,33.42656],[126.7318253,33.4267219],[126.7334255,33.4243305],[126.7342694,33.4237307],[126.736509,33.4223786],[126.7387429,33.4211454],[126.7400865,33.4206007],[126.7414048,33.4202692],[126.7482348,33.4197275],[126.7505802,33.4194228],[126.7524052,33.4199168],[126.7539172,33.420129],[126.7547745,33.4200902],[126.7553845,33.420191],[126.7567424,33.4202486],[126.759545,33.4211259],[126.7600915,33.4211716],[126.7612832,33.4214605],[126.7627383,33.4222129],[126.7625868,33.4225577],[126.7630176,33.4227052],[126.7633088,33.4229084],[126.763785,33.4228979],[126.764316,33.4230961],[126.7688422,33.425538],[126.7700308,33.4262592],[126.7721631,33.4280454],[126.7730764,33.4289157],[126.7752963,33.4302685],[126.7779535,33.4330591],[126.7784782,33.4339919],[126.7792689,33.4341738],[126.7800249,33.434212],[126.7812078,33.4343887],[126.7824725,33.4344498],[126.7834602,33.4349018],[126.7837697,33.4354355],[126.7856572,33.4375778],[126.7866812,33.4389001],[126.7869583,33.4395313],[126.7878422,33.4408586],[126.7885628,33.4413553],[126.7900591,33.44133],[126.7915241,33.4413971],[126.7933154,33.4413491],[126.7949575,33.4410199],[126.7960556,33.4406122],[126.79644,33.4402914],[126.7970313,33.440085],[126.7985491,33.4406326],[126.7991647,33.4410153],[126.7998195,33.4416128],[126.8002269,33.4417318],[126.8013661,33.4418256],[126.8016211,33.441906],[126.8017652,33.44219],[126.8027169,33.4424183],[126.8032544,33.4427014],[126.8039382,33.4432344],[126.8045616,33.4435314],[126.8068571,33.4443352],[126.8083671,33.444592],[126.8104778,33.4448077],[126.811586,33.4451438],[126.8127963,33.4456332],[126.8129832,33.4456357],[126.8133524,33.4453737],[126.8144243,33.4452434],[126.8146014,33.4457954],[126.8151158,33.4464095],[126.8152404,33.4464733],[126.8160315,33.4465259],[126.8160683,33.4466048],[126.8164948,33.4465897],[126.8167676,33.4467645],[126.8172892,33.4467492],[126.8182129,33.4478252],[126.818787,33.4477852],[126.8192295,33.4475372],[126.8201046,33.4472129],[126.8202469,33.4471944],[126.8202478,33.4472655],[126.8205778,33.447206],[126.8208173,33.4471001],[126.8205403,33.4471402],[126.8203241,33.447067],[126.8207668,33.4470888],[126.8213777,33.4467115],[126.8221217,33.4467057],[126.8224292,33.4472695],[126.8224414,33.4483173],[126.8226622,33.4487465],[126.8233571,33.4495565],[126.8237058,33.4503619],[126.8242411,33.4504786],[126.8240373,33.4512158],[126.8240776,33.4515446],[126.8239391,33.4530225],[126.8249174,33.4533369],[126.8254532,33.4531548],[126.8261875,33.4531957],[126.8264513,33.4532356],[126.8268326,33.4534703],[126.8278772,33.4534847],[126.8287265,33.453756],[126.8295011,33.4536417],[126.831053,33.4545923],[126.8314305,33.4550121],[126.8315892,33.4554355],[126.8318469,33.4556697],[126.8318906,33.4556347],[126.833423,33.4562177],[126.8343717,33.4566908],[126.8349645,33.4567926],[126.8348719,33.4568397],[126.8353373,33.457276],[126.8359124,33.4575821],[126.8368309,33.4582784],[126.838817,33.4590399],[126.8406892,33.4599522],[126.841645,33.4602588],[126.8429058,33.4608246],[126.8434415,33.460916],[126.846313,33.4620052],[126.8466587,33.4621173],[126.8471682,33.46208],[126.8491878,33.4623898],[126.8502233,33.4623677],[126.8519026,33.4625275],[126.8531556,33.4630529],[126.8542157,33.4631462],[126.8546922,33.4633136],[126.856229,33.4651736],[126.856929,33.4657517],[126.8568939,33.466243],[126.8576383,33.4668636],[126.8577366,33.467058],[126.8584333,33.4672318],[126.8590119,33.4674929],[126.8611234,33.4678638],[126.8618128,33.46818],[126.8629256,33.468359],[126.8643455,33.4683295],[126.8645807,33.4684477],[126.8650789,33.4682894],[126.8656098,33.4685037],[126.8662447,33.4685843],[126.8663489,33.4687256],[126.8667518,33.4689594],[126.8675897,33.4700469],[126.8676789,33.4703008],[126.8681441,33.4708043],[126.8692743,33.4714664],[126.86997,33.4723788],[126.8702932,33.4725515],[126.8703568,33.4727967],[126.8710505,33.4725972],[126.8710912,33.4724015],[126.8712811,33.4722874],[126.87151,33.4723022],[126.8717163,33.4724639],[126.8720156,33.47256],[126.8722021,33.4723524],[126.8724817,33.4722376],[126.8727389,33.472312],[126.8727963,33.4738923],[126.8727409,33.4744821],[126.8725665,33.4749315],[126.87382,33.4755401],[126.8741982,33.4756364],[126.8742763,33.4756422],[126.8743038,33.4755228],[126.8752219,33.4755291],[126.8753383,33.4753704],[126.876108,33.47566],[126.8764051,33.4755849],[126.8767085,33.4756513],[126.8771295,33.4755645],[126.8774713,33.4756125],[126.8776596,33.4757623],[126.8776725,33.475883],[126.8781483,33.4761099],[126.8781321,33.4762582],[126.8782721,33.4764197],[126.8786288,33.476627],[126.8788257,33.4766872],[126.879147,33.4766176],[126.879516,33.4764326],[126.8800354,33.4767839],[126.881087,33.477292],[126.8814676,33.4770673],[126.8818978,33.4775179],[126.8823935,33.4786044],[126.8837073,33.4799875],[126.8845199,33.480668],[126.8854485,33.4804596],[126.8862378,33.4798496],[126.8869013,33.4795935],[126.8874617,33.4790073],[126.8878956,33.4788532],[126.8883417,33.4790778],[126.8886448,33.4796978],[126.8888692,33.4805648],[126.8894807,33.480876],[126.8899368,33.4803535],[126.8902936,33.4803372],[126.8904442,33.4808252],[126.8906031,33.4809833],[126.8909028,33.4809381],[126.8910822,33.4809916],[126.8912276,33.4809066],[126.8917864,33.4810962],[126.8919609,33.4809752],[126.8926937,33.4815633],[126.8930358,33.4817352],[126.8936348,33.4816903],[126.8937771,33.4818146],[126.8939633,33.4817631],[126.8939962,33.481902],[126.8951961,33.4817201],[126.8963395,33.4819484],[126.8963503,33.4820261],[126.896678,33.4822407],[126.8969893,33.4821254],[126.8971565,33.4821383],[126.8976391,33.4824298],[126.8977537,33.4827384],[126.8979639,33.4829515],[126.8979019,33.483048],[126.8980158,33.4830811],[126.8981453,33.4829981]]]]}}]}