{"type":"FeatureCollection","name":"jeju_lio","crs":{"type":"name","properties":{"name":"urn:ogc:def:crs:OGC:1.3:CRS84"}},"features":[{"type":"Feature","properties":{"level":"lio","code":"5011025028","name":"옹포리","sig_cd":"50110","base_date":"20260701"},"geometry":{"type":"MultiPolygon","coordinates":[[[[126.259509,33.402269],[126.258946,33.401893],[126.258535,33.401154],[126.259928,33.399795],[126.260452,33.39853],[126.261278,33.39817],[126.26065,33.397568],[126.259228,33.396834],[126.259216,33.395314],[126.257578,33.393533],[126.257445,33.392873],[126.256652,33.39288],[126.254592,33.393603],[126.252335,33.393738],[126.25106,33.39407],[126.251047,33.395968],[126.250723,33.396577],[126.250799,33.397406],[126.250352,33.39833],[126.250545,33.398913],[126.25007,33.399816],[126.250316,33.400557],[126.250064,33.400894],[126.251051,33.402186],[126.250741,33.402791],[126.251102,33.403454],[126.250914,33.403667],[126.251477,33.404292],[126.250906,33.404724],[126.250402,33.404621],[126.250197,33.4048],[126.250473,33.404955],[126.251325,33.404762],[126.251756,33.405664],[126.252229,33.405863],[126.252307,33.405645],[126.252547,33.40573],[126.252516,33.406326],[126.252171,33.406451],[126.252354,33.407211],[126.252591,33.40728],[126.252388,33.407689],[126.252815,33.407774],[126.252901,33.407506],[126.253476,33.407425],[126.253633,33.407497],[126.253475,33.407772],[126.253929,33.407696],[126.254179,33.408185],[126.256881,33.407789],[126.257385,33.408703],[126.258252,33.408446],[126.257355,33.407275],[126.2579,33.407134],[126.258145,33.406481],[126.25854,33.406157],[126.260196,33.405823],[126.260073,33.405164],[126.259605,33.404519],[126.260441,33.403703],[126.259509,33.402269]]]]}},{"type":"Feature","properties":{"level":"lio","code":"5011025034","name":"월림리","sig_cd":"50110","base_date":"20260701"},"geometry":{"type":"MultiPolygon","coordinates":[[[[126.276574,33.346095],[126.276462,33.345681],[126.275826,33.345591],[126.274939,33.344856],[126.274147,33.344541],[126.271917,33.342647],[126.271662,33.342182],[126.271708,33.34078],[126.271474,33.339981],[126.270047,33.338335],[126.270101,33.337033],[126.265432,33.342038],[126.263639,33.341656],[126.263765,33.341918],[126.263464,33.342203],[126.263532,33.342471],[126.262551,33.342766],[126.262269,33.343407],[126.262129,33.342867],[126.261864,33.343131],[126.261766,33.34297],[126.260988,33.343086],[126.26073,33.343981],[126.260232,33.344204],[126.259688,33.34494],[126.259505,33.344791],[126.258523,33.344963],[126.258373,33.344482],[126.257414,33.344198],[126.255901,33.342796],[126.255049,33.343317],[126.254656,33.342582],[126.252792,33.341757],[126.252089,33.341075],[126.251611,33.34122],[126.250849,33.341687],[126.250574,33.342286],[126.249906,33.342483],[126.250009,33.342894],[126.249652,33.343626],[126.248664,33.344055],[126.248519,33.344586],[126.247712,33.345456],[126.247846,33.345931],[126.247396,33.347081],[126.246754,33.347266],[126.24628,33.347726],[126.245733,33.347215],[126.24486,33.346801],[126.244528,33.346934],[126.244,33.346382],[126.243557,33.346352],[126.24208,33.34467],[126.240896,33.344476],[126.239317,33.343189],[126.237959,33.342781],[126.237921,33.343376],[126.238318,33.343699],[126.238321,33.344042],[126.237431,33.345957],[126.237815,33.346342],[126.237344,33.346614],[126.236962,33.346504],[126.237023,33.34757],[126.235788,33.348759],[126.235176,33.350538],[126.235387,33.351976],[126.234938,33.352115],[126.233227,33.351771],[126.23165,33.352933],[126.230683,33.352301],[126.230679,33.351909],[126.230125,33.351784],[126.229909,33.352375],[126.229516,33.352633],[126.229102,33.354418],[126.229523,33.355325],[126.229027,33.356895],[126.227784,33.35823],[126.227614,33.358971],[126.227747,33.360534],[126.227887,33.360752],[126.229246,33.360613],[126.229849,33.360165],[126.232113,33.360563],[126.234589,33.360255],[126.235458,33.359989],[126.236273,33.359367],[126.23738,33.359414],[126.238209,33.359086],[126.24056,33.357552],[126.241448,33.357299],[126.241839,33.357423],[126.24322,33.356836],[126.247865,33.3523],[126.249236,33.351744],[126.251275,33.349656],[126.252484,33.350173],[126.25322,33.349949],[126.254957,33.35028],[126.255248,33.350744],[126.255068,33.351062],[126.255501,33.351079],[126.255274,33.35235],[126.255906,33.353002],[126.256208,33.354087],[126.258721,33.356352],[126.257849,33.358423],[126.258061,33.359106],[126.259463,33.360782],[126.260539,33.36148],[126.260931,33.361085],[126.261133,33.359999],[126.261781,33.359551],[126.261524,33.3577],[126.261918,33.357116],[126.261842,33.356556],[126.262097,33.356361],[126.261519,33.354868],[126.261876,33.354323],[126.26181,33.353624],[126.262093,33.35338],[126.262456,33.352234],[126.262279,33.351789],[126.262504,33.351651],[126.262157,33.35092],[126.263629,33.350496],[126.264152,33.350641],[126.264573,33.350323],[126.264546,33.350059],[126.265728,33.350066],[126.266046,33.349903],[126.266089,33.349564],[126.266874,33.349623],[126.266753,33.350075],[126.267817,33.349985],[126.268386,33.349391],[126.268053,33.34882],[126.268332,33.348451],[126.268234,33.348179],[126.268806,33.347819],[126.268272,33.347258],[126.26859,33.346659],[126.269294,33.346508],[126.270891,33.346801],[126.271029,33.346517],[126.272171,33.346893],[126.274741,33.347143],[126.276574,33.346095]]]]}},{"type":"Feature","properties":{"level":"lio","code":"5011025341","name":"하귀2리","sig_cd":"50110","base_date":"20260701"},"geometry":{"type":"MultiPolygon","coordinates":[[[[126.385991,33.489003],[126.389193,33.489509],[126.390644,33.489347],[126.391116,33.48894],[126.391191,33.48801],[126.391691,33.487159],[126.392759,33.486801],[126.392936,33.486401],[126.392388,33.486584],[126.39229,33.486088],[126.392848,33.485279],[126.393408,33.48507],[126.394472,33.48413],[126.395533,33.484217],[126.396511,33.483781],[126.397453,33.483919],[126.399132,33.483075],[126.40092,33.483325],[126.401377,33.483853],[126.401869,33.48517],[126.402355,33.484938],[126.402636,33.485611],[126.403562,33.485883],[126.403797,33.485473],[126.403782,33.485733],[126.404318,33.485646],[126.404284,33.485242],[126.404843,33.484731],[126.405049,33.484166],[126.405242,33.484323],[126.405755,33.483243],[126.405837,33.482493],[126.406526,33.480977],[126.408532,33.480073],[126.40939,33.478804],[126.408903,33.478613],[126.409375,33.478426],[126.407594,33.478178],[126.408028,33.477517],[126.406689,33.476644],[126.407458,33.475366],[126.406633,33.475595],[126.406509,33.475144],[126.405327,33.474476],[126.405446,33.473822],[126.405089,33.473424],[126.405276,33.473032],[126.404591,33.472773],[126.403742,33.47289],[126.403503,33.472607],[126.401767,33.472259],[126.40213,33.471643],[126.402156,33.47059],[126.401956,33.470069],[126.401444,33.469921],[126.401378,33.469251],[126.401028,33.46909],[126.399687,33.469357],[126.398139,33.469243],[126.396557,33.46881],[126.395691,33.470496],[126.395592,33.471926],[126.395328,33.472265],[126.395733,33.473048],[126.39631,33.473423],[126.394572,33.474318],[126.393303,33.474431],[126.392314,33.475171],[126.391072,33.475244],[126.389637,33.475963],[126.388943,33.475926],[126.38792,33.477268],[126.387842,33.477812],[126.388546,33.478245],[126.39193,33.478806],[126.392168,33.479845],[126.392471,33.480118],[126.392127,33.480575],[126.390933,33.480547],[126.390768,33.480773],[126.389153,33.480325],[126.389039,33.480794],[126.388742,33.480763],[126.388659,33.481463],[126.38845,33.481434],[126.388159,33.482282],[126.387466,33.485957],[126.385991,33.489003]]]]}},{"type":"Feature","properties":{"level":"lio","code":"5011025326","name":"신엄리","sig_cd":"50110","base_date":"20260701"},"geometry":{"type":"MultiPolygon","coordinates":[[[[126.38094,33.45794],[126.378864,33.457453],[126.375586,33.45599],[126.37591,33.455219],[126.378292,33.452924],[126.378243,33.452335],[126.378848,33.452315],[126.37906,33.45119],[126.378557,33.450848],[126.377571,33.450751],[126.375734,33.451743],[126.373962,33.451003],[126.37236,33.451146],[126.372247,33.450696],[126.372637,33.450207],[126.372595,33.449888],[126.373733,33.44845],[126.373696,33.447954],[126.373515,33.447697],[126.37143,33.447259],[126.370999,33.446457],[126.370164,33.4468],[126.369192,33.446494],[126.369147,33.446788],[126.367131,33.448955],[126.36681,33.450253],[126.36587,33.450805],[126.366045,33.452007],[126.365191,33.452735],[126.365252,33.454079],[126.364389,33.454462],[126.364112,33.455341],[126.364129,33.456303],[126.362707,33.457714],[126.362771,33.458078],[126.362541,33.458242],[126.362969,33.45862],[126.362529,33.459684],[126.36268,33.46004],[126.362253,33.46042],[126.362331,33.46094],[126.362899,33.461175],[126.363044,33.462623],[126.362477,33.462684],[126.360777,33.463771],[126.359358,33.463791],[126.358642,33.463319],[126.357554,33.463077],[126.356385,33.463206],[126.356808,33.464035],[126.356875,33.464943],[126.35771,33.465675],[126.357894,33.467588],[126.354293,33.467285],[126.350025,33.466573],[126.349377,33.467248],[126.351697,33.468949],[126.353972,33.469471],[126.356679,33.470836],[126.35701,33.471252],[126.357759,33.471434],[126.35793,33.471822],[126.358401,33.471983],[126.358648,33.472539],[126.35651,33.473871],[126.354597,33.472899],[126.35298,33.472994],[126.352371,33.47324],[126.351553,33.472703],[126.351514,33.472968],[126.352002,33.473422],[126.352355,33.474219],[126.352398,33.475059],[126.352905,33.475706],[126.353613,33.477497],[126.356995,33.478958],[126.359549,33.479647],[126.364536,33.478194],[126.36408,33.478379],[126.364055,33.47861],[126.36466,33.478365],[126.365213,33.478486],[126.364778,33.478179],[126.3668,33.478513],[126.367527,33.478151],[126.36854,33.478167],[126.371049,33.47934],[126.37201,33.47804],[126.372318,33.478337],[126.37303,33.478454],[126.373296,33.478214],[126.374623,33.47817],[126.374887,33.477559],[126.374799,33.477008],[126.373563,33.475231],[126.375696,33.474865],[126.375719,33.474253],[126.373962,33.473649],[126.373978,33.473025],[126.37534,33.470822],[126.375205,33.469523],[126.376304,33.4682],[126.376982,33.468061],[126.376811,33.467297],[126.376968,33.466571],[126.378457,33.465347],[126.37841,33.46454],[126.379283,33.463521],[126.378546,33.461993],[126.378662,33.461475],[126.379536,33.460279],[126.379568,33.45981],[126.380267,33.45925],[126.380494,33.458579],[126.380907,33.45829],[126.38094,33.45794]]],[[[126.363543,33.478546],[126.363345,33.47868],[126.363658,33.478617],[126.363543,33.478546]]]]}},{"type":"Feature","properties":{"level":"lio","code":"5011025629","name":"상도리","sig_cd":"50110","base_date":"20260701"},"geometry":{"type":"MultiPolygon","coordinates":[[[[126.879268,33.505032],[126.879123,33.504008],[126.878278,33.503132],[126.879377,33.499494],[126.878974,33.499118],[126.876695,33.498165],[126.876452,33.49793],[126.876503,33.497512],[126.875617,33.496596],[126.872366,33.49572],[126.871689,33.495017],[126.870484,33.494854],[126.870225,33.495083],[126.869586,33.495008],[126.869194,33.494549],[126.868864,33.493712],[126.867864,33.492401],[126.867001,33.49187],[126.865828,33.489983],[126.866101,33.488371],[126.865517,33.48791],[126.865318,33.487086],[126.865507,33.48703],[126.865108,33.486438],[126.866094,33.485025],[126.866046,33.484702],[126.866281,33.484546],[126.866169,33.484015],[126.866771,33.483443],[126.866667,33.483095],[126.866162,33.482346],[126.865028,33.48184],[126.863637,33.480442],[126.862476,33.480095],[126.862466,33.479722],[126.861992,33.479537],[126.860742,33.477908],[126.860288,33.477729],[126.860364,33.477418],[126.858951,33.476492],[126.858811,33.475694],[126.85826,33.474704],[126.856897,33.472861],[126.855335,33.471882],[126.854779,33.471875],[126.854197,33.47222],[126.8532,33.471965],[126.852243,33.471068],[126.85105,33.470495],[126.850396,33.469725],[126.84932,33.46915],[126.848793,33.468406],[126.846768,33.467366],[126.841854,33.46711],[126.838878,33.465831],[126.837287,33.465448],[126.836488,33.464548],[126.835091,33.464015],[126.833061,33.463789],[126.830914,33.46313],[126.829256,33.46304],[126.830638,33.464876],[126.831335,33.46626],[126.831225,33.466709],[126.832798,33.469038],[126.833413,33.470506],[126.834367,33.471728],[126.834721,33.472571],[126.834856,33.473903],[126.836283,33.476812],[126.83608,33.477341],[126.83637,33.477847],[126.837366,33.478769],[126.838308,33.480381],[126.840305,33.481022],[126.840761,33.481426],[126.842292,33.481805],[126.846296,33.484995],[126.847428,33.488276],[126.847924,33.488468],[126.848417,33.489341],[126.849134,33.489702],[126.851205,33.491853],[126.851553,33.49187],[126.852653,33.492955],[126.853917,33.495208],[126.854826,33.496339],[126.855754,33.496946],[126.857207,33.500086],[126.858028,33.500765],[126.858497,33.502458],[126.859245,33.503329],[126.85923,33.504079],[126.859802,33.504443],[126.860595,33.505596],[126.860879,33.507021],[126.862226,33.508201],[126.862276,33.508907],[126.861731,33.509992],[126.862781,33.512388],[126.862067,33.513621],[126.862837,33.514101],[126.863241,33.514091],[126.864109,33.515961],[126.862091,33.517495],[126.86373,33.519523],[126.863066,33.521544],[126.862616,33.52211],[126.862204,33.524676],[126.862401,33.524741],[126.863376,33.52362],[126.863986,33.522035],[126.867449,33.518792],[126.871001,33.514264],[126.871435,33.512893],[126.869392,33.511864],[126.872909,33.509377],[126.877598,33.506703],[126.879268,33.505032]]]]}},{"type":"Feature","properties":{"level":"lio","code":"5011025634","name":"김녕리","sig_cd":"50110","base_date":"20260701"},"geometry":{"type":"MultiPolygon","coordinates":[[[[126.723908,33.557541],[126.726009,33.557988],[126.726382,33.558597],[126.727629,33.559414],[126.727559,33.560033],[126.72793,33.559721],[126.730255,33.560361],[126.731848,33.559469],[126.732629,33.558742],[126.733345,33.558588],[126.734604,33.55877],[126.73557,33.558397],[126.735774,33.558173],[126.735567,33.55803],[126.735702,33.557534],[126.737722,33.560448],[126.74087,33.561108],[126.737748,33.560373],[126.736697,33.558872],[126.736967,33.558465],[126.737591,33.55857],[126.737911,33.557975],[126.736599,33.557372],[126.736495,33.557028],[126.737061,33.556446],[126.736958,33.555769],[126.737672,33.555279],[126.737735,33.554848],[126.739135,33.554717],[126.739908,33.555062],[126.740479,33.555661],[126.741055,33.55569],[126.741622,33.556198],[126.741959,33.556168],[126.741829,33.556259],[126.742553,33.556611],[126.742463,33.55694],[126.742722,33.556424],[126.743951,33.557355],[126.744164,33.557262],[126.743994,33.556855],[126.744807,33.556562],[126.744361,33.555899],[126.744391,33.555583],[126.745264,33.555359],[126.745507,33.555654],[126.744897,33.55732],[126.743994,33.55787],[126.742437,33.557641],[126.742454,33.556975],[126.742071,33.558028],[126.741467,33.558612],[126.739879,33.557708],[126.739916,33.557535],[126.739352,33.557579],[126.739377,33.557989],[126.740767,33.558678],[126.740901,33.558481],[126.741182,33.558621],[126.740258,33.560104],[126.74237,33.557733],[126.74399,33.557914],[126.744495,33.558239],[126.744714,33.558144],[126.744643,33.557868],[126.745544,33.557792],[126.745582,33.558247],[126.746047,33.558484],[126.747038,33.558221],[126.747298,33.557684],[126.747845,33.557742],[126.748565,33.558018],[126.749396,33.558853],[126.750645,33.558247],[126.75183,33.558365],[126.752513,33.558102],[126.752747,33.557718],[126.753191,33.558043],[126.753138,33.558853],[126.7538,33.559238],[126.75449,33.558432],[126.755383,33.557884],[126.757305,33.557659],[126.755588,33.557738],[126.755536,33.557437],[126.755923,33.557215],[126.757238,33.556984],[126.758138,33.557167],[126.757378,33.557686],[126.758328,33.557202],[126.760193,33.557145],[126.761215,33.557557],[126.761219,33.558363],[126.762046,33.559165],[126.761751,33.559693],[126.762256,33.559739],[126.762319,33.560073],[126.76209,33.560305],[126.762505,33.561028],[126.761881,33.561221],[126.762156,33.562192],[126.761663,33.562279],[126.762084,33.562519],[126.762275,33.562315],[126.762776,33.562382],[126.763531,33.564718],[126.764344,33.565352],[126.76577,33.565734],[126.767163,33.564582],[126.76881,33.56397],[126.770523,33.56407],[126.772081,33.565077],[126.776513,33.563939],[126.77546,33.564056],[126.775486,33.563584],[126.774957,33.562941],[126.774972,33.562006],[126.774699,33.561449],[126.774067,33.56103],[126.773871,33.560312],[126.772997,33.559549],[126.773332,33.558654],[126.77326,33.558211],[126.772517,33.557336],[126.773234,33.557174],[126.773558,33.556461],[126.773353,33.55603],[126.772976,33.555993],[126.773022,33.555377],[126.772741,33.554912],[126.773369,33.554602],[126.774279,33.552473],[126.774794,33.55201],[126.774742,33.549811],[126.775131,33.549286],[126.774845,33.548148],[126.775012,33.547762],[126.776773,33.546383],[126.77675,33.545823],[126.776165,33.54534],[126.776017,33.544136],[126.775554,33.543425],[126.775089,33.5432],[126.774895,33.542165],[126.77372,33.54095],[126.773991,33.538254],[126.773514,33.537186],[126.772682,33.536371],[126.772801,33.535984],[126.772181,33.535312],[126.772238,33.533886],[126.771379,33.531834],[126.77158,33.530061],[126.771354,33.529604],[126.770848,33.528896],[126.770135,33.528731],[126.769336,33.527374],[126.767583,33.527174],[126.766664,33.52671],[126.766171,33.526121],[126.765418,33.525965],[126.764415,33.525235],[126.763521,33.524023],[126.761728,33.523601],[126.760312,33.522977],[126.759344,33.521961],[126.757868,33.521504],[126.756896,33.518866],[126.756086,33.518179],[126.755954,33.517673],[126.75544,33.517119],[126.754527,33.516459],[126.752763,33.513721],[126.753414,33.512734],[126.752303,33.512116],[126.748553,33.511606],[126.748343,33.512384],[126.747597,33.512994],[126.747652,33.513519],[126.74843,33.513889],[126.747862,33.515234],[126.74731,33.515475],[126.746986,33.516453],[126.745476,33.517446],[126.742721,33.517887],[126.742142,33.516048],[126.742448,33.515506],[126.742256,33.514322],[126.740762,33.513083],[126.739653,33.512661],[126.738782,33.511868],[126.737843,33.511396],[126.737171,33.509748],[126.737142,33.508463],[126.736641,33.507308],[126.735641,33.506015],[126.733484,33.510561],[126.732745,33.513236],[126.729723,33.521737],[126.724913,33.538906],[126.725274,33.540464],[126.725155,33.541008],[126.725561,33.541067],[126.725694,33.541515],[126.727958,33.541597],[126.727619,33.542063],[126.727798,33.542547],[126.727382,33.543208],[126.726691,33.543713],[126.725913,33.545325],[126.725495,33.545639],[126.726098,33.546183],[126.726242,33.546877],[126.726064,33.54738],[126.726618,33.547978],[126.726977,33.548858],[126.726764,33.549355],[126.727687,33.549571],[126.727196,33.550464],[126.726804,33.550534],[126.726814,33.55144],[126.726363,33.551771],[126.727011,33.552145],[126.727173,33.552589],[126.726778,33.552898],[126.726563,33.552766],[126.726363,33.553539],[126.72569,33.55391],[126.725815,33.554903],[126.725112,33.55559],[126.725323,33.556235],[126.725,33.55684],[126.724279,33.557117],[126.723908,33.557541]]],[[[126.744315,33.55702],[126.744293,33.557075],[126.744297,33.557118],[126.744425,33.557125],[126.744445,33.557036],[126.744383,33.557021],[126.744315,33.55702]]]]}},{"type":"Feature","properties":{"level":"lio","code":"5011032024","name":"예초리","sig_cd":"50110","base_date":"20260701"},"geometry":{"type":"MultiPolygon","coordinates":[[[[126.318832,33.949854],[126.320297,33.952374],[126.322193,33.951936],[126.322776,33.951942],[126.323236,33.952266],[126.324414,33.952053],[126.325679,33.951263],[126.326235,33.951371],[126.326112,33.951017],[126.326822,33.951513],[126.327106,33.951514],[126.327222,33.951257],[126.32717,33.951613],[126.327808,33.952312],[126.329375,33.95282],[126.330181,33.953367],[126.330855,33.953339],[126.331922,33.954205],[126.332644,33.955336],[126.332165,33.955488],[126.331858,33.955936],[126.330635,33.954949],[126.33194,33.956114],[126.333149,33.955984],[126.333249,33.956157],[126.333461,33.956019],[126.33549,33.956437],[126.335552,33.956282],[126.336721,33.956883],[126.337217,33.956888],[126.337705,33.956559],[126.337792,33.956057],[126.340948,33.955358],[126.341613,33.955093],[126.341717,33.954745],[126.341485,33.954038],[126.341103,33.953714],[126.339459,33.953957],[126.337931,33.953358],[126.337803,33.952755],[126.338254,33.951652],[126.339641,33.950665],[126.34093,33.950072],[126.341623,33.950047],[126.341838,33.949714],[126.341862,33.949446],[126.34004,33.949411],[126.338904,33.948643],[126.337482,33.948937],[126.337068,33.949446],[126.335861,33.95002],[126.335493,33.950514],[126.333881,33.95104],[126.332084,33.950848],[126.330505,33.951176],[126.329115,33.950598],[126.329576,33.949584],[126.329261,33.948929],[126.326902,33.948209],[126.325005,33.948569],[126.322964,33.948133],[126.322117,33.948387],[126.32156,33.948903],[126.320467,33.949047],[126.320202,33.949356],[126.318832,33.949854]]],[[[126.635265,33.921425],[126.63582,33.921982],[126.63639,33.921447],[126.637153,33.921229],[126.638953,33.921655],[126.641742,33.921525],[126.642248,33.921218],[126.641468,33.919565],[126.638783,33.919364],[126.638565,33.918612],[126.637611,33.918763],[126.637059,33.919168],[126.636998,33.919607],[126.636229,33.919652],[126.635708,33.920568],[126.635947,33.921191],[126.635265,33.921425]]],[[[126.318422,33.989169],[126.319448,33.989168],[126.323453,33.988247],[126.324263,33.986201],[126.323299,33.98541],[126.323166,33.985707],[126.322609,33.98557],[126.322208,33.985721],[126.322269,33.985914],[126.321798,33.985874],[126.319408,33.98719],[126.318789,33.98782],[126.319022,33.988644],[126.318422,33.989169]]],[[[126.37771,33.964416],[126.378295,33.964849],[126.378339,33.96514],[126.378006,33.965338],[126.378014,33.966399],[126.379379,33.9672],[126.380528,33.965597],[126.380477,33.965091],[126.379979,33.96542],[126.379809,33.965249],[126.379218,33.965421],[126.379319,33.964751],[126.378565,33.964762],[126.377994,33.964085],[126.37771,33.964416]]],[[[126.305962,33.974251],[126.306056,33.974982],[126.306797,33.975071],[126.308017,33.974305],[126.308874,33.974799],[126.309241,33.97418],[126.30856,33.973774],[126.308625,33.973319],[126.307932,33.973285],[126.305962,33.974251]]],[[[126.377678,33.992004],[126.378266,33.992263],[126.379518,33.992028],[126.379461,33.991435],[126.379683,33.991394],[126.378631,33.990986],[126.378035,33.991295],[126.377678,33.992004]]],[[[126.370953,33.992393],[126.371823,33.992182],[126.373154,33.992448],[126.373583,33.992098],[126.372194,33.991713],[126.371621,33.992069],[126.371084,33.992049],[126.370953,33.992393]]],[[[126.379698,33.991026],[126.380329,33.991244],[126.381125,33.990726],[126.380297,33.990659],[126.379698,33.991026]]],[[[126.374882,33.992688],[126.375732,33.992729],[126.376449,33.992406],[126.376212,33.992114],[126.374882,33.992688]]],[[[126.39921,33.92075],[126.399822,33.921361],[126.399571,33.920586],[126.39921,33.92075]]],[[[126.382289,33.952808],[126.382512,33.953141],[126.382897,33.952742],[126.382289,33.952808]]],[[[126.33043,33.957664],[126.3307,33.95775],[126.33081,33.957549],[126.33043,33.957664]]],[[[126.330849,33.957355],[126.330883,33.957391],[126.330929,33.957409],[126.330924,33.957443],[126.33098,33.957464],[126.331162,33.957454],[126.331239,33.957449],[126.331239,33.957415],[126.331139,33.957362],[126.331069,33.957311],[126.330849,33.957355]]],[[[126.320743,33.993243],[126.320767,33.993262],[126.32079,33.993268],[126.32081,33.993259],[126.320835,33.993263],[126.320869,33.993226],[126.320895,33.993215],[126.320903,33.993195],[126.320842,33.993187],[126.320833,33.993173],[126.320815,33.993174],[126.320803,33.993167],[126.320788,33.993169],[126.320791,33.993186],[126.320752,33.993227],[126.320743,33.993243]]]]}},{"type":"Feature","properties":{"level":"lio","code":"5011032021","name":"대서리","sig_cd":"50110","base_date":"20260701"},"geometry":{"type":"MultiPolygon","coordinates":[[[[126.2834,33.96575],[126.284409,33.966607],[126.284284,33.967492],[126.287464,33.966854],[126.287837,33.966994],[126.28979,33.966198],[126.293289,33.965676],[126.293787,33.965897],[126.29538,33.965617],[126.296268,33.965153],[126.296801,33.964247],[126.297282,33.964392],[126.297875,33.963588],[126.299171,33.963183],[126.29931,33.962605],[126.300067,33.962418],[126.30074,33.961291],[126.300312,33.961884],[126.298924,33.96194],[126.29796,33.962276],[126.297736,33.962042],[126.297083,33.962159],[126.297007,33.962421],[126.297554,33.962684],[126.29727,33.963375],[126.296322,33.963678],[126.295728,33.962778],[126.296084,33.962355],[126.295467,33.961994],[126.294945,33.962601],[126.294525,33.962557],[126.294303,33.96148],[126.29409,33.96157],[126.293954,33.961126],[126.292381,33.961459],[126.292575,33.960949],[126.292203,33.958546],[126.291766,33.957969],[126.291004,33.957984],[126.290566,33.957686],[126.290054,33.958019],[126.290069,33.958264],[126.289542,33.958406],[126.289709,33.958593],[126.289183,33.959192],[126.288994,33.959895],[126.287509,33.960752],[126.286149,33.960692],[126.286043,33.960879],[126.286122,33.96143],[126.286569,33.961699],[126.288377,33.962025],[126.288803,33.961885],[126.289497,33.96277],[126.287622,33.963807],[126.286676,33.964682],[126.285885,33.964663],[126.285488,33.96424],[126.285074,33.964314],[126.2834,33.96575]]],[[[126.330543,34.010661],[126.33068,34.010957],[126.331359,34.011178],[126.332019,34.010949],[126.33337,34.011204],[126.333795,34.010914],[126.334034,34.012233],[126.334786,34.012697],[126.335474,34.012732],[126.336383,34.011954],[126.337306,34.011908],[126.337727,34.011376],[126.338996,34.010683],[126.339006,34.010848],[126.342113,34.010425],[126.343789,34.010844],[126.344678,34.010653],[126.34556,34.009607],[126.346603,34.009434],[126.348266,34.008067],[126.350008,34.007022],[126.351085,34.007061],[126.3519,34.006386],[126.352188,34.005342],[126.348918,34.004142],[126.348278,34.004195],[126.347971,34.003775],[126.347127,34.00386],[126.34757,34.004388],[126.345794,34.005978],[126.344868,34.006343],[126.344339,34.007017],[126.343064,34.007751],[126.340239,34.008132],[126.338235,34.009108],[126.338053,34.008879],[126.337277,34.008817],[126.335676,34.009206],[126.334634,34.00897],[126.33371,34.009816],[126.330543,34.010661]]],[[[126.345625,33.982823],[126.34588,33.983346],[126.34642,33.9835],[126.34633,33.984745],[126.34737,33.984977],[126.348971,33.983645],[126.350498,33.983242],[126.351361,33.982762],[126.352115,33.982621],[126.352754,33.982817],[126.353256,33.982231],[126.352882,33.982031],[126.352397,33.981149],[126.351071,33.980734],[126.349274,33.981308],[126.348648,33.981089],[126.347947,33.981633],[126.345959,33.981844],[126.345625,33.982823]]],[[[126.245974,33.98747],[126.246859,33.987805],[126.246904,33.988473],[126.247198,33.988604],[126.248217,33.988402],[126.248975,33.98899],[126.249012,33.989773],[126.250503,33.990111],[126.251069,33.989658],[126.251139,33.988976],[126.251991,33.98885],[126.251853,33.987594],[126.252498,33.987728],[126.252785,33.987491],[126.252032,33.987141],[126.252386,33.986913],[126.252484,33.986497],[126.252161,33.986282],[126.252027,33.985733],[126.251727,33.986097],[126.251079,33.985875],[126.250648,33.985995],[126.250156,33.985569],[126.250208,33.985202],[126.249941,33.985346],[126.250541,33.986325],[126.25029,33.986462],[126.249747,33.986272],[126.249321,33.986512],[126.249599,33.986844],[126.248008,33.986847],[126.247362,33.987227],[126.246613,33.987164],[126.245974,33.98747]]],[[[126.293042,33.982851],[126.293675,33.983392],[126.293256,33.983757],[126.293449,33.983955],[126.293841,33.983839],[126.29348,33.98423],[126.294784,33.98502],[126.29551,33.985007],[126.296005,33.984719],[126.295968,33.984078],[126.296303,33.983763],[126.296141,33.983209],[126.295807,33.983181],[126.295475,33.982617],[126.294241,33.982392],[126.294026,33.982095],[126.293184,33.982241],[126.293042,33.982851]]],[[[126.281425,33.969933],[126.281788,33.970956],[126.283284,33.970553],[126.283212,33.969778],[126.284283,33.96872],[126.284062,33.968213],[126.28252,33.968516],[126.281525,33.969316],[126.281801,33.969515],[126.281425,33.969933]]],[[[126.391392,33.994647],[126.391433,33.995324],[126.391952,33.99549],[126.392888,33.995348],[126.393493,33.995188],[126.393971,33.994167],[126.392507,33.994054],[126.392762,33.993858],[126.392555,33.993739],[126.392034,33.993863],[126.391392,33.994647]]],[[[126.282409,33.961459],[126.282802,33.961481],[126.282568,33.961725],[126.282801,33.961853],[126.285108,33.961484],[126.285295,33.960569],[126.284529,33.96035],[126.283939,33.960501],[126.282409,33.961459]]],[[[126.297004,33.986334],[126.298471,33.986968],[126.299702,33.986305],[126.297004,33.986334]]],[[[126.327212,34.012257],[126.327302,34.012678],[126.327771,34.011202],[126.327388,34.010863],[126.32743,34.01178],[126.327212,34.012257]]],[[[126.300098,33.998156],[126.300619,33.998106],[126.300763,33.9978],[126.300098,33.998156]]],[[[126.310918,34.013101],[126.311127,34.013202],[126.311446,34.012849],[126.310918,34.013101]]],[[[126.34112,33.985352],[126.341436,33.985317],[126.341222,33.985229],[126.34112,33.985352]]]]}},{"type":"Feature","properties":{"level":"lio","code":"5011025334","name":"애월리","sig_cd":"50110","base_date":"20260701"},"geometry":{"type":"MultiPolygon","coordinates":[[[[126.308404,33.465753],[126.30973,33.466473],[126.310184,33.466077],[126.31088,33.466162],[126.310937,33.466619],[126.310375,33.46716],[126.310933,33.467083],[126.311095,33.467283],[126.310724,33.467412],[126.311318,33.467734],[126.311446,33.468049],[126.312373,33.468118],[126.31395,33.469216],[126.316319,33.468851],[126.316277,33.468205],[126.31706,33.467459],[126.317472,33.467649],[126.319057,33.467055],[126.32081,33.467373],[126.32077,33.471905],[126.324636,33.473401],[126.329538,33.47197],[126.329462,33.471801],[126.326876,33.472617],[126.322054,33.470871],[126.32347,33.46816],[126.321932,33.467575],[126.321425,33.46662],[126.320864,33.467022],[126.320662,33.466392],[126.321193,33.466085],[126.320867,33.466],[126.320649,33.465109],[126.322074,33.466212],[126.321754,33.466651],[126.322286,33.46631],[126.322287,33.466732],[126.324125,33.466737],[126.324951,33.467711],[126.326542,33.467132],[126.32802,33.468619],[126.32773,33.46878],[126.327819,33.469706],[126.327828,33.468808],[126.328781,33.468251],[126.32894,33.467714],[126.328067,33.4664],[126.328203,33.466187],[126.329324,33.466198],[126.329531,33.465775],[126.329989,33.46556],[126.330599,33.464577],[126.330574,33.464006],[126.331125,33.463743],[126.331005,33.46277],[126.334929,33.462551],[126.33506,33.462362],[126.335164,33.46178],[126.334653,33.460911],[126.336148,33.459463],[126.335903,33.458383],[126.335052,33.457442],[126.334956,33.456793],[126.336845,33.453829],[126.33534,33.45382],[126.334753,33.4541],[126.332968,33.453726],[126.32987,33.453831],[126.328384,33.453449],[126.327908,33.4529],[126.328264,33.451918],[126.329925,33.450305],[126.331674,33.449088],[126.331807,33.448729],[126.330444,33.448124],[126.328895,33.448229],[126.328303,33.44806],[126.325879,33.44589],[126.325707,33.446354],[126.325967,33.447312],[126.324394,33.447868],[126.324067,33.447304],[126.323554,33.447503],[126.323201,33.447755],[126.323245,33.448142],[126.322553,33.448594],[126.322639,33.448937],[126.321942,33.449499],[126.32187,33.450151],[126.320213,33.450495],[126.319517,33.450993],[126.319192,33.451542],[126.31854,33.451715],[126.318007,33.45268],[126.317582,33.452699],[126.317384,33.453023],[126.317248,33.45446],[126.316836,33.455173],[126.316208,33.455666],[126.315223,33.456005],[126.314651,33.455931],[126.314307,33.456275],[126.312962,33.456621],[126.311496,33.456624],[126.311002,33.457324],[126.310074,33.457546],[126.311136,33.459371],[126.310571,33.459547],[126.310914,33.460005],[126.310497,33.460927],[126.310838,33.461525],[126.310286,33.462316],[126.31,33.46239],[126.310027,33.462193],[126.309257,33.462465],[126.308749,33.462948],[126.309061,33.463719],[126.308819,33.464145],[126.308955,33.464925],[126.308404,33.465753]]]]}},{"type":"Feature","properties":{"level":"lio","code":"5011032022","name":"영흥리","sig_cd":"50110","base_date":"20260701"},"geometry":{"type":"MultiPolygon","coordinates":[[[[126.290566,33.957686],[126.291004,33.957984],[126.291766,33.957969],[126.292203,33.958546],[126.292575,33.960949],[126.292397,33.961469],[126.293525,33.961068],[126.294057,33.961214],[126.29409,33.96157],[126.295951,33.960846],[126.29653,33.959879],[126.297166,33.959753],[126.297557,33.960235],[126.297609,33.960049],[126.298101,33.960128],[126.298511,33.960551],[126.301531,33.958725],[126.30184,33.957863],[126.301454,33.957578],[126.301249,33.957716],[126.300612,33.957525],[126.300335,33.9566],[126.300887,33.955448],[126.301687,33.954991],[126.302369,33.954061],[126.301505,33.953168],[126.3014,33.952721],[126.300195,33.952513],[126.299049,33.952802],[126.2985,33.952491],[126.297342,33.95293],[126.297442,33.953569],[126.296056,33.953855],[126.295586,33.954737],[126.293734,33.955543],[126.292915,33.95659],[126.292136,33.957118],[126.290566,33.957686]]],[[[126.358027,34.006509],[126.35815,34.006724],[126.358479,34.006779],[126.358655,34.006555],[126.359071,34.006844],[126.359542,34.00683],[126.359802,34.006134],[126.360101,34.00602],[126.359807,34.005693],[126.358548,34.005361],[126.358271,34.005632],[126.358524,34.006122],[126.358027,34.006509]]],[[[126.311226,33.977297],[126.312094,33.977018],[126.311996,33.976555],[126.313084,33.975961],[126.312015,33.976298],[126.312037,33.976093],[126.311586,33.976113],[126.311344,33.976404],[126.311828,33.976442],[126.311226,33.977297]]],[[[126.364468,33.997055],[126.365239,33.996971],[126.365183,33.996678],[126.365519,33.996196],[126.365099,33.996261],[126.364975,33.996703],[126.364468,33.997055]]],[[[126.363573,33.992494],[126.364169,33.992557],[126.364382,33.99234],[126.363573,33.992494]]],[[[126.367596,34.002666],[126.36808,34.002758],[126.368684,34.002573],[126.36772,34.002544],[126.367596,34.002666]]],[[[126.315381,33.97529],[126.31554,33.97539],[126.316004,33.975196],[126.31576,33.975114],[126.315381,33.97529]]],[[[126.362203,33.991011],[126.362354,33.99131],[126.362768,33.991026],[126.362203,33.991011]]]]}},{"type":"Feature","properties":{"level":"lio","code":"5011025626","name":"월정리","sig_cd":"50110","base_date":"20260701"},"geometry":{"type":"MultiPolygon","coordinates":[[[[126.753414,33.512734],[126.752763,33.513721],[126.754527,33.516459],[126.75544,33.517119],[126.755954,33.517673],[126.756086,33.518179],[126.756896,33.518866],[126.757868,33.521504],[126.759344,33.521961],[126.760312,33.522977],[126.761728,33.523601],[126.763521,33.524023],[126.764415,33.525235],[126.765418,33.525965],[126.766171,33.526121],[126.766664,33.52671],[126.767583,33.527174],[126.769336,33.527374],[126.770135,33.528731],[126.770848,33.528896],[126.77158,33.530061],[126.771379,33.531834],[126.772238,33.533886],[126.772181,33.535312],[126.772801,33.535984],[126.772682,33.536371],[126.773514,33.537186],[126.773991,33.538254],[126.77372,33.54095],[126.774895,33.542165],[126.775089,33.5432],[126.775554,33.543425],[126.776017,33.544136],[126.776165,33.54534],[126.77675,33.545823],[126.776773,33.546383],[126.775012,33.547762],[126.774845,33.548148],[126.775131,33.549286],[126.774742,33.549811],[126.774794,33.55201],[126.774279,33.552473],[126.773369,33.554602],[126.772741,33.554912],[126.773022,33.555377],[126.772976,33.555993],[126.773353,33.55603],[126.773558,33.556461],[126.773234,33.557174],[126.772517,33.557336],[126.77326,33.558211],[126.773332,33.558654],[126.772997,33.559549],[126.773871,33.560312],[126.774067,33.56103],[126.774699,33.561449],[126.774972,33.562006],[126.774957,33.562941],[126.775486,33.563584],[126.776044,33.563551],[126.77536,33.562699],[126.775226,33.561895],[126.774535,33.56118],[126.774681,33.561118],[126.77599,33.561311],[126.7761,33.56183],[126.777218,33.562375],[126.777577,33.563281],[126.778268,33.563473],[126.778014,33.563705],[126.776598,33.563927],[126.778243,33.56376],[126.77844,33.564016],[126.779084,33.563905],[126.77895,33.563643],[126.78099,33.563716],[126.782027,33.564061],[126.78192,33.5643],[126.78244,33.564578],[126.783615,33.564611],[126.783117,33.56294],[126.784692,33.56158],[126.786464,33.561658],[126.787567,33.561374],[126.788738,33.560678],[126.789579,33.560862],[126.7902,33.560343],[126.790963,33.560415],[126.790785,33.560153],[126.791283,33.559649],[126.793333,33.559565],[126.795216,33.557937],[126.794808,33.557683],[126.7947,33.557257],[126.795133,33.556419],[126.79781,33.555094],[126.798372,33.555013],[126.799166,33.555326],[126.799433,33.555088],[126.800449,33.552329],[126.799713,33.551387],[126.799003,33.551176],[126.798423,33.550453],[126.798411,33.549867],[126.793267,33.547572],[126.793256,33.546947],[126.792747,33.546283],[126.792102,33.546206],[126.789663,33.544739],[126.789207,33.543539],[126.788575,33.542611],[126.788042,33.542319],[126.787926,33.54171],[126.786637,33.540153],[126.786363,33.539026],[126.786011,33.538783],[126.785754,33.536341],[126.783155,33.534559],[126.78236,33.532589],[126.781768,33.532305],[126.781099,33.531404],[126.780461,33.529868],[126.778148,33.52793],[126.776091,33.527436],[126.774473,33.52636],[126.771492,33.526491],[126.7707,33.525586],[126.769889,33.525166],[126.768665,33.524023],[126.76607,33.523667],[126.7652,33.523183],[126.763223,33.519281],[126.761726,33.518291],[126.759892,33.517876],[126.7594,33.516441],[126.757667,33.514371],[126.756251,33.513258],[126.753414,33.512734]]]]}},{"type":"Feature","properties":{"level":"lio","code":"5011025621","name":"동복리","sig_cd":"50110","base_date":"20260701"},"geometry":{"type":"MultiPolygon","coordinates":[[[[126.734493,33.506561],[126.729456,33.509588],[126.725707,33.512344],[126.724336,33.513833],[126.723262,33.515556],[126.721688,33.517015],[126.721279,33.51796],[126.720611,33.518735],[126.718906,33.520181],[126.713729,33.525418],[126.713331,33.526561],[126.713601,33.528039],[126.713093,33.528716],[126.710628,33.531066],[126.709384,33.531765],[126.707651,33.533574],[126.707906,33.533613],[126.707703,33.533861],[126.707567,33.533718],[126.706849,33.534676],[126.706274,33.535049],[126.706521,33.535811],[126.706411,33.536834],[126.706651,33.537225],[126.70626,33.538365],[126.705769,33.538936],[126.705477,33.540237],[126.705649,33.540599],[126.706054,33.540653],[126.705994,33.5412],[126.705732,33.541367],[126.705737,33.542479],[126.70636,33.542699],[126.706688,33.543188],[126.706019,33.544407],[126.705909,33.546877],[126.705211,33.547853],[126.70461,33.548064],[126.705605,33.549018],[126.705062,33.549778],[126.705362,33.549878],[126.705293,33.551184],[126.705513,33.551271],[126.705754,33.552018],[126.705721,33.553152],[126.707632,33.554001],[126.708239,33.553679],[126.709286,33.553877],[126.709979,33.553748],[126.710409,33.553963],[126.710665,33.55384],[126.711299,33.554414],[126.711866,33.55409],[126.712899,33.554516],[126.712914,33.554846],[126.713297,33.555145],[126.713927,33.555299],[126.714274,33.554917],[126.713616,33.554682],[126.714094,33.554315],[126.714466,33.553542],[126.715658,33.553877],[126.716001,33.553379],[126.716316,33.553425],[126.716655,33.553532],[126.717603,33.554827],[126.71889,33.555308],[126.718633,33.556039],[126.719561,33.557194],[126.71936,33.557293],[126.719545,33.55754],[126.721949,33.55736],[126.722807,33.557617],[126.723908,33.557541],[126.724279,33.557117],[126.725,33.55684],[126.725323,33.556235],[126.725112,33.55559],[126.725815,33.554903],[126.72569,33.55391],[126.726363,33.553539],[126.726563,33.552766],[126.726778,33.552898],[126.727173,33.552589],[126.727011,33.552145],[126.726363,33.551771],[126.726814,33.55144],[126.726804,33.550534],[126.727196,33.550464],[126.727687,33.549571],[126.726764,33.549355],[126.726977,33.548858],[126.726618,33.547978],[126.726064,33.54738],[126.726242,33.546877],[126.726098,33.546183],[126.725495,33.545639],[126.725913,33.545325],[126.726691,33.543713],[126.727382,33.543208],[126.727798,33.542547],[126.727619,33.542063],[126.727958,33.541597],[126.725694,33.541515],[126.725561,33.541067],[126.725155,33.541008],[126.725274,33.540464],[126.724913,33.538906],[126.729723,33.521737],[126.732745,33.513236],[126.733484,33.510561],[126.735531,33.506012],[126.734493,33.506561]]]]}},{"type":"Feature","properties":{"level":"lio","code":"5011025632","name":"종달리","sig_cd":"50110","base_date":"20260701"},"geometry":{"type":"MultiPolygon","coordinates":[[[[126.829256,33.46304],[126.830914,33.46313],[126.833061,33.463789],[126.835091,33.464015],[126.836488,33.464548],[126.837287,33.465448],[126.838878,33.465831],[126.841854,33.46711],[126.846768,33.467366],[126.848793,33.468406],[126.84932,33.46915],[126.850396,33.469725],[126.85105,33.470495],[126.852243,33.471068],[126.8532,33.471965],[126.854197,33.47222],[126.854779,33.471875],[126.855335,33.471882],[126.856897,33.472861],[126.85826,33.474704],[126.858811,33.475694],[126.858951,33.476492],[126.860364,33.477418],[126.860288,33.477729],[126.860742,33.477908],[126.861992,33.479537],[126.862466,33.479722],[126.862476,33.480095],[126.863637,33.480442],[126.865028,33.48184],[126.866162,33.482346],[126.866667,33.483095],[126.866771,33.483443],[126.866169,33.484015],[126.866281,33.484546],[126.866046,33.484702],[126.866094,33.485025],[126.865108,33.486438],[126.865507,33.48703],[126.865318,33.487086],[126.865517,33.48791],[126.866101,33.488371],[126.865828,33.489983],[126.867001,33.49187],[126.867864,33.492401],[126.868864,33.493712],[126.869194,33.494549],[126.869586,33.495008],[126.870225,33.495083],[126.870484,33.494854],[126.871689,33.495017],[126.872366,33.49572],[126.875617,33.496596],[126.876503,33.497512],[126.876452,33.49793],[126.876695,33.498165],[126.878974,33.499118],[126.879377,33.499494],[126.878278,33.503132],[126.879123,33.504008],[126.879268,33.505032],[126.881617,33.502625],[126.881473,33.502578],[126.881908,33.50106],[126.882842,33.500304],[126.883513,33.500292],[126.887646,33.499109],[126.889011,33.500162],[126.889938,33.500189],[126.890789,33.50141],[126.892355,33.501778],[126.893396,33.504649],[126.896761,33.507737],[126.897563,33.509683],[126.899254,33.510494],[126.89963,33.50949],[126.902035,33.510302],[126.903318,33.509971],[126.904563,33.510297],[126.905765,33.510261],[126.906611,33.510626],[126.90746,33.510311],[126.907411,33.510112],[126.908061,33.509665],[126.909611,33.509268],[126.911544,33.508087],[126.912642,33.50701],[126.912834,33.505819],[126.913104,33.505772],[126.912708,33.505375],[126.912994,33.503819],[126.913611,33.502432],[126.912867,33.502555],[126.912736,33.501547],[126.911605,33.50009],[126.911378,33.499292],[126.911866,33.498109],[126.912613,33.498121],[126.913627,33.496268],[126.913186,33.495644],[126.91355,33.496268],[126.912573,33.497724],[126.911865,33.497634],[126.911741,33.497064],[126.912048,33.496531],[126.911867,33.496926],[126.911326,33.49715],[126.910982,33.49691],[126.911272,33.497018],[126.911276,33.496802],[126.911709,33.496602],[126.9116,33.496295],[126.911208,33.496634],[126.910873,33.496552],[126.911495,33.495776],[126.912321,33.495586],[126.91135,33.49558],[126.910815,33.496518],[126.9106,33.496383],[126.910502,33.496661],[126.909606,33.496348],[126.909159,33.495854],[126.909311,33.494733],[126.909976,33.493035],[126.909674,33.492811],[126.910186,33.491589],[126.910972,33.490581],[126.910539,33.489501],[126.910642,33.488685],[126.907565,33.487508],[126.90628,33.487948],[126.90507,33.488832],[126.90446,33.488591],[126.903484,33.487817],[126.902313,33.486012],[126.901865,33.484287],[126.901783,33.482537],[126.900931,33.482677],[126.900561,33.482304],[126.898016,33.483081],[126.897639,33.48243],[126.897156,33.482138],[126.896678,33.482241],[126.896339,33.481948],[126.895196,33.48172],[126.893996,33.481902],[126.893036,33.481735],[126.891961,33.480975],[126.890603,33.480983],[126.890326,33.480358],[126.890013,33.480341],[126.889481,33.480876],[126.888869,33.480565],[126.888342,33.479078],[126.887896,33.478853],[126.885382,33.480506],[126.884488,33.480704],[126.882394,33.478604],[126.881898,33.477518],[126.881455,33.477104],[126.881079,33.477317],[126.879516,33.476433],[126.878629,33.476627],[126.877471,33.475612],[126.876108,33.47566],[126.875338,33.47537],[126.874198,33.475636],[126.872567,33.474931],[126.872796,33.473892],[126.872739,33.472312],[126.872482,33.472238],[126.872016,33.47256],[126.871281,33.472287],[126.87105,33.472597],[126.870357,33.472797],[126.869274,33.471466],[126.868144,33.470804],[126.866245,33.468584],[126.865079,33.468289],[126.864581,33.468448],[126.861813,33.46818],[126.857737,33.467058],[126.856894,33.466243],[126.856929,33.465752],[126.854692,33.463314],[126.853156,33.463053],[126.851903,33.462528],[126.846313,33.462005],[126.836831,33.458278],[126.834964,33.456793],[126.831847,33.45567],[126.831053,33.454592],[126.829501,33.453642],[126.828727,33.453756],[126.826188,33.453196],[126.824917,33.453337],[126.823939,33.453023],[126.824241,33.450479],[126.823706,33.450362],[126.822662,33.448746],[126.822441,33.448317],[126.822429,33.447269],[126.822122,33.446706],[126.821378,33.446711],[126.820767,33.447089],[126.820316,33.447082],[126.820817,33.4471],[126.820578,33.447206],[126.818213,33.447825],[126.817289,33.446749],[126.815116,33.44641],[126.814424,33.445243],[126.812796,33.445633],[126.810478,33.444808],[126.806857,33.444335],[126.804562,33.443531],[126.802717,33.442418],[126.801765,33.44219],[126.801621,33.441906],[126.799819,33.441613],[126.798549,33.440633],[126.797031,33.440085],[126.794611,33.441096],[126.794937,33.441568],[126.795374,33.441695],[126.796256,33.443751],[126.796664,33.445767],[126.797317,33.446382],[126.798927,33.447179],[126.799224,33.447525],[126.799308,33.448219],[126.801054,33.449549],[126.801217,33.449936],[126.800666,33.450384],[126.801515,33.450995],[126.801964,33.451658],[126.803362,33.452265],[126.804046,33.451853],[126.805377,33.452085],[126.806405,33.451794],[126.80776,33.453087],[126.808404,33.453343],[126.808358,33.453786],[126.808754,33.454368],[126.810084,33.45432],[126.811971,33.455118],[126.813731,33.456613],[126.815696,33.457729],[126.817798,33.460326],[126.818445,33.460625],[126.820229,33.461268],[126.821924,33.461504],[126.823001,33.462024],[126.823755,33.461691],[126.82705,33.461218],[126.828099,33.461713],[126.828619,33.462206],[126.828866,33.462896],[126.829256,33.46304]]]]}},{"type":"Feature","properties":{"level":"lio","code":"5011025033","name":"금능리","sig_cd":"50110","base_date":"20260701"},"geometry":{"type":"MultiPolygon","coordinates":[[[[126.215668,33.382004],[126.216019,33.382702],[126.216648,33.383167],[126.216377,33.38333],[126.216711,33.383825],[126.218743,33.383792],[126.218752,33.384281],[126.219515,33.384693],[126.219558,33.38521],[126.221522,33.386514],[126.222383,33.388238],[126.222131,33.39067],[126.222314,33.390392],[126.22293,33.390477],[126.222916,33.390036],[126.224646,33.389681],[126.226676,33.389725],[126.226684,33.389907],[126.227575,33.390051],[126.227614,33.390471],[126.227935,33.390069],[126.227877,33.389697],[126.228797,33.389766],[126.228839,33.390183],[126.228237,33.390302],[126.228542,33.390556],[126.228349,33.390876],[126.227458,33.391437],[126.22754,33.391822],[126.228437,33.390944],[126.228915,33.391094],[126.229793,33.389173],[126.230226,33.389468],[126.230477,33.389131],[126.232211,33.389542],[126.232884,33.38916],[126.234351,33.389233],[126.23547,33.389937],[126.236078,33.390799],[126.235814,33.391456],[126.235941,33.391605],[126.238102,33.391032],[126.236852,33.390137],[126.234157,33.389148],[126.233633,33.388624],[126.234004,33.387434],[126.233846,33.385781],[126.234084,33.384728],[126.235164,33.383054],[126.235782,33.382622],[126.237581,33.378999],[126.240639,33.374353],[126.241235,33.372745],[126.241725,33.372316],[126.24156,33.372314],[126.241884,33.370706],[126.242415,33.369452],[126.242242,33.368907],[126.243038,33.368348],[126.243931,33.36832],[126.245456,33.367168],[126.246819,33.366695],[126.247246,33.365904],[126.248048,33.365466],[126.248993,33.365243],[126.251066,33.365534],[126.252723,33.365125],[126.255017,33.365287],[126.255695,33.364883],[126.256016,33.365057],[126.256639,33.364741],[126.257209,33.363825],[126.258408,33.364073],[126.258963,33.363121],[126.259246,33.363144],[126.259747,33.363923],[126.260024,33.36375],[126.260675,33.361853],[126.260148,33.361102],[126.259463,33.360782],[126.258252,33.359465],[126.257849,33.358423],[126.258721,33.356352],[126.256208,33.354087],[126.255906,33.353002],[126.255274,33.35235],[126.255501,33.351079],[126.255068,33.351062],[126.255248,33.350744],[126.254957,33.35028],[126.25322,33.349949],[126.252484,33.350173],[126.251275,33.349656],[126.249236,33.351744],[126.247865,33.3523],[126.24322,33.356836],[126.241839,33.357423],[126.241448,33.357299],[126.24056,33.357552],[126.238209,33.359086],[126.23738,33.359414],[126.236273,33.359367],[126.235458,33.359989],[126.234615,33.360247],[126.233577,33.363022],[126.235331,33.366167],[126.236835,33.366609],[126.237472,33.367356],[126.237304,33.367501],[126.238829,33.36824],[126.237456,33.370233],[126.235867,33.370951],[126.235216,33.37173],[126.233532,33.374894],[126.231848,33.375886],[126.231572,33.376432],[126.23069,33.376821],[126.229194,33.376917],[126.228558,33.376637],[126.228024,33.3769],[126.225692,33.377137],[126.224312,33.376883],[126.22407,33.377092],[126.223737,33.37701],[126.223744,33.377496],[126.224061,33.377871],[126.223361,33.378389],[126.222454,33.378507],[126.221493,33.379198],[126.221454,33.379451],[126.219811,33.379405],[126.218555,33.378914],[126.218361,33.379814],[126.218609,33.380238],[126.218255,33.380625],[126.216847,33.38157],[126.215668,33.382004]]]]}},{"type":"Feature","properties":{"level":"lio","code":"5011025024","name":"한림리","sig_cd":"50110","base_date":"20260701"},"geometry":{"type":"MultiPolygon","coordinates":[[[[126.253128,33.415673],[126.253757,33.413575],[126.255864,33.412666],[126.260032,33.416795],[126.2603,33.416852],[126.260984,33.416352],[126.261805,33.416553],[126.262283,33.416339],[126.262447,33.415996],[126.262726,33.416123],[126.264908,33.415105],[126.264942,33.415287],[126.262839,33.416561],[126.262699,33.417033],[126.262904,33.417284],[126.262434,33.418787],[126.263465,33.419009],[126.263482,33.418355],[126.263814,33.418158],[126.264415,33.416837],[126.265108,33.417305],[126.265416,33.418008],[126.266426,33.417602],[126.267458,33.417589],[126.267861,33.41721],[126.267924,33.416748],[126.269241,33.416682],[126.269971,33.417435],[126.273661,33.419083],[126.274311,33.418797],[126.276288,33.418827],[126.28046,33.417093],[126.280955,33.416639],[126.283228,33.417043],[126.284332,33.416463],[126.284455,33.416225],[126.283898,33.415149],[126.284114,33.414498],[126.284027,33.413728],[126.284487,33.412827],[126.28421,33.41253],[126.284255,33.412105],[126.283978,33.412151],[126.282678,33.411399],[126.2822,33.410364],[126.280182,33.40867],[126.280146,33.408118],[126.278695,33.406543],[126.277854,33.406671],[126.276397,33.406131],[126.275204,33.406014],[126.274269,33.405356],[126.272728,33.405554],[126.271389,33.40543],[126.270031,33.406355],[126.268812,33.405735],[126.266215,33.408677],[126.265595,33.410703],[126.264313,33.409561],[126.264149,33.409129],[126.263723,33.409097],[126.262383,33.407978],[126.261853,33.407885],[126.261868,33.408242],[126.260741,33.408595],[126.259965,33.408435],[126.259801,33.408852],[126.258912,33.40903],[126.258499,33.409833],[126.257061,33.411298],[126.253993,33.412707],[126.253128,33.415673]]]]}},{"type":"Feature","properties":{"level":"lio","code":"5011025925","name":"신흥리","sig_cd":"50110","base_date":"20260701"},"geometry":{"type":"MultiPolygon","coordinates":[[[[126.650688,33.538566],[126.64955,33.541468],[126.648672,33.541427],[126.648157,33.542036],[126.647508,33.542138],[126.647055,33.542982],[126.64617,33.543449],[126.646166,33.544012],[126.646747,33.544459],[126.646282,33.545091],[126.645642,33.54515],[126.645656,33.545904],[126.646242,33.54627],[126.646114,33.546473],[126.645244,33.54731],[126.641302,33.549058],[126.641386,33.549825],[126.641,33.549799],[126.640702,33.55034],[126.64243,33.551661],[126.643583,33.551699],[126.643907,33.551912],[126.643937,33.552275],[126.643478,33.553058],[126.644491,33.554468],[126.644338,33.555197],[126.64465,33.555518],[126.645431,33.554665],[126.646645,33.554752],[126.647622,33.553658],[126.649233,33.552935],[126.650245,33.553465],[126.649548,33.55306],[126.649299,33.552154],[126.648742,33.551741],[126.648781,33.551027],[126.648432,33.550739],[126.648249,33.549997],[126.647635,33.549515],[126.647807,33.549126],[126.649683,33.548744],[126.651015,33.548874],[126.651112,33.548547],[126.651411,33.548607],[126.651534,33.548322],[126.651253,33.548327],[126.651572,33.547944],[126.651573,33.547468],[126.651736,33.547513],[126.651649,33.547812],[126.651799,33.547715],[126.651722,33.547911],[126.651997,33.548158],[126.651653,33.548304],[126.651525,33.548739],[126.65104,33.548885],[126.651797,33.549471],[126.65164,33.549593],[126.65213,33.549734],[126.652048,33.550065],[126.652523,33.550623],[126.652325,33.551109],[126.652669,33.551346],[126.652512,33.551474],[126.652878,33.551416],[126.653208,33.551826],[126.652749,33.552217],[126.652881,33.552423],[126.653447,33.551871],[126.6526,33.551113],[126.652768,33.550938],[126.653184,33.550788],[126.653637,33.551196],[126.65435,33.551195],[126.656196,33.54976],[126.655551,33.549323],[126.655698,33.548952],[126.655339,33.548954],[126.654937,33.548601],[126.654504,33.548862],[126.654112,33.548411],[126.654336,33.547985],[126.653957,33.547615],[126.654718,33.547209],[126.653914,33.546873],[126.653469,33.545727],[126.653694,33.544082],[126.65414,33.542864],[126.653717,33.542766],[126.654003,33.542272],[126.65306,33.541623],[126.652392,33.540632],[126.652172,33.540009],[126.652305,33.538495],[126.650688,33.538566]]],[[[126.651476,33.548217],[126.651567,33.548245],[126.651662,33.548023],[126.651603,33.54792],[126.651476,33.548217]]]]}},{"type":"Feature","properties":{"level":"lio","code":"5011025923","name":"조천리","sig_cd":"50110","base_date":"20260701"},"geometry":{"type":"MultiPolygon","coordinates":[[[[126.659419,33.518469],[126.659841,33.517364],[126.659861,33.516029],[126.661215,33.513369],[126.660886,33.512026],[126.661029,33.511713],[126.659891,33.511019],[126.659786,33.510306],[126.659154,33.510166],[126.65916,33.509779],[126.656529,33.511279],[126.655984,33.511944],[126.655318,33.511976],[126.655071,33.511062],[126.654374,33.51104],[126.653975,33.511476],[126.652448,33.51004],[126.649191,33.510302],[126.648092,33.510223],[126.647737,33.509968],[126.647251,33.510201],[126.6467,33.509875],[126.646711,33.509662],[126.645192,33.509463],[126.643921,33.508547],[126.643312,33.507659],[126.64283,33.506056],[126.642341,33.506188],[126.642233,33.506725],[126.642424,33.507024],[126.641982,33.507372],[126.6421,33.508162],[126.641811,33.508467],[126.641858,33.509362],[126.641652,33.509717],[126.642017,33.510328],[126.641869,33.510943],[126.640851,33.512161],[126.63998,33.512715],[126.63939,33.51445],[126.638915,33.515141],[126.639034,33.515321],[126.637751,33.51638],[126.636802,33.516463],[126.635601,33.517237],[126.635049,33.51825],[126.631517,33.520404],[126.631216,33.520835],[126.630443,33.520711],[126.629818,33.520972],[126.629709,33.521323],[126.629926,33.521739],[126.629299,33.522491],[126.62961,33.522851],[126.629884,33.522721],[126.630893,33.523086],[126.631203,33.524243],[126.631098,33.525593],[126.631547,33.526306],[126.631327,33.526844],[126.631539,33.526898],[126.631285,33.527202],[126.630593,33.527321],[126.630447,33.528163],[126.63064,33.52853],[126.630999,33.528414],[126.631373,33.528633],[126.630683,33.529117],[126.630652,33.529902],[126.629568,33.531347],[126.629587,33.531827],[126.630172,33.532326],[126.629973,33.532851],[126.629779,33.533183],[126.628317,33.534057],[126.628311,33.535281],[126.628027,33.535481],[126.628472,33.53593],[126.627945,33.536454],[126.628607,33.537296],[126.629134,33.537084],[126.629712,33.537418],[126.630684,33.537139],[126.631052,33.537537],[126.63109,33.536908],[126.632285,33.536154],[126.632529,33.536467],[126.632722,33.535871],[126.63308,33.535803],[126.633333,33.536233],[126.633744,33.536099],[126.633879,33.536308],[126.633961,33.536068],[126.633896,33.536344],[126.6342,33.536356],[126.634438,33.535942],[126.634892,33.536215],[126.635026,33.535776],[126.635319,33.535708],[126.635324,33.536351],[126.635762,33.536788],[126.63545,33.536809],[126.634706,33.537953],[126.633952,33.537981],[126.634105,33.538141],[126.633805,33.538488],[126.634194,33.538743],[126.634398,33.538499],[126.634818,33.53878],[126.635253,33.538447],[126.6347,33.538801],[126.634641,33.539095],[126.635322,33.538725],[126.635572,33.538982],[126.635541,33.539427],[126.636218,33.539355],[126.636454,33.539722],[126.636004,33.539695],[126.635287,33.540464],[126.634891,33.540411],[126.634829,33.540695],[126.635538,33.54066],[126.636223,33.540291],[126.636637,33.540435],[126.636504,33.541064],[126.635758,33.541119],[126.635526,33.540697],[126.635387,33.541163],[126.634673,33.541258],[126.634422,33.541067],[126.633984,33.542067],[126.632694,33.542186],[126.634113,33.542104],[126.634475,33.542282],[126.634519,33.542931],[126.63406,33.54354],[126.634252,33.543785],[126.634966,33.543669],[126.635043,33.544031],[126.634764,33.544474],[126.635097,33.545207],[126.636764,33.545233],[126.636976,33.545502],[126.637997,33.545487],[126.638103,33.545719],[126.638067,33.545487],[126.638261,33.545324],[126.638445,33.545515],[126.638552,33.545223],[126.639312,33.545834],[126.639451,33.546719],[126.640288,33.547715],[126.640201,33.548463],[126.639617,33.547985],[126.63947,33.548391],[126.638444,33.548726],[126.638542,33.548946],[126.639972,33.548554],[126.640101,33.54913],[126.640198,33.548569],[126.641162,33.549468],[126.640825,33.54962],[126.640892,33.549889],[126.641386,33.549825],[126.641302,33.549058],[126.645244,33.54731],[126.646238,33.5463],[126.645656,33.545904],[126.645642,33.54515],[126.646282,33.545091],[126.646747,33.544459],[126.646166,33.544012],[126.64617,33.543449],[126.647055,33.542982],[126.647508,33.542138],[126.648157,33.542036],[126.648672,33.541427],[126.64955,33.541468],[126.65016,33.540184],[126.650049,33.539793],[126.650709,33.538842],[126.650688,33.538566],[126.650208,33.5383],[126.650496,33.53665],[126.649601,33.534219],[126.64983,33.532965],[126.650195,33.532589],[126.649746,33.531991],[126.650047,33.531176],[126.651104,33.529818],[126.651118,33.528012],[126.651508,33.52697],[126.652309,33.526319],[126.653058,33.525183],[126.653663,33.524789],[126.653865,33.524028],[126.654611,33.523405],[126.654708,33.522556],[126.655615,33.521265],[126.656538,33.520961],[126.657375,33.520223],[126.658817,33.519765],[126.659419,33.518469]]]]}},{"type":"Feature","properties":{"level":"lio","code":"5011025631","name":"하도리","sig_cd":"50110","base_date":"20260701"},"geometry":{"type":"MultiPolygon","coordinates":[[[[126.862401,33.524741],[126.863152,33.525162],[126.862996,33.525554],[126.863962,33.525201],[126.864854,33.525472],[126.865287,33.526316],[126.866788,33.528002],[126.866651,33.528375],[126.866354,33.528478],[126.86638,33.528902],[126.867074,33.528942],[126.868092,33.527983],[126.869142,33.528175],[126.87194,33.529389],[126.873043,33.528822],[126.874325,33.529523],[126.876993,33.529302],[126.87822,33.528796],[126.879601,33.52932],[126.880473,33.52933],[126.881359,33.529009],[126.881747,33.529244],[126.881514,33.528791],[126.883054,33.527281],[126.882347,33.527197],[126.883769,33.526727],[126.884928,33.52674],[126.885965,33.527255],[126.886532,33.527138],[126.888314,33.527492],[126.890804,33.526916],[126.891177,33.527419],[126.891043,33.527595],[126.891667,33.527794],[126.891755,33.527584],[126.890931,33.526878],[126.891539,33.526691],[126.891933,33.526881],[126.892186,33.526488],[126.892985,33.526345],[126.896814,33.523262],[126.897194,33.523028],[126.897499,33.523339],[126.897862,33.523273],[126.897676,33.522955],[126.898009,33.522817],[126.897902,33.522483],[126.898807,33.522135],[126.899169,33.52225],[126.899205,33.522013],[126.900497,33.521426],[126.899479,33.521819],[126.899115,33.521184],[126.898483,33.521305],[126.898783,33.520377],[126.899827,33.519885],[126.899997,33.519524],[126.900723,33.519588],[126.900873,33.520526],[126.900546,33.521383],[126.901014,33.520124],[126.901714,33.519875],[126.903218,33.520193],[126.903436,33.520574],[126.903315,33.520849],[126.903589,33.521045],[126.904073,33.520734],[126.904263,33.52019],[126.90454,33.520198],[126.904398,33.519918],[126.904724,33.519661],[126.904604,33.519498],[126.902745,33.52004],[126.902806,33.519718],[126.90125,33.519084],[126.900268,33.51721],[126.900621,33.51557],[126.901171,33.515189],[126.900341,33.514301],[126.899173,33.513904],[126.898318,33.513072],[126.899254,33.510494],[126.897563,33.509683],[126.896761,33.507737],[126.893396,33.504649],[126.892355,33.501778],[126.890789,33.50141],[126.889938,33.500189],[126.889011,33.500162],[126.887646,33.499109],[126.883513,33.500292],[126.882842,33.500304],[126.881908,33.50106],[126.881473,33.502578],[126.881617,33.502625],[126.878449,33.505999],[126.877237,33.50693],[126.871203,33.510469],[126.869392,33.511864],[126.871435,33.512893],[126.871001,33.514264],[126.867449,33.518792],[126.863986,33.522035],[126.863376,33.52362],[126.862401,33.524741]]],[[[126.902374,33.523886],[126.90264,33.524255],[126.903003,33.524284],[126.902807,33.523699],[126.902554,33.523643],[126.902374,33.523886]]],[[[126.901157,33.522538],[126.902008,33.522695],[126.902484,33.522221],[126.902295,33.522113],[126.90211,33.522425],[126.901666,33.522533],[126.901202,33.522368],[126.901157,33.522538]]]]}},{"type":"Feature","properties":{"level":"lio","code":"5011025924","name":"함덕리","sig_cd":"50110","base_date":"20260701"},"geometry":{"type":"MultiPolygon","coordinates":[[[[126.659419,33.518469],[126.658817,33.519765],[126.657375,33.520223],[126.656538,33.520961],[126.655615,33.521265],[126.654708,33.522556],[126.654611,33.523405],[126.653865,33.524028],[126.653663,33.524789],[126.653058,33.525183],[126.652309,33.526319],[126.651508,33.52697],[126.651118,33.528012],[126.651104,33.529818],[126.650047,33.531176],[126.649746,33.531991],[126.650195,33.532589],[126.64983,33.532965],[126.649601,33.534219],[126.650523,33.536865],[126.650208,33.5383],[126.650677,33.538569],[126.652305,33.538495],[126.652172,33.540009],[126.652392,33.540632],[126.65306,33.541623],[126.654003,33.542272],[126.653717,33.542766],[126.65414,33.542864],[126.653694,33.544082],[126.653469,33.545727],[126.653914,33.546873],[126.654718,33.547209],[126.653957,33.547649],[126.654336,33.547985],[126.65524,33.547328],[126.655741,33.547302],[126.656466,33.547639],[126.656625,33.547963],[126.655818,33.548486],[126.655595,33.548837],[126.655743,33.548885],[126.656735,33.54806],[126.660519,33.546527],[126.661147,33.545613],[126.661062,33.545301],[126.661767,33.545811],[126.661094,33.546352],[126.662091,33.546109],[126.662635,33.544852],[126.663365,33.544355],[126.664051,33.543359],[126.665369,33.54277],[126.667191,33.542775],[126.668051,33.543823],[126.668093,33.54432],[126.668493,33.544031],[126.668786,33.544183],[126.669947,33.543509],[126.671081,33.544391],[126.672078,33.544747],[126.674143,33.544537],[126.674516,33.544719],[126.673916,33.546107],[126.674147,33.547611],[126.674656,33.549221],[126.676425,33.551635],[126.67743,33.550065],[126.678516,33.548937],[126.678541,33.54827],[126.678276,33.548013],[126.678454,33.547706],[126.677585,33.547058],[126.677426,33.54608],[126.678609,33.543679],[126.678038,33.542738],[126.678575,33.54258],[126.679458,33.540522],[126.679279,33.540323],[126.6794,33.54002],[126.678725,33.539865],[126.678068,33.53854],[126.678911,33.537464],[126.679824,33.536868],[126.680138,33.536145],[126.680144,33.534938],[126.680464,33.53457],[126.680584,33.53382],[126.680432,33.533175],[126.680818,33.532737],[126.680993,33.531512],[126.680946,33.530311],[126.681509,33.529622],[126.682035,33.528302],[126.682487,33.528067],[126.682778,33.52752],[126.682663,33.524358],[126.682361,33.523284],[126.681153,33.521257],[126.681119,33.520684],[126.682565,33.519137],[126.682788,33.518381],[126.682648,33.517654],[126.683397,33.517025],[126.68265,33.515298],[126.683249,33.514049],[126.68488,33.51256],[126.685022,33.51111],[126.684056,33.510706],[126.682553,33.511317],[126.677863,33.514181],[126.67671,33.514684],[126.674802,33.515021],[126.673434,33.515792],[126.672669,33.516549],[126.671573,33.515769],[126.670801,33.515642],[126.667864,33.51576],[126.667285,33.516176],[126.665408,33.516275],[126.663121,33.517123],[126.661162,33.517443],[126.661108,33.517688],[126.659419,33.518469]]]]}},{"type":"Feature","properties":{"level":"lio","code":"5011025921","name":"신촌리","sig_cd":"50110","base_date":"20260701"},"geometry":{"type":"MultiPolygon","coordinates":[[[[126.628395,33.537221],[126.627945,33.536454],[126.628472,33.53593],[126.628027,33.535481],[126.628311,33.535281],[126.628317,33.534057],[126.629779,33.533183],[126.629973,33.532851],[126.630172,33.532326],[126.629587,33.531827],[126.629568,33.531347],[126.630652,33.529902],[126.630683,33.529117],[126.631373,33.528633],[126.630999,33.528414],[126.63064,33.52853],[126.630412,33.527843],[126.630684,33.52763],[126.630606,33.527303],[126.631285,33.527202],[126.631539,33.526898],[126.631327,33.526844],[126.631547,33.526306],[126.631098,33.525593],[126.631203,33.524243],[126.630893,33.523086],[126.629884,33.522721],[126.62961,33.522851],[126.629299,33.522491],[126.629926,33.521739],[126.629709,33.521323],[126.629818,33.520972],[126.630443,33.520711],[126.631216,33.520835],[126.631517,33.520404],[126.635049,33.51825],[126.635601,33.517237],[126.636802,33.516463],[126.637751,33.51638],[126.639034,33.515321],[126.638915,33.515141],[126.63939,33.51445],[126.63998,33.512715],[126.640851,33.512161],[126.641869,33.510943],[126.642017,33.510328],[126.641652,33.509717],[126.641858,33.509362],[126.641811,33.508467],[126.6421,33.508162],[126.641982,33.507372],[126.642424,33.507024],[126.642233,33.506725],[126.642341,33.506188],[126.641776,33.505929],[126.640718,33.505608],[126.639474,33.506408],[126.638692,33.506423],[126.637737,33.50735],[126.636745,33.507573],[126.635495,33.508255],[126.635,33.508174],[126.633505,33.508736],[126.633026,33.50867],[126.632678,33.507566],[126.632833,33.507267],[126.632233,33.506913],[126.631979,33.506896],[126.631541,33.507486],[126.627886,33.508182],[126.627384,33.507661],[126.62624,33.507039],[126.625861,33.507071],[126.624707,33.508294],[126.624775,33.508981],[126.624125,33.50924],[126.623243,33.510101],[126.622541,33.511276],[126.622189,33.512488],[126.620058,33.514914],[126.617407,33.515327],[126.616319,33.514887],[126.61565,33.515407],[126.615291,33.516223],[126.614114,33.516867],[126.613174,33.516822],[126.612299,33.517135],[126.61185,33.516967],[126.610981,33.517444],[126.61021,33.517663],[126.609869,33.517496],[126.607237,33.518432],[126.605713,33.518504],[126.603792,33.519906],[126.60231,33.520215],[126.600298,33.520198],[126.599865,33.520576],[126.599846,33.520896],[126.600449,33.521089],[126.600241,33.521498],[126.600575,33.52255],[126.598943,33.527796],[126.59913,33.528359],[126.599896,33.528999],[126.601646,33.529332],[126.601458,33.530135],[126.600851,33.530512],[126.600246,33.531374],[126.600949,33.531659],[126.601155,33.531996],[126.602921,33.531715],[126.60324,33.5332],[126.603091,33.534778],[126.604486,33.535349],[126.605911,33.535373],[126.606425,33.535763],[126.608106,33.535598],[126.608642,33.534764],[126.608944,33.534691],[126.609788,33.535392],[126.609972,33.535975],[126.611011,33.53562],[126.612112,33.535656],[126.611872,33.536484],[126.612671,33.536699],[126.612378,33.53714],[126.612953,33.53763],[126.612741,33.537965],[126.613105,33.538116],[126.615414,33.538],[126.616198,33.537739],[126.616193,33.537401],[126.616948,33.537984],[126.617576,33.537969],[126.618246,33.537543],[126.618898,33.537509],[126.619065,33.537708],[126.619264,33.537553],[126.619735,33.537891],[126.619401,33.538228],[126.619513,33.538388],[126.620348,33.538527],[126.620886,33.538046],[126.621809,33.538193],[126.622194,33.538591],[126.622006,33.539046],[126.622636,33.539443],[126.623207,33.539267],[126.622844,33.538737],[126.623063,33.538333],[126.622869,33.538132],[126.62456,33.53766],[126.624972,33.537874],[126.62445,33.537213],[126.62501,33.5371],[126.625157,33.536729],[126.625506,33.536611],[126.625472,33.536368],[126.626162,33.536214],[126.626787,33.53659],[126.626594,33.536693],[126.626644,33.537048],[126.627276,33.537183],[126.626964,33.537596],[126.627522,33.538401],[126.627192,33.538867],[126.627965,33.539878],[126.627909,33.540233],[126.628361,33.539977],[126.628506,33.539581],[126.628134,33.539117],[126.627748,33.539044],[126.628189,33.538607],[126.628125,33.538119],[126.628567,33.538218],[126.628018,33.537881],[126.627983,33.537559],[126.628395,33.537221]]]]}},{"type":"Feature","properties":{"level":"lio","code":"5011025324","name":"구엄리","sig_cd":"50110","base_date":"20260701"},"geometry":{"type":"MultiPolygon","coordinates":[[[[126.371049,33.47934],[126.373047,33.480442],[126.374451,33.481796],[126.375655,33.482458],[126.377326,33.484297],[126.37933,33.483899],[126.380387,33.484234],[126.381674,33.485208],[126.381959,33.486426],[126.382941,33.487512],[126.385737,33.489024],[126.385991,33.489003],[126.387466,33.485957],[126.388159,33.482282],[126.38845,33.481434],[126.388659,33.481463],[126.388742,33.480763],[126.389039,33.480794],[126.389153,33.480325],[126.390768,33.480773],[126.390933,33.480547],[126.392127,33.480575],[126.392471,33.480118],[126.392168,33.479845],[126.39193,33.478806],[126.388546,33.478245],[126.387842,33.477812],[126.38792,33.477268],[126.388943,33.475926],[126.386479,33.475771],[126.384079,33.476388],[126.381287,33.475818],[126.381461,33.474754],[126.381777,33.47467],[126.381785,33.474194],[126.382014,33.474148],[126.381983,33.47324],[126.381782,33.473033],[126.38192,33.472288],[126.382615,33.472204],[126.383327,33.471112],[126.383302,33.470644],[126.382818,33.470143],[126.38248,33.469087],[126.382023,33.46962],[126.380809,33.469578],[126.38085,33.469941],[126.379999,33.470795],[126.379,33.47037],[126.3781,33.470722],[126.377766,33.471603],[126.376315,33.471123],[126.375143,33.471047],[126.373978,33.473025],[126.373962,33.473649],[126.375719,33.474253],[126.375696,33.474865],[126.373563,33.475231],[126.374799,33.477008],[126.374887,33.477559],[126.374623,33.47817],[126.373296,33.478214],[126.37303,33.478454],[126.372318,33.478337],[126.37201,33.47804],[126.371049,33.47934]]]]}},{"type":"Feature","properties":{"level":"lio","code":"5011025633","name":"평대리","sig_cd":"50110","base_date":"20260701"},"geometry":{"type":"MultiPolygon","coordinates":[[[[126.795109,33.482183],[126.795729,33.483975],[126.796572,33.485274],[126.797809,33.486835],[126.799675,33.488227],[126.801301,33.490284],[126.802389,33.493623],[126.802419,33.494018],[126.802119,33.494348],[126.803349,33.495904],[126.804786,33.496131],[126.806083,33.497007],[126.807304,33.498254],[126.808452,33.498296],[126.809003,33.498589],[126.809042,33.498925],[126.81031,33.499618],[126.810576,33.500114],[126.811547,33.500585],[126.81191,33.501078],[126.8135,33.501638],[126.814265,33.502464],[126.814941,33.502696],[126.815388,33.503283],[126.81588,33.5035],[126.818035,33.506169],[126.820779,33.508398],[126.821422,33.509241],[126.822592,33.509947],[126.823019,33.510719],[126.825533,33.513267],[126.825628,33.514091],[126.826466,33.51438],[126.82712,33.515432],[126.828276,33.515671],[126.828347,33.516218],[126.829012,33.516863],[126.829372,33.518593],[126.82998,33.519284],[126.831404,33.519704],[126.831245,33.521942],[126.831696,33.523478],[126.831467,33.524366],[126.831907,33.52588],[126.833033,33.528019],[126.832318,33.529123],[126.832434,33.532308],[126.833542,33.533873],[126.834301,33.534179],[126.835835,33.535598],[126.836123,33.536256],[126.836068,33.536881],[126.836297,33.537105],[126.836608,33.536946],[126.836884,33.537984],[126.83719,33.538139],[126.838681,33.536973],[126.840028,33.536975],[126.840413,33.536844],[126.840529,33.5365],[126.840824,33.536647],[126.840945,33.536485],[126.840266,33.53594],[126.840116,33.534979],[126.839935,33.534939],[126.840249,33.534023],[126.840057,33.533948],[126.84078,33.533139],[126.842165,33.533214],[126.842526,33.533567],[126.842584,33.534171],[126.844531,33.533417],[126.844839,33.532608],[126.845585,33.532627],[126.845922,33.532893],[126.84663,33.532381],[126.847391,33.532234],[126.849499,33.532846],[126.851171,33.532195],[126.851343,33.532327],[126.851531,33.532162],[126.850603,33.530783],[126.850909,33.529945],[126.851689,33.529607],[126.852206,33.529562],[126.852753,33.529867],[126.854817,33.529396],[126.855263,33.52979],[126.85748,33.530568],[126.858009,33.530545],[126.857446,33.530499],[126.857602,33.530059],[126.857188,33.530405],[126.856239,33.53006],[126.85517,33.529235],[126.856161,33.528499],[126.855487,33.528772],[126.854887,33.528178],[126.855577,33.527863],[126.853166,33.5244],[126.852617,33.523186],[126.850481,33.520985],[126.849981,33.520137],[126.849368,33.519962],[126.848401,33.51878],[126.847152,33.518476],[126.845662,33.51857],[126.844524,33.517402],[126.844083,33.516556],[126.843024,33.515864],[126.842393,33.515128],[126.841103,33.514874],[126.840755,33.51383],[126.839005,33.512894],[126.837239,33.510743],[126.836216,33.510571],[126.835644,33.509137],[126.834984,33.508765],[126.833907,33.50739],[126.832816,33.506441],[126.830629,33.505041],[126.82982,33.504887],[126.82636,33.502012],[126.824191,33.501057],[126.823629,33.500398],[126.821731,33.499527],[126.819851,33.499217],[126.818683,33.498327],[126.81794,33.49714],[126.81587,33.495228],[126.814767,33.49393],[126.814624,33.493368],[126.814106,33.493036],[126.813608,33.491207],[126.813424,33.488438],[126.812801,33.488111],[126.810059,33.484208],[126.810254,33.48313],[126.811021,33.482234],[126.810081,33.481628],[126.810233,33.480697],[126.809707,33.480103],[126.808557,33.479583],[126.80835,33.479252],[126.806986,33.478974],[126.806641,33.47866],[126.804154,33.478313],[126.801878,33.481603],[126.798939,33.4821],[126.795231,33.481829],[126.795109,33.482183]]]]}},{"type":"Feature","properties":{"level":"lio","code":"5011031023","name":"고산리","sig_cd":"50110","base_date":"20260701"},"geometry":{"type":"MultiPolygon","coordinates":[[[[126.161626,33.291872],[126.161646,33.292265],[126.162139,33.29276],[126.163021,33.294749],[126.166537,33.296946],[126.167957,33.298839],[126.167172,33.301053],[126.166128,33.30218],[126.165745,33.303354],[126.165309,33.30371],[126.165063,33.304944],[126.164388,33.305637],[126.163725,33.307609],[126.163762,33.308113],[126.164619,33.309146],[126.163896,33.310144],[126.163983,33.310502],[126.163974,33.310141],[126.164482,33.309416],[126.165377,33.310315],[126.164657,33.309573],[126.164735,33.309173],[126.16509,33.309258],[126.165018,33.30943],[126.16598,33.309483],[126.166201,33.309921],[126.165856,33.310077],[126.166005,33.310218],[126.165566,33.310704],[126.165756,33.310801],[126.165621,33.311949],[126.165686,33.312571],[126.166915,33.314931],[126.166675,33.31527],[126.167493,33.315068],[126.166566,33.312477],[126.166736,33.310687],[126.16747,33.309577],[126.168533,33.308531],[126.170072,33.307638],[126.172491,33.307599],[126.174128,33.308313],[126.174941,33.30973],[126.177302,33.309732],[126.176858,33.314117],[126.177108,33.315372],[126.178909,33.314363],[126.179746,33.313065],[126.181025,33.312088],[126.182038,33.310122],[126.182975,33.309958],[126.183693,33.309139],[126.185012,33.309783],[126.185338,33.310494],[126.18659,33.310968],[126.187751,33.310913],[126.187789,33.311464],[126.188373,33.312458],[126.189419,33.312774],[126.190402,33.312687],[126.191948,33.313912],[126.192742,33.314082],[126.194184,33.315238],[126.194483,33.315825],[126.195559,33.31605],[126.195628,33.316381],[126.196474,33.317102],[126.196604,33.317575],[126.19767,33.317919],[126.198757,33.317814],[126.19952,33.318894],[126.20054,33.318757],[126.200987,33.319428],[126.204082,33.320275],[126.20388,33.318774],[126.204283,33.317592],[126.204238,33.3165],[126.204597,33.316112],[126.204611,33.315587],[126.205937,33.313927],[126.20683,33.313408],[126.206976,33.31279],[126.207956,33.312288],[126.208339,33.311715],[126.208578,33.311176],[126.208349,33.31028],[126.208714,33.309412],[126.206669,33.307096],[126.206468,33.305551],[126.207123,33.305411],[126.206486,33.30171],[126.206882,33.300046],[126.20683,33.298495],[126.206465,33.296338],[126.206564,33.295105],[126.206249,33.294644],[126.206351,33.294167],[126.205896,33.293651],[126.202703,33.295504],[126.194329,33.297511],[126.192007,33.298352],[126.191622,33.296962],[126.191882,33.295847],[126.191602,33.29437],[126.191692,33.293674],[126.188787,33.293251],[126.188217,33.29234],[126.187456,33.292004],[126.186518,33.291946],[126.185872,33.29145],[126.185402,33.292015],[126.184028,33.291995],[126.183324,33.291744],[126.182204,33.290789],[126.181037,33.290621],[126.18042,33.290092],[126.179434,33.290593],[126.178835,33.290451],[126.177494,33.290815],[126.176867,33.290817],[126.175483,33.290268],[126.174652,33.290725],[126.173173,33.288945],[126.172616,33.288732],[126.172286,33.289066],[126.170969,33.288376],[126.170452,33.287463],[126.170597,33.286814],[126.172008,33.286075],[126.172065,33.285529],[126.17038,33.284085],[126.170066,33.283448],[126.168789,33.282516],[126.168439,33.282984],[126.165302,33.284907],[126.164272,33.284906],[126.163462,33.285502],[126.162908,33.285547],[126.16271,33.286453],[126.162958,33.286469],[126.162428,33.289857],[126.161963,33.290573],[126.161626,33.291872]]],[[[126.144116,33.311296],[126.144318,33.3117],[126.145171,33.311428],[126.145858,33.311718],[126.145996,33.312261],[126.146459,33.311738],[126.147134,33.311724],[126.147749,33.312082],[126.147682,33.312356],[126.148061,33.312931],[126.148659,33.312921],[126.148921,33.312679],[126.150443,33.313254],[126.151429,33.31329],[126.151659,33.313009],[126.152345,33.31288],[126.153258,33.311854],[126.152955,33.311446],[126.151457,33.311869],[126.151063,33.311538],[126.150194,33.311373],[126.149775,33.310038],[126.14919,33.310425],[126.147587,33.310097],[126.146661,33.310383],[126.146377,33.31023],[126.144116,33.311296]]],[[[126.15171,33.308074],[126.151744,33.308416],[126.15243,33.308444],[126.152514,33.308003],[126.15232,33.307818],[126.151982,33.307685],[126.15171,33.308074]]],[[[126.159264,33.31171],[126.159573,33.312023],[126.160352,33.311901],[126.15984,33.311607],[126.159264,33.31171]]],[[[126.160775,33.310643],[126.161173,33.311309],[126.162102,33.311327],[126.161344,33.311256],[126.160775,33.310643]]],[[[126.147774,33.309397],[126.14807,33.309618],[126.148631,33.309489],[126.148131,33.309278],[126.147774,33.309397]]],[[[126.147598,33.308808],[126.147667,33.309266],[126.148113,33.309139],[126.147905,33.308825],[126.147598,33.308808]]],[[[126.150735,33.308589],[126.150988,33.308689],[126.151068,33.308024],[126.150735,33.308589]]],[[[126.159413,33.31064],[126.159844,33.310852],[126.160149,33.310696],[126.159413,33.31064]]],[[[126.164208,33.311143],[126.165292,33.31117],[126.165294,33.311116],[126.164209,33.311088],[126.164208,33.311143]]],[[[126.145002,33.30991],[126.145147,33.309983],[126.14523,33.309623],[126.145002,33.30991]]],[[[126.150765,33.307838],[126.150794,33.307872],[126.15084,33.307851],[126.150871,33.307833],[126.150885,33.3078],[126.150907,33.307759],[126.150923,33.307737],[126.150916,33.307672],[126.15092,33.307612],[126.150863,33.307618],[126.150799,33.307655],[126.150774,33.307691],[126.150801,33.307716],[126.150796,33.307757],[126.150768,33.307789],[126.150766,33.30781],[126.150765,33.307838]]],[[[126.150692,33.308842],[126.150696,33.308857],[126.150692,33.308881],[126.150696,33.3089],[126.150709,33.308911],[126.150738,33.308912],[126.150749,33.308934],[126.150772,33.308938],[126.150789,33.308934],[126.15079,33.308949],[126.150798,33.308955],[126.150831,33.308952],[126.150848,33.308943],[126.150863,33.308937],[126.150893,33.308935],[126.150929,33.30893],[126.150941,33.308917],[126.15093,33.308901],[126.150945,33.308887],[126.150963,33.308872],[126.15096,33.308848],[126.150905,33.308844],[126.150864,33.308852],[126.150836,33.308863],[126.150836,33.30889],[126.150816,33.308898],[126.150803,33.308861],[126.150785,33.308852],[126.150768,33.308847],[126.150751,33.308846],[126.150728,33.308826],[126.150707,33.308817],[126.150692,33.308842]]],[[[126.16231,33.311831],[126.162347,33.311849],[126.162389,33.31182],[126.162414,33.311785],[126.162445,33.311749],[126.162465,33.311714],[126.162484,33.311664],[126.162476,33.311626],[126.162445,33.311609],[126.162402,33.311635],[126.162371,33.311684],[126.162346,33.311728],[126.162328,33.311751],[126.16231,33.311831]]],[[[126.149607,33.309125],[126.149626,33.309144],[126.149681,33.309163],[126.149708,33.309172],[126.149761,33.30917],[126.149787,33.309153],[126.149773,33.309113],[126.149763,33.30909],[126.149754,33.309067],[126.149723,33.309069],[126.149731,33.309088],[126.149725,33.309096],[126.149717,33.309114],[126.149688,33.309108],[126.149674,33.309086],[126.149669,33.309072],[126.149638,33.309067],[126.149626,33.30907],[126.14963,33.309085],[126.149618,33.309088],[126.149607,33.309125]]],[[[126.150823,33.308821],[126.150839,33.308833],[126.150865,33.308837],[126.150919,33.308823],[126.15093,33.308811],[126.150926,33.308795],[126.150922,33.308773],[126.150899,33.308763],[126.150858,33.308764],[126.150829,33.30878],[126.150823,33.308821]]]]}},{"type":"Feature","properties":{"level":"lio","code":"5011025627","name":"행원리","sig_cd":"50110","base_date":"20260701"},"geometry":{"type":"MultiPolygon","coordinates":[[[[126.82752,33.552575],[126.827631,33.551944],[126.827268,33.55113],[126.825828,33.551492],[126.824592,33.550807],[126.825199,33.549897],[126.825115,33.54961],[126.824568,33.549664],[126.823476,33.549142],[126.821535,33.548689],[126.820953,33.546784],[126.821151,33.546128],[126.821026,33.545453],[126.82168,33.545119],[126.821227,33.544572],[126.821275,33.542961],[126.821866,33.542287],[126.821408,33.541559],[126.82168,33.541187],[126.821334,33.540487],[126.820233,33.540591],[126.818439,33.541422],[126.817885,33.541423],[126.817139,33.541769],[126.816817,33.542207],[126.814835,33.543011],[126.814255,33.542814],[126.812668,33.543186],[126.812407,33.542869],[126.811321,33.542631],[126.811684,33.542287],[126.811009,33.541914],[126.810166,33.542548],[126.810334,33.541416],[126.810062,33.54052],[126.809415,33.539786],[126.809554,33.539252],[126.808955,33.537522],[126.805927,33.537349],[126.805199,33.537016],[126.804178,33.535807],[126.802438,33.535477],[126.802485,33.535106],[126.800368,33.531651],[126.800699,33.530438],[126.800241,33.52872],[126.798994,33.527137],[126.798717,33.52629],[126.798841,33.525697],[126.799355,33.525022],[126.799404,33.524653],[126.799194,33.524515],[126.799433,33.524272],[126.799501,33.522425],[126.798797,33.520966],[126.799048,33.520538],[126.798969,33.51977],[126.797724,33.519419],[126.795092,33.517954],[126.794487,33.517048],[126.793053,33.516225],[126.791939,33.51498],[126.791634,33.514924],[126.789314,33.511066],[126.788259,33.510707],[126.786919,33.509454],[126.786371,33.508582],[126.786805,33.505781],[126.784932,33.506024],[126.782566,33.507043],[126.781138,33.507115],[126.78069,33.507549],[126.779479,33.507371],[126.776241,33.508191],[126.773496,33.508359],[126.773094,33.508639],[126.770984,33.50856],[126.770233,33.509063],[126.769754,33.509968],[126.769876,33.510383],[126.769593,33.511224],[126.769899,33.511483],[126.770955,33.511615],[126.769211,33.512857],[126.768537,33.513645],[126.767557,33.513155],[126.767396,33.512499],[126.7667,33.511695],[126.766261,33.512141],[126.766126,33.512763],[126.764896,33.512668],[126.764123,33.513245],[126.762615,33.51327],[126.761045,33.515293],[126.760313,33.515562],[126.759471,33.516377],[126.759475,33.51676],[126.759368,33.516622],[126.759892,33.517876],[126.761726,33.518291],[126.763223,33.519281],[126.7652,33.523183],[126.76607,33.523667],[126.768665,33.524023],[126.769889,33.525166],[126.7707,33.525586],[126.771492,33.526491],[126.774473,33.52636],[126.776091,33.527436],[126.778148,33.52793],[126.780461,33.529868],[126.781099,33.531404],[126.781768,33.532305],[126.78236,33.532589],[126.783155,33.534559],[126.785754,33.536341],[126.786011,33.538783],[126.786363,33.539026],[126.786637,33.540153],[126.787926,33.54171],[126.788042,33.542319],[126.788575,33.542611],[126.789207,33.543539],[126.789663,33.544739],[126.792102,33.546206],[126.792747,33.546283],[126.793256,33.546947],[126.793267,33.547572],[126.798411,33.549867],[126.798423,33.550453],[126.799003,33.551176],[126.799713,33.551387],[126.800449,33.552329],[126.799867,33.554286],[126.799166,33.555326],[126.800453,33.555656],[126.80134,33.557254],[126.801854,33.557697],[126.803056,33.557769],[126.805063,33.556609],[126.806097,33.557013],[126.806416,33.556647],[126.807643,33.556491],[126.807749,33.556917],[126.807812,33.556459],[126.808558,33.556313],[126.808112,33.556279],[126.80815,33.555835],[126.808974,33.555662],[126.809095,33.555847],[126.809366,33.5555],[126.809905,33.555713],[126.809722,33.556225],[126.808592,33.556206],[126.809535,33.556313],[126.809327,33.556442],[126.809554,33.556694],[126.809242,33.557028],[126.808627,33.557267],[126.807675,33.556949],[126.807376,33.557276],[126.806923,33.557174],[126.807043,33.557345],[126.806775,33.557627],[126.806941,33.557792],[126.808132,33.557499],[126.808841,33.557609],[126.811931,33.559139],[126.81271,33.55927],[126.814675,33.560377],[126.814401,33.560637],[126.814091,33.56049],[126.814274,33.561148],[126.814579,33.561296],[126.814033,33.56153],[126.814652,33.561347],[126.815498,33.560675],[126.816236,33.560948],[126.81649,33.560576],[126.818506,33.560202],[126.818913,33.56022],[126.81922,33.560558],[126.819657,33.560513],[126.819981,33.560144],[126.820221,33.560256],[126.820071,33.56009],[126.820552,33.559772],[126.821749,33.559717],[126.82164,33.559517],[126.823341,33.559109],[126.824827,33.558137],[126.825112,33.558781],[126.826471,33.558867],[126.826846,33.558683],[126.825494,33.557243],[126.825947,33.556309],[126.825223,33.554657],[126.826786,33.553455],[126.82752,33.552575]]]]}},{"type":"Feature","properties":{"level":"lio","code":"5011025630","name":"한동리","sig_cd":"50110","base_date":"20260701"},"geometry":{"type":"MultiPolygon","coordinates":[[[[126.786805,33.505781],[126.786371,33.508582],[126.786919,33.509454],[126.788259,33.510707],[126.789314,33.511066],[126.791634,33.514924],[126.791939,33.51498],[126.793053,33.516225],[126.794487,33.517048],[126.795092,33.517954],[126.797724,33.519419],[126.798969,33.51977],[126.799048,33.520538],[126.798797,33.520966],[126.799501,33.522425],[126.799433,33.524272],[126.799194,33.524515],[126.799404,33.524653],[126.799355,33.525022],[126.798841,33.525697],[126.798717,33.52629],[126.798994,33.527137],[126.800241,33.52872],[126.800699,33.530438],[126.800368,33.531651],[126.802485,33.535106],[126.802438,33.535477],[126.804178,33.535807],[126.805199,33.537016],[126.805927,33.537349],[126.808955,33.537522],[126.809554,33.539252],[126.809415,33.539786],[126.810062,33.54052],[126.810334,33.541416],[126.810166,33.542548],[126.811009,33.541914],[126.811684,33.542287],[126.811321,33.542631],[126.812407,33.542869],[126.812668,33.543186],[126.814255,33.542814],[126.814835,33.543011],[126.816817,33.542207],[126.817139,33.541769],[126.817885,33.541423],[126.818439,33.541422],[126.820233,33.540591],[126.821334,33.540487],[126.82168,33.541187],[126.821408,33.541559],[126.821866,33.542287],[126.821275,33.542961],[126.821227,33.544572],[126.82168,33.545119],[126.821026,33.545453],[126.821151,33.546128],[126.820953,33.546784],[126.821535,33.548689],[126.823476,33.549142],[126.824568,33.549664],[126.825115,33.54961],[126.825199,33.549897],[126.824592,33.550807],[126.825828,33.551492],[126.827268,33.55113],[126.827631,33.551944],[126.82752,33.552575],[126.828377,33.55203],[126.829059,33.55043],[126.827109,33.547753],[126.827999,33.546239],[126.828021,33.545504],[126.828434,33.54514],[126.828226,33.54509],[126.828403,33.544753],[126.827785,33.544667],[126.827745,33.543856],[126.828885,33.542835],[126.829686,33.543323],[126.830526,33.542958],[126.830925,33.5432],[126.830586,33.542907],[126.831136,33.542549],[126.831061,33.542254],[126.831297,33.541994],[126.831361,33.541569],[126.830894,33.540595],[126.83128,33.539918],[126.834076,33.540076],[126.834899,33.540788],[126.835567,33.540432],[126.836919,33.538156],[126.836731,33.538046],[126.836884,33.537984],[126.836608,33.536946],[126.836297,33.537105],[126.836068,33.536881],[126.836123,33.536256],[126.835835,33.535598],[126.834301,33.534179],[126.833542,33.533873],[126.832434,33.532308],[126.832318,33.529123],[126.833033,33.528019],[126.831907,33.52588],[126.831467,33.524366],[126.831696,33.523478],[126.831245,33.521942],[126.831502,33.519951],[126.831179,33.519489],[126.83007,33.519355],[126.829372,33.518593],[126.829012,33.516863],[126.828347,33.516218],[126.828276,33.515671],[126.82712,33.515432],[126.826466,33.51438],[126.825628,33.514091],[126.825533,33.513267],[126.823019,33.510719],[126.822592,33.509947],[126.821422,33.509241],[126.820779,33.508398],[126.818035,33.506169],[126.81588,33.5035],[126.815388,33.503283],[126.814941,33.502696],[126.814265,33.502464],[126.8135,33.501638],[126.81191,33.501078],[126.811547,33.500585],[126.810576,33.500114],[126.81031,33.499618],[126.809042,33.498925],[126.809003,33.498589],[126.808452,33.498296],[126.807304,33.498254],[126.806083,33.497007],[126.804786,33.496131],[126.803349,33.495904],[126.802119,33.494348],[126.802419,33.494018],[126.801995,33.4922],[126.799996,33.491553],[126.798902,33.490705],[126.796814,33.489894],[126.791028,33.490806],[126.790341,33.49102],[126.788752,33.492148],[126.788118,33.491971],[126.786864,33.492351],[126.787009,33.492894],[126.786577,33.49384],[126.787165,33.49497],[126.787254,33.496333],[126.787048,33.496614],[126.787401,33.498214],[126.786813,33.499435],[126.786508,33.499547],[126.786115,33.500851],[126.787079,33.502871],[126.786805,33.505781]]]]}},{"type":"Feature","properties":{"level":"lio","code":"5011032023","name":"묵리","sig_cd":"50110","base_date":"20260701"},"geometry":{"type":"MultiPolygon","coordinates":[[[[126.304041,33.949918],[126.30411,33.950246],[126.304769,33.950673],[126.304571,33.950794],[126.304676,33.951309],[126.304428,33.951309],[126.304156,33.952083],[126.304527,33.953126],[126.305224,33.95338],[126.305812,33.953314],[126.306832,33.952805],[126.309021,33.952227],[126.310636,33.952132],[126.311286,33.952488],[126.311389,33.953362],[126.312331,33.953264],[126.313584,33.953673],[126.313775,33.954071],[126.313376,33.954678],[126.313689,33.954923],[126.314644,33.954755],[126.315937,33.954027],[126.316507,33.954204],[126.316769,33.953934],[126.316646,33.953766],[126.317071,33.953553],[126.318314,33.953396],[126.320297,33.952374],[126.318832,33.949854],[126.320202,33.949356],[126.320467,33.949047],[126.32156,33.948903],[126.322117,33.948387],[126.322964,33.948133],[126.3232,33.947699],[126.322921,33.947164],[126.322146,33.946803],[126.321739,33.944642],[126.321189,33.944598],[126.319816,33.943633],[126.318989,33.942356],[126.318489,33.942051],[126.318594,33.941307],[126.320002,33.941241],[126.319035,33.938901],[126.317437,33.938928],[126.316599,33.939496],[126.316655,33.940068],[126.316976,33.94018],[126.31658,33.94081],[126.316948,33.941191],[126.31682,33.941439],[126.315997,33.94213],[126.31469,33.94262],[126.31405,33.943135],[126.31384,33.944183],[126.312887,33.944139],[126.311907,33.944639],[126.311712,33.945061],[126.313022,33.944728],[126.312886,33.945207],[126.312652,33.944947],[126.312512,33.945103],[126.312609,33.944907],[126.312042,33.94517],[126.312197,33.945449],[126.312449,33.945342],[126.312601,33.946039],[126.311283,33.947045],[126.309069,33.947601],[126.307411,33.948583],[126.305175,33.948613],[126.304041,33.949918]]],[[[126.356119,33.72929],[126.356582,33.729397],[126.356323,33.729641],[126.356454,33.729807],[126.356665,33.729616],[126.356401,33.730293],[126.356846,33.730531],[126.357856,33.730186],[126.35821,33.729779],[126.358742,33.729791],[126.3593,33.729313],[126.358717,33.728597],[126.356178,33.729117],[126.356119,33.72929]]],[[[126.298602,33.671418],[126.299001,33.671649],[126.299309,33.67143],[126.298951,33.671183],[126.298602,33.671418]]],[[[126.303038,33.943165],[126.303241,33.943314],[126.303173,33.943111],[126.303038,33.943165]]]]}},{"type":"Feature","properties":{"level":"lio","code":"5011025032","name":"월령리","sig_cd":"50110","base_date":"20260701"},"geometry":{"type":"MultiPolygon","coordinates":[[[[126.227747,33.360534],[126.226947,33.360589],[126.226853,33.361084],[126.227058,33.361493],[126.226254,33.361843],[126.225379,33.362743],[126.224379,33.364502],[126.22405,33.364683],[126.223658,33.364328],[126.223034,33.364784],[126.221306,33.364942],[126.219378,33.36588],[126.21768,33.366193],[126.217105,33.36678],[126.216055,33.36714],[126.216075,33.369442],[126.216422,33.370375],[126.216032,33.370934],[126.215692,33.372658],[126.215118,33.373543],[126.215397,33.374271],[126.215225,33.374567],[126.213012,33.373866],[126.213774,33.375611],[126.214135,33.37719],[126.214875,33.377845],[126.215891,33.378087],[126.216514,33.378919],[126.215809,33.380179],[126.214515,33.380666],[126.215116,33.380623],[126.215182,33.381912],[126.215668,33.382004],[126.217871,33.380987],[126.218609,33.380238],[126.218361,33.379814],[126.218555,33.378914],[126.219811,33.379405],[126.221243,33.37949],[126.222454,33.378507],[126.223587,33.378279],[126.223626,33.378035],[126.224061,33.377871],[126.223744,33.377496],[126.223737,33.37701],[126.22407,33.377092],[126.224312,33.376883],[126.225692,33.377137],[126.228024,33.3769],[126.228558,33.376637],[126.229194,33.376917],[126.231094,33.376715],[126.231572,33.376432],[126.231848,33.375886],[126.233532,33.374894],[126.235216,33.37173],[126.235867,33.370951],[126.237456,33.370233],[126.238829,33.36824],[126.237304,33.367501],[126.237472,33.367356],[126.236835,33.366609],[126.235331,33.366167],[126.233577,33.363022],[126.234615,33.360247],[126.232113,33.360563],[126.229849,33.360165],[126.229246,33.360613],[126.227887,33.360752],[126.227747,33.360534]]]]}},{"type":"Feature","properties":{"level":"lio","code":"5011031024","name":"판포리","sig_cd":"50110","base_date":"20260701"},"geometry":{"type":"MultiPolygon","coordinates":[[[[126.213368,33.375025],[126.213014,33.373852],[126.215225,33.374567],[126.215397,33.374271],[126.215118,33.373543],[126.215692,33.372658],[126.216032,33.370934],[126.216422,33.370375],[126.216075,33.369442],[126.216093,33.367099],[126.217105,33.36678],[126.21768,33.366193],[126.219378,33.36588],[126.221306,33.364942],[126.223034,33.364784],[126.223658,33.364328],[126.22405,33.364683],[126.224379,33.364502],[126.225379,33.362743],[126.226254,33.361843],[126.227058,33.361493],[126.226853,33.361084],[126.226947,33.360589],[126.227747,33.360534],[126.227738,33.35838],[126.228042,33.357768],[126.229069,33.356787],[126.229534,33.355244],[126.229104,33.354542],[126.229455,33.352793],[126.229909,33.352375],[126.230789,33.34966],[126.230661,33.3482],[126.230029,33.346987],[126.22948,33.346449],[126.229211,33.346366],[126.227748,33.347091],[126.22678,33.34702],[126.226049,33.347425],[126.225759,33.34921],[126.225212,33.349685],[126.224917,33.349588],[126.223651,33.350136],[126.220874,33.349568],[126.220244,33.349022],[126.219557,33.34883],[126.219153,33.348132],[126.218536,33.348135],[126.219189,33.346809],[126.219783,33.346233],[126.21928,33.345833],[126.218383,33.345637],[126.217521,33.346064],[126.216877,33.345999],[126.215388,33.345567],[126.214398,33.344852],[126.214045,33.345311],[126.213115,33.345338],[126.212648,33.345901],[126.21105,33.346047],[126.209692,33.347243],[126.20717,33.347715],[126.205943,33.348789],[126.203305,33.349052],[126.201454,33.351164],[126.200648,33.351346],[126.200059,33.351973],[126.199242,33.352085],[126.198894,33.352643],[126.198929,33.353318],[126.198237,33.353502],[126.19719,33.354404],[126.197182,33.355195],[126.196471,33.356935],[126.196864,33.357646],[126.196416,33.358368],[126.196597,33.359407],[126.196255,33.360305],[126.196894,33.362125],[126.195757,33.363328],[126.195686,33.363728],[126.196283,33.363998],[126.196432,33.364491],[126.195816,33.364883],[126.196679,33.365648],[126.197492,33.365939],[126.199607,33.365501],[126.200133,33.364986],[126.200966,33.365491],[126.201219,33.366057],[126.201665,33.365919],[126.20218,33.366225],[126.203232,33.367074],[126.203374,33.367503],[126.204694,33.368054],[126.20567,33.36881],[126.206056,33.369661],[126.205848,33.371214],[126.206694,33.372404],[126.210289,33.37412],[126.213368,33.375025]]]]}},{"type":"Feature","properties":{"level":"lio","code":"5011032025","name":"신양리","sig_cd":"50110","base_date":"20260701"},"geometry":{"type":"MultiPolygon","coordinates":[[[[126.317306,33.937837],[126.317528,33.937999],[126.317446,33.938824],[126.319001,33.938858],[126.319252,33.939271],[126.320002,33.941241],[126.318594,33.941307],[126.318489,33.942051],[126.318989,33.942356],[126.319816,33.943633],[126.321189,33.944598],[126.321739,33.944642],[126.322146,33.946803],[126.322921,33.947164],[126.3232,33.947699],[126.322964,33.948133],[126.325005,33.948569],[126.326902,33.948209],[126.328464,33.948592],[126.329261,33.948929],[126.329576,33.949584],[126.329115,33.950598],[126.330505,33.951176],[126.332084,33.950848],[126.333881,33.95104],[126.335493,33.950514],[126.335861,33.95002],[126.337068,33.949446],[126.337482,33.948937],[126.338496,33.948605],[126.339491,33.948929],[126.34004,33.949411],[126.341862,33.949446],[126.341636,33.946595],[126.340958,33.946466],[126.339111,33.94677],[126.33696,33.946232],[126.335761,33.946581],[126.335015,33.946415],[126.333806,33.945678],[126.333662,33.945115],[126.33431,33.944772],[126.334524,33.944348],[126.333965,33.944035],[126.331365,33.944722],[126.331147,33.944986],[126.330286,33.944798],[126.329237,33.940464],[126.329555,33.939163],[126.33012,33.938405],[126.329983,33.938334],[126.329428,33.939109],[126.329088,33.940463],[126.329961,33.943868],[126.32987,33.944069],[126.328014,33.944398],[126.328563,33.944568],[126.328444,33.945097],[126.327273,33.944914],[126.326537,33.943323],[126.326792,33.94324],[126.326491,33.943229],[126.325287,33.940679],[126.324081,33.940981],[126.323591,33.939594],[126.323709,33.938687],[126.324608,33.938553],[126.325566,33.938973],[126.325868,33.938494],[126.328221,33.93948],[126.324514,33.937683],[126.324804,33.937303],[126.324524,33.936518],[126.324342,33.936523],[126.324364,33.936103],[126.325186,33.934515],[126.326008,33.934601],[126.327239,33.935146],[126.329944,33.934486],[126.330823,33.933222],[126.329748,33.930803],[126.327792,33.930513],[126.32647,33.930897],[126.322188,33.930004],[126.321634,33.93028],[126.320954,33.931104],[126.32086,33.931512],[126.321209,33.932328],[126.319953,33.935966],[126.318349,33.936357],[126.317967,33.937485],[126.317306,33.937837]]],[[[126.320824,33.91543],[126.320869,33.915614],[126.322063,33.915536],[126.32333,33.914859],[126.326089,33.914908],[126.326168,33.914346],[126.327038,33.913443],[126.32608,33.912963],[126.325972,33.91246],[126.32665,33.911964],[126.326051,33.912177],[126.326065,33.911888],[126.324917,33.911164],[126.324615,33.910657],[126.324702,33.909806],[126.325113,33.909743],[126.324913,33.909563],[126.324005,33.909515],[126.323666,33.909222],[126.323481,33.909382],[126.323708,33.909707],[126.322892,33.910762],[126.323735,33.911022],[126.323392,33.911253],[126.324175,33.911797],[126.323998,33.912447],[126.323465,33.912896],[126.323184,33.912806],[126.322648,33.913105],[126.322632,33.913337],[126.323003,33.913371],[126.322167,33.913675],[126.322464,33.914102],[126.322202,33.913928],[126.321326,33.914414],[126.322202,33.914844],[126.320824,33.91543]]],[[[126.342996,33.903453],[126.343586,33.904212],[126.343159,33.904548],[126.343232,33.905969],[126.343842,33.906259],[126.344828,33.905682],[126.344759,33.90458],[126.344468,33.904275],[126.345074,33.903783],[126.344616,33.903547],[126.3444,33.902853],[126.343757,33.903256],[126.343748,33.902892],[126.343255,33.903282],[126.343059,33.903185],[126.342996,33.903453]]],[[[126.309478,33.939321],[126.310047,33.939632],[126.310182,33.940419],[126.310528,33.940796],[126.311242,33.940836],[126.311493,33.940553],[126.312217,33.940657],[126.312435,33.940509],[126.312352,33.940072],[126.312549,33.940059],[126.312317,33.939874],[126.312661,33.939765],[126.311685,33.938952],[126.310797,33.938959],[126.311746,33.939715],[126.309478,33.939321]]],[[[126.303629,33.903874],[126.304474,33.90402],[126.303899,33.904298],[126.303826,33.904525],[126.304059,33.904587],[126.304968,33.904125],[126.305123,33.903954],[126.304877,33.903875],[126.305212,33.903557],[126.305762,33.903469],[126.305555,33.903116],[126.305149,33.903108],[126.303629,33.903874]]],[[[126.311911,33.867285],[126.312143,33.867803],[126.312562,33.867363],[126.312367,33.867069],[126.311911,33.867285]]],[[[126.330807,33.927689],[126.3311,33.927651],[126.330989,33.92751],[126.330807,33.927689]]]]}},{"type":"Feature","properties":{"level":"lio","code":"5011025021","name":"귀덕리","sig_cd":"50110","base_date":"20260701"},"geometry":{"type":"MultiPolygon","coordinates":[[[[126.273186,33.435097],[126.273309,33.435261],[126.273686,33.435085],[126.273528,33.435184],[126.273746,33.43523],[126.274292,33.43664],[126.27529,33.437874],[126.275394,33.438541],[126.276263,33.439364],[126.27641,33.439997],[126.276133,33.44055],[126.277308,33.441021],[126.277169,33.441521],[126.277588,33.441835],[126.277604,33.442278],[126.277929,33.442625],[126.277751,33.443168],[126.278129,33.443355],[126.278109,33.44368],[126.27831,33.443044],[126.278936,33.442978],[126.278737,33.442428],[126.278986,33.442251],[126.279574,33.442533],[126.279674,33.442208],[126.281747,33.44256],[126.283322,33.442519],[126.284075,33.442929],[126.283682,33.444165],[126.284675,33.444685],[126.286173,33.44395],[126.286931,33.444237],[126.288352,33.443576],[126.288546,33.443744],[126.288935,33.443071],[126.289735,33.442928],[126.290812,33.443545],[126.291126,33.443328],[126.291507,33.443836],[126.292039,33.443471],[126.293341,33.443788],[126.293246,33.444374],[126.294455,33.445298],[126.294478,33.445541],[126.293967,33.445614],[126.293647,33.446269],[126.29275,33.446504],[126.293665,33.446392],[126.294502,33.445569],[126.294962,33.446423],[126.296496,33.446575],[126.296752,33.447007],[126.297718,33.446393],[126.298925,33.446284],[126.299827,33.445115],[126.298961,33.441865],[126.299019,33.44061],[126.298807,33.439917],[126.298962,33.439356],[126.300391,33.438511],[126.30116,33.436587],[126.300335,33.435712],[126.300332,33.434272],[126.299948,33.432884],[126.301205,33.430945],[126.301506,33.429367],[126.30242,33.428325],[126.303306,33.428011],[126.303549,33.427572],[126.303097,33.425229],[126.303226,33.424641],[126.302868,33.423415],[126.303476,33.420958],[126.302896,33.420588],[126.302585,33.41997],[126.302334,33.419013],[126.302462,33.418503],[126.302008,33.417608],[126.302211,33.416587],[126.302778,33.415892],[126.302965,33.415082],[126.302001,33.41565],[126.299444,33.415566],[126.29782,33.416119],[126.295308,33.416486],[126.294609,33.416935],[126.291843,33.415981],[126.29118,33.415354],[126.290898,33.414651],[126.290234,33.414296],[126.290104,33.415012],[126.290715,33.416976],[126.289133,33.418125],[126.28802,33.419353],[126.287549,33.419372],[126.286484,33.420114],[126.288015,33.421648],[126.288397,33.423446],[126.2896,33.42498],[126.288582,33.424985],[126.288431,33.425533],[126.287292,33.426977],[126.286363,33.426584],[126.285892,33.427122],[126.286022,33.42761],[126.285591,33.428276],[126.285786,33.428471],[126.285682,33.428905],[126.285389,33.429351],[126.284301,33.429695],[126.284201,33.430382],[126.283454,33.430055],[126.282353,33.43068],[126.280371,33.431103],[126.279318,33.432057],[126.27769,33.431837],[126.277502,33.432132],[126.276784,33.432202],[126.275513,33.433165],[126.274745,33.433437],[126.274145,33.434428],[126.273186,33.435097]]],[[[126.291545,33.446694],[126.292898,33.447251],[126.292928,33.447203],[126.291573,33.446645],[126.291545,33.446694]]],[[[126.291312,33.446605],[126.291505,33.446734],[126.291493,33.446577],[126.291312,33.446605]]]]}},{"type":"Feature","properties":{"level":"lio","code":"5011025628","name":"세화리","sig_cd":"50110","base_date":"20260701"},"geometry":{"type":"MultiPolygon","coordinates":[[[[126.800394,33.464349],[126.801032,33.465274],[126.80082,33.469362],[126.801051,33.470147],[126.801346,33.470374],[126.800972,33.471771],[126.802659,33.473495],[126.803676,33.475937],[126.803516,33.476283],[126.805044,33.478319],[126.80835,33.479252],[126.808557,33.479583],[126.810127,33.480456],[126.810081,33.481628],[126.811021,33.482234],[126.810254,33.48313],[126.810059,33.484208],[126.812801,33.488111],[126.813424,33.488438],[126.813608,33.491207],[126.814106,33.493036],[126.814624,33.493368],[126.814767,33.49393],[126.81587,33.495228],[126.81794,33.49714],[126.818683,33.498327],[126.819389,33.498954],[126.821731,33.499527],[126.823629,33.500398],[126.824191,33.501057],[126.82636,33.502012],[126.82982,33.504887],[126.830629,33.505041],[126.832816,33.506441],[126.833907,33.50739],[126.834984,33.508765],[126.835644,33.509137],[126.836216,33.510571],[126.837239,33.510743],[126.839005,33.512894],[126.840755,33.51383],[126.841103,33.514874],[126.842393,33.515128],[126.843024,33.515864],[126.844083,33.516556],[126.844524,33.517402],[126.845662,33.51857],[126.847152,33.518476],[126.848401,33.51878],[126.849368,33.519962],[126.849981,33.520137],[126.850481,33.520985],[126.852617,33.523186],[126.853166,33.5244],[126.855577,33.527863],[126.856509,33.527437],[126.856868,33.528107],[126.856676,33.528165],[126.856832,33.528532],[126.857139,33.528438],[126.857309,33.528892],[126.857,33.528974],[126.857084,33.5292],[126.857524,33.529173],[126.858561,33.529967],[126.857507,33.529078],[126.856437,33.526651],[126.858225,33.52615],[126.857732,33.525513],[126.858168,33.525328],[126.85953,33.525509],[126.859888,33.525196],[126.860841,33.524987],[126.860458,33.524846],[126.860963,33.524668],[126.862129,33.524918],[126.862616,33.52211],[126.863066,33.521544],[126.86373,33.519523],[126.862091,33.517495],[126.864109,33.515961],[126.863241,33.514091],[126.862837,33.514101],[126.862067,33.513621],[126.862781,33.512388],[126.861731,33.509992],[126.862276,33.508907],[126.862226,33.508201],[126.860879,33.507021],[126.860595,33.505596],[126.859802,33.504443],[126.85923,33.504079],[126.859245,33.503329],[126.858497,33.502458],[126.858028,33.500765],[126.857207,33.500086],[126.855754,33.496946],[126.854826,33.496339],[126.853917,33.495208],[126.852653,33.492955],[126.851553,33.49187],[126.851205,33.491853],[126.849134,33.489702],[126.848417,33.489341],[126.847924,33.488468],[126.847428,33.488276],[126.846296,33.484995],[126.842292,33.481805],[126.840761,33.481426],[126.840305,33.481022],[126.838308,33.480381],[126.837366,33.478769],[126.83637,33.477847],[126.83608,33.477341],[126.836283,33.476812],[126.834856,33.473903],[126.834721,33.472571],[126.834367,33.471728],[126.833413,33.470506],[126.832798,33.469038],[126.831225,33.466709],[126.831335,33.46626],[126.830638,33.464876],[126.829465,33.463215],[126.828762,33.462761],[126.828513,33.462081],[126.82705,33.461218],[126.823755,33.461691],[126.823001,33.462024],[126.821924,33.461504],[126.820229,33.461268],[126.817716,33.460262],[126.815994,33.460172],[126.812367,33.459102],[126.81058,33.459223],[126.809174,33.460324],[126.808161,33.460687],[126.806973,33.461532],[126.801815,33.463177],[126.800394,33.464349]]]]}},{"type":"Feature","properties":{"level":"lio","code":"5011025338","name":"금성리","sig_cd":"50110","base_date":"20260701"},"geometry":{"type":"MultiPolygon","coordinates":[[[[126.303476,33.420958],[126.302868,33.423415],[126.303226,33.424641],[126.303097,33.425229],[126.303549,33.427572],[126.303306,33.428011],[126.30242,33.428325],[126.301506,33.429367],[126.301205,33.430945],[126.299948,33.432884],[126.300332,33.434272],[126.300335,33.435712],[126.30116,33.436587],[126.300391,33.438511],[126.298962,33.439356],[126.298807,33.439917],[126.299019,33.44061],[126.298961,33.441865],[126.299827,33.445115],[126.298925,33.446284],[126.297775,33.446502],[126.298034,33.446736],[126.298401,33.446584],[126.297931,33.447078],[126.298505,33.446646],[126.299321,33.446782],[126.298981,33.446918],[126.299853,33.447267],[126.300397,33.447876],[126.300365,33.448167],[126.300837,33.44835],[126.30071,33.448631],[126.300995,33.44891],[126.302029,33.448713],[126.303224,33.447325],[126.304586,33.446289],[126.304688,33.444895],[126.304497,33.444222],[126.303144,33.442574],[126.303522,33.442268],[126.306448,33.442025],[126.307087,33.441649],[126.306797,33.441306],[126.306797,33.440615],[126.308775,33.438409],[126.308719,33.437427],[126.308986,33.436649],[126.311337,33.434349],[126.312124,33.432757],[126.313206,33.431437],[126.312929,33.431103],[126.311475,33.431214],[126.309004,33.430474],[126.308632,33.430757],[126.307694,33.430306],[126.307263,33.429805],[126.306926,33.429957],[126.306404,33.429079],[126.307138,33.428079],[126.306517,33.427679],[126.308185,33.425626],[126.30676,33.424969],[126.307275,33.424027],[126.307404,33.421],[126.304731,33.420544],[126.303476,33.420958]]]]}},{"type":"Feature","properties":{"level":"lio","code":"5011025337","name":"곽지리","sig_cd":"50110","base_date":"20260701"},"geometry":{"type":"MultiPolygon","coordinates":[[[[126.325879,33.44589],[126.326569,33.443806],[126.327275,33.443057],[126.327181,33.442727],[126.326049,33.442473],[126.325645,33.441663],[126.325149,33.441774],[126.324536,33.44153],[126.322498,33.43965],[126.320811,33.43911],[126.320615,33.438811],[126.320613,33.438353],[126.321102,33.437728],[126.323465,33.435679],[126.324013,33.434902],[126.322727,33.43322],[126.321518,33.432476],[126.321365,33.432063],[126.320096,33.431566],[126.319787,33.431212],[126.319319,33.431321],[126.318965,33.429289],[126.321556,33.426351],[126.323344,33.425424],[126.323769,33.424869],[126.325015,33.424039],[126.325293,33.42341],[126.323627,33.424113],[126.321798,33.425731],[126.319271,33.427005],[126.319068,33.427439],[126.317367,33.428512],[126.315885,33.429084],[126.314875,33.430706],[126.313171,33.431385],[126.312124,33.432757],[126.311337,33.434349],[126.308986,33.436649],[126.308719,33.437427],[126.308775,33.438409],[126.306797,33.440615],[126.306797,33.441306],[126.307087,33.441649],[126.306448,33.442025],[126.303522,33.442268],[126.303144,33.442574],[126.304497,33.444222],[126.304688,33.444895],[126.304586,33.446289],[126.303224,33.447325],[126.30191,33.448781],[126.302595,33.449027],[126.306349,33.452177],[126.30653,33.452816],[126.306305,33.453985],[126.307463,33.454508],[126.307742,33.455053],[126.308613,33.455775],[126.30884,33.456298],[126.308626,33.457201],[126.308952,33.457461],[126.308861,33.458069],[126.310613,33.4594],[126.311024,33.459464],[126.310976,33.458824],[126.310074,33.457546],[126.31021,33.457414],[126.311002,33.457324],[126.311496,33.456624],[126.312962,33.456621],[126.314307,33.456275],[126.314651,33.455931],[126.315223,33.456005],[126.316208,33.455666],[126.316836,33.455173],[126.317248,33.45446],[126.317384,33.453023],[126.317582,33.452699],[126.318007,33.45268],[126.31854,33.451715],[126.319192,33.451542],[126.319517,33.450993],[126.320213,33.450495],[126.32187,33.450151],[126.321942,33.449499],[126.322639,33.448937],[126.322553,33.448594],[126.323245,33.448142],[126.323201,33.447755],[126.323554,33.447503],[126.324067,33.447304],[126.324394,33.447868],[126.325967,33.447312],[126.325707,33.446354],[126.325879,33.44589]]]]}},{"type":"Feature","properties":{"level":"lio","code":"5011025930","name":"선흘리","sig_cd":"50110","base_date":"20260701"},"geometry":{"type":"MultiPolygon","coordinates":[[[[126.681304,33.451329],[126.681511,33.452085],[126.681355,33.452736],[126.681681,33.453722],[126.682735,33.454442],[126.684002,33.454512],[126.685148,33.455133],[126.685245,33.456164],[126.6864,33.456779],[126.686238,33.457119],[126.685772,33.457319],[126.68585,33.457591],[126.687005,33.458214],[126.686877,33.459027],[126.687938,33.459502],[126.688015,33.460027],[126.688878,33.46002],[126.690802,33.46152],[126.691411,33.462555],[126.692136,33.464785],[126.69177,33.465866],[126.693326,33.467517],[126.693366,33.467882],[126.694279,33.468227],[126.694532,33.468707],[126.695152,33.468947],[126.695045,33.469186],[126.69648,33.471406],[126.697096,33.471953],[126.697363,33.472661],[126.699065,33.473773],[126.699662,33.474674],[126.700294,33.476507],[126.699941,33.477878],[126.69911,33.478988],[126.698625,33.47913],[126.698667,33.479751],[126.698186,33.481072],[126.697776,33.48187],[126.696912,33.482758],[126.69664,33.484118],[126.694705,33.48504],[126.695232,33.486686],[126.695093,33.487419],[126.694513,33.487788],[126.694672,33.488834],[126.695216,33.489986],[126.695,33.491145],[126.694375,33.491933],[126.692954,33.492511],[126.691787,33.493571],[126.690255,33.49434],[126.688789,33.495586],[126.688423,33.498433],[126.687303,33.500769],[126.686575,33.501356],[126.685242,33.501916],[126.683747,33.504245],[126.683443,33.505894],[126.684854,33.506841],[126.685091,33.507851],[126.68571,33.508314],[126.685809,33.509977],[126.685022,33.51111],[126.68488,33.51256],[126.683382,33.513889],[126.682723,33.515096],[126.68263,33.515543],[126.683397,33.517025],[126.682648,33.517654],[126.682788,33.518381],[126.682565,33.519137],[126.681119,33.520684],[126.681153,33.521257],[126.681696,33.52195],[126.682257,33.521571],[126.68276,33.522078],[126.683443,33.522094],[126.683754,33.522436],[126.684093,33.522343],[126.684311,33.522864],[126.685041,33.523189],[126.685991,33.522751],[126.686498,33.522998],[126.68625,33.523678],[126.687308,33.523431],[126.687722,33.523966],[126.688913,33.524045],[126.689454,33.523619],[126.690512,33.523286],[126.69091,33.523378],[126.691034,33.523738],[126.692064,33.524409],[126.692789,33.524637],[126.696234,33.524995],[126.701498,33.524394],[126.703699,33.524662],[126.705367,33.524575],[126.708272,33.525343],[126.710911,33.525518],[126.711473,33.525189],[126.712242,33.525143],[126.713729,33.525418],[126.718906,33.520181],[126.720611,33.518735],[126.721279,33.51796],[126.721688,33.517015],[126.723262,33.515556],[126.724336,33.513833],[126.725707,33.512344],[126.729456,33.509588],[126.734493,33.506561],[126.733885,33.502408],[126.734189,33.501529],[126.733493,33.499663],[126.733482,33.49725],[126.733004,33.496078],[126.733098,33.494065],[126.732645,33.493608],[126.732974,33.49198],[126.732845,33.491546],[126.731517,33.490794],[126.731343,33.489652],[126.730414,33.488714],[126.730039,33.486645],[126.73056,33.485266],[126.731385,33.484732],[126.73224,33.483094],[126.731799,33.482699],[126.730462,33.483114],[126.730401,33.482315],[126.729875,33.482145],[126.729541,33.480819],[126.72863,33.480279],[126.728362,33.479829],[126.728764,33.479081],[126.728771,33.478493],[126.725985,33.475942],[126.725523,33.474305],[126.725711,33.473697],[126.72533,33.472879],[126.725876,33.471295],[126.724585,33.466921],[126.72409,33.466091],[126.724544,33.464137],[126.724403,33.463401],[126.724837,33.462186],[126.72548,33.462094],[126.72651,33.46067],[126.725928,33.460056],[126.726681,33.45714],[126.723706,33.455691],[126.722752,33.455446],[126.722023,33.452834],[126.721185,33.452147],[126.720263,33.452],[126.720251,33.45051],[126.721003,33.447115],[126.718996,33.446292],[126.71364,33.445194],[126.712205,33.443708],[126.712065,33.443293],[126.711705,33.443235],[126.71087,33.442454],[126.710404,33.442971],[126.709753,33.442793],[126.706161,33.441334],[126.703924,33.44009],[126.702857,33.439812],[126.701731,33.438741],[126.699039,33.437808],[126.697049,33.437667],[126.696878,33.437461],[126.695571,33.437861],[126.694637,33.440391],[126.693288,33.442806],[126.69196,33.444387],[126.687757,33.447237],[126.683301,33.44919],[126.681558,33.450364],[126.681516,33.451296],[126.681304,33.451329]]]]}},{"type":"Feature","properties":{"level":"lio","code":"5011025926","name":"대흘리","sig_cd":"50110","base_date":"20260701"},"geometry":{"type":"MultiPolygon","coordinates":[[[[126.661529,33.45515],[126.662402,33.456102],[126.663059,33.457465],[126.663132,33.458733],[126.661707,33.460883],[126.661533,33.462249],[126.661051,33.462921],[126.661074,33.463783],[126.660266,33.464713],[126.659831,33.468433],[126.660035,33.469767],[126.658985,33.472606],[126.658972,33.474044],[126.658468,33.475253],[126.658648,33.477161],[126.658143,33.478029],[126.658517,33.478391],[126.65797,33.479928],[126.657161,33.480975],[126.656125,33.4818],[126.65493,33.48359],[126.653895,33.484025],[126.653019,33.485554],[126.65292,33.486436],[126.65118,33.488863],[126.650253,33.48919],[126.650238,33.489898],[126.649716,33.491353],[126.648687,33.49228],[126.648209,33.493657],[126.647166,33.494364],[126.647073,33.494826],[126.64748,33.495669],[126.647137,33.495809],[126.64615,33.497729],[126.645591,33.500189],[126.644724,33.500824],[126.643804,33.502106],[126.643695,33.502715],[126.643091,33.503104],[126.642685,33.503075],[126.642297,33.503593],[126.642123,33.504041],[126.642443,33.504688],[126.641948,33.505587],[126.642062,33.506067],[126.642999,33.506165],[126.642854,33.506596],[126.643312,33.507659],[126.644096,33.508708],[126.645456,33.509578],[126.646711,33.509662],[126.6467,33.509875],[126.647251,33.510201],[126.647737,33.509968],[126.648092,33.510223],[126.649191,33.510302],[126.652448,33.51004],[126.653975,33.511476],[126.654374,33.51104],[126.655071,33.511062],[126.655318,33.511976],[126.655984,33.511944],[126.656529,33.511279],[126.65916,33.509779],[126.659154,33.510166],[126.659786,33.510306],[126.659891,33.511019],[126.661029,33.511713],[126.660886,33.512026],[126.661215,33.513369],[126.659861,33.516029],[126.659841,33.517364],[126.659419,33.518469],[126.661108,33.517688],[126.661162,33.517443],[126.663121,33.517123],[126.665408,33.516275],[126.667285,33.516176],[126.667864,33.51576],[126.670801,33.515642],[126.671573,33.515769],[126.672669,33.516549],[126.673434,33.515792],[126.674802,33.515021],[126.67671,33.514684],[126.677863,33.514181],[126.682553,33.511317],[126.684056,33.510706],[126.685022,33.51111],[126.685809,33.509977],[126.685855,33.508586],[126.685091,33.507851],[126.684854,33.506841],[126.683443,33.505894],[126.683747,33.504245],[126.68491,33.502345],[126.685242,33.501916],[126.686575,33.501356],[126.685248,33.501078],[126.684157,33.500016],[126.683364,33.500141],[126.682213,33.4995],[126.680552,33.499464],[126.678997,33.498823],[126.678683,33.499017],[126.676744,33.498784],[126.67443,33.49792],[126.674158,33.498061],[126.673777,33.497864],[126.673012,33.497986],[126.67243,33.497684],[126.671437,33.497766],[126.671675,33.496903],[126.672122,33.496375],[126.671675,33.494497],[126.67205,33.493175],[126.671159,33.491262],[126.670961,33.490164],[126.671246,33.489759],[126.670849,33.48716],[126.669907,33.48505],[126.670407,33.484181],[126.670171,33.483693],[126.670673,33.482558],[126.670558,33.48182],[126.670768,33.481559],[126.670543,33.480581],[126.670895,33.478863],[126.671759,33.477598],[126.673323,33.475969],[126.673586,33.474948],[126.675243,33.473931],[126.675634,33.472767],[126.677166,33.471133],[126.678016,33.469325],[126.678265,33.467975],[126.679073,33.466412],[126.679766,33.465876],[126.679898,33.46527],[126.679575,33.464584],[126.679771,33.463511],[126.680368,33.462942],[126.680967,33.461738],[126.681027,33.460342],[126.680656,33.459813],[126.680633,33.459166],[126.681365,33.456743],[126.681686,33.454574],[126.681718,33.453787],[126.681355,33.452736],[126.681466,33.451496],[126.681304,33.451329],[126.677897,33.452727],[126.674985,33.453364],[126.669043,33.45355],[126.661529,33.45515]],[[126.671385,33.491795],[126.671627,33.492178],[126.671457,33.492159],[126.671385,33.491795]],[[126.671661,33.492281],[126.671684,33.492296],[126.671692,33.492324],[126.671708,33.492375],[126.671558,33.492409],[126.671543,33.492412],[126.671532,33.492387],[126.671534,33.492294],[126.671565,33.492295],[126.671626,33.492298],[126.671629,33.492299],[126.671661,33.492281]],[[126.670848,33.489025],[126.670951,33.489053],[126.670975,33.489142],[126.670978,33.489193],[126.671,33.489262],[126.670833,33.489055],[126.670848,33.489025]]]]}},{"type":"Feature","properties":{"level":"lio","code":"5011025624","name":"덕천리","sig_cd":"50110","base_date":"20260701"},"geometry":{"type":"MultiPolygon","coordinates":[[[[126.734493,33.506561],[126.735531,33.506012],[126.735883,33.506184],[126.737142,33.508463],[126.737171,33.509748],[126.737843,33.511396],[126.738782,33.511868],[126.739653,33.512661],[126.740762,33.513083],[126.742256,33.514322],[126.742448,33.515506],[126.742142,33.516048],[126.742721,33.517887],[126.745476,33.517446],[126.746986,33.516453],[126.74731,33.515475],[126.747862,33.515234],[126.74843,33.513889],[126.747652,33.513519],[126.747597,33.512994],[126.748343,33.512384],[126.748553,33.511606],[126.752303,33.512116],[126.753414,33.512734],[126.756251,33.513258],[126.757667,33.514371],[126.759475,33.51676],[126.759707,33.516055],[126.761045,33.515293],[126.761232,33.514841],[126.76212,33.5141],[126.76245,33.513385],[126.764123,33.513245],[126.764896,33.512668],[126.766126,33.512763],[126.766261,33.512141],[126.7667,33.511695],[126.767396,33.512499],[126.767557,33.513155],[126.768537,33.513645],[126.769211,33.512857],[126.770955,33.511615],[126.769899,33.511483],[126.769593,33.511224],[126.769876,33.510383],[126.769754,33.509968],[126.770233,33.509063],[126.770984,33.50856],[126.773094,33.508639],[126.773496,33.508359],[126.776241,33.508191],[126.779479,33.507371],[126.78069,33.507549],[126.781138,33.507115],[126.782566,33.507043],[126.784932,33.506024],[126.786886,33.50577],[126.787079,33.502871],[126.786115,33.500851],[126.786508,33.499547],[126.782207,33.499062],[126.78089,33.499375],[126.780211,33.498739],[126.778372,33.499349],[126.778061,33.499676],[126.777115,33.499783],[126.776021,33.499523],[126.775225,33.499029],[126.775024,33.49753],[126.774303,33.497328],[126.774456,33.496988],[126.774239,33.496744],[126.772517,33.496102],[126.772326,33.495742],[126.77241,33.493977],[126.771214,33.493147],[126.770319,33.493467],[126.769555,33.494156],[126.768531,33.494299],[126.766714,33.494994],[126.765629,33.495805],[126.763989,33.496225],[126.763556,33.496101],[126.763448,33.494637],[126.763017,33.493797],[126.764021,33.491798],[126.764314,33.491671],[126.764559,33.490804],[126.766135,33.488814],[126.766802,33.487284],[126.768327,33.485573],[126.768383,33.48485],[126.768831,33.484061],[126.768254,33.483989],[126.765854,33.484722],[126.765478,33.484508],[126.764005,33.484656],[126.762673,33.484266],[126.761372,33.48455],[126.760947,33.484299],[126.76039,33.484333],[126.759474,33.481787],[126.759441,33.480592],[126.758532,33.478156],[126.756679,33.47577],[126.756015,33.475355],[126.755078,33.475636],[126.754373,33.474477],[126.754634,33.474208],[126.753113,33.473111],[126.750382,33.470556],[126.749166,33.468479],[126.75206,33.467057],[126.750375,33.466161],[126.74998,33.4646],[126.74801,33.463163],[126.744629,33.461466],[126.742658,33.461213],[126.740929,33.460356],[126.740436,33.459702],[126.738198,33.458904],[126.736457,33.457588],[126.735182,33.455561],[126.73436,33.452394],[126.735258,33.450151],[126.733727,33.446964],[126.733618,33.445997],[126.733914,33.444088],[126.732536,33.442145],[126.730422,33.439883],[126.730293,33.439242],[126.729636,33.438652],[126.729843,33.437893],[126.729309,33.437502],[126.728254,33.437614],[126.726361,33.438891],[126.723418,33.438565],[126.722266,33.439679],[126.721638,33.442398],[126.721399,33.445292],[126.720386,33.449658],[126.720263,33.452],[126.721185,33.452147],[126.722023,33.452834],[126.722752,33.455446],[126.723706,33.455691],[126.726681,33.45714],[126.725928,33.460056],[126.72651,33.46067],[126.72548,33.462094],[126.724837,33.462186],[126.724403,33.463401],[126.724544,33.464137],[126.72409,33.466091],[126.724585,33.466921],[126.725876,33.471295],[126.72533,33.472879],[126.725711,33.473697],[126.725523,33.474305],[126.725985,33.475942],[126.728771,33.478493],[126.728764,33.479081],[126.728362,33.479829],[126.72863,33.480279],[126.729541,33.480819],[126.729875,33.482145],[126.730401,33.482315],[126.730462,33.483114],[126.731799,33.482699],[126.73224,33.483094],[126.731385,33.484732],[126.73056,33.485266],[126.730039,33.486645],[126.730414,33.488714],[126.731343,33.489652],[126.731517,33.490794],[126.732845,33.491546],[126.732974,33.49198],[126.732645,33.493608],[126.733098,33.494065],[126.733004,33.496078],[126.733482,33.49725],[126.733493,33.499663],[126.734189,33.501529],[126.733885,33.502408],[126.734493,33.506561]]]]}},{"type":"Feature","properties":{"level":"lio","code":"5011025922","name":"와흘리","sig_cd":"50110","base_date":"20260701"},"geometry":{"type":"MultiPolygon","coordinates":[[[[126.661529,33.45515],[126.657522,33.457375],[126.652666,33.457892],[126.645779,33.457988],[126.642819,33.458589],[126.641497,33.458587],[126.641149,33.462541],[126.640365,33.463742],[126.638746,33.464927],[126.637441,33.466812],[126.637368,33.468181],[126.636938,33.469613],[126.637171,33.472349],[126.636865,33.473138],[126.637476,33.474001],[126.636714,33.476642],[126.636292,33.477001],[126.635797,33.478356],[126.634625,33.479924],[126.634416,33.480636],[126.633824,33.480977],[126.633372,33.481654],[126.632567,33.482221],[126.632152,33.482947],[126.631427,33.483488],[126.631508,33.483862],[126.63053,33.485334],[126.62892,33.486397],[126.62882,33.487798],[126.628175,33.488651],[126.628312,33.488963],[126.627846,33.489607],[126.626993,33.490525],[126.626013,33.491057],[126.625771,33.491594],[126.623571,33.49301],[126.621195,33.497664],[126.621179,33.498514],[126.62033,33.499333],[126.620007,33.500509],[126.620143,33.501186],[126.619855,33.501841],[126.620126,33.503324],[126.619245,33.506656],[126.619779,33.507567],[126.619711,33.508954],[126.61939,33.509432],[126.619448,33.510567],[126.619925,33.511351],[126.619975,33.512511],[126.620444,33.51319],[126.621091,33.513638],[126.622189,33.512488],[126.622541,33.511276],[126.623243,33.510101],[126.624125,33.50924],[126.624775,33.508981],[126.624707,33.508294],[126.625861,33.507071],[126.62624,33.507039],[126.627384,33.507661],[126.627886,33.508182],[126.631541,33.507486],[126.631979,33.506896],[126.632233,33.506913],[126.632833,33.507267],[126.632678,33.507566],[126.633026,33.50867],[126.633505,33.508736],[126.635,33.508174],[126.635495,33.508255],[126.636745,33.507573],[126.637737,33.50735],[126.638692,33.506423],[126.639474,33.506408],[126.640718,33.505608],[126.642062,33.506067],[126.641948,33.505587],[126.642443,33.504688],[126.642123,33.504041],[126.642297,33.503593],[126.642685,33.503075],[126.643091,33.503104],[126.643695,33.502715],[126.643804,33.502106],[126.644724,33.500824],[126.645591,33.500189],[126.64615,33.497729],[126.647137,33.495809],[126.64748,33.495669],[126.647073,33.494826],[126.647166,33.494364],[126.648209,33.493657],[126.648687,33.49228],[126.649716,33.491353],[126.650238,33.489898],[126.650253,33.48919],[126.65118,33.488863],[126.65292,33.486436],[126.653019,33.485554],[126.653895,33.484025],[126.65493,33.48359],[126.656125,33.4818],[126.657161,33.480975],[126.65797,33.479928],[126.658517,33.478391],[126.658143,33.478029],[126.658648,33.477161],[126.658468,33.475253],[126.658972,33.474044],[126.658985,33.472606],[126.660035,33.469767],[126.659831,33.468433],[126.660266,33.464713],[126.661074,33.463783],[126.661051,33.462921],[126.661533,33.462249],[126.661707,33.460883],[126.663132,33.458733],[126.663059,33.457465],[126.662402,33.456102],[126.661529,33.45515]]]]}},{"type":"Feature","properties":{"level":"lio","code":"5011025928","name":"와산리","sig_cd":"50110","base_date":"20260701"},"geometry":{"type":"MultiPolygon","coordinates":[[[[126.681684,33.453725],[126.681365,33.456743],[126.680633,33.459166],[126.680656,33.459813],[126.681027,33.460342],[126.680967,33.461738],[126.680368,33.462942],[126.679771,33.463511],[126.679575,33.464584],[126.679898,33.46527],[126.679766,33.465876],[126.679073,33.466412],[126.678265,33.467975],[126.678016,33.469325],[126.677166,33.471133],[126.675634,33.472767],[126.675243,33.473931],[126.673586,33.474948],[126.673323,33.475969],[126.671759,33.477598],[126.670895,33.478863],[126.670543,33.480581],[126.670768,33.481559],[126.670558,33.48182],[126.670673,33.482558],[126.670171,33.483693],[126.670407,33.484181],[126.669907,33.48505],[126.670849,33.48716],[126.671246,33.489759],[126.670961,33.490164],[126.671159,33.491262],[126.67205,33.493175],[126.671675,33.494497],[126.672122,33.496375],[126.671675,33.496903],[126.671437,33.497766],[126.67243,33.497684],[126.673012,33.497986],[126.673777,33.497864],[126.674158,33.498061],[126.67443,33.49792],[126.676744,33.498784],[126.678683,33.499017],[126.678997,33.498823],[126.680552,33.499464],[126.682213,33.4995],[126.683364,33.500141],[126.684157,33.500016],[126.685248,33.501078],[126.686575,33.501356],[126.687303,33.500769],[126.688423,33.498433],[126.688789,33.495586],[126.690255,33.49434],[126.691787,33.493571],[126.692954,33.492511],[126.694375,33.491933],[126.695,33.491145],[126.695216,33.489986],[126.694672,33.488834],[126.694513,33.487788],[126.695093,33.487419],[126.695232,33.486686],[126.694705,33.48504],[126.69664,33.484118],[126.696912,33.482758],[126.697776,33.48187],[126.698186,33.481072],[126.698667,33.479751],[126.698625,33.47913],[126.69911,33.478988],[126.699941,33.477878],[126.700294,33.476507],[126.699662,33.474674],[126.699065,33.473773],[126.697363,33.472661],[126.697096,33.471953],[126.69648,33.471406],[126.695045,33.469186],[126.695152,33.468947],[126.694532,33.468707],[126.694279,33.468227],[126.693366,33.467882],[126.693326,33.467517],[126.69177,33.465866],[126.692136,33.464785],[126.691411,33.462555],[126.690802,33.46152],[126.688878,33.46002],[126.688015,33.460027],[126.687938,33.459502],[126.686877,33.459027],[126.687005,33.458214],[126.68585,33.457591],[126.685772,33.457319],[126.686238,33.457119],[126.6864,33.456779],[126.685245,33.456164],[126.685148,33.455133],[126.684002,33.454512],[126.682735,33.454442],[126.681684,33.453725]]],[[[126.671385,33.491795],[126.671457,33.492159],[126.671627,33.492178],[126.671385,33.491795]]],[[[126.671661,33.492281],[126.671629,33.492299],[126.671626,33.492298],[126.671565,33.492295],[126.671534,33.492294],[126.671532,33.492387],[126.671543,33.492412],[126.671558,33.492409],[126.671708,33.492375],[126.671692,33.492324],[126.671684,33.492296],[126.671661,33.492281]]],[[[126.670848,33.489025],[126.670833,33.489055],[126.671,33.489262],[126.670978,33.489193],[126.670975,33.489142],[126.670951,33.489053],[126.670848,33.489025]]]]}},{"type":"Feature","properties":{"level":"lio","code":"5011025625","name":"송당리","sig_cd":"50110","base_date":"20260701"},"geometry":{"type":"MultiPolygon","coordinates":[[[[126.77191,33.427875],[126.769847,33.426137],[126.764316,33.423096],[126.762587,33.422558],[126.762738,33.422213],[126.76218,33.421882],[126.757251,33.420367],[126.752904,33.419993],[126.75058,33.419423],[126.741405,33.420269],[126.738743,33.421145],[126.733425,33.424331],[126.730994,33.427884],[126.730308,33.429475],[126.725674,33.434577],[126.725309,33.435175],[126.725095,33.436646],[126.724786,33.437244],[126.723418,33.438565],[126.726361,33.438891],[126.728254,33.437614],[126.729309,33.437502],[126.729843,33.437893],[126.729636,33.438652],[126.730293,33.439242],[126.730422,33.439883],[126.732536,33.442145],[126.733914,33.444088],[126.733618,33.445997],[126.733727,33.446964],[126.735258,33.450151],[126.73436,33.452394],[126.735182,33.455561],[126.73578,33.456739],[126.736526,33.457658],[126.738198,33.458904],[126.740436,33.459702],[126.740929,33.460356],[126.742658,33.461213],[126.744629,33.461466],[126.74801,33.463163],[126.74998,33.4646],[126.750375,33.466161],[126.75206,33.467057],[126.749166,33.468479],[126.750382,33.470556],[126.753113,33.473111],[126.754634,33.474208],[126.754373,33.474477],[126.755078,33.475636],[126.756015,33.475355],[126.756679,33.47577],[126.758532,33.478156],[126.759441,33.480592],[126.759474,33.481787],[126.76039,33.484333],[126.760947,33.484299],[126.761372,33.48455],[126.762673,33.484266],[126.764005,33.484656],[126.765478,33.484508],[126.765854,33.484722],[126.768254,33.483989],[126.768831,33.484061],[126.768383,33.48485],[126.768327,33.485573],[126.766802,33.487284],[126.766135,33.488814],[126.764559,33.490804],[126.764314,33.491671],[126.764021,33.491798],[126.763017,33.493797],[126.763448,33.494637],[126.763644,33.496198],[126.765629,33.495805],[126.766714,33.494994],[126.768531,33.494299],[126.769555,33.494156],[126.770319,33.493467],[126.771121,33.493124],[126.77241,33.493977],[126.772326,33.495742],[126.772517,33.496102],[126.774239,33.496744],[126.774456,33.496988],[126.774303,33.497328],[126.775024,33.49753],[126.775225,33.499029],[126.776021,33.499523],[126.777115,33.499783],[126.778061,33.499676],[126.778372,33.499349],[126.780211,33.498739],[126.78089,33.499375],[126.782207,33.499062],[126.786701,33.499536],[126.787401,33.498214],[126.787048,33.496614],[126.787254,33.496333],[126.787165,33.49497],[126.786577,33.49384],[126.787009,33.492894],[126.786834,33.492435],[126.787101,33.492197],[126.788336,33.491955],[126.788752,33.492148],[126.790341,33.49102],[126.791803,33.49062],[126.796814,33.489894],[126.798902,33.490705],[126.799996,33.491553],[126.801995,33.4922],[126.801518,33.490692],[126.800888,33.489617],[126.798794,33.487429],[126.797809,33.486835],[126.795729,33.483975],[126.795112,33.482347],[126.795231,33.481829],[126.798939,33.4821],[126.801878,33.481603],[126.803932,33.478431],[126.805044,33.478319],[126.803516,33.476283],[126.803676,33.475937],[126.802659,33.473495],[126.800972,33.471771],[126.801346,33.470374],[126.801051,33.470147],[126.80082,33.469362],[126.801032,33.465274],[126.800394,33.464349],[126.801815,33.463177],[126.806973,33.461532],[126.808161,33.460687],[126.809174,33.460324],[126.81058,33.459223],[126.812367,33.459102],[126.815994,33.460172],[126.817788,33.460295],[126.815696,33.457729],[126.813731,33.456613],[126.811971,33.455118],[126.810084,33.45432],[126.808754,33.454368],[126.808358,33.453786],[126.808404,33.453343],[126.80776,33.453087],[126.806405,33.451794],[126.805377,33.452085],[126.804046,33.451853],[126.803362,33.452265],[126.801964,33.451658],[126.801515,33.450995],[126.800666,33.450384],[126.801217,33.449936],[126.801054,33.449549],[126.799308,33.448219],[126.799224,33.447525],[126.798927,33.447179],[126.797317,33.446382],[126.796664,33.445767],[126.796256,33.443751],[126.795374,33.441695],[126.794937,33.441568],[126.794611,33.441096],[126.792863,33.441381],[126.788563,33.441355],[126.787842,33.440859],[126.786681,33.4389],[126.78346,33.434902],[126.782472,33.43445],[126.778478,33.433992],[126.777953,33.433059],[126.775296,33.430268],[126.773076,33.428916],[126.77191,33.427875]]]]}},{"type":"Feature","properties":{"level":"lio","code":"5011025323","name":"상귀리","sig_cd":"50110","base_date":"20260701"},"geometry":{"type":"MultiPolygon","coordinates":[[[[126.401124,33.453711],[126.401148,33.454236],[126.401904,33.454847],[126.402034,33.45577],[126.402354,33.456279],[126.402183,33.457499],[126.402468,33.458717],[126.400778,33.459541],[126.400385,33.460033],[126.398452,33.460052],[126.397984,33.460276],[126.397892,33.460735],[126.397441,33.460613],[126.397625,33.461503],[126.397263,33.462413],[126.397471,33.462892],[126.396958,33.464187],[126.398405,33.466729],[126.398689,33.467737],[126.39816,33.468165],[126.397457,33.467909],[126.396776,33.468343],[126.396557,33.46881],[126.398139,33.469243],[126.399687,33.469357],[126.401028,33.46909],[126.401378,33.469251],[126.401444,33.469921],[126.401956,33.470069],[126.402156,33.47059],[126.40213,33.471643],[126.401767,33.472259],[126.403503,33.472607],[126.403742,33.47289],[126.404591,33.472773],[126.405276,33.473032],[126.405089,33.473424],[126.405446,33.473822],[126.405327,33.474476],[126.406509,33.475144],[126.406633,33.475595],[126.407458,33.475366],[126.406689,33.476644],[126.408028,33.477517],[126.407594,33.478178],[126.40885,33.478228],[126.410528,33.478858],[126.410624,33.479141],[126.412293,33.478553],[126.4143,33.478833],[126.414836,33.476921],[126.415317,33.476572],[126.415225,33.475923],[126.415815,33.474928],[126.41572,33.474379],[126.416075,33.474],[126.416177,33.472841],[126.415925,33.47199],[126.4161,33.471141],[126.415568,33.470495],[126.415386,33.469218],[126.414929,33.468851],[126.4136,33.468908],[126.411889,33.468094],[126.409693,33.467844],[126.408741,33.468165],[126.40849,33.467943],[126.409218,33.466767],[126.4095,33.46576],[126.408424,33.464493],[126.40851,33.463525],[126.408227,33.461593],[126.408571,33.460395],[126.409095,33.459801],[126.409,33.458747],[126.410656,33.457345],[126.411257,33.456366],[126.411071,33.454541],[126.411534,33.452966],[126.411404,33.452066],[126.411934,33.451045],[126.412341,33.449503],[126.412315,33.448217],[126.412701,33.447539],[126.412642,33.446912],[126.412074,33.44621],[126.412104,33.44565],[126.411599,33.445417],[126.411805,33.446272],[126.410654,33.446685],[126.410221,33.447387],[126.40983,33.44727],[126.40955,33.447469],[126.409595,33.448008],[126.409019,33.448183],[126.408935,33.448787],[126.40807,33.449129],[126.407476,33.449084],[126.406663,33.449502],[126.405898,33.44931],[126.405363,33.449682],[126.405071,33.449464],[126.404174,33.449737],[126.404076,33.450478],[126.403276,33.451523],[126.403049,33.452385],[126.401257,33.453396],[126.401124,33.453711]]]]}},{"type":"Feature","properties":{"level":"lio","code":"5011025321","name":"광령리","sig_cd":"50110","base_date":"20260701"},"geometry":{"type":"MultiPolygon","coordinates":[[[[126.449212,33.35908],[126.448545,33.361656],[126.448834,33.362096],[126.449229,33.364534],[126.448423,33.365585],[126.447621,33.366171],[126.447283,33.366825],[126.446121,33.367506],[126.445715,33.368709],[126.44894,33.370004],[126.45019,33.370823],[126.448283,33.37366],[126.449276,33.374504],[126.449274,33.375271],[126.448775,33.376105],[126.448968,33.376369],[126.447883,33.376913],[126.448005,33.380355],[126.448537,33.381669],[126.448677,33.383104],[126.448158,33.38644],[126.445932,33.388661],[126.445444,33.393519],[126.445026,33.394231],[126.443979,33.395161],[126.443375,33.396509],[126.443155,33.39892],[126.442512,33.400478],[126.442182,33.402206],[126.444261,33.40609],[126.444437,33.407639],[126.442949,33.409094],[126.442211,33.410366],[126.441732,33.412219],[126.440482,33.413852],[126.440377,33.414592],[126.441086,33.417833],[126.440369,33.419137],[126.438558,33.419792],[126.437417,33.420593],[126.436553,33.423075],[126.435451,33.42371],[126.434929,33.425125],[126.434656,33.425026],[126.433411,33.427083],[126.432291,33.427665],[126.431163,33.428902],[126.431164,33.42932],[126.430864,33.429442],[126.430998,33.430414],[126.429678,33.432008],[126.430006,33.433545],[126.429409,33.434236],[126.429634,33.43521],[126.429493,33.435614],[126.42865,33.436361],[126.428686,33.436831],[126.427807,33.437568],[126.427871,33.437936],[126.426594,33.44022],[126.426268,33.440347],[126.426042,33.440872],[126.424602,33.441769],[126.423971,33.441869],[126.422085,33.442839],[126.42181,33.443228],[126.421882,33.443587],[126.421284,33.444383],[126.419969,33.445628],[126.4197,33.446597],[126.41985,33.44701],[126.420761,33.447197],[126.421159,33.448409],[126.421075,33.449487],[126.420184,33.452497],[126.421187,33.455272],[126.420338,33.458015],[126.420851,33.463027],[126.420199,33.464789],[126.419641,33.465233],[126.420781,33.466656],[126.421527,33.468193],[126.421672,33.469339],[126.422338,33.470253],[126.423654,33.471286],[126.424678,33.472623],[126.424642,33.472972],[126.425137,33.47297],[126.425603,33.473438],[126.428076,33.473053],[126.430274,33.473655],[126.432126,33.473067],[126.432593,33.473169],[126.432951,33.473281],[126.43258,33.474305],[126.434053,33.474388],[126.435533,33.474837],[126.436237,33.475365],[126.43848,33.476221],[126.441016,33.476384],[126.441513,33.476629],[126.441895,33.477653],[126.443081,33.477829],[126.44329,33.476267],[126.443168,33.475144],[126.443787,33.474712],[126.443813,33.473534],[126.445463,33.4704],[126.445248,33.469472],[126.445525,33.468266],[126.44515,33.466644],[126.445255,33.465529],[126.445529,33.464932],[126.446473,33.464265],[126.446418,33.463056],[126.447687,33.462274],[126.447822,33.461732],[126.447891,33.459842],[126.447502,33.459125],[126.447394,33.457234],[126.446827,33.456642],[126.446621,33.455515],[126.445955,33.454763],[126.446295,33.451902],[126.446819,33.451197],[126.446556,33.449337],[126.446929,33.448576],[126.44826,33.447412],[126.44902,33.44518],[126.450575,33.442216],[126.450648,33.44156],[126.450127,33.440204],[126.449542,33.439715],[126.448837,33.436447],[126.448495,33.436007],[126.447644,33.435995],[126.446593,33.435606],[126.446182,33.434523],[126.447391,33.432799],[126.447238,33.432445],[126.447703,33.431778],[126.448113,33.429729],[126.448339,33.429513],[126.447994,33.427895],[126.448192,33.425639],[126.447846,33.424883],[126.448634,33.421485],[126.448438,33.421133],[126.448905,33.418887],[126.448948,33.416677],[126.449421,33.416262],[126.449692,33.415282],[126.449424,33.413733],[126.44953,33.41268],[126.45016,33.412082],[126.450896,33.411877],[126.451121,33.411144],[126.45156,33.410759],[126.451537,33.409075],[126.452175,33.407963],[126.452623,33.407467],[126.453851,33.406999],[126.456408,33.405187],[126.456485,33.404744],[126.457783,33.403461],[126.458133,33.402106],[126.457586,33.401188],[126.457846,33.400676],[126.45796,33.398498],[126.458681,33.397536],[126.459181,33.397562],[126.459638,33.397109],[126.459328,33.396076],[126.460434,33.395669],[126.461543,33.394903],[126.462809,33.394672],[126.463466,33.394911],[126.465443,33.3939],[126.466568,33.393833],[126.46734,33.392982],[126.467545,33.392352],[126.47045,33.391582],[126.471407,33.390979],[126.472499,33.391202],[126.474827,33.389514],[126.475348,33.38877],[126.47623,33.388126],[126.477047,33.388375],[126.478146,33.388024],[126.478658,33.388501],[126.479562,33.38798],[126.48023,33.388287],[126.481431,33.387896],[126.482684,33.388571],[126.483482,33.387997],[126.4842,33.388809],[126.485769,33.388858],[126.48693,33.389728],[126.487911,33.389781],[126.489825,33.390492],[126.490801,33.390215],[126.491722,33.390366],[126.49265,33.389265],[126.494464,33.389139],[126.495466,33.388142],[126.495944,33.388355],[126.496435,33.387554],[126.498274,33.38682],[126.499081,33.385909],[126.499181,33.385492],[126.500346,33.385214],[126.500655,33.3848],[126.501214,33.384951],[126.502066,33.3847],[126.502575,33.38394],[126.503188,33.383528],[126.504968,33.383219],[126.505944,33.383552],[126.506394,33.383249],[126.507235,33.383575],[126.510411,33.383305],[126.511833,33.382001],[126.512577,33.381774],[126.512775,33.380914],[126.51383,33.380036],[126.514321,33.379932],[126.516796,33.377363],[126.517807,33.376774],[126.518197,33.376032],[126.519338,33.375394],[126.5198,33.375487],[126.52094,33.374301],[126.521312,33.372767],[126.521958,33.372763],[126.523635,33.371715],[126.524312,33.371599],[126.52515,33.37044],[126.526806,33.368929],[126.525676,33.367027],[126.526694,33.366031],[126.529475,33.364468],[126.530039,33.362671],[126.529523,33.36174],[126.528408,33.36253],[126.526908,33.363035],[126.521536,33.360853],[126.517471,33.360385],[126.51429,33.361224],[126.511104,33.36104],[126.508668,33.358674],[126.507686,33.35812],[126.506635,33.357996],[126.505174,33.358824],[126.499091,33.359847],[126.492231,33.356481],[126.490448,33.354954],[126.487421,33.355125],[126.486916,33.356836],[126.486474,33.357308],[126.484845,33.358191],[126.483707,33.359442],[126.482748,33.359679],[126.478303,33.35815],[126.474681,33.356017],[126.474139,33.356984],[126.47255,33.358369],[126.471957,33.358554],[126.469845,33.3585],[126.467754,33.359796],[126.467286,33.359868],[126.466836,33.359738],[126.464817,33.360078],[126.462754,33.359564],[126.461194,33.359557],[126.460212,33.358712],[126.456148,33.358479],[126.453414,33.358745],[126.452484,33.358629],[126.449212,33.35908]]]]}},{"type":"Feature","properties":{"level":"lio","code":"5011025325","name":"수산리","sig_cd":"50110","base_date":"20260701"},"geometry":{"type":"MultiPolygon","coordinates":[[[[126.401103,33.454069],[126.399434,33.453871],[126.39842,33.454225],[126.398259,33.455331],[126.397622,33.455558],[126.39744,33.456269],[126.395632,33.457186],[126.39491,33.456173],[126.393837,33.45607],[126.394161,33.455111],[126.392627,33.45479],[126.392618,33.454375],[126.392067,33.453828],[126.39108,33.453619],[126.390842,33.453114],[126.39062,33.453087],[126.388784,33.454496],[126.38839,33.455322],[126.387497,33.455878],[126.387498,33.456336],[126.386815,33.456315],[126.38632,33.45523],[126.386585,33.454241],[126.38623,33.45292],[126.385924,33.452661],[126.38484,33.453138],[126.384004,33.454302],[126.383505,33.454447],[126.382872,33.455603],[126.382554,33.455681],[126.381102,33.457478],[126.380907,33.45829],[126.380494,33.458579],[126.380267,33.45925],[126.379568,33.45981],[126.379536,33.460279],[126.378768,33.461186],[126.378546,33.461993],[126.379283,33.463521],[126.37841,33.46454],[126.378457,33.465347],[126.376968,33.466571],[126.376811,33.467297],[126.376982,33.468061],[126.376304,33.4682],[126.375205,33.469523],[126.375204,33.470996],[126.377766,33.471603],[126.3781,33.470722],[126.379,33.47037],[126.379999,33.470795],[126.38085,33.469941],[126.380809,33.469578],[126.382023,33.46962],[126.38248,33.469087],[126.382818,33.470143],[126.383302,33.470644],[126.383327,33.471112],[126.382615,33.472204],[126.38192,33.472288],[126.381782,33.473033],[126.381983,33.47324],[126.382014,33.474148],[126.381785,33.474194],[126.381777,33.47467],[126.381461,33.474754],[126.381287,33.475818],[126.384079,33.476388],[126.386479,33.475771],[126.389637,33.475963],[126.391072,33.475244],[126.392314,33.475171],[126.393303,33.474431],[126.394572,33.474318],[126.39631,33.473423],[126.395733,33.473048],[126.395328,33.472265],[126.395592,33.471926],[126.395796,33.470207],[126.396776,33.468343],[126.397457,33.467909],[126.39816,33.468165],[126.398689,33.467737],[126.398405,33.466729],[126.396958,33.464187],[126.397471,33.462892],[126.397263,33.462413],[126.397625,33.461503],[126.397441,33.460613],[126.397892,33.460735],[126.397984,33.460276],[126.398452,33.460052],[126.400385,33.460033],[126.400778,33.459541],[126.402468,33.458717],[126.402183,33.457499],[126.402354,33.456279],[126.402034,33.45577],[126.401904,33.454847],[126.401103,33.454069]]]]}},{"type":"Feature","properties":{"level":"lio","code":"5011025329","name":"고성리","sig_cd":"50110","base_date":"20260701"},"geometry":{"type":"MultiPolygon","coordinates":[[[[126.419641,33.465233],[126.420199,33.464789],[126.420851,33.463027],[126.420338,33.458015],[126.421187,33.455272],[126.420184,33.452497],[126.421075,33.449487],[126.421159,33.448409],[126.420761,33.447197],[126.419781,33.446874],[126.419969,33.445628],[126.421284,33.444383],[126.421882,33.443587],[126.42181,33.443228],[126.422085,33.442839],[126.423971,33.441869],[126.424602,33.441769],[126.426042,33.440872],[126.426268,33.440347],[126.426594,33.44022],[126.427871,33.437936],[126.427807,33.437568],[126.428686,33.436831],[126.42865,33.436361],[126.429493,33.435614],[126.429634,33.43521],[126.429409,33.434236],[126.430006,33.433545],[126.429678,33.432008],[126.430998,33.430414],[126.430864,33.429442],[126.431164,33.42932],[126.431163,33.428902],[126.432291,33.427665],[126.433411,33.427083],[126.434656,33.425026],[126.434929,33.425125],[126.435451,33.42371],[126.436553,33.423075],[126.437417,33.420593],[126.438558,33.419792],[126.440369,33.419137],[126.44073,33.418657],[126.441086,33.417833],[126.440377,33.414592],[126.440482,33.413852],[126.441732,33.412219],[126.442211,33.410366],[126.442949,33.409094],[126.444437,33.407639],[126.444261,33.40609],[126.442182,33.402206],[126.442512,33.400478],[126.443155,33.39892],[126.443235,33.397289],[126.443678,33.395698],[126.445444,33.393519],[126.445932,33.388661],[126.448158,33.38644],[126.448677,33.383104],[126.448537,33.381669],[126.448005,33.380355],[126.447883,33.376913],[126.448968,33.376369],[126.448775,33.376105],[126.449274,33.375271],[126.449276,33.374504],[126.448283,33.37366],[126.45019,33.370823],[126.44894,33.370004],[126.445715,33.368709],[126.444853,33.369462],[126.443791,33.369086],[126.443805,33.369856],[126.443155,33.370541],[126.442735,33.370626],[126.44208,33.371735],[126.442194,33.372015],[126.441497,33.373269],[126.441209,33.375518],[126.440447,33.376603],[126.439038,33.380072],[126.436927,33.38109],[126.43643,33.381846],[126.435491,33.382387],[126.433778,33.384284],[126.433782,33.389249],[126.434026,33.390575],[126.433788,33.39331],[126.432127,33.395514],[126.431988,33.395976],[126.432502,33.397815],[126.431732,33.398366],[126.430396,33.401168],[126.430738,33.4018],[126.43101,33.403407],[126.431727,33.404317],[126.430628,33.406643],[126.430076,33.406376],[126.428754,33.407729],[126.428774,33.409471],[126.427563,33.409622],[126.427056,33.410252],[126.427287,33.410452],[126.427593,33.412033],[126.426959,33.41297],[126.426644,33.413966],[126.425914,33.414622],[126.42513,33.416539],[126.424668,33.41657],[126.423603,33.418177],[126.422165,33.419343],[126.422238,33.419834],[126.421752,33.420598],[126.42186,33.421177],[126.421582,33.421928],[126.420492,33.422603],[126.420047,33.422617],[126.420033,33.42306],[126.419553,33.423622],[126.418513,33.4242],[126.417965,33.424241],[126.415935,33.425441],[126.413421,33.428905],[126.411938,33.429609],[126.412091,33.429674],[126.41193,33.430603],[126.411598,33.430999],[126.411824,33.431911],[126.411451,33.43224],[126.411467,33.432952],[126.412522,33.434337],[126.411744,33.435853],[126.4118,33.437322],[126.412326,33.437696],[126.413032,33.439311],[126.412753,33.440008],[126.412339,33.440074],[126.411946,33.440791],[126.411971,33.44131],[126.410867,33.442116],[126.411501,33.442875],[126.411629,33.443377],[126.411226,33.444308],[126.411512,33.445188],[126.412104,33.44565],[126.412074,33.44621],[126.412642,33.446912],[126.412701,33.447539],[126.412315,33.448217],[126.412341,33.449503],[126.411934,33.451045],[126.411404,33.452066],[126.411534,33.452966],[126.411071,33.454541],[126.411197,33.45656],[126.410656,33.457345],[126.409,33.458747],[126.409095,33.459801],[126.408571,33.460395],[126.408227,33.461593],[126.40851,33.463525],[126.408424,33.464493],[126.4095,33.46576],[126.409218,33.466767],[126.40849,33.467943],[126.408741,33.468165],[126.409693,33.467844],[126.411889,33.468094],[126.4136,33.468908],[126.414929,33.468851],[126.41481,33.467634],[126.415525,33.467045],[126.416596,33.464987],[126.41663,33.464647],[126.416035,33.464039],[126.416645,33.462417],[126.417072,33.462018],[126.417776,33.462623],[126.419641,33.465233]]]]}},{"type":"Feature","properties":{"level":"lio","code":"5011025330","name":"하가리","sig_cd":"50110","base_date":"20260701"},"geometry":{"type":"MultiPolygon","coordinates":[[[[126.369192,33.446494],[126.370026,33.445688],[126.370204,33.44503],[126.369959,33.444226],[126.368735,33.442923],[126.367598,33.442284],[126.367288,33.442323],[126.366769,33.442913],[126.366302,33.444772],[126.364689,33.444522],[126.36374,33.444002],[126.363062,33.443912],[126.362836,33.443495],[126.361723,33.442659],[126.361386,33.441829],[126.359891,33.441271],[126.359543,33.440873],[126.35931,33.439608],[126.358641,33.439383],[126.357504,33.442493],[126.355903,33.445859],[126.354866,33.447057],[126.354451,33.447911],[126.352312,33.450135],[126.351811,33.45117],[126.350204,33.453308],[126.348042,33.45227],[126.346543,33.452012],[126.343369,33.452146],[126.342287,33.452434],[126.34241,33.45297],[126.343167,33.453338],[126.34371,33.454721],[126.343674,33.455214],[126.344621,33.458232],[126.344556,33.459364],[126.344871,33.459489],[126.345377,33.458339],[126.34606,33.457879],[126.345359,33.458309],[126.346553,33.45768],[126.346903,33.457915],[126.347066,33.45864],[126.346816,33.459027],[126.34701,33.459415],[126.345234,33.461704],[126.343796,33.462266],[126.343153,33.462955],[126.34182,33.463146],[126.341593,33.464393],[126.341171,33.465028],[126.342404,33.465359],[126.343993,33.464914],[126.345442,33.465187],[126.345561,33.464499],[126.347281,33.463468],[126.352041,33.46219],[126.353232,33.462443],[126.352687,33.463527],[126.351693,33.464389],[126.351469,33.465154],[126.350025,33.466573],[126.354293,33.467285],[126.357894,33.467588],[126.35771,33.465675],[126.356875,33.464943],[126.356808,33.464035],[126.356385,33.463206],[126.357554,33.463077],[126.358642,33.463319],[126.359358,33.463791],[126.360777,33.463771],[126.362477,33.462684],[126.363044,33.462623],[126.362899,33.461175],[126.362331,33.46094],[126.362253,33.46042],[126.36268,33.46004],[126.362529,33.459684],[126.362969,33.45862],[126.362541,33.458242],[126.362771,33.458078],[126.362707,33.457714],[126.364129,33.456303],[126.364112,33.455341],[126.364389,33.454462],[126.365252,33.454079],[126.365191,33.452735],[126.366045,33.452007],[126.36587,33.450805],[126.36681,33.450253],[126.367131,33.448955],[126.369147,33.446788],[126.369192,33.446494]]]]}},{"type":"Feature","properties":{"level":"lio","code":"5011025327","name":"장전리","sig_cd":"50110","base_date":"20260701"},"geometry":{"type":"MultiPolygon","coordinates":[[[[126.387789,33.436008],[126.386918,33.436655],[126.386522,33.437324],[126.386506,33.438344],[126.386788,33.438862],[126.386137,33.439721],[126.386894,33.44081],[126.386718,33.441063],[126.387034,33.441599],[126.386742,33.442379],[126.382546,33.442656],[126.381834,33.442359],[126.381626,33.442034],[126.380698,33.441797],[126.380675,33.441451],[126.378933,33.441173],[126.378184,33.441599],[126.376291,33.442074],[126.375618,33.443133],[126.375793,33.44444],[126.375303,33.444587],[126.375298,33.444862],[126.375351,33.445455],[126.376088,33.446065],[126.375745,33.446996],[126.375237,33.447329],[126.374232,33.447357],[126.373515,33.447697],[126.373733,33.44845],[126.372595,33.449888],[126.372637,33.450207],[126.372247,33.450696],[126.37236,33.451146],[126.373962,33.451003],[126.375734,33.451743],[126.377571,33.450751],[126.378557,33.450848],[126.37906,33.45119],[126.378848,33.452315],[126.378243,33.452335],[126.378292,33.452924],[126.375846,33.455311],[126.375563,33.455865],[126.375764,33.456107],[126.378864,33.457453],[126.38094,33.45794],[126.382554,33.455681],[126.382872,33.455603],[126.383539,33.454409],[126.384004,33.454302],[126.38484,33.453138],[126.385924,33.452661],[126.386291,33.45304],[126.386585,33.454241],[126.38632,33.45523],[126.386815,33.456315],[126.387498,33.456336],[126.387497,33.455878],[126.38839,33.455322],[126.388784,33.454496],[126.39062,33.453087],[126.390842,33.453114],[126.39108,33.453619],[126.392067,33.453828],[126.392618,33.454375],[126.392627,33.45479],[126.394161,33.455111],[126.393837,33.45607],[126.39491,33.456173],[126.395632,33.457186],[126.39744,33.456269],[126.397622,33.455558],[126.398259,33.455331],[126.39842,33.454225],[126.399434,33.453871],[126.401103,33.454069],[126.401124,33.453711],[126.400448,33.45285],[126.400866,33.451941],[126.400622,33.451364],[126.40125,33.450106],[126.400785,33.44932],[126.40079,33.448738],[126.399972,33.448697],[126.399476,33.448354],[126.399116,33.448502],[126.398854,33.44803],[126.398628,33.448127],[126.397983,33.447767],[126.396888,33.448021],[126.396143,33.447613],[126.396226,33.447405],[126.395062,33.446929],[126.393189,33.44683],[126.393089,33.447321],[126.391912,33.447963],[126.39087,33.447702],[126.391583,33.446283],[126.39097,33.444942],[126.391376,33.44459],[126.391456,33.444079],[126.392656,33.442016],[126.393652,33.441367],[126.393797,33.440311],[126.394481,33.439736],[126.39534,33.439555],[126.39716,33.438545],[126.396741,33.437575],[126.39689,33.437113],[126.396536,33.435984],[126.394503,33.435143],[126.393921,33.436908],[126.392838,33.437261],[126.392712,33.437604],[126.391783,33.437218],[126.389578,33.436884],[126.387789,33.436008]]]]}},{"type":"Feature","properties":{"level":"lio","code":"5011025929","name":"교래리","sig_cd":"50110","base_date":"20260701"},"geometry":{"type":"MultiPolygon","coordinates":[[[[126.641497,33.458587],[126.642819,33.458589],[126.645779,33.457988],[126.652666,33.457892],[126.657522,33.457375],[126.661529,33.45515],[126.667528,33.453779],[126.674985,33.453364],[126.677897,33.452727],[126.681516,33.451296],[126.681558,33.450364],[126.683301,33.44919],[126.687757,33.447237],[126.691641,33.444651],[126.693288,33.442806],[126.694637,33.440391],[126.695571,33.437861],[126.696878,33.437461],[126.697049,33.437667],[126.699039,33.437808],[126.701731,33.438741],[126.702857,33.439812],[126.703924,33.44009],[126.706161,33.441334],[126.709753,33.442793],[126.710404,33.442971],[126.71087,33.442454],[126.711705,33.443235],[126.712065,33.443293],[126.712205,33.443708],[126.71364,33.445194],[126.718996,33.446292],[126.721003,33.447115],[126.721638,33.442398],[126.722266,33.439679],[126.724786,33.437244],[126.725095,33.436646],[126.725309,33.435175],[126.725674,33.434577],[126.73,33.429873],[126.731825,33.426722],[126.729165,33.425799],[126.72899,33.425485],[126.72695,33.424421],[126.724258,33.424177],[126.722313,33.423155],[126.719114,33.422506],[126.717285,33.421885],[126.709058,33.421897],[126.705365,33.421124],[126.701421,33.419886],[126.699619,33.419194],[126.692123,33.415158],[126.687728,33.413285],[126.684159,33.410418],[126.682721,33.409462],[126.681069,33.408731],[126.676208,33.404862],[126.673841,33.403373],[126.672237,33.402673],[126.669432,33.400385],[126.668344,33.400237],[126.667867,33.400395],[126.666305,33.401336],[126.66429,33.402161],[126.661722,33.402192],[126.660464,33.401959],[126.659006,33.400535],[126.657357,33.399717],[126.654971,33.399423],[126.654587,33.398981],[126.654556,33.398223],[126.654154,33.397551],[126.653329,33.396895],[126.653677,33.396171],[126.653419,33.395055],[126.65267,33.394672],[126.651701,33.394507],[126.650597,33.394994],[126.650103,33.39497],[126.64814,33.393768],[126.641908,33.393812],[126.639615,33.393182],[126.635883,33.39289],[126.635616,33.392647],[126.633824,33.393264],[126.633589,33.39392],[126.630779,33.393086],[126.629102,33.392277],[126.628666,33.391705],[126.627919,33.391461],[126.626335,33.39019],[126.625339,33.388333],[126.624915,33.385036],[126.624461,33.385028],[126.623695,33.384352],[126.623185,33.384266],[126.621226,33.385167],[126.620219,33.384862],[126.617621,33.383192],[126.611985,33.382946],[126.606934,33.382238],[126.602682,33.380406],[126.600364,33.379094],[126.598494,33.378525],[126.595201,33.376529],[126.593225,33.376153],[126.592506,33.375509],[126.591579,33.373775],[126.589322,33.374344],[126.58677,33.374176],[126.584258,33.373455],[126.582085,33.373763],[126.577413,33.372939],[126.574572,33.371819],[126.573399,33.372093],[126.572267,33.371775],[126.570881,33.372467],[126.570105,33.372328],[126.56921,33.371637],[126.568337,33.371875],[126.567207,33.371631],[126.564921,33.371743],[126.56316,33.372293],[126.56159,33.372358],[126.560283,33.373111],[126.559685,33.373159],[126.559419,33.376284],[126.560303,33.378132],[126.56036,33.37991],[126.560911,33.380439],[126.561867,33.379997],[126.56346,33.380775],[126.564523,33.380258],[126.565434,33.379199],[126.568891,33.38067],[126.571648,33.38072],[126.572106,33.380886],[126.574384,33.38327],[126.575035,33.383543],[126.575859,33.383518],[126.57706,33.384238],[126.577749,33.385097],[126.578145,33.386321],[126.580018,33.387006],[126.580753,33.387027],[126.581261,33.387877],[126.581755,33.387929],[126.583019,33.389011],[126.584062,33.388854],[126.584536,33.389184],[126.584453,33.389547],[126.584741,33.389874],[126.585556,33.389621],[126.586277,33.390434],[126.587371,33.390334],[126.588088,33.390489],[126.588414,33.390811],[126.589473,33.390734],[126.590512,33.391401],[126.592496,33.391581],[126.593002,33.391837],[126.593043,33.392088],[126.593872,33.392356],[126.59457,33.392184],[126.595799,33.392405],[126.596026,33.392923],[126.597863,33.394317],[126.598688,33.394052],[126.599616,33.394484],[126.600168,33.394311],[126.6003,33.393879],[126.601237,33.393353],[126.602449,33.393872],[126.603011,33.393446],[126.604206,33.39387],[126.604622,33.394241],[126.606534,33.394981],[126.606606,33.395683],[126.60702,33.396267],[126.608013,33.396909],[126.609297,33.39839],[126.6097,33.399894],[126.610311,33.400957],[126.61089,33.401064],[126.610817,33.401623],[126.611452,33.403118],[126.612037,33.40319],[126.612183,33.40295],[126.613892,33.40256],[126.615074,33.403206],[126.615106,33.403922],[126.615818,33.404383],[126.615296,33.405133],[126.615508,33.405549],[126.615241,33.405732],[126.615298,33.405992],[126.615655,33.406432],[126.615388,33.407564],[126.61606,33.408007],[126.615947,33.408329],[126.617183,33.409896],[126.617192,33.410604],[126.617784,33.411194],[126.617854,33.411616],[126.618314,33.411902],[126.618195,33.41262],[126.618634,33.413795],[126.619095,33.414411],[126.620119,33.414578],[126.620857,33.415475],[126.621499,33.417452],[126.622791,33.418569],[126.622591,33.419032],[126.623892,33.419229],[126.623861,33.419552],[126.624998,33.420715],[126.62586,33.422024],[126.6284,33.423604],[126.628721,33.424089],[126.630408,33.424505],[126.630839,33.425223],[126.631948,33.426073],[126.633907,33.427026],[126.635234,33.426819],[126.636736,33.427282],[126.637842,33.431457],[126.63961,33.432417],[126.640612,33.434939],[126.641387,33.438361],[126.642248,33.439673],[126.642755,33.441453],[126.642655,33.441754],[126.641435,33.442554],[126.639958,33.44481],[126.640268,33.44678],[126.639854,33.448528],[126.640393,33.451662],[126.639901,33.452559],[126.64107,33.4547],[126.641355,33.455873],[126.64136,33.457704],[126.641008,33.4585],[126.641497,33.458587]]]]}},{"type":"Feature","properties":{"level":"lio","code":"5011025331","name":"상가리","sig_cd":"50110","base_date":"20260701"},"geometry":{"type":"MultiPolygon","coordinates":[[[[126.436594,33.369675],[126.437639,33.367908],[126.438391,33.367493],[126.439336,33.366251],[126.437299,33.363511],[126.436114,33.362303],[126.432822,33.360278],[126.43254,33.362949],[126.430416,33.36464],[126.42915,33.366883],[126.42699,33.367461],[126.425848,33.36816],[126.424879,33.368014],[126.423798,33.368223],[126.419413,33.37026],[126.418235,33.370095],[126.417832,33.370328],[126.416823,33.370063],[126.411843,33.369727],[126.40688,33.369657],[126.406009,33.369867],[126.40123,33.368366],[126.399738,33.368285],[126.39644,33.369431],[126.39478,33.372655],[126.393446,33.373992],[126.392463,33.375906],[126.391734,33.37892],[126.390698,33.379836],[126.38954,33.38151],[126.388106,33.382833],[126.386825,33.383392],[126.38584,33.38427],[126.383058,33.385803],[126.382638,33.386552],[126.382661,33.387244],[126.382328,33.387637],[126.38132,33.388039],[126.381182,33.388399],[126.380253,33.389078],[126.379893,33.390005],[126.379185,33.390462],[126.379293,33.3907],[126.3788,33.391531],[126.377947,33.391975],[126.377556,33.392722],[126.37698,33.39309],[126.376219,33.393557],[126.375878,33.393327],[126.374983,33.393958],[126.374667,33.39451],[126.374109,33.394742],[126.373795,33.395803],[126.370943,33.397064],[126.370369,33.39807],[126.369608,33.398603],[126.368624,33.398702],[126.367829,33.399367],[126.366859,33.399665],[126.367846,33.401107],[126.369471,33.405485],[126.370987,33.407345],[126.373018,33.408281],[126.373402,33.408741],[126.373206,33.409782],[126.371608,33.413462],[126.371003,33.413582],[126.369708,33.41458],[126.369516,33.415155],[126.367478,33.416657],[126.367379,33.417047],[126.366699,33.417501],[126.366752,33.417852],[126.365883,33.418661],[126.364918,33.419047],[126.363092,33.420494],[126.362357,33.422075],[126.360323,33.424947],[126.355516,33.428102],[126.35197,33.429654],[126.351458,33.430369],[126.350279,33.4312],[126.349423,33.432343],[126.347534,33.433267],[126.3471,33.433697],[126.34504,33.434249],[126.343858,33.434961],[126.343352,33.435727],[126.343265,33.436594],[126.341841,33.438434],[126.340907,33.439154],[126.340228,33.440617],[126.338605,33.441969],[126.338516,33.442819],[126.337673,33.44384],[126.335816,33.445177],[126.334884,33.446495],[126.334135,33.446979],[126.332343,33.447497],[126.331761,33.449008],[126.329925,33.450305],[126.328395,33.451745],[126.327922,33.452931],[126.328518,33.45352],[126.32987,33.453831],[126.332968,33.453726],[126.334824,33.4541],[126.33534,33.45382],[126.336845,33.453829],[126.339041,33.45245],[126.342208,33.452455],[126.345332,33.451964],[126.348042,33.45227],[126.350204,33.453308],[126.351811,33.45117],[126.352312,33.450135],[126.354451,33.447911],[126.354866,33.447057],[126.355903,33.445859],[126.357504,33.442493],[126.358641,33.439383],[126.35931,33.439608],[126.359543,33.440873],[126.359891,33.441271],[126.361386,33.441829],[126.361723,33.442659],[126.362836,33.443495],[126.363062,33.443912],[126.366204,33.444852],[126.366769,33.442913],[126.367295,33.442322],[126.366773,33.441199],[126.367283,33.437835],[126.368162,33.437245],[126.368499,33.436685],[126.368394,33.435727],[126.368699,33.434285],[126.368204,33.434006],[126.367476,33.433001],[126.367501,33.431691],[126.366845,33.430981],[126.36688,33.43046],[126.367392,33.42964],[126.367479,33.428456],[126.368167,33.42777],[126.368648,33.426804],[126.370375,33.425106],[126.370668,33.424486],[126.369939,33.424241],[126.370702,33.42441],[126.372513,33.422406],[126.375392,33.421473],[126.375355,33.420221],[126.375541,33.420012],[126.375335,33.419786],[126.375746,33.418242],[126.375302,33.41682],[126.375562,33.415526],[126.376009,33.415136],[126.376882,33.413288],[126.376573,33.412505],[126.375966,33.411868],[126.376013,33.409392],[126.377467,33.407278],[126.378381,33.406436],[126.378502,33.405119],[126.378803,33.404747],[126.378683,33.404062],[126.379517,33.401964],[126.380088,33.401355],[126.379888,33.399905],[126.380211,33.398712],[126.380866,33.397724],[126.381327,33.397503],[126.381483,33.397217],[126.38122,33.396932],[126.382094,33.395606],[126.382875,33.395463],[126.383361,33.393934],[126.384723,33.393529],[126.385274,33.393795],[126.386153,33.39349],[126.386691,33.393614],[126.38791,33.392958],[126.388435,33.392954],[126.388821,33.393282],[126.390197,33.39332],[126.391412,33.392489],[126.393111,33.392312],[126.393457,33.392408],[126.393509,33.392859],[126.393912,33.392957],[126.393867,33.391426],[126.394686,33.390609],[126.394531,33.389712],[126.395467,33.389559],[126.397106,33.388567],[126.398217,33.387251],[126.39693,33.384024],[126.396978,33.383313],[126.398439,33.381632],[126.398728,33.380484],[126.39956,33.380633],[126.402258,33.380092],[126.40475,33.380258],[126.406209,33.37991],[126.408277,33.378728],[126.409742,33.378871],[126.410562,33.378618],[126.411801,33.377658],[126.415084,33.375912],[126.416279,33.375684],[126.418169,33.374697],[126.419203,33.374429],[126.422079,33.37275],[126.426659,33.371346],[126.431876,33.370779],[126.433156,33.370237],[126.436594,33.369675]],[[126.356377,33.427557],[126.35639,33.427564],[126.356298,33.427639],[126.356133,33.427802],[126.356124,33.427808],[126.3561,33.427788],[126.356297,33.427613],[126.356377,33.427557]]]]}},{"type":"Feature","properties":{"level":"lio","code":"5011025342","name":"유수암리","sig_cd":"50110","base_date":"20260701"},"geometry":{"type":"MultiPolygon","coordinates":[[[[126.443791,33.369086],[126.442905,33.369067],[126.44211,33.368618],[126.440891,33.366858],[126.439336,33.366251],[126.438391,33.367493],[126.437639,33.367908],[126.43647,33.370031],[126.435536,33.370959],[126.431575,33.372011],[126.427122,33.373904],[126.423796,33.377227],[126.423362,33.378078],[126.422562,33.378621],[126.419879,33.381363],[126.419345,33.382487],[126.418271,33.383474],[126.417097,33.385059],[126.415544,33.386391],[126.414162,33.387165],[126.409098,33.388767],[126.407567,33.390302],[126.406491,33.390728],[126.406755,33.391655],[126.40232,33.3963],[126.401632,33.39672],[126.401195,33.397198],[126.401187,33.397612],[126.399175,33.399877],[126.399109,33.402863],[126.399481,33.40326],[126.397716,33.404947],[126.397599,33.405717],[126.396732,33.407323],[126.396914,33.407895],[126.396061,33.409426],[126.395416,33.409108],[126.394954,33.409321],[126.395496,33.410072],[126.395216,33.411084],[126.395409,33.411842],[126.396642,33.413863],[126.396412,33.414729],[126.393981,33.415779],[126.392774,33.416839],[126.390319,33.41814],[126.390629,33.418933],[126.390468,33.419778],[126.390822,33.420563],[126.390617,33.421332],[126.391144,33.422136],[126.391183,33.422953],[126.390933,33.423484],[126.391553,33.426457],[126.391394,33.426897],[126.392224,33.428199],[126.391095,33.428303],[126.390684,33.429656],[126.390987,33.430017],[126.390631,33.430623],[126.390229,33.43049],[126.390238,33.432147],[126.389642,33.432851],[126.388957,33.433138],[126.388543,33.434597],[126.388329,33.434886],[126.387872,33.434909],[126.38755,33.435438],[126.387789,33.436008],[126.389578,33.436884],[126.391783,33.437218],[126.392712,33.437604],[126.392838,33.437261],[126.393921,33.436908],[126.394591,33.435128],[126.396536,33.435984],[126.39689,33.437113],[126.396741,33.437575],[126.397186,33.438283],[126.396777,33.438863],[126.394077,33.43999],[126.393714,33.44056],[126.393652,33.441367],[126.392656,33.442016],[126.392103,33.442829],[126.391376,33.44459],[126.39097,33.444942],[126.391583,33.446283],[126.390895,33.447537],[126.390981,33.447802],[126.391912,33.447963],[126.393089,33.447321],[126.393189,33.44683],[126.395062,33.446929],[126.396226,33.447405],[126.396143,33.447613],[126.396888,33.448021],[126.397983,33.447767],[126.398628,33.448127],[126.398854,33.44803],[126.399116,33.448502],[126.399476,33.448354],[126.399972,33.448697],[126.40079,33.448738],[126.400785,33.44932],[126.40125,33.450106],[126.400622,33.451364],[126.400866,33.451941],[126.400448,33.45285],[126.401124,33.453711],[126.401257,33.453396],[126.403049,33.452385],[126.403276,33.451523],[126.404076,33.450478],[126.404174,33.449737],[126.405071,33.449464],[126.405363,33.449682],[126.405898,33.44931],[126.406663,33.449502],[126.407476,33.449084],[126.40807,33.449129],[126.408935,33.448787],[126.409019,33.448183],[126.409595,33.448008],[126.40955,33.447469],[126.40983,33.44727],[126.410221,33.447387],[126.410654,33.446685],[126.411805,33.446272],[126.41188,33.445963],[126.411226,33.444308],[126.411629,33.443377],[126.410884,33.441982],[126.411971,33.44131],[126.411946,33.440791],[126.412339,33.440074],[126.412753,33.440008],[126.413032,33.439311],[126.412326,33.437696],[126.4118,33.437322],[126.411744,33.435853],[126.412522,33.434337],[126.411467,33.432952],[126.411451,33.43224],[126.411824,33.431911],[126.411598,33.430999],[126.41193,33.430603],[126.412091,33.429674],[126.411938,33.429609],[126.413421,33.428905],[126.415935,33.425441],[126.417965,33.424241],[126.418513,33.4242],[126.419553,33.423622],[126.420033,33.42306],[126.420047,33.422617],[126.420492,33.422603],[126.421582,33.421928],[126.42186,33.421177],[126.421752,33.420598],[126.422238,33.419834],[126.422165,33.419343],[126.423603,33.418177],[126.424668,33.41657],[126.42513,33.416539],[126.425914,33.414622],[126.426644,33.413966],[126.426959,33.41297],[126.427352,33.412563],[126.427593,33.412033],[126.427287,33.410452],[126.427056,33.410252],[126.427282,33.409856],[126.427563,33.409622],[126.428774,33.409471],[126.428754,33.407729],[126.430076,33.406376],[126.430628,33.406643],[126.430996,33.40604],[126.431318,33.404871],[126.431727,33.404317],[126.43101,33.403407],[126.430738,33.4018],[126.430396,33.401168],[126.431732,33.398366],[126.432502,33.397815],[126.431988,33.395976],[126.432127,33.395514],[126.433788,33.39331],[126.434026,33.390575],[126.433782,33.389249],[126.433778,33.384284],[126.435491,33.382387],[126.43643,33.381846],[126.436927,33.38109],[126.439038,33.380072],[126.440447,33.376603],[126.441209,33.375518],[126.441497,33.373269],[126.442194,33.372015],[126.44208,33.371735],[126.442735,33.370626],[126.443155,33.370541],[126.443805,33.369856],[126.443791,33.369086]]]]}},{"type":"Feature","properties":{"level":"lio","code":"5011025335","name":"납읍리","sig_cd":"50110","base_date":"20260701"},"geometry":{"type":"MultiPolygon","coordinates":[[[[126.325695,33.422746],[126.325015,33.424039],[126.323039,33.425638],[126.321556,33.426351],[126.318977,33.429246],[126.319319,33.431321],[126.319787,33.431212],[126.320096,33.431566],[126.321365,33.432063],[126.321518,33.432476],[126.322727,33.43322],[126.324013,33.434902],[126.323465,33.435679],[126.321102,33.437728],[126.320613,33.438353],[126.320615,33.438811],[126.320811,33.43911],[126.322498,33.43965],[126.324536,33.44153],[126.325149,33.441774],[126.325645,33.441663],[126.326049,33.442473],[126.327181,33.442727],[126.327275,33.443057],[126.326569,33.443806],[126.325879,33.44589],[126.328046,33.447903],[126.328895,33.448229],[126.330444,33.448124],[126.331841,33.448739],[126.332343,33.447497],[126.334135,33.446979],[126.334884,33.446495],[126.335816,33.445177],[126.337673,33.44384],[126.338516,33.442819],[126.338605,33.441969],[126.340228,33.440617],[126.340907,33.439154],[126.341841,33.438434],[126.343265,33.436594],[126.343352,33.435727],[126.343858,33.434961],[126.34504,33.434249],[126.3471,33.433697],[126.347534,33.433267],[126.349423,33.432343],[126.350279,33.4312],[126.351458,33.430369],[126.35197,33.429654],[126.355516,33.428102],[126.360323,33.424947],[126.362357,33.422075],[126.363092,33.420494],[126.364918,33.419047],[126.365883,33.418661],[126.366752,33.417852],[126.366699,33.417501],[126.367379,33.417047],[126.367478,33.416657],[126.369516,33.415155],[126.369708,33.41458],[126.371003,33.413582],[126.371608,33.413462],[126.373206,33.409782],[126.373402,33.408741],[126.373018,33.408281],[126.370987,33.407345],[126.369966,33.40616],[126.368987,33.406939],[126.368829,33.407635],[126.368016,33.408487],[126.36696,33.408898],[126.365374,33.4088],[126.364221,33.409481],[126.363564,33.410202],[126.362045,33.410993],[126.361424,33.411828],[126.360793,33.413937],[126.360101,33.414276],[126.359683,33.415425],[126.358877,33.416175],[126.359281,33.416524],[126.359321,33.417],[126.358966,33.417205],[126.35848,33.416964],[126.357208,33.417203],[126.35545,33.416773],[126.354489,33.417636],[126.354577,33.418283],[126.353846,33.419066],[126.352279,33.419235],[126.351461,33.42008],[126.350464,33.420648],[126.348017,33.420622],[126.346919,33.421048],[126.345976,33.420639],[126.344342,33.420993],[126.343705,33.420546],[126.343088,33.42047],[126.341866,33.421165],[126.340432,33.42027],[126.339594,33.420182],[126.337849,33.42139],[126.336475,33.421893],[126.333733,33.42078],[126.33278,33.421416],[126.332092,33.421216],[126.329602,33.422305],[126.327568,33.422018],[126.325695,33.422746]]],[[[126.356377,33.427557],[126.356297,33.427613],[126.3561,33.427788],[126.356124,33.427808],[126.356133,33.427802],[126.356298,33.427639],[126.35639,33.427564],[126.356377,33.427557]]]]}},{"type":"Feature","properties":{"level":"lio","code":"5011025328","name":"소길리","sig_cd":"50110","base_date":"20260701"},"geometry":{"type":"MultiPolygon","coordinates":[[[[126.436594,33.369675],[126.433156,33.370237],[126.431876,33.370779],[126.426659,33.371346],[126.422079,33.37275],[126.419203,33.374429],[126.418169,33.374697],[126.416279,33.375684],[126.415084,33.375912],[126.411801,33.377658],[126.410562,33.378618],[126.409742,33.378871],[126.408277,33.378728],[126.406209,33.37991],[126.40475,33.380258],[126.402258,33.380092],[126.39956,33.380633],[126.398728,33.380484],[126.398439,33.381632],[126.396978,33.383313],[126.39693,33.384024],[126.398217,33.387251],[126.397106,33.388567],[126.395467,33.389559],[126.394531,33.389712],[126.394686,33.390609],[126.393867,33.391426],[126.393912,33.392957],[126.393509,33.392859],[126.393457,33.392408],[126.393111,33.392312],[126.391412,33.392489],[126.390197,33.39332],[126.388821,33.393282],[126.388435,33.392954],[126.38791,33.392958],[126.386691,33.393614],[126.386153,33.39349],[126.385274,33.393795],[126.384723,33.393529],[126.383361,33.393934],[126.382875,33.395463],[126.382094,33.395606],[126.38122,33.396932],[126.381483,33.397217],[126.381327,33.397503],[126.380866,33.397724],[126.380211,33.398712],[126.379888,33.399905],[126.380088,33.401355],[126.379517,33.401964],[126.378683,33.404062],[126.378803,33.404747],[126.378502,33.405119],[126.378381,33.406436],[126.377467,33.407278],[126.376013,33.409392],[126.375966,33.411868],[126.376573,33.412505],[126.376882,33.413288],[126.376009,33.415136],[126.375562,33.415526],[126.375302,33.41682],[126.375746,33.418242],[126.375335,33.419786],[126.375541,33.420012],[126.375355,33.420221],[126.375392,33.421473],[126.372513,33.422406],[126.370702,33.42441],[126.369939,33.424241],[126.370668,33.424486],[126.370375,33.425106],[126.368648,33.426804],[126.368167,33.42777],[126.367479,33.428456],[126.367392,33.42964],[126.36688,33.43046],[126.366934,33.431174],[126.367587,33.432005],[126.367476,33.433001],[126.368204,33.434006],[126.368699,33.434285],[126.368394,33.435727],[126.368499,33.436685],[126.368162,33.437245],[126.367283,33.437835],[126.366773,33.441199],[126.367159,33.442191],[126.369156,33.443227],[126.370099,33.444482],[126.370026,33.445688],[126.369212,33.44657],[126.370164,33.4468],[126.370999,33.446457],[126.37143,33.447259],[126.373265,33.447746],[126.374232,33.447357],[126.375237,33.447329],[126.375745,33.446996],[126.376089,33.446101],[126.375325,33.445414],[126.375303,33.444587],[126.375793,33.44444],[126.375618,33.443133],[126.376291,33.442074],[126.378184,33.441599],[126.378933,33.441173],[126.380675,33.441451],[126.380698,33.441797],[126.381626,33.442034],[126.381834,33.442359],[126.382546,33.442656],[126.386742,33.442379],[126.387034,33.441599],[126.386718,33.441063],[126.386894,33.44081],[126.386137,33.439721],[126.386788,33.438862],[126.386506,33.438344],[126.386522,33.437324],[126.386918,33.436655],[126.38774,33.4361],[126.38755,33.435438],[126.387872,33.434909],[126.388329,33.434886],[126.388543,33.434597],[126.388957,33.433138],[126.389642,33.432851],[126.390238,33.432147],[126.390229,33.43049],[126.390631,33.430623],[126.390987,33.430017],[126.390684,33.429656],[126.391095,33.428303],[126.392224,33.428199],[126.391394,33.426897],[126.391553,33.426457],[126.390933,33.423484],[126.391183,33.422953],[126.391144,33.422136],[126.390617,33.421332],[126.390822,33.420563],[126.390468,33.419778],[126.390629,33.418933],[126.390319,33.41814],[126.392774,33.416839],[126.393981,33.415779],[126.396412,33.414729],[126.396642,33.413863],[126.395409,33.411842],[126.395216,33.411084],[126.395496,33.410072],[126.394954,33.409321],[126.395416,33.409108],[126.396061,33.409426],[126.396914,33.407895],[126.396732,33.407323],[126.397599,33.405717],[126.397716,33.404947],[126.399481,33.40326],[126.399109,33.402863],[126.399175,33.399877],[126.401187,33.397612],[126.401195,33.397198],[126.401632,33.39672],[126.40232,33.3963],[126.406755,33.391655],[126.406491,33.390728],[126.407567,33.390302],[126.409098,33.388767],[126.414162,33.387165],[126.415544,33.386391],[126.417097,33.385059],[126.418271,33.383474],[126.419345,33.382487],[126.419879,33.381363],[126.422562,33.378621],[126.423362,33.378078],[126.423796,33.377227],[126.427122,33.373904],[126.431575,33.372011],[126.435536,33.370959],[126.436594,33.369675]]]]}},{"type":"Feature","properties":{"level":"lio","code":"5011025339","name":"봉성리","sig_cd":"50110","base_date":"20260701"},"geometry":{"type":"MultiPolygon","coordinates":[[[[126.449212,33.35908],[126.448059,33.359252],[126.445582,33.358887],[126.444147,33.358058],[126.442502,33.35753],[126.441912,33.357651],[126.439824,33.356598],[126.439274,33.356722],[126.437239,33.35507],[126.436974,33.354623],[126.437117,33.354228],[126.436956,33.353872],[126.436998,33.353247],[126.437439,33.353031],[126.437361,33.352498],[126.437648,33.351595],[126.437266,33.351378],[126.437802,33.350458],[126.437498,33.349131],[126.437604,33.348702],[126.437055,33.347327],[126.43642,33.346646],[126.434555,33.345512],[126.43402,33.345411],[126.433609,33.344975],[126.432748,33.344931],[126.431824,33.342273],[126.43259,33.341121],[126.429378,33.341241],[126.428749,33.341566],[126.426424,33.341039],[126.425469,33.341522],[126.4235,33.34181],[126.42201,33.341435],[126.420312,33.341373],[126.418776,33.342355],[126.417604,33.342733],[126.415069,33.342397],[126.41313,33.342586],[126.410245,33.342062],[126.409103,33.342124],[126.407144,33.34357],[126.40389,33.343032],[126.402855,33.343633],[126.402063,33.344524],[126.400687,33.344716],[126.397773,33.344547],[126.39645,33.34471],[126.39523,33.344202],[126.391644,33.343558],[126.390073,33.344489],[126.388013,33.34494],[126.387685,33.345306],[126.386908,33.34481],[126.385042,33.345683],[126.383517,33.345787],[126.381255,33.346481],[126.37531,33.346819],[126.371251,33.347355],[126.368443,33.348111],[126.357381,33.353014],[126.354737,33.353927],[126.349021,33.358006],[126.344491,33.359532],[126.344073,33.360078],[126.341717,33.361264],[126.340519,33.362358],[126.339909,33.36343],[126.339336,33.363804],[126.338333,33.363937],[126.333724,33.366748],[126.332261,33.368668],[126.332146,33.369481],[126.331588,33.36998],[126.32968,33.37067],[126.328405,33.372937],[126.325963,33.375279],[126.32414,33.377713],[126.322991,33.378608],[126.323779,33.379771],[126.323542,33.381693],[126.323806,33.381839],[126.32378,33.382357],[126.322874,33.382902],[126.32277,33.383386],[126.323063,33.384409],[126.322847,33.385452],[126.323352,33.386109],[126.323303,33.387361],[126.321771,33.389064],[126.320922,33.389153],[126.31962,33.389806],[126.316968,33.390355],[126.316627,33.390675],[126.315817,33.392643],[126.315033,33.392597],[126.314687,33.39283],[126.314256,33.394234],[126.313669,33.394975],[126.312776,33.395268],[126.312493,33.395641],[126.310895,33.395792],[126.309842,33.396574],[126.309822,33.397414],[126.310132,33.39802],[126.309778,33.399371],[126.309872,33.400472],[126.30955,33.401292],[126.308564,33.407168],[126.308096,33.408237],[126.307642,33.408312],[126.30694,33.407713],[126.306419,33.408022],[126.30615,33.41085],[126.303553,33.413237],[126.303536,33.413876],[126.302012,33.417392],[126.302462,33.418503],[126.302334,33.419013],[126.302535,33.419854],[126.302896,33.420588],[126.303476,33.420958],[126.304731,33.420544],[126.307404,33.421],[126.307275,33.424027],[126.30676,33.424969],[126.308185,33.425626],[126.306554,33.427586],[126.30653,33.427791],[126.307138,33.428079],[126.306404,33.429079],[126.306506,33.429418],[126.306926,33.429957],[126.307263,33.429805],[126.307694,33.430306],[126.308632,33.430757],[126.309004,33.430474],[126.311475,33.431214],[126.312808,33.431076],[126.313171,33.431385],[126.314875,33.430706],[126.315885,33.429084],[126.317367,33.428512],[126.319068,33.427439],[126.319271,33.427005],[126.321798,33.425731],[126.323627,33.424113],[126.325293,33.42341],[126.325709,33.422765],[126.325312,33.422036],[126.325246,33.421248],[126.327039,33.418081],[126.327051,33.417401],[126.32638,33.417302],[126.326543,33.416953],[126.326137,33.416342],[126.327339,33.415575],[126.328251,33.415448],[126.328626,33.414904],[126.327533,33.411648],[126.327594,33.411224],[126.328258,33.411052],[126.328533,33.410582],[126.328288,33.409541],[126.329617,33.408538],[126.329644,33.407315],[126.330433,33.403679],[126.331452,33.402546],[126.331429,33.401788],[126.334905,33.399518],[126.335591,33.398602],[126.33544,33.397514],[126.336129,33.396865],[126.336596,33.395233],[126.336196,33.39294],[126.337343,33.392508],[126.338684,33.390988],[126.339831,33.388992],[126.341265,33.38824],[126.341374,33.387797],[126.341108,33.387517],[126.341365,33.386698],[126.34106,33.38481],[126.341527,33.384211],[126.343657,33.383506],[126.344431,33.383464],[126.345407,33.382844],[126.34553,33.383004],[126.345268,33.383134],[126.345487,33.383063],[126.345466,33.382734],[126.348339,33.381508],[126.34907,33.38171],[126.350236,33.381616],[126.352637,33.380797],[126.353331,33.379201],[126.354439,33.377813],[126.354768,33.376855],[126.357158,33.372642],[126.359328,33.370914],[126.361235,33.370758],[126.364799,33.368378],[126.366955,33.368152],[126.367689,33.367647],[126.368925,33.367715],[126.369358,33.367374],[126.371474,33.366986],[126.374001,33.366012],[126.374932,33.366152],[126.37697,33.365737],[126.379121,33.365887],[126.381772,33.36465],[126.383596,33.364471],[126.385241,33.364942],[126.38657,33.364459],[126.387294,33.364021],[126.387051,33.363453],[126.387369,33.36272],[126.388057,33.36201],[126.389128,33.359335],[126.387946,33.358805],[126.388499,33.357735],[126.392174,33.354415],[126.394089,33.354725],[126.397196,33.35851],[126.400746,33.358414],[126.401509,33.358966],[126.402842,33.358858],[126.402971,33.359918],[126.404077,33.360441],[126.4036,33.360873],[126.40378,33.361948],[126.403584,33.362481],[126.40244,33.362733],[126.400988,33.363779],[126.402828,33.365071],[126.405459,33.365323],[126.406833,33.365101],[126.407284,33.365392],[126.408846,33.365525],[126.411168,33.366453],[126.411559,33.366127],[126.412303,33.366234],[126.413023,33.365657],[126.416102,33.364508],[126.416699,33.36381],[126.418264,33.363252],[126.419331,33.362263],[126.420881,33.361473],[126.421677,33.36051],[126.421415,33.359787],[126.421517,33.359067],[126.42218,33.358061],[126.422781,33.357615],[126.424096,33.357005],[126.426094,33.356692],[126.427607,33.358074],[126.42822,33.358062],[126.428657,33.358706],[126.42969,33.359004],[126.431571,33.359098],[126.432324,33.359511],[126.432822,33.360278],[126.436114,33.362303],[126.437299,33.363511],[126.439336,33.366251],[126.440891,33.366858],[126.44211,33.368618],[126.442905,33.369067],[126.443791,33.369086],[126.444853,33.369462],[126.445715,33.368709],[126.446121,33.367506],[126.447283,33.366825],[126.447621,33.366171],[126.448423,33.365585],[126.449229,33.364534],[126.448834,33.362096],[126.448545,33.361656],[126.449212,33.35908]]]]}},{"type":"Feature","properties":{"level":"lio","code":"5011025336","name":"어음리","sig_cd":"50110","base_date":"20260701"},"geometry":{"type":"MultiPolygon","coordinates":[[[[126.432822,33.360278],[126.432324,33.359511],[126.431571,33.359098],[126.42969,33.359004],[126.428657,33.358706],[126.42822,33.358062],[126.427607,33.358074],[126.426094,33.356692],[126.424096,33.357005],[126.42218,33.358061],[126.421517,33.359067],[126.421415,33.359787],[126.421677,33.36051],[126.420881,33.361473],[126.419331,33.362263],[126.418264,33.363252],[126.416699,33.36381],[126.416102,33.364508],[126.415368,33.364886],[126.413023,33.365657],[126.412303,33.366234],[126.411559,33.366127],[126.411168,33.366453],[126.408846,33.365525],[126.407284,33.365392],[126.406833,33.365101],[126.404479,33.365251],[126.402828,33.365071],[126.402018,33.364604],[126.400988,33.363779],[126.40244,33.362733],[126.403584,33.362481],[126.40378,33.361948],[126.4036,33.360873],[126.404077,33.360441],[126.402971,33.359918],[126.402842,33.358858],[126.401509,33.358966],[126.400746,33.358414],[126.397196,33.35851],[126.394089,33.354725],[126.392174,33.354415],[126.388499,33.357735],[126.387946,33.358805],[126.389128,33.359335],[126.388057,33.36201],[126.387369,33.36272],[126.387051,33.363453],[126.387294,33.364021],[126.38657,33.364459],[126.385241,33.364942],[126.383596,33.364471],[126.381772,33.36465],[126.379121,33.365887],[126.37697,33.365737],[126.374932,33.366152],[126.374001,33.366012],[126.371474,33.366986],[126.369358,33.367374],[126.368925,33.367715],[126.367689,33.367647],[126.366955,33.368152],[126.364799,33.368378],[126.361235,33.370758],[126.359328,33.370914],[126.357158,33.372642],[126.354768,33.376855],[126.354439,33.377813],[126.353331,33.379201],[126.352637,33.380797],[126.350236,33.381616],[126.34907,33.38171],[126.348339,33.381508],[126.345466,33.382734],[126.345587,33.383022],[126.345268,33.383134],[126.34553,33.383004],[126.345407,33.382844],[126.344431,33.383464],[126.343657,33.383506],[126.341274,33.384439],[126.34106,33.38481],[126.341365,33.386698],[126.341108,33.387517],[126.341374,33.387797],[126.341265,33.38824],[126.339831,33.388992],[126.338684,33.390988],[126.337343,33.392508],[126.336196,33.39294],[126.336596,33.395233],[126.336129,33.396865],[126.33544,33.397514],[126.335591,33.398602],[126.334905,33.399518],[126.331429,33.401788],[126.331452,33.402546],[126.330433,33.403679],[126.329644,33.407315],[126.329617,33.408538],[126.328288,33.409541],[126.328533,33.410582],[126.328258,33.411052],[126.327594,33.411224],[126.327533,33.411648],[126.328626,33.414904],[126.328251,33.415448],[126.327339,33.415575],[126.326137,33.416342],[126.326543,33.416953],[126.32638,33.417302],[126.327051,33.417401],[126.327039,33.418081],[126.325246,33.421248],[126.325431,33.42234],[126.325695,33.422746],[126.327568,33.422018],[126.329602,33.422305],[126.332092,33.421216],[126.33278,33.421416],[126.333111,33.421057],[126.333994,33.420766],[126.334933,33.421411],[126.336475,33.421893],[126.337849,33.42139],[126.339594,33.420182],[126.340432,33.42027],[126.341866,33.421165],[126.343088,33.42047],[126.343705,33.420546],[126.344342,33.420993],[126.345976,33.420639],[126.346919,33.421048],[126.348017,33.420622],[126.350342,33.420677],[126.351461,33.42008],[126.352279,33.419235],[126.353846,33.419066],[126.354577,33.418283],[126.354489,33.417636],[126.35545,33.416773],[126.357208,33.417203],[126.35848,33.416964],[126.358966,33.417205],[126.359321,33.417],[126.359354,33.416677],[126.358877,33.416175],[126.359683,33.415425],[126.360101,33.414276],[126.360793,33.413937],[126.361424,33.411828],[126.362045,33.410993],[126.363564,33.410202],[126.364221,33.409481],[126.365374,33.4088],[126.36696,33.408898],[126.368016,33.408487],[126.368829,33.407635],[126.368987,33.406939],[126.369966,33.40616],[126.368514,33.403311],[126.367846,33.401107],[126.366859,33.399665],[126.367829,33.399367],[126.368624,33.398702],[126.369608,33.398603],[126.370369,33.39807],[126.370943,33.397064],[126.373795,33.395803],[126.374109,33.394742],[126.374667,33.39451],[126.374983,33.393958],[126.375878,33.393327],[126.376219,33.393557],[126.37698,33.39309],[126.377556,33.392722],[126.377947,33.391975],[126.3788,33.391531],[126.379293,33.3907],[126.379185,33.390462],[126.379893,33.390005],[126.380253,33.389078],[126.381182,33.388399],[126.38132,33.388039],[126.382328,33.387637],[126.382661,33.387244],[126.382638,33.386552],[126.383058,33.385803],[126.38584,33.38427],[126.386825,33.383392],[126.388106,33.382833],[126.38954,33.38151],[126.390698,33.379836],[126.391734,33.37892],[126.392463,33.375906],[126.393446,33.373992],[126.39478,33.372655],[126.39644,33.369431],[126.399738,33.368285],[126.40123,33.368366],[126.406009,33.369867],[126.40688,33.369657],[126.411843,33.369727],[126.416823,33.370063],[126.417832,33.370328],[126.418235,33.370095],[126.419413,33.37026],[126.423798,33.368223],[126.424879,33.368014],[126.425848,33.36816],[126.42699,33.367461],[126.42915,33.366883],[126.430416,33.36464],[126.43254,33.362949],[126.432822,33.360278]]]]}},{"type":"Feature","properties":{"level":"lio","code":"5011025029","name":"상대리","sig_cd":"50110","base_date":"20260701"},"geometry":{"type":"MultiPolygon","coordinates":[[[[126.302965,33.415082],[126.303536,33.413876],[126.303553,33.413237],[126.30615,33.41085],[126.306419,33.408022],[126.30694,33.407713],[126.307642,33.408312],[126.308096,33.408237],[126.308564,33.407168],[126.30955,33.401292],[126.309872,33.400472],[126.309778,33.399371],[126.310132,33.39802],[126.309822,33.397414],[126.309842,33.396574],[126.310895,33.395792],[126.312493,33.395641],[126.312776,33.395268],[126.313669,33.394975],[126.314256,33.394234],[126.314687,33.39283],[126.315033,33.392597],[126.315817,33.392643],[126.316627,33.390675],[126.316968,33.390355],[126.31962,33.389806],[126.320922,33.389153],[126.321771,33.389064],[126.323303,33.387361],[126.323352,33.386109],[126.322847,33.385452],[126.323063,33.384409],[126.32277,33.383386],[126.322874,33.382902],[126.32378,33.382357],[126.323806,33.381839],[126.323542,33.381693],[126.32368,33.379843],[126.315494,33.380527],[126.312142,33.380369],[126.310864,33.380539],[126.310537,33.380505],[126.310228,33.379874],[126.306488,33.379294],[126.306134,33.379543],[126.303828,33.378471],[126.300453,33.378886],[126.299549,33.379463],[126.297967,33.379249],[126.297301,33.379793],[126.297118,33.380328],[126.296132,33.380951],[126.29565,33.381124],[126.294987,33.38084],[126.294116,33.380987],[126.292862,33.382331],[126.291744,33.382577],[126.29161,33.382864],[126.290907,33.383051],[126.290126,33.384402],[126.288472,33.385246],[126.288273,33.386077],[126.287769,33.386701],[126.287889,33.386922],[126.286614,33.387559],[126.286205,33.388676],[126.283478,33.3883],[126.281299,33.389422],[126.280475,33.38936],[126.27954,33.390459],[126.27889,33.391795],[126.277734,33.392893],[126.277484,33.393335],[126.277451,33.395553],[126.276679,33.397735],[126.276742,33.399277],[126.277377,33.400072],[126.277223,33.400425],[126.277558,33.402238],[126.278232,33.403452],[126.278227,33.404358],[126.278692,33.404941],[126.279157,33.407037],[126.280146,33.408118],[126.280182,33.40867],[126.2822,33.410364],[126.282678,33.411399],[126.283978,33.412151],[126.286136,33.412082],[126.287746,33.412467],[126.288967,33.412039],[126.289902,33.413024],[126.289775,33.413942],[126.290898,33.414651],[126.291515,33.415711],[126.294609,33.416935],[126.295308,33.416486],[126.29782,33.416119],[126.299444,33.415566],[126.302001,33.41565],[126.302965,33.415082]]]]}},{"type":"Feature","properties":{"level":"lio","code":"5011025026","name":"동명리","sig_cd":"50110","base_date":"20260701"},"geometry":{"type":"MultiPolygon","coordinates":[[[[126.298355,33.379161],[126.29801,33.378155],[126.298244,33.377768],[126.298161,33.377235],[126.296826,33.375956],[126.296321,33.37609],[126.29591,33.376662],[126.295074,33.376617],[126.294741,33.376983],[126.294026,33.378078],[126.294137,33.378618],[126.293946,33.379004],[126.293304,33.379548],[126.28959,33.380754],[126.289487,33.381291],[126.288854,33.381516],[126.288732,33.382249],[126.287945,33.382839],[126.286835,33.382635],[126.286138,33.383501],[126.284407,33.383394],[126.283239,33.383834],[126.282786,33.384083],[126.281402,33.38595],[126.280296,33.386586],[126.278374,33.387329],[126.273955,33.387251],[126.273481,33.387476],[126.273247,33.387903],[126.271973,33.387669],[126.271432,33.387894],[126.27071,33.387691],[126.269398,33.387916],[126.26834,33.388503],[126.268002,33.388945],[126.26764,33.388904],[126.267043,33.389254],[126.266712,33.390778],[126.266311,33.39147],[126.265719,33.391447],[126.26545,33.391141],[126.265399,33.391626],[126.264032,33.392475],[126.262965,33.394184],[126.26297,33.395586],[126.263316,33.395949],[126.263476,33.397576],[126.263718,33.397978],[126.263513,33.39925],[126.262882,33.399408],[126.263158,33.399933],[126.263046,33.401614],[126.262419,33.402222],[126.261558,33.402591],[126.260408,33.402185],[126.259509,33.402269],[126.260441,33.403703],[126.259605,33.404519],[126.260073,33.405164],[126.260196,33.405823],[126.25854,33.406157],[126.258145,33.406481],[126.2579,33.407134],[126.257355,33.407275],[126.258252,33.408446],[126.257385,33.408703],[126.25766,33.409015],[126.258068,33.408687],[126.258668,33.409209],[126.259801,33.408852],[126.259965,33.408435],[126.260741,33.408595],[126.261868,33.408242],[126.261853,33.407885],[126.262383,33.407978],[126.263723,33.409097],[126.264149,33.409129],[126.264313,33.409561],[126.265595,33.410703],[126.266215,33.408677],[126.268812,33.405735],[126.270031,33.406355],[126.271092,33.405479],[126.274269,33.405356],[126.275204,33.406014],[126.276397,33.406131],[126.277854,33.406671],[126.278695,33.406543],[126.279113,33.406779],[126.278692,33.404941],[126.278227,33.404358],[126.278232,33.403452],[126.277558,33.402238],[126.277223,33.400425],[126.277377,33.400072],[126.276726,33.399186],[126.276679,33.397735],[126.277451,33.395553],[126.277484,33.393335],[126.277734,33.392893],[126.27889,33.391795],[126.27954,33.390459],[126.280475,33.38936],[126.281299,33.389422],[126.283478,33.3883],[126.286205,33.388676],[126.286614,33.387559],[126.287889,33.386922],[126.287769,33.386701],[126.288273,33.386077],[126.288472,33.385246],[126.290126,33.384402],[126.290907,33.383051],[126.29161,33.382864],[126.291744,33.382577],[126.292862,33.382331],[126.294116,33.380987],[126.294987,33.38084],[126.29565,33.381124],[126.296132,33.380951],[126.297118,33.380328],[126.297301,33.379793],[126.297818,33.37935],[126.298355,33.379161]]]]}},{"type":"Feature","properties":{"level":"lio","code":"5011025027","name":"명월리","sig_cd":"50110","base_date":"20260701"},"geometry":{"type":"MultiPolygon","coordinates":[[[[126.296009,33.376419],[126.294658,33.376218],[126.294118,33.375399],[126.292602,33.374496],[126.291446,33.374777],[126.290591,33.374648],[126.288988,33.373649],[126.288688,33.373168],[126.288748,33.372303],[126.289227,33.371507],[126.290026,33.370907],[126.291235,33.370978],[126.291548,33.370659],[126.291161,33.370355],[126.290984,33.369643],[126.291184,33.36834],[126.291127,33.368181],[126.288335,33.368332],[126.286551,33.367999],[126.286198,33.367728],[126.285653,33.366533],[126.286819,33.363787],[126.286515,33.362953],[126.284139,33.363107],[126.283097,33.363591],[126.282436,33.363614],[126.282367,33.364615],[126.281507,33.365249],[126.281219,33.365824],[126.279378,33.366217],[126.27847,33.368096],[126.278314,33.369172],[126.278433,33.369701],[126.27888,33.370156],[126.278877,33.371085],[126.278075,33.372283],[126.277799,33.373771],[126.27714,33.374378],[126.27678,33.374435],[126.276096,33.373736],[126.274906,33.373349],[126.274019,33.372638],[126.272377,33.372202],[126.271762,33.371646],[126.271213,33.371888],[126.270757,33.371678],[126.270115,33.371834],[126.268517,33.371486],[126.268165,33.371084],[126.267777,33.37117],[126.267715,33.370612],[126.26656,33.370092],[126.266149,33.369207],[126.265636,33.36884],[126.265419,33.370592],[126.264276,33.371421],[126.263171,33.372574],[126.262562,33.373632],[126.262103,33.373859],[126.262841,33.375487],[126.262773,33.376973],[126.263729,33.380363],[126.263157,33.385319],[126.263489,33.3871],[126.263201,33.389644],[126.262091,33.390759],[126.262318,33.39133],[126.261912,33.391694],[126.259923,33.391579],[126.258556,33.392007],[126.25784,33.39279],[126.257445,33.392873],[126.257578,33.393533],[126.259216,33.395314],[126.259228,33.396834],[126.26065,33.397568],[126.261278,33.39817],[126.260452,33.39853],[126.259928,33.399795],[126.258535,33.401154],[126.258946,33.401893],[126.259509,33.402269],[126.260408,33.402185],[126.261558,33.402591],[126.262419,33.402222],[126.263046,33.401614],[126.263158,33.399933],[126.262882,33.399408],[126.263513,33.39925],[126.263718,33.397978],[126.263476,33.397576],[126.263316,33.395949],[126.26297,33.395586],[126.262965,33.394184],[126.264032,33.392475],[126.265399,33.391626],[126.26545,33.391141],[126.265719,33.391447],[126.266311,33.39147],[126.266712,33.390778],[126.267043,33.389254],[126.26764,33.388904],[126.268002,33.388945],[126.26834,33.388503],[126.269398,33.387916],[126.27071,33.387691],[126.271432,33.387894],[126.271973,33.387669],[126.273247,33.387903],[126.273481,33.387476],[126.273955,33.387251],[126.278374,33.387329],[126.280296,33.386586],[126.281402,33.38595],[126.282786,33.384083],[126.283239,33.383834],[126.284407,33.383394],[126.286138,33.383501],[126.286835,33.382635],[126.287945,33.382839],[126.288732,33.382249],[126.288854,33.381516],[126.289487,33.381291],[126.28959,33.380754],[126.293304,33.379548],[126.293946,33.379004],[126.294137,33.378618],[126.294026,33.378078],[126.294741,33.376983],[126.295074,33.376617],[126.295725,33.376704],[126.296009,33.376419]]]]}},{"type":"Feature","properties":{"level":"lio","code":"5011025025","name":"금악리","sig_cd":"50110","base_date":"20260701"},"geometry":{"type":"MultiPolygon","coordinates":[[[[126.342567,33.360838],[126.344073,33.360078],[126.344491,33.359532],[126.349021,33.358006],[126.354737,33.353927],[126.357381,33.353014],[126.368443,33.348111],[126.371251,33.347355],[126.375317,33.346931],[126.37531,33.346761],[126.373792,33.345692],[126.37205,33.345109],[126.370639,33.343671],[126.370137,33.342352],[126.3692,33.341615],[126.36747,33.341149],[126.363771,33.341333],[126.362919,33.341532],[126.362575,33.341966],[126.361216,33.342035],[126.356327,33.340894],[126.351975,33.340685],[126.351487,33.340958],[126.349505,33.340937],[126.348346,33.341223],[126.345167,33.342743],[126.341639,33.343631],[126.340237,33.34361],[126.33966,33.343342],[126.339575,33.341553],[126.338811,33.341029],[126.337758,33.340702],[126.336381,33.339448],[126.33524,33.337709],[126.334802,33.336479],[126.33281,33.335724],[126.332387,33.334792],[126.331339,33.333755],[126.330691,33.334029],[126.330055,33.333115],[126.329379,33.332833],[126.324534,33.327454],[126.323579,33.327126],[126.323849,33.32659],[126.322572,33.325814],[126.321535,33.32558],[126.320966,33.325738],[126.319983,33.326822],[126.318333,33.327426],[126.311799,33.326857],[126.31112,33.326236],[126.309319,33.325453],[126.305947,33.326653],[126.304239,33.325405],[126.303623,33.324327],[126.300174,33.322523],[126.296323,33.321992],[126.293422,33.324924],[126.292996,33.32582],[126.2912,33.327051],[126.290249,33.328906],[126.289257,33.331731],[126.288498,33.335639],[126.286682,33.337075],[126.285067,33.339088],[126.28515,33.339828],[126.284438,33.342599],[126.283591,33.342748],[126.282786,33.345035],[126.282142,33.345281],[126.281526,33.345144],[126.281102,33.345384],[126.280047,33.34542],[126.278649,33.346117],[126.27857,33.346477],[126.280446,33.346377],[126.281907,33.347028],[126.280518,33.348549],[126.280809,33.349587],[126.280408,33.351047],[126.281304,33.351465],[126.280944,33.352354],[126.281843,33.35383],[126.281758,33.354326],[126.282098,33.355024],[126.283256,33.355963],[126.284603,33.35585],[126.284069,33.357539],[126.284424,33.359376],[126.286439,33.362285],[126.286765,33.363216],[126.286797,33.363865],[126.286429,33.364355],[126.286507,33.364894],[126.285653,33.366533],[126.286198,33.367728],[126.286551,33.367999],[126.288335,33.368332],[126.291127,33.368181],[126.290984,33.369643],[126.291161,33.370355],[126.291548,33.370659],[126.291235,33.370978],[126.290378,33.370842],[126.289431,33.371279],[126.288748,33.372303],[126.288765,33.373331],[126.289371,33.374028],[126.290365,33.37458],[126.291446,33.374777],[126.292602,33.374496],[126.294118,33.375399],[126.294658,33.376218],[126.295,33.37635],[126.296009,33.376419],[126.296826,33.375956],[126.298161,33.377235],[126.298107,33.378675],[126.298704,33.379418],[126.299549,33.379463],[126.300453,33.378886],[126.303828,33.378471],[126.306134,33.379543],[126.306488,33.379294],[126.310228,33.379874],[126.310537,33.380505],[126.310864,33.380539],[126.312142,33.380369],[126.315494,33.380527],[126.320003,33.380019],[126.323693,33.37999],[126.323725,33.379538],[126.322991,33.378608],[126.32414,33.377713],[126.325963,33.375279],[126.328405,33.372937],[126.32968,33.37067],[126.331588,33.36998],[126.332146,33.369481],[126.332261,33.368668],[126.33269,33.367988],[126.33444,33.366139],[126.336405,33.365249],[126.338333,33.363937],[126.339336,33.363804],[126.339909,33.36343],[126.340519,33.362358],[126.341717,33.361264],[126.342567,33.360838]]]]}},{"type":"Feature","properties":{"level":"lio","code":"5011031026","name":"조수리","sig_cd":"50110","base_date":"20260701"},"geometry":{"type":"MultiPolygon","coordinates":[[[[126.20411,33.320503],[126.204582,33.320575],[126.205092,33.321208],[126.205639,33.321194],[126.207313,33.321894],[126.207141,33.322594],[126.207487,33.32399],[126.207294,33.325095],[126.20786,33.325662],[126.207696,33.326416],[126.208073,33.326867],[126.208294,33.328176],[126.208735,33.328903],[126.208851,33.331916],[126.209384,33.331867],[126.209834,33.332126],[126.210147,33.332771],[126.210865,33.3333],[126.211845,33.335233],[126.212433,33.335351],[126.21297,33.336143],[126.214316,33.33603],[126.215439,33.336312],[126.215622,33.336504],[126.215177,33.337023],[126.215465,33.337309],[126.215593,33.338333],[126.216367,33.339453],[126.21668,33.33927],[126.218244,33.33988],[126.218725,33.340317],[126.218089,33.340804],[126.218659,33.341577],[126.218532,33.342494],[126.218913,33.342625],[126.219399,33.343385],[126.219307,33.343868],[126.21958,33.344602],[126.220714,33.34448],[126.221231,33.344796],[126.221001,33.345349],[126.22006,33.345893],[126.219189,33.346809],[126.218536,33.348135],[126.219153,33.348132],[126.219557,33.34883],[126.220244,33.349022],[126.220874,33.349568],[126.223921,33.350157],[126.224917,33.349588],[126.225212,33.349685],[126.225759,33.34921],[126.226049,33.347425],[126.22678,33.34702],[126.227748,33.347091],[126.229211,33.346366],[126.230029,33.346987],[126.230661,33.3482],[126.230789,33.34966],[126.230075,33.351664],[126.230679,33.351909],[126.230683,33.352301],[126.23165,33.352933],[126.233227,33.351771],[126.234938,33.352115],[126.235387,33.351976],[126.235176,33.350538],[126.23545,33.350099],[126.235372,33.349806],[126.235788,33.348759],[126.237023,33.34757],[126.236962,33.346504],[126.237344,33.346614],[126.237815,33.346342],[126.237431,33.345957],[126.238321,33.344042],[126.238318,33.343699],[126.237921,33.343376],[126.237959,33.342781],[126.238657,33.341401],[126.238293,33.340659],[126.237834,33.340315],[126.23828,33.339935],[126.238163,33.339249],[126.235921,33.339081],[126.236067,33.338002],[126.236034,33.337705],[126.235697,33.337767],[126.23589,33.337499],[126.235748,33.337031],[126.236304,33.336562],[126.236315,33.336205],[126.236931,33.335928],[126.237767,33.33611],[126.238861,33.335917],[126.239507,33.335483],[126.239301,33.334958],[126.237921,33.333936],[126.237563,33.333354],[126.236825,33.333429],[126.235859,33.331796],[126.233963,33.33059],[126.233356,33.33061],[126.232905,33.329572],[126.232229,33.329374],[126.230819,33.329909],[126.230096,33.330644],[126.229998,33.331505],[126.229155,33.331295],[126.228395,33.330834],[126.227806,33.330827],[126.227068,33.330299],[126.226386,33.330247],[126.225459,33.329649],[126.225229,33.329217],[126.224867,33.329156],[126.224774,33.328404],[126.223927,33.328414],[126.221768,33.32786],[126.221514,33.327621],[126.221515,33.326512],[126.221081,33.325573],[126.220983,33.323878],[126.221296,33.323292],[126.222024,33.322731],[126.222869,33.32052],[126.222758,33.319224],[126.222332,33.318079],[126.222878,33.317271],[126.222481,33.316738],[126.222532,33.315798],[126.221692,33.313327],[126.221823,33.311331],[126.222786,33.309089],[126.222904,33.307763],[126.222867,33.307071],[126.222233,33.30669],[126.222123,33.306341],[126.222237,33.305717],[126.221981,33.305014],[126.222373,33.302421],[126.221799,33.301941],[126.2221,33.301049],[126.221976,33.300559],[126.2224,33.300004],[126.222837,33.298251],[126.222462,33.297705],[126.222305,33.296577],[126.2231,33.29412],[126.224151,33.292789],[126.224206,33.292202],[126.224579,33.291854],[126.224429,33.290805],[126.225075,33.289299],[126.225015,33.288042],[126.22533,33.286286],[126.222053,33.287133],[126.210311,33.292501],[126.205896,33.293651],[126.206351,33.294167],[126.206249,33.294644],[126.206564,33.295105],[126.206465,33.296338],[126.20683,33.298495],[126.206882,33.300046],[126.206486,33.30171],[126.207123,33.305411],[126.206468,33.305551],[126.206669,33.307096],[126.208714,33.309412],[126.208349,33.31028],[126.208578,33.311176],[126.208339,33.311715],[126.207956,33.312288],[126.206976,33.31279],[126.20683,33.313408],[126.205937,33.313927],[126.204611,33.315587],[126.204597,33.316112],[126.204238,33.3165],[126.204283,33.317592],[126.20388,33.318774],[126.20411,33.320503]]]]}},{"type":"Feature","properties":{"level":"lio","code":"5011031030","name":"저지리","sig_cd":"50110","base_date":"20260701"},"geometry":{"type":"MultiPolygon","coordinates":[[[[126.238524,33.333049],[126.238049,33.332931],[126.237518,33.333342],[126.238223,33.334214],[126.239118,33.334725],[126.239507,33.335483],[126.238582,33.336022],[126.236931,33.335928],[126.236315,33.336205],[126.236304,33.336562],[126.235748,33.337031],[126.23589,33.337499],[126.235697,33.337767],[126.236034,33.337705],[126.236067,33.338002],[126.235903,33.339047],[126.236595,33.339233],[126.237828,33.339078],[126.238315,33.339422],[126.23828,33.339935],[126.237834,33.340315],[126.238293,33.340659],[126.238657,33.341401],[126.237959,33.342781],[126.239317,33.343189],[126.240896,33.344476],[126.24208,33.34467],[126.243557,33.346352],[126.244,33.346382],[126.244528,33.346934],[126.24486,33.346801],[126.245733,33.347215],[126.24628,33.347726],[126.246754,33.347266],[126.247396,33.347081],[126.247846,33.345931],[126.247712,33.345456],[126.248519,33.344586],[126.248664,33.344055],[126.249652,33.343626],[126.250009,33.342894],[126.249906,33.342483],[126.250574,33.342286],[126.250849,33.341687],[126.251611,33.34122],[126.252089,33.341075],[126.252792,33.341757],[126.254656,33.342582],[126.255049,33.343317],[126.255901,33.342796],[126.257414,33.344198],[126.258373,33.344482],[126.258523,33.344963],[126.259505,33.344791],[126.259688,33.34494],[126.260232,33.344204],[126.26073,33.343981],[126.260988,33.343086],[126.261766,33.34297],[126.261864,33.343131],[126.262129,33.342867],[126.262269,33.343407],[126.262551,33.342766],[126.263532,33.342471],[126.263464,33.342203],[126.263765,33.341918],[126.263639,33.341656],[126.265432,33.342038],[126.270101,33.337033],[126.270047,33.338335],[126.271474,33.339981],[126.271708,33.34078],[126.271662,33.342182],[126.271917,33.342647],[126.274147,33.344541],[126.274939,33.344856],[126.275826,33.345591],[126.276462,33.345681],[126.276574,33.346095],[126.27857,33.346477],[126.278704,33.346046],[126.279059,33.346072],[126.280047,33.34542],[126.281102,33.345384],[126.281526,33.345144],[126.282142,33.345281],[126.282786,33.345035],[126.283591,33.342748],[126.284438,33.342599],[126.28515,33.339828],[126.285067,33.339088],[126.286682,33.337075],[126.288498,33.335639],[126.289257,33.331731],[126.290249,33.328906],[126.2912,33.327051],[126.292996,33.32582],[126.293422,33.324924],[126.296323,33.321992],[126.294995,33.317931],[126.294383,33.316832],[126.292968,33.311598],[126.292409,33.310494],[126.28735,33.307101],[126.287239,33.305607],[126.286353,33.304337],[126.285554,33.303857],[126.28243,33.303384],[126.279987,33.301859],[126.279189,33.303143],[126.27829,33.303798],[126.277798,33.304601],[126.277172,33.304947],[126.276916,33.30561],[126.275998,33.305678],[126.275744,33.305477],[126.273648,33.306401],[126.273175,33.306842],[126.271713,33.30696],[126.27063,33.307438],[126.270359,33.30792],[126.269615,33.308065],[126.266614,33.309549],[126.266379,33.310076],[126.263054,33.312455],[126.262633,33.313048],[126.262644,33.313828],[126.26221,33.314297],[126.262807,33.316087],[126.26212,33.317366],[126.262018,33.318126],[126.260911,33.319663],[126.259974,33.320172],[126.259742,33.320742],[126.258676,33.321732],[126.257672,33.321934],[126.256584,33.322682],[126.255926,33.32286],[126.255637,33.323682],[126.253962,33.324519],[126.253274,33.325707],[126.252684,33.325728],[126.252062,33.326072],[126.250845,33.325892],[126.250524,33.327593],[126.248544,33.32898],[126.247615,33.330268],[126.245154,33.331704],[126.243724,33.332033],[126.243055,33.331849],[126.241287,33.333615],[126.239159,33.333403],[126.238524,33.333049]]]]}},{"type":"Feature","properties":{"level":"lio","code":"5011031021","name":"청수리","sig_cd":"50110","base_date":"20260701"},"geometry":{"type":"MultiPolygon","coordinates":[[[[126.226642,33.285828],[126.227452,33.28589],[126.227758,33.286336],[126.228617,33.286823],[126.229641,33.287034],[126.23021,33.286836],[126.231213,33.287166],[126.23139,33.2881],[126.231031,33.289003],[126.231094,33.289916],[126.230628,33.291079],[126.230848,33.291548],[126.231562,33.29185],[126.230944,33.29309],[126.231805,33.293921],[126.231756,33.295428],[126.231393,33.295681],[126.231551,33.296021],[126.231911,33.296049],[126.231757,33.296443],[126.232258,33.29661],[126.232715,33.296006],[126.234106,33.295611],[126.235596,33.299049],[126.235785,33.300318],[126.236421,33.301297],[126.237287,33.301842],[126.237776,33.302799],[126.23869,33.303155],[126.239169,33.303843],[126.240538,33.303776],[126.24084,33.305157],[126.241155,33.305229],[126.241257,33.305609],[126.240973,33.306196],[126.24141,33.307036],[126.240342,33.307557],[126.240256,33.307952],[126.239562,33.308007],[126.239429,33.308812],[126.239264,33.308813],[126.239444,33.309575],[126.238615,33.310283],[126.239902,33.310775],[126.241032,33.311811],[126.240633,33.312378],[126.240583,33.313161],[126.23957,33.315513],[126.239621,33.31601],[126.239058,33.316856],[126.238644,33.316924],[126.236993,33.318418],[126.236561,33.318497],[126.23627,33.318864],[126.234954,33.319005],[126.235148,33.320194],[126.234858,33.320983],[126.235294,33.321593],[126.236044,33.322047],[126.235924,33.323146],[126.23683,33.323605],[126.236358,33.324933],[126.236654,33.325705],[126.236494,33.32631],[126.237279,33.327006],[126.237475,33.328864],[126.238029,33.329724],[126.237893,33.330367],[126.238531,33.331337],[126.238534,33.331769],[126.23903,33.331981],[126.239066,33.332663],[126.238524,33.333049],[126.239159,33.333403],[126.241287,33.333615],[126.243055,33.331849],[126.244298,33.331951],[126.246177,33.331241],[126.247615,33.330268],[126.248544,33.32898],[126.249534,33.328142],[126.250524,33.327593],[126.250845,33.325892],[126.252062,33.326072],[126.252684,33.325728],[126.253274,33.325707],[126.253962,33.324519],[126.255637,33.323682],[126.255926,33.32286],[126.256584,33.322682],[126.257672,33.321934],[126.258676,33.321732],[126.259742,33.320742],[126.259974,33.320172],[126.260911,33.319663],[126.262018,33.318126],[126.26212,33.317366],[126.262807,33.316087],[126.26221,33.314297],[126.262644,33.313828],[126.262633,33.313048],[126.263054,33.312455],[126.266379,33.310076],[126.266614,33.309549],[126.269615,33.308065],[126.270359,33.30792],[126.27063,33.307438],[126.271713,33.30696],[126.273175,33.306842],[126.273648,33.306401],[126.275744,33.305477],[126.275998,33.305678],[126.276916,33.30561],[126.277172,33.304947],[126.277798,33.304601],[126.27829,33.303798],[126.279189,33.303143],[126.279987,33.301859],[126.279677,33.301233],[126.279569,33.299918],[126.27922,33.299484],[126.277893,33.298892],[126.274542,33.298158],[126.273771,33.297675],[126.270458,33.297506],[126.269141,33.296914],[126.268355,33.296188],[126.267228,33.296309],[126.263948,33.295319],[126.263363,33.295527],[126.261315,33.295115],[126.259465,33.294218],[126.258286,33.294181],[126.255514,33.29324],[126.253029,33.292805],[126.251984,33.291666],[126.251499,33.291592],[126.250766,33.290428],[126.249825,33.290515],[126.248316,33.289456],[126.24749,33.289321],[126.246773,33.288354],[126.24502,33.288299],[126.244548,33.288502],[126.244165,33.287579],[126.244043,33.286044],[126.24293,33.284158],[126.242754,33.283164],[126.24341,33.282186],[126.243127,33.281004],[126.243452,33.279578],[126.243031,33.278443],[126.243038,33.277424],[126.243961,33.275949],[126.243913,33.275218],[126.244304,33.27475],[126.244294,33.273922],[126.244651,33.272966],[126.243014,33.273656],[126.238705,33.276378],[126.236091,33.279803],[126.232185,33.282022],[126.230574,33.283644],[126.230131,33.284441],[126.226642,33.285828]]]]}},{"type":"Feature","properties":{"level":"lio","code":"5011031029","name":"낙천리","sig_cd":"50110","base_date":"20260701"},"geometry":{"type":"MultiPolygon","coordinates":[[[[126.237293,33.333428],[126.238049,33.332931],[126.238524,33.333049],[126.239066,33.332663],[126.23903,33.331981],[126.238534,33.331769],[126.238531,33.331337],[126.237893,33.330367],[126.238029,33.329724],[126.237475,33.328864],[126.237279,33.327006],[126.236494,33.32631],[126.236654,33.325705],[126.236358,33.324933],[126.23683,33.323605],[126.235924,33.323146],[126.236044,33.322047],[126.235294,33.321593],[126.234858,33.320983],[126.235148,33.320194],[126.234954,33.319005],[126.23627,33.318864],[126.236561,33.318497],[126.236993,33.318418],[126.238644,33.316924],[126.239058,33.316856],[126.239621,33.31601],[126.23957,33.315513],[126.240583,33.313161],[126.240633,33.312378],[126.241032,33.311811],[126.239902,33.310775],[126.238615,33.310283],[126.239444,33.309575],[126.239264,33.308813],[126.239429,33.308812],[126.239562,33.308007],[126.240256,33.307952],[126.240342,33.307557],[126.24141,33.307036],[126.240973,33.306196],[126.241257,33.305609],[126.241155,33.305229],[126.24084,33.305157],[126.240538,33.303776],[126.239169,33.303843],[126.23869,33.303155],[126.237776,33.302799],[126.237287,33.301842],[126.236421,33.301297],[126.235785,33.300318],[126.235596,33.299049],[126.234106,33.295611],[126.232715,33.296006],[126.232258,33.29661],[126.231757,33.296443],[126.231911,33.296049],[126.231551,33.296021],[126.231393,33.295681],[126.231756,33.295428],[126.231805,33.293921],[126.230944,33.29309],[126.231562,33.29185],[126.230848,33.291548],[126.230628,33.291079],[126.231094,33.289916],[126.231031,33.289003],[126.23139,33.2881],[126.231213,33.287166],[126.23021,33.286836],[126.229641,33.287034],[126.228617,33.286823],[126.227758,33.286336],[126.227452,33.28589],[126.226642,33.285828],[126.22533,33.286286],[126.225015,33.288042],[126.225075,33.289299],[126.224429,33.290805],[126.224579,33.291854],[126.224206,33.292202],[126.224151,33.292789],[126.2231,33.29412],[126.222305,33.296577],[126.222462,33.297705],[126.222837,33.298251],[126.2224,33.300004],[126.221976,33.300559],[126.2221,33.301049],[126.221799,33.301941],[126.222373,33.302421],[126.221981,33.305014],[126.222237,33.305717],[126.222123,33.306341],[126.222233,33.30669],[126.222867,33.307071],[126.222904,33.307763],[126.222786,33.309089],[126.221823,33.311331],[126.221692,33.313327],[126.222532,33.315798],[126.222481,33.316738],[126.222878,33.317271],[126.222332,33.318079],[126.222758,33.319224],[126.222869,33.32052],[126.222024,33.322731],[126.221296,33.323292],[126.220983,33.323878],[126.221081,33.325573],[126.221624,33.32729],[126.221497,33.32756],[126.221939,33.327907],[126.223927,33.328414],[126.224774,33.328404],[126.224945,33.329257],[126.225229,33.329217],[126.225459,33.329649],[126.226386,33.330247],[126.227068,33.330299],[126.227806,33.330827],[126.228395,33.330834],[126.229782,33.331477],[126.230074,33.331366],[126.230011,33.330947],[126.230393,33.330137],[126.231705,33.329524],[126.232639,33.329437],[126.232905,33.329572],[126.233356,33.33061],[126.233963,33.33059],[126.235859,33.331796],[126.236825,33.333429],[126.237293,33.333428]]]]}},{"type":"Feature","properties":{"level":"lio","code":"5011031027","name":"두모리","sig_cd":"50110","base_date":"20260701"},"geometry":{"type":"MultiPolygon","coordinates":[[[[126.180871,33.351031],[126.180133,33.351243],[126.179569,33.351732],[126.18142,33.352618],[126.181342,33.353206],[126.181561,33.353742],[126.181946,33.353996],[126.181655,33.354352],[126.181775,33.354671],[126.181555,33.355296],[126.181744,33.356678],[126.182111,33.356695],[126.182157,33.357143],[126.181625,33.357324],[126.180554,33.357028],[126.180544,33.357633],[126.180902,33.35762],[126.180836,33.357296],[126.181381,33.357391],[126.180984,33.35807],[126.181215,33.358509],[126.181625,33.358574],[126.182025,33.357969],[126.182825,33.358416],[126.183708,33.358383],[126.183779,33.358106],[126.184243,33.35841],[126.184452,33.359636],[126.184724,33.359757],[126.184891,33.359436],[126.184747,33.358757],[126.185487,33.359107],[126.18567,33.35885],[126.186719,33.358944],[126.186926,33.358488],[126.187189,33.358422],[126.187636,33.358784],[126.188058,33.358704],[126.189201,33.356717],[126.189149,33.356212],[126.190046,33.356267],[126.190463,33.355627],[126.191712,33.355151],[126.192761,33.354278],[126.193825,33.353875],[126.19385,33.353474],[126.194299,33.352884],[126.195484,33.351839],[126.195882,33.350863],[126.195434,33.350407],[126.197108,33.349349],[126.197463,33.348848],[126.199116,33.348132],[126.19999,33.347456],[126.201468,33.347389],[126.202933,33.346543],[126.205225,33.346035],[126.205238,33.345299],[126.205885,33.345113],[126.208384,33.343078],[126.209758,33.342887],[126.211515,33.342134],[126.212095,33.34148],[126.215786,33.340287],[126.215984,33.339704],[126.216367,33.339453],[126.215593,33.338333],[126.215465,33.337309],[126.215177,33.337023],[126.215622,33.336504],[126.215099,33.336131],[126.21297,33.336143],[126.212433,33.335351],[126.211845,33.335233],[126.210865,33.3333],[126.210147,33.332771],[126.209834,33.332126],[126.209384,33.331867],[126.208851,33.331916],[126.208735,33.328903],[126.208294,33.328176],[126.208073,33.326867],[126.207696,33.326416],[126.20786,33.325662],[126.207294,33.325095],[126.207487,33.32399],[126.207141,33.322594],[126.207313,33.321894],[126.205639,33.321194],[126.205092,33.321208],[126.204582,33.320575],[126.20411,33.320503],[126.204072,33.321441],[126.202999,33.323441],[126.201515,33.324659],[126.201172,33.325574],[126.200199,33.325804],[126.199275,33.325588],[126.198678,33.325107],[126.195334,33.325053],[126.194471,33.325322],[126.193269,33.326392],[126.193084,33.327354],[126.192492,33.327896],[126.191187,33.330219],[126.189528,33.331418],[126.189187,33.332242],[126.188902,33.332362],[126.188903,33.333318],[126.188487,33.333931],[126.188841,33.33434],[126.188728,33.334932],[126.18749,33.336204],[126.186393,33.336544],[126.185959,33.336989],[126.186982,33.338408],[126.187254,33.339741],[126.187803,33.340136],[126.188117,33.340731],[126.189015,33.340304],[126.190196,33.341218],[126.190056,33.341432],[126.190258,33.341579],[126.189161,33.342517],[126.18917,33.344051],[126.189399,33.344206],[126.189505,33.345123],[126.190532,33.345894],[126.191784,33.346366],[126.191294,33.347959],[126.190654,33.348588],[126.187174,33.350463],[126.186191,33.350544],[126.185968,33.349965],[126.185523,33.350268],[126.184541,33.350292],[126.184175,33.350649],[126.183423,33.350277],[126.182318,33.350699],[126.181064,33.35047],[126.180871,33.351031]]]]}},{"type":"Feature","properties":{"level":"lio","code":"5011025035","name":"한수리","sig_cd":"50110","base_date":"20260701"},"geometry":{"type":"MultiPolygon","coordinates":[[[[126.263802,33.424519],[126.264087,33.424498],[126.264367,33.424074],[126.26477,33.424298],[126.2655,33.424059],[126.266328,33.423096],[126.266606,33.423138],[126.264377,33.419722],[126.263316,33.419917],[126.263158,33.419658],[126.261955,33.419431],[126.261791,33.419951],[126.260226,33.419604],[126.260147,33.419869],[126.262449,33.420371],[126.262092,33.421913],[126.261993,33.420344],[126.26189,33.421903],[126.262082,33.422463],[126.260626,33.423189],[126.258899,33.42275],[126.258202,33.421751],[126.257821,33.420035],[126.257949,33.419077],[126.258463,33.417947],[126.257702,33.417159],[126.251898,33.417048],[126.257661,33.417252],[126.258344,33.417955],[126.257872,33.419096],[126.257758,33.420467],[126.258129,33.421775],[126.258852,33.422794],[126.260431,33.423192],[126.260266,33.423854],[126.260612,33.423861],[126.261446,33.42332],[126.261633,33.422729],[126.262157,33.422518],[126.262944,33.423733],[126.262485,33.422722],[126.263022,33.422494],[126.263282,33.423012],[126.263732,33.423181],[126.263767,33.423827],[126.264217,33.423688],[126.263703,33.424124],[126.263802,33.424519]]],[[[126.263701,33.424598],[126.262978,33.42379],[126.26352,33.424687],[126.263701,33.424598]]]]}},{"type":"Feature","properties":{"level":"lio","code":"5011031028","name":"신창리","sig_cd":"50110","base_date":"20260701"},"geometry":{"type":"MultiPolygon","coordinates":[[[[126.179173,33.345804],[126.177822,33.347762],[126.178055,33.349553],[126.178044,33.347732],[126.178313,33.347347],[126.179114,33.347482],[126.178253,33.347227],[126.179036,33.346094],[126.179344,33.346289],[126.179566,33.345928],[126.179982,33.346051],[126.179843,33.346308],[126.180098,33.346428],[126.180193,33.346102],[126.180584,33.346292],[126.180756,33.346009],[126.182138,33.345395],[126.182185,33.345738],[126.181699,33.346299],[126.180525,33.346612],[126.180486,33.347096],[126.180907,33.347424],[126.181052,33.347214],[126.181243,33.347605],[126.180789,33.347859],[126.180255,33.347453],[126.179825,33.347849],[126.179187,33.347403],[126.180042,33.348141],[126.180389,33.348032],[126.18047,33.348213],[126.180138,33.348307],[126.180228,33.348608],[126.18049,33.348339],[126.180919,33.34843],[126.181122,33.348768],[126.180689,33.349085],[126.180396,33.348732],[126.178683,33.349104],[126.180218,33.348796],[126.180545,33.349111],[126.1805,33.3496],[126.180774,33.349276],[126.181225,33.34929],[126.181374,33.349496],[126.181204,33.349592],[126.180696,33.349389],[126.180658,33.349552],[126.181053,33.349868],[126.181019,33.350504],[126.181477,33.350586],[126.182318,33.350699],[126.183423,33.350277],[126.184175,33.350649],[126.184541,33.350292],[126.185523,33.350268],[126.185968,33.349965],[126.186191,33.350544],[126.186644,33.350608],[126.189297,33.349393],[126.191294,33.347959],[126.191784,33.346366],[126.190532,33.345894],[126.189505,33.345123],[126.189399,33.344206],[126.18917,33.344051],[126.189161,33.342517],[126.190258,33.341579],[126.190056,33.341432],[126.190196,33.341218],[126.189015,33.340304],[126.188117,33.340731],[126.187803,33.340136],[126.187254,33.339741],[126.186982,33.338408],[126.185959,33.336989],[126.186393,33.336544],[126.18749,33.336204],[126.188728,33.334932],[126.188841,33.33434],[126.188487,33.333931],[126.187913,33.333831],[126.187356,33.334447],[126.186115,33.334342],[126.185992,33.333945],[126.184506,33.33392],[126.183637,33.334312],[126.183684,33.334563],[126.183031,33.334951],[126.182495,33.335117],[126.181963,33.334949],[126.182671,33.337081],[126.182613,33.33958],[126.182326,33.341179],[126.181912,33.341102],[126.180021,33.339191],[126.178838,33.339609],[126.178499,33.339337],[126.176242,33.339174],[126.175033,33.339653],[126.173941,33.33939],[126.173644,33.339725],[126.173455,33.339106],[126.172925,33.339006],[126.172671,33.338548],[126.171333,33.339121],[126.17113,33.338893],[126.170099,33.338706],[126.169912,33.338254],[126.168245,33.337821],[126.16812,33.337518],[126.166991,33.337672],[126.166777,33.338155],[126.167327,33.33916],[126.167349,33.339697],[126.165942,33.341705],[126.166545,33.341563],[126.16655,33.341991],[126.16714,33.342303],[126.167238,33.34189],[126.167953,33.341941],[126.168998,33.341504],[126.170277,33.341795],[126.170256,33.342025],[126.170454,33.341837],[126.171108,33.342063],[126.172061,33.342863],[126.171603,33.343395],[126.169892,33.343949],[126.169666,33.343881],[126.169652,33.343559],[126.169319,33.343588],[126.169655,33.344012],[126.16936,33.344198],[126.169432,33.345581],[126.169627,33.345421],[126.169403,33.344577],[126.169571,33.344113],[126.171561,33.343476],[126.17234,33.342939],[126.173627,33.343076],[126.173584,33.343431],[126.173866,33.343727],[126.174287,33.343078],[126.175018,33.343247],[126.175736,33.343908],[126.175058,33.344117],[126.175491,33.344312],[126.175763,33.34407],[126.175897,33.344242],[126.175684,33.344721],[126.175989,33.344443],[126.17686,33.345166],[126.178477,33.345432],[126.179173,33.345804]]],[[[126.181331,33.345825],[126.181034,33.346154],[126.181313,33.346181],[126.181331,33.345825]]],[[[126.170508,33.342171],[126.170762,33.342449],[126.17098,33.342349],[126.170508,33.342171]]],[[[126.16944,33.342455],[126.168986,33.342709],[126.169234,33.34272],[126.16944,33.342455]]],[[[126.175263,33.34375],[126.175097,33.343687],[126.174987,33.343681],[126.174989,33.343739],[126.175234,33.343827],[126.175263,33.34375]]]]}},{"type":"Feature","properties":{"level":"lio","code":"5011031022","name":"용수리","sig_cd":"50110","base_date":"20260701"},"geometry":{"type":"MultiPolygon","coordinates":[[[[126.16429,33.323778],[126.163339,33.324112],[126.162879,33.324597],[126.163237,33.325849],[126.163095,33.326838],[126.163339,33.327551],[126.163301,33.328441],[126.163029,33.328672],[126.164535,33.328665],[126.165203,33.329007],[126.165822,33.331527],[126.164706,33.332067],[126.164425,33.332651],[126.163648,33.333142],[126.163216,33.33406],[126.16185,33.333851],[126.161975,33.334114],[126.163215,33.334127],[126.163413,33.334868],[126.163083,33.335664],[126.163801,33.33667],[126.164383,33.337081],[126.166062,33.337582],[126.166777,33.338155],[126.167328,33.337475],[126.16812,33.337518],[126.168245,33.337821],[126.169912,33.338254],[126.170099,33.338706],[126.17113,33.338893],[126.171333,33.339121],[126.172671,33.338548],[126.172925,33.339006],[126.173455,33.339106],[126.173644,33.339725],[126.173941,33.33939],[126.175033,33.339653],[126.176242,33.339174],[126.178499,33.339337],[126.178838,33.339609],[126.180021,33.339191],[126.181912,33.341102],[126.182326,33.341179],[126.182613,33.33958],[126.182671,33.337081],[126.181963,33.334949],[126.182495,33.335117],[126.183031,33.334951],[126.183684,33.334563],[126.183637,33.334312],[126.184506,33.33392],[126.185992,33.333945],[126.186115,33.334342],[126.187356,33.334447],[126.187913,33.333831],[126.188487,33.333931],[126.188903,33.333318],[126.188902,33.332362],[126.189187,33.332242],[126.189253,33.331759],[126.191187,33.330219],[126.192492,33.327896],[126.193084,33.327354],[126.193269,33.326392],[126.194471,33.325322],[126.196209,33.324983],[126.197183,33.325188],[126.198678,33.325107],[126.199275,33.325588],[126.200199,33.325804],[126.201172,33.325574],[126.201515,33.324659],[126.202999,33.323441],[126.204072,33.321441],[126.204146,33.320412],[126.200987,33.319428],[126.20054,33.318757],[126.19952,33.318894],[126.198757,33.317814],[126.19767,33.317919],[126.196604,33.317575],[126.196474,33.317102],[126.195628,33.316381],[126.195559,33.31605],[126.194483,33.315825],[126.194184,33.315238],[126.192742,33.314082],[126.191948,33.313912],[126.190402,33.312687],[126.189419,33.312774],[126.188373,33.312458],[126.187789,33.311464],[126.187751,33.310913],[126.18659,33.310968],[126.185338,33.310494],[126.185012,33.309783],[126.183693,33.309139],[126.182975,33.309958],[126.182038,33.310122],[126.181025,33.312088],[126.179746,33.313065],[126.178909,33.314363],[126.177108,33.315372],[126.176858,33.314117],[126.177302,33.309732],[126.174941,33.30973],[126.173769,33.308032],[126.172491,33.307599],[126.170772,33.307545],[126.170072,33.307638],[126.167937,33.308985],[126.166736,33.310687],[126.166566,33.312477],[126.167493,33.315068],[126.166599,33.31539],[126.166861,33.315716],[126.167923,33.315874],[126.16868,33.316435],[126.168396,33.317374],[126.167783,33.317593],[126.168087,33.318278],[126.167616,33.319182],[126.167731,33.319668],[126.166602,33.321535],[126.166475,33.322551],[126.166853,33.323282],[126.166334,33.323751],[126.165289,33.323328],[126.16429,33.323778]]]]}},{"type":"Feature","properties":{"level":"lio","code":"5011025031","name":"협재리","sig_cd":"50110","base_date":"20260701"},"geometry":{"type":"MultiPolygon","coordinates":[[[[126.233633,33.388624],[126.234157,33.389148],[126.236852,33.390137],[126.238102,33.391032],[126.236166,33.391613],[126.236951,33.392612],[126.237772,33.393215],[126.238005,33.393996],[126.238785,33.394205],[126.238961,33.393778],[126.239193,33.393793],[126.240737,33.394532],[126.240513,33.394735],[126.240707,33.394896],[126.241254,33.394837],[126.242114,33.395514],[126.242358,33.396349],[126.24217,33.396476],[126.242612,33.396901],[126.242466,33.39761],[126.2427,33.398125],[126.243304,33.398282],[126.243235,33.398846],[126.244026,33.398607],[126.244219,33.398812],[126.243836,33.39883],[126.243772,33.399075],[126.245041,33.399306],[126.245407,33.399845],[126.245714,33.399595],[126.246554,33.399626],[126.246603,33.399959],[126.24713,33.399789],[126.247546,33.400149],[126.248965,33.400349],[126.250064,33.400894],[126.250316,33.400557],[126.25007,33.399816],[126.250545,33.398913],[126.250352,33.39833],[126.250799,33.397406],[126.250723,33.396577],[126.251047,33.395968],[126.250947,33.395198],[126.251192,33.39396],[126.254592,33.393603],[126.256652,33.39288],[126.25784,33.39279],[126.258712,33.391927],[126.260131,33.391563],[126.261593,33.391748],[126.262318,33.39133],[126.262091,33.390759],[126.263156,33.389771],[126.263368,33.38879],[126.263199,33.388398],[126.263489,33.3871],[126.263157,33.385319],[126.263729,33.380363],[126.262773,33.376973],[126.262841,33.375487],[126.262242,33.374302],[126.26157,33.371957],[126.260759,33.370691],[126.258079,33.368046],[126.258491,33.365967],[126.259601,33.364467],[126.259747,33.363923],[126.259246,33.363144],[126.258963,33.363121],[126.258408,33.364073],[126.257209,33.363825],[126.256639,33.364741],[126.256016,33.365057],[126.255695,33.364883],[126.255017,33.365287],[126.252723,33.365125],[126.251066,33.365534],[126.248993,33.365243],[126.248048,33.365466],[126.247246,33.365904],[126.246819,33.366695],[126.245456,33.367168],[126.243931,33.36832],[126.243038,33.368348],[126.242242,33.368907],[126.242415,33.369452],[126.241884,33.370706],[126.24156,33.372314],[126.241725,33.372316],[126.241235,33.372745],[126.240639,33.374353],[126.237581,33.378999],[126.235782,33.382622],[126.234972,33.383294],[126.234035,33.384839],[126.233846,33.385781],[126.233968,33.387832],[126.233633,33.388624]]],[[[126.222616,33.405894],[126.222886,33.407015],[126.223347,33.407444],[126.223397,33.408172],[126.223128,33.408672],[126.223465,33.409171],[126.223642,33.410584],[126.224136,33.411258],[126.225335,33.411325],[126.225769,33.411745],[126.226401,33.411745],[126.227485,33.41217],[126.228392,33.412031],[126.231231,33.410606],[126.231915,33.409556],[126.231469,33.406901],[126.231613,33.406722],[126.231047,33.406127],[126.229489,33.406058],[126.229022,33.405403],[126.229361,33.405246],[126.22926,33.404926],[126.227148,33.40501],[126.225582,33.404645],[126.222616,33.405894]]],[[[126.222386,33.409994],[126.222639,33.409985],[126.222454,33.409862],[126.222386,33.409994]]],[[[126.221844,33.407553],[126.221919,33.407701],[126.222062,33.407567],[126.221844,33.407553]]]]}},{"type":"Feature","properties":{"level":"lio","code":"5011025022","name":"수원리","sig_cd":"50110","base_date":"20260701"},"geometry":{"type":"MultiPolygon","coordinates":[[[[126.272372,33.434994],[126.273841,33.434731],[126.274745,33.433437],[126.275513,33.433165],[126.276181,33.43255],[126.275653,33.431636],[126.273622,33.43],[126.269437,33.425899],[126.26712,33.424103],[126.266606,33.423138],[126.266328,33.423096],[126.2655,33.424059],[126.26477,33.424298],[126.264367,33.424074],[126.264087,33.424498],[126.263588,33.424601],[126.263475,33.424744],[126.263735,33.424947],[126.264323,33.425117],[126.263982,33.425315],[126.264021,33.425524],[126.263473,33.425496],[126.263336,33.425722],[126.263891,33.42614],[126.263665,33.426665],[126.263916,33.427175],[126.263114,33.427864],[126.263296,33.428222],[126.263826,33.427952],[126.263281,33.428768],[126.262241,33.428507],[126.261801,33.428899],[126.261961,33.429461],[126.262847,33.429565],[126.262906,33.429871],[126.263088,33.4298],[126.263557,33.430819],[126.263429,33.431288],[126.262374,33.432447],[126.262439,33.433483],[126.262226,33.433996],[126.263347,33.435817],[126.264777,33.435883],[126.264882,33.436103],[126.265828,33.435833],[126.268996,33.43609],[126.270473,33.437242],[126.271427,33.437344],[126.271422,33.437025],[126.271865,33.4368],[126.272389,33.435857],[126.272121,33.435351],[126.272372,33.434994]]],[[[126.272447,33.43499],[126.272487,33.434992],[126.272504,33.434964],[126.272452,33.434917],[126.272447,33.43499]]]]}},{"type":"Feature","properties":{"level":"lio","code":"5011025340","name":"하귀1리","sig_cd":"50110","base_date":"20260701"},"geometry":{"type":"MultiPolygon","coordinates":[[[[126.405075,33.484868],[126.407326,33.485025],[126.407698,33.485172],[126.407664,33.485501],[126.408336,33.485997],[126.408736,33.485968],[126.40846,33.486305],[126.408086,33.485999],[126.406976,33.486903],[126.406314,33.486861],[126.406945,33.486959],[126.407817,33.486432],[126.408472,33.486624],[126.408801,33.487149],[126.40826,33.488195],[126.409314,33.489264],[126.410139,33.489541],[126.410387,33.489863],[126.410613,33.489759],[126.410629,33.490043],[126.41092,33.49016],[126.410981,33.489844],[126.411307,33.490088],[126.411788,33.489932],[126.412316,33.490097],[126.412887,33.489837],[126.414063,33.49037],[126.41608,33.489798],[126.416451,33.489797],[126.416558,33.490049],[126.416996,33.489455],[126.418109,33.489047],[126.418619,33.489092],[126.419089,33.489489],[126.41913,33.49002],[126.419788,33.490486],[126.420102,33.490401],[126.420909,33.490732],[126.421512,33.490031],[126.421376,33.488103],[126.420097,33.486648],[126.42057,33.485846],[126.420793,33.484698],[126.421526,33.484051],[126.420164,33.483159],[126.4197,33.480763],[126.419103,33.479721],[126.419544,33.478956],[126.419354,33.478513],[126.420039,33.478149],[126.420098,33.477578],[126.42103,33.475668],[126.421789,33.474988],[126.421921,33.474241],[126.422889,33.474136],[126.423546,33.47463],[126.424086,33.474517],[126.424301,33.474694],[126.424789,33.473332],[126.42457,33.473037],[126.424678,33.472623],[126.423654,33.471286],[126.422338,33.470253],[126.421672,33.469339],[126.421527,33.468193],[126.420646,33.466441],[126.417202,33.462063],[126.416645,33.462417],[126.41608,33.463803],[126.416098,33.464207],[126.41663,33.464647],[126.416422,33.465416],[126.415804,33.466192],[126.415525,33.467045],[126.41481,33.467634],[126.414929,33.468851],[126.415386,33.469218],[126.415568,33.470495],[126.4161,33.471141],[126.415925,33.47199],[126.416177,33.472841],[126.416075,33.474],[126.41572,33.474379],[126.415815,33.474928],[126.415225,33.475923],[126.415317,33.476572],[126.414836,33.476921],[126.414599,33.47745],[126.414461,33.478638],[126.413779,33.478876],[126.412293,33.478553],[126.410624,33.479141],[126.410528,33.478858],[126.409076,33.478391],[126.408903,33.478613],[126.40939,33.478804],[126.408841,33.479782],[126.406526,33.480977],[126.405075,33.484868]]]]}},{"type":"Feature","properties":{"level":"lio","code":"5011025927","name":"북촌리","sig_cd":"50110","base_date":"20260701"},"geometry":{"type":"MultiPolygon","coordinates":[[[[126.676425,33.551635],[126.677778,33.552442],[126.680474,33.552302],[126.683588,33.548257],[126.684263,33.54774],[126.684429,33.547849],[126.684147,33.548239],[126.684371,33.548377],[126.684188,33.548789],[126.684341,33.549377],[126.684588,33.549499],[126.685091,33.549529],[126.686028,33.549009],[126.686667,33.54907],[126.688081,33.548474],[126.689199,33.548425],[126.690248,33.548719],[126.689676,33.549649],[126.690373,33.550159],[126.691241,33.550236],[126.691111,33.550543],[126.69067,33.550504],[126.6906,33.550753],[126.690925,33.551169],[126.691133,33.550945],[126.691536,33.551066],[126.692477,33.550799],[126.693302,33.551275],[126.694185,33.551236],[126.694343,33.551081],[126.693687,33.551001],[126.693461,33.550747],[126.693526,33.550206],[126.694199,33.550234],[126.694766,33.550692],[126.695208,33.550233],[126.695502,33.550462],[126.695173,33.551076],[126.695753,33.55129],[126.69545,33.551669],[126.697047,33.551553],[126.698006,33.552626],[126.699928,33.553004],[126.700906,33.552626],[126.703404,33.5529],[126.703768,33.553122],[126.705059,33.552955],[126.705721,33.553152],[126.705754,33.552018],[126.705513,33.551271],[126.705293,33.551184],[126.705362,33.549878],[126.705062,33.549778],[126.705605,33.549018],[126.70461,33.548064],[126.705211,33.547853],[126.705909,33.546877],[126.706019,33.544407],[126.706688,33.543188],[126.70636,33.542699],[126.705737,33.542479],[126.705732,33.541367],[126.705994,33.5412],[126.706054,33.540653],[126.705649,33.540599],[126.705477,33.540237],[126.705769,33.538936],[126.70626,33.538365],[126.706651,33.537225],[126.706411,33.536834],[126.706521,33.535811],[126.706274,33.535049],[126.706849,33.534676],[126.707567,33.533718],[126.707703,33.533861],[126.707906,33.533613],[126.707651,33.533574],[126.709384,33.531765],[126.710628,33.531066],[126.713093,33.528716],[126.713601,33.528039],[126.713331,33.526561],[126.713729,33.525418],[126.712242,33.525143],[126.711473,33.525189],[126.710911,33.525518],[126.708272,33.525343],[126.705367,33.524575],[126.703699,33.524662],[126.701498,33.524394],[126.696234,33.524995],[126.692789,33.524637],[126.692064,33.524409],[126.691034,33.523738],[126.69091,33.523378],[126.690512,33.523286],[126.689454,33.523619],[126.688913,33.524045],[126.687722,33.523966],[126.687308,33.523431],[126.68625,33.523678],[126.686498,33.522998],[126.685991,33.522751],[126.685041,33.523189],[126.684667,33.523069],[126.684311,33.522864],[126.684093,33.522343],[126.683754,33.522436],[126.683443,33.522094],[126.68276,33.522078],[126.682506,33.521687],[126.682078,33.521543],[126.681696,33.52195],[126.682663,33.524358],[126.682778,33.52752],[126.682487,33.528067],[126.682035,33.528302],[126.681509,33.529622],[126.680946,33.530311],[126.680993,33.531512],[126.680818,33.532737],[126.680432,33.533175],[126.680584,33.53382],[126.680464,33.53457],[126.680144,33.534938],[126.680138,33.536145],[126.679824,33.536868],[126.678911,33.537464],[126.678068,33.53854],[126.678725,33.539865],[126.6794,33.54002],[126.679279,33.540323],[126.679458,33.540522],[126.678575,33.54258],[126.678038,33.542738],[126.678609,33.543679],[126.677426,33.54608],[126.677585,33.547058],[126.678454,33.547706],[126.678276,33.548013],[126.678541,33.54827],[126.678516,33.548937],[126.67743,33.550065],[126.676425,33.551635]]],[[[126.695072,33.555529],[126.695302,33.556069],[126.695692,33.556078],[126.696275,33.555436],[126.695982,33.555198],[126.695072,33.555529]]],[[[126.694951,33.556828],[126.694971,33.5576],[126.695415,33.557792],[126.695648,33.556878],[126.694951,33.556828]]],[[[126.695792,33.557154],[126.695988,33.558126],[126.696345,33.557975],[126.696439,33.557372],[126.69631,33.557107],[126.695792,33.557154]]],[[[126.694005,33.555859],[126.694127,33.556405],[126.694755,33.556523],[126.694695,33.556004],[126.694429,33.555773],[126.694005,33.555859]]],[[[126.695115,33.559102],[126.695441,33.559146],[126.695498,33.558959],[126.695744,33.559312],[126.696063,33.559056],[126.695491,33.558505],[126.695115,33.559102]]],[[[126.693175,33.556902],[126.693746,33.556986],[126.693453,33.556714],[126.693175,33.556902]]],[[[126.695288,33.558145],[126.695309,33.558155],[126.695352,33.558168],[126.695406,33.55818],[126.695412,33.558182],[126.695454,33.558203],[126.695475,33.558203],[126.695506,33.558191],[126.695509,33.558189],[126.695541,33.558153],[126.695561,33.558112],[126.695561,33.558109],[126.695565,33.558073],[126.695563,33.558062],[126.695551,33.558041],[126.69553,33.558024],[126.695524,33.558021],[126.695479,33.558017],[126.695475,33.558017],[126.695435,33.558025],[126.695422,33.558032],[126.695405,33.558051],[126.69539,33.558069],[126.695383,33.558075],[126.695347,33.558093],[126.695344,33.558093],[126.695309,33.5581],[126.695294,33.558111],[126.695289,33.558122],[126.695289,33.558145],[126.695288,33.558145]]],[[[126.694555,33.555786],[126.694556,33.555811],[126.694557,33.555821],[126.694563,33.555846],[126.694569,33.555854],[126.694581,33.555861],[126.694611,33.555862],[126.694622,33.555864],[126.694632,33.555868],[126.694636,33.555881],[126.694648,33.555881],[126.694658,33.555875],[126.694669,33.555869],[126.694682,33.555855],[126.694704,33.555848],[126.694707,33.55583],[126.694731,33.555808],[126.694733,33.555803],[126.694749,33.555777],[126.69476,33.55576],[126.69475,33.555747],[126.69475,33.555728],[126.69475,33.55572],[126.694728,33.555702],[126.694674,33.555693],[126.694639,33.555698],[126.694619,33.5557],[126.694586,33.555715],[126.694576,33.555729],[126.69458,33.555747],[126.694572,33.555769],[126.694555,33.555786]]]]}},{"type":"Feature","properties":{"level":"lio","code":"5011025023","name":"대림리","sig_cd":"50110","base_date":"20260701"},"geometry":{"type":"MultiPolygon","coordinates":[[[[126.263465,33.419009],[126.262186,33.418688],[126.261954,33.419431],[126.263158,33.419658],[126.263316,33.419917],[126.264377,33.419722],[126.26712,33.424103],[126.269437,33.425899],[126.273622,33.43],[126.275377,33.431356],[126.276181,33.43255],[126.277502,33.432132],[126.27769,33.431837],[126.279318,33.432057],[126.280371,33.431103],[126.282353,33.43068],[126.283454,33.430055],[126.284201,33.430382],[126.284301,33.429695],[126.285389,33.429351],[126.285682,33.428905],[126.285786,33.428471],[126.285591,33.428276],[126.286022,33.42761],[126.285892,33.427122],[126.286363,33.426584],[126.287292,33.426977],[126.288431,33.425533],[126.288582,33.424985],[126.2896,33.42498],[126.288397,33.423446],[126.288015,33.421648],[126.286484,33.420114],[126.287549,33.419372],[126.28802,33.419353],[126.289133,33.418125],[126.290715,33.416976],[126.290104,33.415012],[126.290234,33.414296],[126.289775,33.413942],[126.289902,33.413024],[126.289275,33.412263],[126.288967,33.412039],[126.287746,33.412467],[126.286136,33.412082],[126.284349,33.412092],[126.28421,33.41253],[126.284487,33.412827],[126.284027,33.413728],[126.284114,33.414498],[126.283898,33.415149],[126.284449,33.41632],[126.283228,33.417043],[126.280955,33.416639],[126.28046,33.417093],[126.276288,33.418827],[126.274311,33.418797],[126.273661,33.419083],[126.269971,33.417435],[126.269241,33.416682],[126.267924,33.416748],[126.267861,33.41721],[126.267458,33.417589],[126.266426,33.417602],[126.265416,33.418008],[126.265108,33.417305],[126.264415,33.416837],[126.263814,33.418158],[126.263482,33.418355],[126.263465,33.419009]]]]}},{"type":"Feature","properties":{"level":"lio","code":"5011025333","name":"고내리","sig_cd":"50110","base_date":"20260701"},"geometry":{"type":"MultiPolygon","coordinates":[[[[126.336845,33.453829],[126.334956,33.456793],[126.335052,33.457442],[126.335903,33.458383],[126.336148,33.459463],[126.334653,33.460911],[126.335164,33.46178],[126.33506,33.462362],[126.334929,33.462551],[126.331005,33.46277],[126.331125,33.463743],[126.330574,33.464006],[126.330599,33.464577],[126.329989,33.46556],[126.329531,33.465775],[126.329324,33.466198],[126.328203,33.466187],[126.328067,33.4664],[126.328806,33.467624],[126.329549,33.467948],[126.330898,33.467866],[126.331174,33.468237],[126.3312,33.468842],[126.3319,33.469141],[126.332214,33.467581],[126.333429,33.466877],[126.335075,33.466503],[126.336658,33.467338],[126.338273,33.467065],[126.338418,33.467557],[126.339587,33.468077],[126.339945,33.468758],[126.340114,33.469892],[126.340524,33.470388],[126.343592,33.471677],[126.346143,33.472144],[126.346528,33.472741],[126.347245,33.473201],[126.347347,33.473596],[126.347638,33.473195],[126.348646,33.473041],[126.350193,33.473189],[126.350987,33.472766],[126.351514,33.472972],[126.351558,33.472676],[126.352371,33.47324],[126.35298,33.472994],[126.354597,33.472899],[126.35651,33.473871],[126.358033,33.472753],[126.358655,33.472574],[126.358401,33.471983],[126.35793,33.471822],[126.357759,33.471434],[126.35701,33.471252],[126.356679,33.470836],[126.353972,33.469471],[126.351697,33.468949],[126.349377,33.467248],[126.350508,33.466269],[126.350882,33.465524],[126.351469,33.465154],[126.351693,33.464389],[126.352687,33.463527],[126.353177,33.462375],[126.352041,33.46219],[126.349227,33.462855],[126.34893,33.463162],[126.34769,33.463296],[126.345561,33.464499],[126.345442,33.465187],[126.343993,33.464914],[126.342404,33.465359],[126.341171,33.465028],[126.341593,33.464393],[126.34182,33.463146],[126.343153,33.462955],[126.343796,33.462266],[126.344794,33.461994],[126.345769,33.461254],[126.346517,33.459843],[126.34701,33.459415],[126.346816,33.459027],[126.347066,33.45864],[126.346903,33.457915],[126.346553,33.45768],[126.345938,33.457883],[126.345359,33.458309],[126.34606,33.457879],[126.345377,33.458339],[126.344945,33.459406],[126.344596,33.459423],[126.344621,33.458232],[126.343674,33.455214],[126.34371,33.454721],[126.343167,33.453338],[126.34241,33.45297],[126.342287,33.452434],[126.339041,33.45245],[126.336845,33.453829]]],[[[126.328566,33.468297],[126.327811,33.468741],[126.327778,33.468733],[126.327749,33.468749],[126.327735,33.468767],[126.32773,33.46878],[126.327734,33.468799],[126.327749,33.468816],[126.327769,33.468826],[126.327789,33.468828],[126.327804,33.468822],[126.328609,33.468349],[126.328566,33.468297]]]]}},{"type":"Feature","properties":{"level":"lio","code":"5011025030","name":"상명리","sig_cd":"50110","base_date":"20260701"},"geometry":{"type":"MultiPolygon","coordinates":[[[[126.26038,33.361447],[126.260675,33.361853],[126.260522,33.362532],[126.260024,33.36375],[126.259669,33.363916],[126.259601,33.364467],[126.258491,33.365967],[126.258079,33.368046],[126.259188,33.368966],[126.261249,33.37137],[126.262102,33.373888],[126.262893,33.373257],[126.263171,33.372574],[126.264276,33.371421],[126.265419,33.370592],[126.265636,33.36884],[126.266149,33.369207],[126.26656,33.370092],[126.267715,33.370612],[126.267777,33.37117],[126.268165,33.371084],[126.268517,33.371486],[126.270115,33.371834],[126.270757,33.371678],[126.271213,33.371888],[126.271762,33.371646],[126.272377,33.372202],[126.274019,33.372638],[126.274906,33.373349],[126.276096,33.373736],[126.27678,33.374435],[126.27714,33.374378],[126.277799,33.373771],[126.278075,33.372283],[126.278877,33.371085],[126.27888,33.370156],[126.278433,33.369701],[126.278314,33.369172],[126.27847,33.368096],[126.279378,33.366217],[126.281219,33.365824],[126.281507,33.365249],[126.282367,33.364615],[126.282436,33.363614],[126.283097,33.363591],[126.284139,33.363107],[126.286553,33.36282],[126.286439,33.362285],[126.284424,33.359376],[126.284069,33.357539],[126.284603,33.35585],[126.283256,33.355963],[126.282098,33.355024],[126.281758,33.354326],[126.281843,33.35383],[126.280944,33.352354],[126.281304,33.351465],[126.280408,33.351047],[126.280809,33.349587],[126.280518,33.348549],[126.281907,33.347028],[126.280446,33.346377],[126.27857,33.346477],[126.277026,33.346044],[126.275698,33.346458],[126.274741,33.347143],[126.272171,33.346893],[126.271029,33.346517],[126.270891,33.346801],[126.269294,33.346508],[126.26859,33.346659],[126.268272,33.347258],[126.268806,33.347819],[126.268234,33.348179],[126.268332,33.348451],[126.268053,33.34882],[126.268386,33.349391],[126.267817,33.349985],[126.266753,33.350075],[126.266874,33.349623],[126.266089,33.349564],[126.266046,33.349903],[126.265728,33.350066],[126.264546,33.350059],[126.264573,33.350323],[126.264152,33.350641],[126.263629,33.350496],[126.262157,33.35092],[126.262504,33.351651],[126.262279,33.351789],[126.262456,33.352234],[126.262093,33.35338],[126.26181,33.353624],[126.261876,33.354323],[126.261519,33.354868],[126.262097,33.356361],[126.261842,33.356556],[126.261918,33.357116],[126.261524,33.3577],[126.261781,33.359551],[126.261133,33.359999],[126.260931,33.361085],[126.26038,33.361447]]]]}},{"type":"Feature","properties":{"level":"lio","code":"5011033021","name":"연평리","sig_cd":"50110","base_date":"20260701"},"geometry":{"type":"MultiPolygon","coordinates":[[[[126.952502,33.524727],[126.953016,33.524439],[126.954216,33.524504],[126.954369,33.524263],[126.955115,33.524201],[126.955577,33.523129],[126.957381,33.522705],[126.957295,33.522088],[126.958071,33.520498],[126.958963,33.519737],[126.960225,33.519824],[126.96049,33.518803],[126.961065,33.518342],[126.96156,33.518444],[126.960782,33.517656],[126.960446,33.518166],[126.959918,33.517859],[126.95975,33.517992],[126.95999,33.518295],[126.95917,33.518196],[126.958705,33.517812],[126.958278,33.516567],[126.957848,33.516249],[126.957782,33.515817],[126.958081,33.515592],[126.957547,33.515574],[126.957418,33.515273],[126.957546,33.514224],[126.95782,33.513447],[126.958803,33.512451],[126.959728,33.51268],[126.959887,33.513182],[126.961717,33.513075],[126.962163,33.513736],[126.963201,33.513672],[126.964142,33.514153],[126.964754,33.513276],[126.965039,33.513304],[126.966175,33.514172],[126.966784,33.514237],[126.967369,33.515356],[126.96817,33.515682],[126.969567,33.515357],[126.969884,33.515046],[126.969173,33.514746],[126.969257,33.514577],[126.968887,33.514582],[126.968679,33.514125],[126.968118,33.514446],[126.967759,33.514335],[126.967733,33.513644],[126.966922,33.513659],[126.966829,33.514126],[126.966316,33.514179],[126.965042,33.513248],[126.965082,33.511902],[126.965896,33.511383],[126.965628,33.51093],[126.966289,33.50989],[126.967081,33.509329],[126.967297,33.508754],[126.967267,33.506187],[126.967983,33.503248],[126.968581,33.50275],[126.969644,33.502378],[126.969891,33.500276],[126.970428,33.499165],[126.969458,33.497656],[126.96873,33.497443],[126.96861,33.496992],[126.967252,33.497882],[126.966342,33.497437],[126.966087,33.496956],[126.966916,33.49494],[126.966899,33.494575],[126.966131,33.493776],[126.966102,33.493024],[126.965481,33.492028],[126.966583,33.491228],[126.966654,33.490908],[126.966245,33.490736],[126.964472,33.490693],[126.962742,33.491528],[126.961409,33.491723],[126.960834,33.491376],[126.960731,33.491686],[126.961166,33.492177],[126.959298,33.493186],[126.957771,33.492805],[126.957792,33.49239],[126.956883,33.491831],[126.956394,33.491227],[126.954576,33.491885],[126.95173,33.49237],[126.951555,33.492626],[126.949995,33.491685],[126.949893,33.491822],[126.951139,33.492531],[126.950645,33.49387],[126.948934,33.494017],[126.947581,33.49338],[126.946283,33.494125],[126.945029,33.494106],[126.943583,33.495043],[126.943577,33.495572],[126.944543,33.496313],[126.944758,33.496955],[126.944615,33.497954],[126.944089,33.498949],[126.943738,33.500918],[126.943458,33.501203],[126.943373,33.502409],[126.942956,33.50307],[126.941692,33.503844],[126.941485,33.504615],[126.941767,33.504955],[126.941771,33.505472],[126.941287,33.506626],[126.943558,33.508041],[126.943702,33.508463],[126.943527,33.50914],[126.943093,33.509203],[126.943383,33.509332],[126.943306,33.510343],[126.94311,33.510431],[126.943302,33.510436],[126.94326,33.510957],[126.94456,33.512776],[126.94612,33.513079],[126.946221,33.513515],[126.947447,33.514107],[126.947536,33.514508],[126.948574,33.514563],[126.949291,33.51496],[126.948847,33.516676],[126.949134,33.516971],[126.948477,33.51737],[126.949141,33.51819],[126.94887,33.517706],[126.94989,33.516967],[126.950411,33.517113],[126.950923,33.517664],[126.950922,33.518471],[126.950645,33.518934],[126.949916,33.51878],[126.950039,33.518324],[126.949825,33.518189],[126.949392,33.518407],[126.949247,33.518188],[126.949593,33.5193],[126.947817,33.520184],[126.948641,33.52147],[126.948235,33.522133],[126.948426,33.522836],[126.948925,33.523045],[126.951157,33.523098],[126.951593,33.523753],[126.952289,33.523807],[126.952251,33.524432],[126.952502,33.524727]]]]}},{"type":"Feature","properties":{"level":"lio","code":"5011031025","name":"금등리","sig_cd":"50110","base_date":"20260701"},"geometry":{"type":"MultiPolygon","coordinates":[[[[126.216367,33.339453],[126.215984,33.339704],[126.215786,33.340287],[126.212095,33.34148],[126.211515,33.342134],[126.209758,33.342887],[126.208384,33.343078],[126.205885,33.345113],[126.205238,33.345299],[126.205225,33.346035],[126.202933,33.346543],[126.201468,33.347389],[126.19999,33.347456],[126.1959,33.349956],[126.195434,33.350407],[126.195882,33.350863],[126.195484,33.351839],[126.194299,33.352884],[126.19385,33.353474],[126.193825,33.353875],[126.192761,33.354278],[126.191712,33.355151],[126.190463,33.355627],[126.190046,33.356267],[126.189149,33.356212],[126.189201,33.356717],[126.188675,33.357479],[126.188586,33.358076],[126.187964,33.358712],[126.188055,33.358894],[126.187545,33.359116],[126.187681,33.359847],[126.188677,33.360897],[126.188343,33.361066],[126.188905,33.36095],[126.189466,33.361169],[126.189975,33.361834],[126.190144,33.36262],[126.191228,33.363242],[126.192349,33.363112],[126.193349,33.36419],[126.195686,33.363728],[126.195757,33.363328],[126.196894,33.362125],[126.196255,33.360305],[126.196597,33.359407],[126.196416,33.358368],[126.196864,33.357646],[126.196471,33.356935],[126.197182,33.355195],[126.19719,33.354404],[126.198237,33.353502],[126.198929,33.353318],[126.198894,33.352643],[126.199242,33.352085],[126.200059,33.351973],[126.200648,33.351346],[126.201454,33.351164],[126.203305,33.349052],[126.205943,33.348789],[126.20717,33.347715],[126.209692,33.347243],[126.21105,33.346047],[126.212648,33.345901],[126.213115,33.345338],[126.214045,33.345311],[126.214398,33.344852],[126.215388,33.345567],[126.216915,33.346005],[126.217521,33.346064],[126.218697,33.345638],[126.219783,33.346233],[126.220512,33.345759],[126.221231,33.344796],[126.220714,33.34448],[126.21958,33.344602],[126.219307,33.343868],[126.219399,33.343385],[126.218913,33.342625],[126.218532,33.342494],[126.218659,33.341577],[126.218089,33.340804],[126.218725,33.340317],[126.218244,33.33988],[126.21668,33.33927],[126.216367,33.339453]]]]}},{"type":"Feature","properties":{"level":"lio","code":"5013025028","name":"동일리","sig_cd":"50130","base_date":"20260701"},"geometry":{"type":"MultiPolygon","coordinates":[[[[126.232473,33.258684],[126.233013,33.259848],[126.232964,33.260423],[126.232591,33.260897],[126.234267,33.262539],[126.235341,33.264323],[126.23595,33.264527],[126.237683,33.262408],[126.238759,33.262006],[126.239825,33.260965],[126.240717,33.261451],[126.242875,33.261911],[126.245145,33.261417],[126.245422,33.261178],[126.248401,33.261737],[126.250859,33.260074],[126.251643,33.259029],[126.252496,33.258939],[126.252903,33.258527],[126.254446,33.258355],[126.255397,33.257901],[126.25813,33.25769],[126.25955,33.25667],[126.26271,33.255749],[126.262364,33.254471],[126.262694,33.252383],[126.263519,33.250536],[126.263575,33.249237],[126.263268,33.24911],[126.263479,33.246738],[126.262752,33.246451],[126.259863,33.246121],[126.259519,33.245222],[126.259734,33.243675],[126.259075,33.241518],[126.259357,33.241463],[126.259394,33.240874],[126.258093,33.238264],[126.256813,33.239695],[126.256538,33.239711],[126.25606,33.238844],[126.255868,33.238895],[126.255901,33.239315],[126.255111,33.239266],[126.253037,33.240138],[126.253293,33.241069],[126.253195,33.243276],[126.25198,33.242441],[126.251463,33.241441],[126.250584,33.240772],[126.24972,33.240719],[126.24915,33.239546],[126.248732,33.23923],[126.249562,33.238361],[126.249503,33.237186],[126.250411,33.235946],[126.249887,33.23526],[126.249792,33.234452],[126.250071,33.234344],[126.25019,33.230009],[126.247697,33.229438],[126.247758,33.228877],[126.247255,33.228117],[126.246952,33.226604],[126.247182,33.225669],[126.247551,33.225382],[126.247526,33.224736],[126.247283,33.224275],[126.246286,33.223889],[126.246401,33.222923],[126.246788,33.222489],[126.24692,33.221692],[126.246414,33.221105],[126.245844,33.221526],[126.244753,33.221282],[126.244026,33.222077],[126.243304,33.222265],[126.241848,33.223622],[126.24103,33.223845],[126.241851,33.225805],[126.241128,33.226864],[126.241224,33.227823],[126.240929,33.227992],[126.241582,33.228739],[126.240591,33.229441],[126.238773,33.228948],[126.238692,33.229264],[126.238357,33.229219],[126.23808,33.229649],[126.238552,33.231305],[126.238024,33.232006],[126.237322,33.231695],[126.237353,33.231289],[126.236571,33.23172],[126.236898,33.232442],[126.2378,33.232264],[126.237057,33.233131],[126.237261,33.233292],[126.238196,33.23326],[126.24025,33.232469],[126.241554,33.232258],[126.241817,33.231476],[126.243274,33.231584],[126.243535,33.23202],[126.244085,33.23208],[126.244178,33.232608],[126.245028,33.232768],[126.245445,33.233723],[126.245734,33.23383],[126.244154,33.234872],[126.244442,33.23514],[126.244078,33.235246],[126.243837,33.235714],[126.242884,33.235788],[126.242894,33.236366],[126.242017,33.23616],[126.241802,33.237712],[126.242295,33.238651],[126.242137,33.239302],[126.240953,33.240398],[126.240706,33.241096],[126.2418,33.241321],[126.242301,33.24183],[126.241827,33.242785],[126.241355,33.242982],[126.239503,33.244815],[126.239571,33.24622],[126.238906,33.246963],[126.239124,33.24853],[126.238494,33.249427],[126.237904,33.249578],[126.236707,33.250622],[126.235573,33.25286],[126.233599,33.254706],[126.23369,33.254983],[126.233356,33.255641],[126.233648,33.256416],[126.23278,33.257451],[126.232473,33.258684]]],[[[126.239452,33.225202],[126.239831,33.225564],[126.239614,33.225701],[126.241087,33.225158],[126.239876,33.225508],[126.239452,33.225202]]],[[[126.239249,33.226084],[126.239264,33.226178],[126.239513,33.226206],[126.239549,33.226207],[126.240403,33.226295],[126.240406,33.226258],[126.239557,33.22617],[126.239521,33.226162],[126.239357,33.226148],[126.239333,33.226138],[126.239316,33.226122],[126.239306,33.226103],[126.239303,33.22608],[126.239249,33.226084]]]]}},{"type":"Feature","properties":{"level":"lio","code":"5013025926","name":"온평리","sig_cd":"50130","base_date":"20260701"},"geometry":{"type":"MultiPolygon","coordinates":[[[[126.875196,33.419154],[126.876241,33.419902],[126.876355,33.420871],[126.877062,33.421177],[126.877315,33.421782],[126.878187,33.422252],[126.878362,33.423176],[126.878968,33.423898],[126.879052,33.425045],[126.879974,33.425246],[126.88064,33.426451],[126.88159,33.426696],[126.882408,33.426498],[126.883411,33.428278],[126.885118,33.428428],[126.885937,33.428352],[126.886392,33.428029],[126.887307,33.428152],[126.88807,33.428793],[126.889126,33.428618],[126.889401,33.428364],[126.890341,33.428473],[126.891645,33.427855],[126.891912,33.427333],[126.892487,33.426939],[126.892518,33.426399],[126.892918,33.425831],[126.894491,33.425399],[126.894539,33.424616],[126.894979,33.424412],[126.895221,33.424554],[126.895995,33.424133],[126.896215,33.424285],[126.89655,33.425649],[126.897748,33.426532],[126.89885,33.428107],[126.900529,33.428254],[126.900683,33.428035],[126.903425,33.427341],[126.905278,33.424425],[126.906187,33.424477],[126.90656,33.424777],[126.906912,33.424099],[126.907849,33.423884],[126.90913,33.424125],[126.909839,33.42464],[126.910381,33.424298],[126.913811,33.423715],[126.914057,33.422467],[126.91378,33.421737],[126.913192,33.42107],[126.911682,33.42038],[126.911215,33.419683],[126.911243,33.418535],[126.910593,33.416136],[126.910819,33.415597],[126.910653,33.415579],[126.910874,33.414906],[126.910744,33.414519],[126.909805,33.414033],[126.909227,33.412724],[126.908226,33.412207],[126.908341,33.411562],[126.90804,33.410925],[126.908262,33.410022],[126.90757,33.407097],[126.905466,33.405229],[126.903857,33.405038],[126.903519,33.403915],[126.902866,33.403448],[126.902903,33.402673],[126.903496,33.402215],[126.904266,33.402485],[126.903382,33.401893],[126.902998,33.402084],[126.90279,33.401765],[126.903337,33.401149],[126.903483,33.401583],[126.903951,33.401631],[126.903856,33.401438],[126.904121,33.401251],[126.903887,33.400739],[126.906274,33.397894],[126.906011,33.395973],[126.906354,33.394918],[126.9063,33.394318],[126.905758,33.393475],[126.905549,33.391646],[126.904493,33.391605],[126.903739,33.391132],[126.901911,33.390763],[126.899783,33.389528],[126.897941,33.388817],[126.898044,33.389569],[126.897814,33.389896],[126.89843,33.390327],[126.898428,33.390826],[126.89886,33.391352],[126.898186,33.39196],[126.895626,33.39182],[126.895142,33.39257],[126.894304,33.392986],[126.892834,33.393432],[126.89233,33.393167],[126.891608,33.393677],[126.890841,33.393397],[126.889501,33.394058],[126.888633,33.394204],[126.887123,33.393998],[126.886355,33.394471],[126.885971,33.395043],[126.884047,33.394723],[126.883624,33.394306],[126.883066,33.394439],[126.882178,33.395529],[126.882657,33.395621],[126.883087,33.396519],[126.883893,33.397019],[126.88388,33.397414],[126.882569,33.3989],[126.883081,33.399728],[126.882885,33.400011],[126.883114,33.401038],[126.882023,33.401601],[126.881168,33.401594],[126.880285,33.401065],[126.880241,33.402313],[126.879534,33.402731],[126.878999,33.403405],[126.879415,33.404423],[126.87909,33.405353],[126.879467,33.405705],[126.879473,33.406873],[126.877738,33.408893],[126.876808,33.408713],[126.876345,33.409131],[126.876062,33.409808],[126.876263,33.410254],[126.875934,33.410697],[126.876025,33.411709],[126.875762,33.412329],[126.875976,33.414966],[126.875497,33.415147],[126.875293,33.416386],[126.876025,33.418383],[126.875289,33.41878],[126.875196,33.419154]]],[[[126.904444,33.401681],[126.905283,33.40192],[126.905759,33.402604],[126.905323,33.401882],[126.904444,33.401681]]],[[[126.903227,33.401734],[126.903258,33.401765],[126.903334,33.401699],[126.903402,33.401749],[126.903527,33.401843],[126.903805,33.401999],[126.903842,33.40202],[126.903919,33.402064],[126.904034,33.40213],[126.904034,33.402141],[126.904104,33.402207],[126.904187,33.402153],[126.904102,33.402068],[126.90404,33.402117],[126.903947,33.402064],[126.903846,33.402007],[126.903811,33.401987],[126.903537,33.401837],[126.903417,33.401746],[126.903322,33.401677],[126.903285,33.40171],[126.903236,33.4017],[126.903227,33.401734]]]]}},{"type":"Feature","properties":{"level":"lio","code":"5013025022","name":"하모리","sig_cd":"50130","base_date":"20260701"},"geometry":{"type":"MultiPolygon","coordinates":[[[[126.246286,33.223889],[126.247283,33.224275],[126.247526,33.224736],[126.247551,33.225382],[126.247182,33.225669],[126.246952,33.226604],[126.247255,33.228117],[126.247758,33.228877],[126.247729,33.229491],[126.25019,33.230009],[126.250071,33.234344],[126.249792,33.234452],[126.249887,33.23526],[126.250411,33.235946],[126.249503,33.237186],[126.249562,33.238361],[126.248732,33.23923],[126.24915,33.239546],[126.24972,33.240719],[126.250584,33.240772],[126.251463,33.241441],[126.25198,33.242441],[126.253195,33.243276],[126.253293,33.241069],[126.253037,33.240138],[126.255111,33.239266],[126.255901,33.239315],[126.255868,33.238895],[126.25606,33.238844],[126.256538,33.239711],[126.256813,33.239695],[126.258107,33.238207],[126.257451,33.237806],[126.25739,33.236163],[126.256873,33.235536],[126.257277,33.231655],[126.256707,33.229732],[126.256903,33.229579],[126.256929,33.228313],[126.255749,33.227458],[126.255409,33.224517],[126.255172,33.224232],[126.255336,33.222458],[126.255818,33.221393],[126.256934,33.221345],[126.256817,33.219295],[126.258066,33.219097],[126.259779,33.218226],[126.261414,33.217089],[126.261712,33.216568],[126.262805,33.216352],[126.264837,33.215406],[126.267404,33.212956],[126.267881,33.21149],[126.268421,33.210823],[126.268605,33.207641],[126.268456,33.204586],[126.269231,33.202271],[126.269738,33.201706],[126.269688,33.199925],[126.270221,33.19731],[126.269925,33.197259],[126.269798,33.197495],[126.268069,33.197298],[126.267887,33.19676],[126.266871,33.197224],[126.265677,33.197255],[126.262476,33.199456],[126.262039,33.20066],[126.262184,33.201216],[126.262582,33.201375],[126.26342,33.201113],[126.264218,33.201391],[126.264172,33.202706],[126.263365,33.203672],[126.264838,33.205261],[126.264385,33.205833],[126.26459,33.206164],[126.264472,33.20728],[126.263476,33.208359],[126.263366,33.20986],[126.260686,33.211526],[126.25943,33.211262],[126.259445,33.209469],[126.256568,33.209453],[126.256566,33.209747],[126.256148,33.209821],[126.256625,33.210016],[126.256466,33.210403],[126.256044,33.210477],[126.255572,33.20975],[126.256697,33.207509],[126.257831,33.20699],[126.259443,33.206926],[126.257827,33.20691],[126.256553,33.207493],[126.255167,33.210483],[126.255242,33.210834],[126.255649,33.211087],[126.253237,33.213463],[126.25278,33.214319],[126.250318,33.213827],[126.251311,33.214108],[126.250951,33.214838],[126.25143,33.214396],[126.251782,33.214453],[126.251726,33.215624],[126.250989,33.215687],[126.250922,33.216421],[126.249429,33.216513],[126.24974,33.216605],[126.249439,33.217307],[126.249564,33.218599],[126.249935,33.218331],[126.250612,33.218612],[126.251197,33.21959],[126.250395,33.219828],[126.249777,33.219174],[126.250507,33.219963],[126.250426,33.22024],[126.249752,33.220046],[126.24969,33.219479],[126.24896,33.21951],[126.248459,33.217581],[126.247826,33.217779],[126.247384,33.216998],[126.248821,33.21564],[126.249388,33.215817],[126.248971,33.215422],[126.249596,33.212558],[126.249181,33.213185],[126.249156,33.214664],[126.248824,33.215526],[126.247146,33.216926],[126.247954,33.218311],[126.248038,33.218993],[126.246782,33.219833],[126.247112,33.220901],[126.246474,33.22095],[126.24692,33.221692],[126.246788,33.222489],[126.246401,33.222923],[126.246286,33.223889]]]]}},{"type":"Feature","properties":{"level":"lio","code":"5013025323","name":"한남리","sig_cd":"50130","base_date":"20260701"},"geometry":{"type":"MultiPolygon","coordinates":[[[[126.623093,33.358289],[126.622729,33.359118],[126.621493,33.359849],[126.620711,33.361441],[126.621575,33.361964],[126.622911,33.361817],[126.623518,33.362383],[126.624144,33.363709],[126.624015,33.365104],[126.625177,33.366314],[126.624285,33.36842],[126.624765,33.368671],[126.625417,33.369538],[126.626355,33.370012],[126.624713,33.370387],[126.624377,33.371348],[126.625379,33.372194],[126.626115,33.372356],[126.626121,33.373663],[126.625519,33.374538],[126.625861,33.374746],[126.626139,33.375385],[126.626089,33.376686],[126.626993,33.378153],[126.626576,33.378744],[126.624303,33.378593],[126.624044,33.378764],[126.621687,33.382379],[126.62104,33.385013],[126.621373,33.385124],[126.623185,33.384266],[126.623695,33.384352],[126.624461,33.385028],[126.624915,33.385036],[126.625339,33.388333],[126.626335,33.39019],[126.627919,33.391461],[126.628666,33.391705],[126.629102,33.392277],[126.631929,33.393422],[126.634652,33.390013],[126.635278,33.388907],[126.6352,33.388391],[126.635502,33.387857],[126.63754,33.387278],[126.637557,33.386886],[126.638086,33.386299],[126.638221,33.385628],[126.639073,33.38417],[126.638996,33.383162],[126.639746,33.383286],[126.641465,33.382404],[126.641834,33.381798],[126.642813,33.381045],[126.644479,33.38059],[126.645359,33.377954],[126.64508,33.377074],[126.643898,33.376868],[126.643153,33.375892],[126.642742,33.374291],[126.643169,33.373166],[126.643937,33.37235],[126.644683,33.369896],[126.645955,33.369419],[126.646397,33.369048],[126.646577,33.368475],[126.651103,33.366935],[126.652931,33.365949],[126.653103,33.365636],[126.654427,33.365182],[126.655193,33.364266],[126.656015,33.363726],[126.656227,33.363066],[126.658836,33.361284],[126.659541,33.361501],[126.660151,33.361242],[126.662959,33.358514],[126.66617,33.356635],[126.666755,33.355466],[126.667467,33.354953],[126.670703,33.354708],[126.671299,33.354032],[126.673725,33.352422],[126.673479,33.351275],[126.673665,33.350917],[126.675133,33.349282],[126.676362,33.347431],[126.677699,33.346251],[126.679091,33.345177],[126.680425,33.344646],[126.684441,33.341032],[126.68551,33.340993],[126.689045,33.339822],[126.691029,33.338133],[126.692907,33.337572],[126.692927,33.33736],[126.694852,33.336526],[126.697277,33.3333],[126.698204,33.332668],[126.699737,33.3308],[126.700849,33.33026],[126.700816,33.329167],[126.701462,33.328665],[126.701079,33.326505],[126.702758,33.324127],[126.703512,33.323703],[126.700921,33.321388],[126.701715,33.320914],[126.703374,33.319177],[126.70471,33.318331],[126.704762,33.314702],[126.705838,33.312646],[126.703609,33.312207],[126.704585,33.311179],[126.705893,33.309318],[126.706057,33.308539],[126.706839,33.307749],[126.704431,33.307597],[126.703488,33.307311],[126.698302,33.303632],[126.697214,33.303332],[126.695948,33.302316],[126.695975,33.30157],[126.695725,33.301301],[126.692872,33.299731],[126.692511,33.299029],[126.691153,33.297683],[126.689526,33.296725],[126.689392,33.296194],[126.688044,33.29538],[126.684313,33.294736],[126.683846,33.294262],[126.683068,33.294025],[126.680346,33.294648],[126.679984,33.29539],[126.679858,33.296423],[126.680295,33.299334],[126.679898,33.301451],[126.679458,33.302039],[126.678364,33.302324],[126.678327,33.302637],[126.677549,33.303035],[126.677693,33.303361],[126.677,33.304161],[126.676841,33.30518],[126.676086,33.306866],[126.676125,33.307894],[126.675773,33.308464],[126.675459,33.308696],[126.674032,33.308817],[126.672662,33.309648],[126.671948,33.310258],[126.671781,33.310696],[126.670748,33.311097],[126.670523,33.311441],[126.670641,33.311776],[126.669946,33.312055],[126.669471,33.312908],[126.668612,33.313128],[126.667611,33.312951],[126.667436,33.313218],[126.665975,33.313806],[126.665496,33.31434],[126.664318,33.314074],[126.663995,33.314682],[126.662176,33.315945],[126.660178,33.316782],[126.659381,33.317364],[126.658565,33.319044],[126.657768,33.319423],[126.65746,33.319923],[126.656445,33.320053],[126.655118,33.320732],[126.654472,33.320769],[126.654807,33.321056],[126.654832,33.321944],[126.654248,33.323707],[126.65131,33.32591],[126.651062,33.327146],[126.650533,33.327617],[126.650559,33.32938],[126.650093,33.331139],[126.647867,33.332654],[126.647019,33.332687],[126.646987,33.333499],[126.645382,33.334312],[126.644813,33.334268],[126.641952,33.336404],[126.640621,33.336951],[126.640678,33.337413],[126.640207,33.338485],[126.640432,33.339223],[126.643051,33.339895],[126.6447,33.340944],[126.645002,33.34139],[126.643718,33.342795],[126.643825,33.34447],[126.641973,33.345569],[126.64064,33.346831],[126.639653,33.347843],[126.639596,33.348281],[126.637229,33.350472],[126.636906,33.351143],[126.636222,33.35115],[126.635284,33.351943],[126.633687,33.352565],[126.632457,33.353721],[126.632266,33.354202],[126.630443,33.355186],[126.629281,33.356273],[126.626676,33.356851],[126.626041,33.356534],[126.62479,33.356878],[126.623093,33.358289]]]]}},{"type":"Feature","properties":{"level":"lio","code":"5013025930","name":"신천리","sig_cd":"50130","base_date":"20260701"},"geometry":{"type":"MultiPolygon","coordinates":[[[[126.839208,33.354896],[126.840015,33.355804],[126.843853,33.358492],[126.845677,33.359483],[126.847797,33.359203],[126.848437,33.359543],[126.850057,33.359643],[126.850853,33.359205],[126.851287,33.359451],[126.854352,33.359796],[126.856163,33.358874],[126.856297,33.358141],[126.856778,33.357624],[126.858502,33.357452],[126.860387,33.356742],[126.861464,33.355925],[126.862797,33.355636],[126.863213,33.355918],[126.863715,33.355852],[126.863944,33.355307],[126.864676,33.355148],[126.866756,33.356302],[126.868281,33.356643],[126.868418,33.355502],[126.868179,33.354723],[126.867114,33.353339],[126.867035,33.35288],[126.865278,33.351637],[126.86388,33.349998],[126.863643,33.349223],[126.861908,33.348099],[126.861042,33.348112],[126.859672,33.347544],[126.858888,33.346563],[126.85801,33.345049],[126.858496,33.344018],[126.857177,33.34328],[126.859035,33.341865],[126.859128,33.34133],[126.858943,33.341825],[126.857134,33.343227],[126.856715,33.343096],[126.856401,33.342884],[126.855308,33.340814],[126.855539,33.340476],[126.856495,33.340502],[126.855413,33.340249],[126.855238,33.339759],[126.855551,33.339672],[126.85544,33.340006],[126.855777,33.339839],[126.856041,33.340185],[126.85682,33.340126],[126.856781,33.340428],[126.856924,33.340141],[126.858285,33.340922],[126.856938,33.340072],[126.855765,33.339744],[126.855653,33.339307],[126.855467,33.339409],[126.855782,33.339031],[126.855631,33.338854],[126.854657,33.339317],[126.853053,33.339162],[126.852124,33.338394],[126.850385,33.337472],[126.850321,33.336877],[126.849554,33.336781],[126.84904,33.337671],[126.849329,33.338684],[126.849148,33.339554],[126.847815,33.341552],[126.846041,33.34284],[126.845596,33.344148],[126.844343,33.345864],[126.84389,33.348122],[126.842871,33.349157],[126.840807,33.352028],[126.83997,33.352779],[126.839903,33.354357],[126.839208,33.354896]]]]}},{"type":"Feature","properties":{"level":"lio","code":"5013025322","name":"태흥리","sig_cd":"50130","base_date":"20260701"},"geometry":{"type":"MultiPolygon","coordinates":[[[[126.720218,33.286706],[126.720468,33.287109],[126.7204,33.287963],[126.721027,33.288481],[126.722767,33.287956],[126.723574,33.288096],[126.72315,33.288496],[126.723298,33.290286],[126.723043,33.290635],[126.72252,33.290719],[126.722379,33.292309],[126.722167,33.292561],[126.722318,33.293945],[126.723506,33.294702],[126.725226,33.293921],[126.726019,33.294529],[126.726465,33.296138],[126.726331,33.297111],[126.727256,33.297325],[126.726784,33.298974],[126.727155,33.300001],[126.72871,33.299927],[126.730439,33.298775],[126.730626,33.298864],[126.731267,33.299334],[126.731557,33.300628],[126.73203,33.300995],[126.73119,33.301922],[126.734007,33.303474],[126.735673,33.303262],[126.736124,33.302768],[126.73675,33.303124],[126.737962,33.303336],[126.738221,33.303848],[126.738048,33.30404],[126.738394,33.304274],[126.738805,33.304027],[126.73885,33.30364],[126.740324,33.303734],[126.740594,33.304077],[126.741291,33.303845],[126.741433,33.303365],[126.741886,33.303219],[126.743082,33.303827],[126.74319,33.304356],[126.744154,33.304341],[126.744309,33.304745],[126.744688,33.304606],[126.745076,33.304852],[126.745789,33.304593],[126.746304,33.303735],[126.747112,33.303677],[126.747973,33.304112],[126.748562,33.303785],[126.749335,33.304321],[126.749666,33.304173],[126.750365,33.305177],[126.75167,33.30579],[126.751533,33.306105],[126.752458,33.30665],[126.752813,33.307192],[126.754177,33.307546],[126.754632,33.307165],[126.755178,33.304995],[126.755118,33.304172],[126.756344,33.302406],[126.755935,33.301167],[126.75607,33.30082],[126.756683,33.300759],[126.757575,33.300278],[126.758643,33.298163],[126.758999,33.297878],[126.760843,33.297452],[126.762548,33.297488],[126.765007,33.295938],[126.764269,33.294877],[126.764195,33.293878],[126.763344,33.292323],[126.762369,33.291874],[126.761051,33.29185],[126.760803,33.291612],[126.760815,33.291126],[126.760361,33.291153],[126.760367,33.291433],[126.759652,33.291264],[126.760598,33.290669],[126.76071,33.290327],[126.759584,33.291259],[126.758529,33.290094],[126.757604,33.289678],[126.757139,33.289048],[126.754786,33.287786],[126.753302,33.287386],[126.75267,33.287732],[126.752216,33.288887],[126.75283,33.289363],[126.752828,33.29026],[126.75194,33.289776],[126.751241,33.288131],[126.751402,33.287236],[126.752926,33.285615],[126.752342,33.284259],[126.752808,33.28565],[126.751979,33.286475],[126.751662,33.286138],[126.751864,33.28651],[126.750993,33.287258],[126.750856,33.287138],[126.750817,33.287821],[126.750022,33.287476],[126.749832,33.287349],[126.750385,33.28705],[126.750708,33.287122],[126.750708,33.286908],[126.751297,33.286694],[126.75103,33.286577],[126.750542,33.284961],[126.751603,33.284579],[126.750491,33.284919],[126.74958,33.284912],[126.748776,33.283302],[126.746066,33.281433],[126.744591,33.279574],[126.743353,33.278852],[126.741341,33.278878],[126.740478,33.278673],[126.739435,33.278843],[126.739139,33.27912],[126.739674,33.280019],[126.738905,33.280307],[126.738886,33.279973],[126.737801,33.2793],[126.737266,33.280105],[126.736762,33.280212],[126.73552,33.281356],[126.733652,33.281869],[126.732713,33.281565],[126.731758,33.280144],[126.730776,33.279321],[126.72835,33.279519],[126.727353,33.279986],[126.725408,33.281872],[126.725623,33.282852],[126.724761,33.28449],[126.723808,33.285109],[126.720772,33.285925],[126.720302,33.286327],[126.720218,33.286706]]]]}},{"type":"Feature","properties":{"level":"lio","code":"5013025924","name":"고성리","sig_cd":"50130","base_date":"20260701"},"geometry":{"type":"MultiPolygon","coordinates":[[[[126.883195,33.428575],[126.883982,33.429828],[126.884823,33.429985],[126.885222,33.430577],[126.884915,33.431513],[126.883914,33.432079],[126.883756,33.432326],[126.883952,33.432525],[126.884731,33.432569],[126.88528,33.433097],[126.885929,33.433126],[126.886565,33.433504],[126.887101,33.433467],[126.887406,33.434134],[126.88833,33.434386],[126.888909,33.434163],[126.88976,33.434275],[126.891173,33.436037],[126.891676,33.43613],[126.891833,33.43701],[126.89383,33.4382],[126.895099,33.438496],[126.895757,33.439216],[126.897194,33.439873],[126.897921,33.440973],[126.897972,33.441423],[126.897693,33.441769],[126.897932,33.44311],[126.89686,33.444012],[126.895776,33.445605],[126.89556,33.44666],[126.893589,33.448193],[126.894161,33.448929],[126.894054,33.44981],[126.894365,33.450241],[126.894173,33.45069],[126.894749,33.45204],[126.89608,33.452215],[126.896709,33.45297],[126.897468,33.453061],[126.898292,33.454114],[126.899248,33.453873],[126.901049,33.454568],[126.903217,33.453965],[126.903575,33.453399],[126.904083,33.453112],[126.905231,33.453825],[126.907671,33.454372],[126.910673,33.454078],[126.911885,33.454481],[126.91294,33.454061],[126.912894,33.453765],[126.913359,33.453554],[126.913358,33.453118],[126.913719,33.452881],[126.914302,33.453055],[126.914541,33.453514],[126.91546,33.453215],[126.91599,33.452677],[126.916906,33.45289],[126.916983,33.452743],[126.916407,33.45252],[126.915746,33.452491],[126.916114,33.452168],[126.914848,33.452178],[126.914705,33.451399],[126.915324,33.451637],[126.915531,33.451337],[126.915186,33.450774],[126.915321,33.450606],[126.915749,33.450652],[126.915713,33.45089],[126.915942,33.450986],[126.917108,33.450943],[126.917286,33.451411],[126.917756,33.451503],[126.919351,33.450887],[126.920034,33.450937],[126.920564,33.450376],[126.921785,33.451068],[126.922783,33.452045],[126.92364,33.453377],[126.923713,33.454229],[126.923359,33.455106],[126.92755,33.457147],[126.928718,33.458178],[126.928935,33.457886],[126.929096,33.457563],[126.926754,33.455375],[126.925983,33.454359],[126.924728,33.453515],[126.924376,33.453022],[126.923322,33.450313],[126.92202,33.44876],[126.921809,33.446824],[126.920958,33.445814],[126.92079,33.44508],[126.921843,33.439443],[126.921748,33.438798],[126.922724,33.43711],[126.923498,33.436366],[126.923912,33.435237],[126.924512,33.434812],[126.927263,33.433836],[126.928203,33.434027],[126.929578,33.433125],[126.931,33.432898],[126.932503,33.431973],[126.934063,33.430425],[126.934945,33.430265],[126.93514,33.429919],[126.93494,33.429265],[126.933061,33.427454],[126.932421,33.425995],[126.931403,33.425458],[126.931357,33.424521],[126.931084,33.424121],[126.930511,33.42395],[126.930568,33.423339],[126.92914,33.423565],[126.928379,33.424334],[126.927012,33.424549],[126.925094,33.426394],[126.923428,33.427407],[126.923375,33.428014],[126.923963,33.428642],[126.92589,33.429343],[126.926068,33.43034],[126.924524,33.432873],[126.924137,33.434089],[126.922926,33.435075],[126.920754,33.435411],[126.918781,33.435458],[126.916189,33.434593],[126.915823,33.433314],[126.915269,33.432623],[126.916091,33.428996],[126.916311,33.428646],[126.918586,33.428985],[126.917788,33.428798],[126.917776,33.427479],[126.919581,33.427472],[126.919651,33.427908],[126.919645,33.427417],[126.916408,33.427433],[126.915721,33.426208],[126.914896,33.425648],[126.913866,33.424267],[126.913811,33.423715],[126.910381,33.424298],[126.909839,33.42464],[126.90913,33.424125],[126.907849,33.423884],[126.906912,33.424099],[126.90656,33.424777],[126.906187,33.424477],[126.905278,33.424425],[126.903425,33.427341],[126.900683,33.428035],[126.900529,33.428254],[126.89885,33.428107],[126.897748,33.426532],[126.89655,33.425649],[126.896215,33.424285],[126.895995,33.424133],[126.895221,33.424554],[126.894979,33.424412],[126.894539,33.424616],[126.894491,33.425399],[126.892918,33.425831],[126.892518,33.426399],[126.892487,33.426939],[126.891912,33.427333],[126.891645,33.427855],[126.890341,33.428473],[126.889401,33.428364],[126.889126,33.428618],[126.88807,33.428793],[126.887307,33.428152],[126.886392,33.428029],[126.885937,33.428352],[126.885118,33.428428],[126.883717,33.42821],[126.883195,33.428575]]],[[[126.93467,33.426722],[126.934676,33.426735],[126.93469,33.426746],[126.934713,33.426742],[126.934735,33.426741],[126.934759,33.426736],[126.934817,33.426698],[126.934843,33.426681],[126.934851,33.426667],[126.934849,33.42666],[126.934822,33.426661],[126.934767,33.426668],[126.934718,33.426677],[126.934683,33.426694],[126.93467,33.426722]]]]}},{"type":"Feature","properties":{"level":"lio","code":"5013025029","name":"보성리","sig_cd":"50130","base_date":"20260701"},"geometry":{"type":"MultiPolygon","coordinates":[[[[126.25829,33.238579],[126.259394,33.240874],[126.259357,33.241463],[126.259075,33.241518],[126.259734,33.243675],[126.259519,33.245222],[126.259863,33.246121],[126.262752,33.246451],[126.263479,33.246738],[126.263268,33.24911],[126.263575,33.249237],[126.263519,33.250536],[126.262694,33.252383],[126.262364,33.254471],[126.262567,33.255656],[126.262885,33.255893],[126.262532,33.25736],[126.262927,33.2575],[126.262842,33.257923],[126.262368,33.258051],[126.262394,33.258481],[126.262605,33.258504],[126.262458,33.260112],[126.262676,33.260186],[126.262659,33.260807],[126.263155,33.26101],[126.263096,33.261162],[126.263853,33.261277],[126.264426,33.26104],[126.265755,33.261599],[126.26489,33.262759],[126.264941,33.263729],[126.263963,33.264818],[126.264368,33.265026],[126.266068,33.264927],[126.26613,33.265172],[126.267217,33.264874],[126.267891,33.265071],[126.267759,33.267221],[126.267251,33.267633],[126.266435,33.270434],[126.266613,33.270886],[126.266112,33.273542],[126.266366,33.274524],[126.265603,33.275767],[126.265757,33.276151],[126.267514,33.275624],[126.267497,33.277491],[126.268196,33.278531],[126.268004,33.279046],[126.268123,33.279721],[126.267442,33.279546],[126.266884,33.281475],[126.266815,33.283057],[126.266945,33.283681],[126.267509,33.284432],[126.26815,33.286794],[126.270708,33.290558],[126.271694,33.292296],[126.271859,33.293024],[126.275112,33.29659],[126.27589,33.298367],[126.279126,33.29956],[126.281042,33.2998],[126.28169,33.299514],[126.28269,33.299549],[126.282962,33.299236],[126.282834,33.297924],[126.283171,33.296942],[126.283025,33.296227],[126.282528,33.295771],[126.282616,33.29524],[126.282103,33.294118],[126.282572,33.293261],[126.28234,33.291579],[126.283301,33.291448],[126.284383,33.292191],[126.284722,33.292107],[126.282183,33.287425],[126.281302,33.286482],[126.279261,33.285362],[126.280524,33.28358],[126.278334,33.282484],[126.279552,33.280765],[126.279111,33.279159],[126.279334,33.27835],[126.278903,33.276727],[126.279037,33.275927],[126.278468,33.275247],[126.27833,33.274641],[126.278593,33.274213],[126.278449,33.273685],[126.278924,33.273276],[126.279022,33.272321],[126.277699,33.268135],[126.276872,33.266877],[126.276578,33.265845],[126.276758,33.265158],[126.276464,33.26486],[126.27652,33.263887],[126.276935,33.26317],[126.276349,33.261369],[126.275777,33.260523],[126.27549,33.258456],[126.276512,33.257932],[126.27717,33.257873],[126.276892,33.255537],[126.277509,33.255332],[126.277837,33.25476],[126.279256,33.25411],[126.278798,33.251249],[126.277373,33.25136],[126.277338,33.250187],[126.276937,33.249887],[126.276978,33.248468],[126.27671,33.247743],[126.272626,33.243994],[126.268952,33.237914],[126.267698,33.23836],[126.267511,33.239107],[126.267121,33.23913],[126.266877,33.239798],[126.26552,33.239664],[126.264723,33.239235],[126.263685,33.23949],[126.262554,33.239325],[126.262464,33.239712],[126.259564,33.23912],[126.25829,33.238579]]]]}},{"type":"Feature","properties":{"level":"lio","code":"5013025027","name":"신평리","sig_cd":"50130","base_date":"20260701"},"geometry":{"type":"MultiPolygon","coordinates":[[[[126.27589,33.298367],[126.275112,33.29659],[126.271859,33.293024],[126.271694,33.292296],[126.270708,33.290558],[126.26815,33.286794],[126.267509,33.284432],[126.266945,33.283681],[126.266884,33.281475],[126.267442,33.279546],[126.268123,33.279721],[126.268004,33.279046],[126.268196,33.278531],[126.267497,33.277491],[126.267514,33.275624],[126.265757,33.276151],[126.265603,33.275767],[126.266366,33.274524],[126.266112,33.273542],[126.266613,33.270886],[126.266435,33.270434],[126.267251,33.267633],[126.267759,33.267221],[126.267891,33.265071],[126.267217,33.264874],[126.26613,33.265172],[126.266068,33.264927],[126.264368,33.265026],[126.263963,33.264818],[126.264941,33.263729],[126.26489,33.262759],[126.265755,33.261599],[126.264426,33.26104],[126.263292,33.261228],[126.262659,33.260807],[126.262676,33.260186],[126.262458,33.260112],[126.262605,33.258504],[126.262394,33.258481],[126.262361,33.258135],[126.262854,33.257877],[126.262927,33.2575],[126.262532,33.25736],[126.262872,33.255769],[126.259985,33.256487],[126.25813,33.25769],[126.255397,33.257901],[126.254446,33.258355],[126.252903,33.258527],[126.252496,33.258939],[126.251643,33.259029],[126.250859,33.260074],[126.248401,33.261737],[126.245422,33.261178],[126.245145,33.261417],[126.242875,33.261911],[126.240717,33.261451],[126.239933,33.260942],[126.238759,33.262006],[126.237796,33.262317],[126.236695,33.263486],[126.23595,33.264527],[126.238873,33.265811],[126.242347,33.268362],[126.245015,33.271068],[126.246711,33.273461],[126.249313,33.275229],[126.251213,33.276829],[126.251742,33.277645],[126.255238,33.279634],[126.255866,33.280572],[126.2552,33.281332],[126.256292,33.282257],[126.257352,33.284325],[126.258436,33.285723],[126.260214,33.286657],[126.260475,33.287094],[126.263141,33.288805],[126.264126,33.288809],[126.264961,33.28956],[126.265108,33.290503],[126.265429,33.290808],[126.265387,33.291757],[126.266489,33.292462],[126.266904,33.294907],[126.267805,33.295194],[126.268172,33.296184],[126.270391,33.297474],[126.273763,33.297667],[126.274512,33.29814],[126.27589,33.298367]]]]}},{"type":"Feature","properties":{"level":"lio","code":"5013031021","name":"화순리","sig_cd":"50130","base_date":"20260701"},"geometry":{"type":"MultiPolygon","coordinates":[[[[126.323658,33.245456],[126.324138,33.247123],[126.323907,33.248804],[126.323957,33.25383],[126.325778,33.259837],[126.335279,33.273922],[126.335388,33.273243],[126.335037,33.27207],[126.335806,33.270764],[126.3379,33.269301],[126.33858,33.269326],[126.339969,33.26878],[126.340305,33.267858],[126.34136,33.266934],[126.341427,33.266279],[126.341845,33.26615],[126.341708,33.264321],[126.34117,33.2635],[126.341671,33.262825],[126.341324,33.260568],[126.34251,33.26005],[126.342055,33.257809],[126.343018,33.256008],[126.344038,33.255605],[126.344386,33.25491],[126.343132,33.254239],[126.34273,33.253534],[126.343296,33.253019],[126.343528,33.251925],[126.345511,33.250745],[126.345608,33.25013],[126.343866,33.249255],[126.344229,33.24854],[126.344143,33.248124],[126.342868,33.24728],[126.342279,33.247324],[126.34154,33.247941],[126.341321,33.247744],[126.341052,33.246544],[126.340431,33.245398],[126.341456,33.244652],[126.341968,33.24368],[126.341476,33.240943],[126.342017,33.240519],[126.343535,33.240161],[126.343808,33.239273],[126.344311,33.238777],[126.343831,33.238226],[126.344019,33.237335],[126.343667,33.23731],[126.343793,33.236199],[126.339839,33.2359],[126.339779,33.236432],[126.338131,33.236203],[126.337694,33.236307],[126.337281,33.236782],[126.336922,33.235051],[126.333666,33.23414],[126.335535,33.234786],[126.334828,33.236565],[126.333093,33.236075],[126.33275,33.23693],[126.334479,33.237419],[126.333791,33.239135],[126.334071,33.239213],[126.334209,33.238872],[126.334665,33.239001],[126.334446,33.23955],[126.33502,33.239724],[126.33584,33.23835],[126.336437,33.23854],[126.33605,33.239408],[126.33583,33.23924],[126.334947,33.240492],[126.333944,33.240734],[126.332809,33.240676],[126.332179,33.241084],[126.332114,33.241483],[126.330976,33.241257],[126.330477,33.240822],[126.330486,33.239596],[126.328555,33.239585],[126.328577,33.2367],[126.32834,33.236699],[126.328249,33.235889],[126.328215,33.241365],[126.326803,33.24141],[126.325782,33.24068],[126.325248,33.240687],[126.324272,33.242245],[126.323658,33.245456]]]]}},{"type":"Feature","properties":{"level":"lio","code":"5013025922","name":"오조리","sig_cd":"50130","base_date":"20260701"},"geometry":{"type":"MultiPolygon","coordinates":[[[[126.877487,33.461609],[126.878055,33.461892],[126.878341,33.461593],[126.879037,33.461932],[126.879576,33.461657],[126.881073,33.461977],[126.881406,33.46226],[126.881909,33.462089],[126.882981,33.462264],[126.883452,33.461554],[126.884101,33.46144],[126.884384,33.46113],[126.884994,33.460956],[126.885133,33.461217],[126.886196,33.461201],[126.886863,33.460569],[126.887501,33.460673],[126.888367,33.462601],[126.889838,33.462278],[126.893175,33.462833],[126.893015,33.464005],[126.89405,33.464846],[126.894186,33.465457],[126.895681,33.465848],[126.895796,33.466243],[126.896296,33.466596],[126.898624,33.467214],[126.901206,33.466999],[126.902844,33.46801],[126.902924,33.467803],[126.904002,33.467685],[126.905411,33.46897],[126.907336,33.469553],[126.907201,33.470067],[126.90773,33.470886],[126.907545,33.471228],[126.909177,33.471626],[126.909682,33.472077],[126.912164,33.472814],[126.912881,33.472278],[126.914411,33.472088],[126.914935,33.472516],[126.915309,33.472063],[126.917073,33.47193],[126.917173,33.471149],[126.918463,33.470358],[126.918707,33.470381],[126.918865,33.470762],[126.919221,33.470712],[126.918781,33.470157],[126.92038,33.469302],[126.92079,33.469304],[126.921778,33.470202],[126.922433,33.470307],[126.925093,33.472112],[126.924456,33.472912],[126.925283,33.473436],[126.924543,33.472849],[126.925198,33.472185],[126.925805,33.472838],[126.925935,33.4727],[126.927022,33.473458],[126.92746,33.473979],[126.927562,33.475697],[126.927524,33.473932],[126.926575,33.473075],[126.926733,33.472912],[126.925446,33.472011],[126.925293,33.471359],[126.926111,33.471232],[126.926071,33.471054],[126.925254,33.47118],[126.924577,33.469901],[126.924999,33.469451],[126.925209,33.469607],[126.925209,33.468976],[126.925963,33.468897],[126.924256,33.468858],[126.924263,33.468521],[126.924066,33.468697],[126.921679,33.46866],[126.921679,33.468357],[126.921419,33.468298],[126.921291,33.467221],[126.921529,33.467019],[126.920924,33.46529],[126.919778,33.464745],[126.918612,33.46464],[126.918019,33.465041],[126.917099,33.464677],[126.916565,33.463611],[126.915545,33.463284],[126.914859,33.462697],[126.914931,33.462512],[126.91574,33.462761],[126.916449,33.46169],[126.916685,33.46168],[126.917658,33.462029],[126.917868,33.462395],[126.918207,33.462171],[126.918413,33.462411],[126.91892,33.461819],[126.919146,33.461919],[126.919061,33.462131],[126.920737,33.462489],[126.920762,33.463056],[126.92205,33.463088],[126.921214,33.461616],[126.921832,33.460818],[126.921361,33.460521],[126.921783,33.459941],[126.921261,33.459108],[126.92146,33.458602],[126.922022,33.458736],[126.922414,33.458304],[126.922454,33.457011],[126.923713,33.454229],[126.92364,33.453377],[126.922783,33.452045],[126.921785,33.451068],[126.920564,33.450376],[126.920034,33.450937],[126.919351,33.450887],[126.917756,33.451503],[126.917286,33.451411],[126.917108,33.450943],[126.915942,33.450986],[126.915713,33.45089],[126.915749,33.450652],[126.915321,33.450606],[126.915186,33.450774],[126.915531,33.451337],[126.915324,33.451637],[126.914705,33.451399],[126.914848,33.452178],[126.916114,33.452168],[126.915746,33.452491],[126.916407,33.45252],[126.916983,33.452743],[126.916906,33.45289],[126.91599,33.452677],[126.91546,33.453215],[126.914541,33.453514],[126.914302,33.453055],[126.913719,33.452881],[126.913358,33.453118],[126.913359,33.453554],[126.912894,33.453765],[126.91294,33.454061],[126.911885,33.454481],[126.910673,33.454078],[126.907671,33.454372],[126.905231,33.453825],[126.904083,33.453112],[126.903575,33.453399],[126.903217,33.453965],[126.901049,33.454568],[126.899248,33.453873],[126.898124,33.454135],[126.89587,33.453953],[126.895762,33.453724],[126.895223,33.453662],[126.89453,33.452964],[126.893601,33.452796],[126.892439,33.452993],[126.891998,33.452454],[126.891586,33.452426],[126.891208,33.453129],[126.890607,33.453],[126.889621,33.453435],[126.889096,33.453061],[126.888234,33.453984],[126.886487,33.453005],[126.883091,33.453261],[126.882035,33.452826],[126.881661,33.452388],[126.880861,33.45221],[126.879096,33.455074],[126.878852,33.456514],[126.877785,33.459067],[126.877959,33.4603],[126.877487,33.461609]]]]}},{"type":"Feature","properties":{"level":"lio","code":"5013025327","name":"위미리","sig_cd":"50130","base_date":"20260701"},"geometry":{"type":"MultiPolygon","coordinates":[[[[126.621578,33.354427],[126.621782,33.354924],[126.622133,33.354875],[126.622434,33.355212],[126.622625,33.356025],[126.622136,33.356596],[126.622233,33.357776],[126.623093,33.358289],[126.62479,33.356878],[126.626041,33.356534],[126.626676,33.356851],[126.629281,33.356273],[126.630443,33.355186],[126.632266,33.354202],[126.632457,33.353721],[126.633687,33.352565],[126.635284,33.351943],[126.636222,33.35115],[126.636906,33.351143],[126.637229,33.350472],[126.639596,33.348281],[126.639653,33.347843],[126.64064,33.346831],[126.641973,33.345569],[126.643825,33.34447],[126.643718,33.342795],[126.645002,33.34139],[126.6447,33.340944],[126.643051,33.339895],[126.640432,33.339223],[126.640207,33.338485],[126.640678,33.337413],[126.640621,33.336951],[126.641952,33.336404],[126.644813,33.334268],[126.645382,33.334312],[126.646987,33.333499],[126.647019,33.332687],[126.647867,33.332654],[126.650093,33.331139],[126.650559,33.32938],[126.650533,33.327617],[126.651062,33.327146],[126.65131,33.32591],[126.654248,33.323707],[126.654832,33.321944],[126.654807,33.321056],[126.654472,33.320769],[126.655118,33.320732],[126.656445,33.320053],[126.65746,33.319923],[126.657768,33.319423],[126.658565,33.319044],[126.659381,33.317364],[126.660178,33.316782],[126.662176,33.315945],[126.663995,33.314682],[126.664318,33.314074],[126.665496,33.31434],[126.665975,33.313806],[126.667436,33.313218],[126.667611,33.312951],[126.668612,33.313128],[126.669471,33.312908],[126.669946,33.312055],[126.670641,33.311776],[126.670523,33.311441],[126.670748,33.311097],[126.671781,33.310696],[126.671948,33.310258],[126.672662,33.309648],[126.674032,33.308817],[126.675459,33.308696],[126.675773,33.308464],[126.676125,33.307894],[126.676086,33.306866],[126.676841,33.30518],[126.677,33.304161],[126.677693,33.303361],[126.677549,33.303035],[126.678327,33.302637],[126.678364,33.302324],[126.679458,33.302039],[126.679898,33.301451],[126.680295,33.299334],[126.679858,33.296423],[126.679984,33.29539],[126.680346,33.294648],[126.683068,33.294025],[126.683846,33.294262],[126.684313,33.294736],[126.687708,33.295219],[126.687555,33.293148],[126.687714,33.292651],[126.688542,33.292177],[126.688286,33.29159],[126.688696,33.291352],[126.688492,33.290815],[126.688726,33.289786],[126.688383,33.288952],[126.688408,33.288148],[126.689,33.287046],[126.689095,33.286299],[126.688791,33.285973],[126.688444,33.285972],[126.688718,33.285241],[126.690495,33.285103],[126.691849,33.285379],[126.692109,33.285103],[126.692621,33.285274],[126.692915,33.28468],[126.693487,33.284779],[126.693942,33.285181],[126.694885,33.285074],[126.695056,33.283647],[126.694287,33.28337],[126.694244,33.282949],[126.694314,33.282666],[126.6953,33.282116],[126.695563,33.280433],[126.696094,33.280043],[126.695854,33.27914],[126.696165,33.277663],[126.695932,33.277472],[126.693406,33.277214],[126.693615,33.276364],[126.693841,33.276273],[126.693109,33.276063],[126.693242,33.275258],[126.692966,33.274077],[126.69169,33.274105],[126.692099,33.273105],[126.691941,33.272512],[126.692157,33.271954],[126.691879,33.270991],[126.692196,33.270804],[126.692272,33.270417],[126.691694,33.270234],[126.691552,33.269411],[126.691276,33.269476],[126.691509,33.26948],[126.691656,33.270129],[126.691052,33.270448],[126.689975,33.270347],[126.689513,33.270063],[126.688109,33.270117],[126.685961,33.269815],[126.683891,33.270355],[126.683084,33.270266],[126.682588,33.270736],[126.681882,33.270673],[126.681563,33.271103],[126.681109,33.271181],[126.68097,33.270891],[126.679165,33.270652],[126.678768,33.270833],[126.677868,33.270572],[126.677851,33.269337],[126.677323,33.268489],[126.676686,33.268302],[126.6751,33.268663],[126.674092,33.268624],[126.673989,33.268862],[126.674368,33.269314],[126.674245,33.269536],[126.674099,33.269277],[126.674128,33.269956],[126.672125,33.270195],[126.670987,33.271283],[126.668303,33.271343],[126.668021,33.270595],[126.666525,33.270875],[126.665454,33.270643],[126.665063,33.271207],[126.665097,33.270875],[126.663255,33.268299],[126.661739,33.267884],[126.661116,33.267289],[126.661637,33.267972],[126.663097,33.268332],[126.664205,33.269778],[126.661799,33.271363],[126.661201,33.271208],[126.661695,33.271452],[126.661682,33.273023],[126.661945,33.27303],[126.661955,33.272749],[126.663003,33.272794],[126.662618,33.273474],[126.662857,33.273714],[126.662104,33.274235],[126.661536,33.274135],[126.660537,33.274406],[126.658445,33.274132],[126.657899,33.273841],[126.658039,33.273724],[126.657823,33.2733],[126.65831,33.273161],[126.658388,33.272737],[126.658777,33.272837],[126.659562,33.270892],[126.660133,33.270926],[126.659578,33.270782],[126.659586,33.269993],[126.659169,33.269674],[126.660812,33.268584],[126.65828,33.270096],[126.657382,33.269044],[126.656105,33.269339],[126.654574,33.268726],[126.653552,33.269191],[126.653073,33.270176],[126.651698,33.269349],[126.65131,33.268358],[126.65048,33.268072],[126.649021,33.268817],[126.647832,33.268602],[126.647615,33.268842],[126.647974,33.269607],[126.647633,33.27094],[126.646271,33.272151],[126.64587,33.273587],[126.646027,33.273923],[126.645536,33.275301],[126.646084,33.277449],[126.646051,33.278176],[126.64396,33.280081],[126.640982,33.281416],[126.639992,33.286208],[126.63986,33.288121],[126.640027,33.289226],[126.63958,33.290082],[126.638867,33.290251],[126.638508,33.290713],[126.638328,33.291777],[126.638617,33.293157],[126.640135,33.29452],[126.640605,33.29536],[126.640417,33.296007],[126.641176,33.29756],[126.64265,33.298423],[126.644345,33.298554],[126.645453,33.298957],[126.645027,33.299342],[126.643982,33.299634],[126.643955,33.299843],[126.64422,33.300723],[126.645734,33.301383],[126.646008,33.30275],[126.645646,33.302943],[126.646363,33.304272],[126.645485,33.305479],[126.645629,33.30647],[126.645134,33.308118],[126.645465,33.307953],[126.645895,33.309843],[126.645165,33.311397],[126.644636,33.311116],[126.64428,33.311247],[126.643068,33.313029],[126.641906,33.313857],[126.641286,33.314761],[126.640086,33.314871],[126.639509,33.314559],[126.638417,33.31542],[126.637732,33.315282],[126.636928,33.316086],[126.636612,33.316097],[126.636141,33.316904],[126.635144,33.317449],[126.63404,33.318488],[126.632797,33.319014],[126.632591,33.319644],[126.631576,33.320672],[126.631203,33.321679],[126.631763,33.323256],[126.631358,33.324285],[126.631663,33.325109],[126.630592,33.32615],[126.630793,33.326782],[126.63021,33.327478],[126.628893,33.327965],[126.628184,33.327846],[126.627835,33.328143],[126.628049,33.328729],[126.626949,33.32996],[126.626642,33.332005],[126.62627,33.332808],[126.627416,33.333712],[126.627096,33.335192],[126.628017,33.336575],[126.628169,33.337371],[126.627861,33.339975],[126.626252,33.34302],[126.624639,33.343489],[126.624336,33.344358],[126.624611,33.345],[126.624442,33.345462],[126.623547,33.346343],[126.62257,33.349394],[126.622438,33.350848],[126.62261,33.351134],[126.622275,33.352337],[126.622441,33.352841],[126.62199,33.353475],[126.622154,33.353811],[126.621578,33.354427]]],[[[126.653074,33.224935],[126.653388,33.225867],[126.655645,33.226464],[126.656194,33.22604],[126.656529,33.224295],[126.655604,33.224045],[126.653938,33.224124],[126.653074,33.224935]]]]}},{"type":"Feature","properties":{"level":"lio","code":"5013025921","name":"성산리","sig_cd":"50130","base_date":"20260701"},"geometry":{"type":"MultiPolygon","coordinates":[[[[126.927496,33.470018],[126.927582,33.470183],[126.928569,33.469824],[126.929684,33.47198],[126.928604,33.473027],[126.92821,33.473129],[126.928652,33.473113],[126.928872,33.47352],[126.935219,33.473529],[126.935201,33.475114],[126.935523,33.475113],[126.935549,33.473529],[126.934647,33.471441],[126.934824,33.471377],[126.935779,33.473608],[126.935725,33.478251],[126.935915,33.47825],[126.935899,33.473541],[126.934519,33.470593],[126.934983,33.470154],[126.934825,33.469361],[126.935888,33.468992],[126.936286,33.46845],[126.936361,33.467595],[126.935929,33.466879],[126.936127,33.465789],[126.935957,33.464807],[126.936263,33.464633],[126.936041,33.464235],[126.936729,33.463499],[126.937853,33.463555],[126.938536,33.463197],[126.937929,33.46242],[126.938029,33.4617],[126.938684,33.461322],[126.942261,33.460927],[126.943746,33.460397],[126.94479,33.459561],[126.945079,33.458841],[126.945113,33.457815],[126.945459,33.457391],[126.945275,33.456956],[126.944522,33.456347],[126.943821,33.456134],[126.940947,33.456388],[126.939952,33.456794],[126.937898,33.458247],[126.937438,33.459394],[126.936467,33.459749],[126.935626,33.460648],[126.934558,33.460875],[126.931839,33.460259],[126.930348,33.459472],[126.929108,33.457586],[126.928718,33.458178],[126.92852,33.457993],[126.928851,33.458784],[126.928727,33.460213],[126.92806,33.460013],[126.927763,33.460304],[126.928724,33.460638],[126.929329,33.461728],[126.930032,33.462128],[126.931621,33.463743],[126.93192,33.464703],[126.931344,33.465724],[126.92906,33.466917],[126.928537,33.468536],[126.927795,33.468674],[126.928575,33.468773],[126.928209,33.46912],[126.928484,33.469659],[126.927496,33.470018]]],[[[126.947433,33.457233],[126.947457,33.457267],[126.947498,33.457295],[126.947544,33.457316],[126.947593,33.457329],[126.947701,33.457326],[126.9478,33.457299],[126.947837,33.457271],[126.947839,33.457234],[126.947754,33.457186],[126.947715,33.457155],[126.947666,33.457147],[126.947615,33.457152],[126.947569,33.457173],[126.947514,33.457187],[126.947465,33.457183],[126.947433,33.457233]]],[[[126.940324,33.455296],[126.940342,33.455311],[126.940349,33.455312],[126.940358,33.455306],[126.940383,33.455282],[126.940428,33.455253],[126.940475,33.455229],[126.940525,33.4552],[126.940555,33.455168],[126.940605,33.455145],[126.940653,33.455119],[126.940661,33.455091],[126.940645,33.455089],[126.940601,33.455113],[126.940582,33.455125],[126.940534,33.455158],[126.940493,33.45518],[126.940449,33.455205],[126.940406,33.455234],[126.940366,33.455265],[126.940324,33.455296]]]]}},{"type":"Feature","properties":{"level":"lio","code":"5013025032","name":"영락리","sig_cd":"50130","base_date":"20260701"},"geometry":{"type":"MultiPolygon","coordinates":[[[[126.232591,33.260897],[126.230769,33.260006],[126.22815,33.25914],[126.22391,33.256293],[126.223849,33.254913],[126.224214,33.254009],[126.224162,33.252902],[126.223636,33.252251],[126.223775,33.251428],[126.223462,33.251391],[126.223215,33.250853],[126.222838,33.250693],[126.221112,33.250404],[126.220556,33.249826],[126.220635,33.24904],[126.220077,33.248792],[126.220404,33.248319],[126.219508,33.2478],[126.218796,33.246925],[126.218913,33.246467],[126.217893,33.245689],[126.217935,33.245131],[126.217321,33.244863],[126.216567,33.245018],[126.216292,33.244632],[126.215306,33.24507],[126.214114,33.244605],[126.213589,33.244642],[126.213559,33.243287],[126.213013,33.243112],[126.212147,33.243028],[126.210874,33.243394],[126.208629,33.244585],[126.204847,33.24555],[126.202322,33.246584],[126.202269,33.246893],[126.201119,33.24752],[126.199644,33.249015],[126.195724,33.251385],[126.195746,33.252183],[126.196081,33.25269],[126.195614,33.253906],[126.195714,33.254378],[126.197589,33.258915],[126.199176,33.261244],[126.200116,33.262015],[126.201605,33.26458],[126.204433,33.266427],[126.204756,33.26695],[126.204562,33.267577],[126.207288,33.26775],[126.209521,33.267445],[126.209713,33.267227],[126.2138,33.267431],[126.213921,33.267105],[126.215134,33.266997],[126.216687,33.267236],[126.220174,33.267115],[126.220502,33.267288],[126.221684,33.267045],[126.224639,33.266979],[126.226234,33.267471],[126.227727,33.266871],[126.228103,33.26713],[126.230114,33.266491],[126.232065,33.266333],[126.232873,33.2661],[126.233315,33.265703],[126.235237,33.265808],[126.23595,33.264527],[126.235341,33.264323],[126.234267,33.262539],[126.232591,33.260897]]]]}},{"type":"Feature","properties":{"level":"lio","code":"5013025025","name":"일과리","sig_cd":"50130","base_date":"20260701"},"geometry":{"type":"MultiPolygon","coordinates":[[[[126.224483,33.241608],[126.223512,33.241233],[126.222546,33.241386],[126.22099,33.242732],[126.2193,33.243555],[126.216881,33.243437],[126.215873,33.243721],[126.213583,33.243216],[126.213448,33.244324],[126.213589,33.244642],[126.214114,33.244605],[126.215306,33.24507],[126.216292,33.244632],[126.216567,33.245018],[126.217321,33.244863],[126.217935,33.245131],[126.217893,33.245689],[126.218913,33.246467],[126.218796,33.246925],[126.219508,33.2478],[126.220404,33.248319],[126.220077,33.248792],[126.220635,33.24904],[126.220556,33.249826],[126.221112,33.250404],[126.222838,33.250693],[126.223215,33.250853],[126.223462,33.251391],[126.223775,33.251428],[126.223636,33.252251],[126.224162,33.252902],[126.224214,33.254009],[126.223849,33.254913],[126.22387,33.256254],[126.22815,33.25914],[126.230769,33.260006],[126.232591,33.260897],[126.232964,33.260423],[126.233013,33.259848],[126.232473,33.258684],[126.23278,33.257451],[126.233648,33.256416],[126.233356,33.255641],[126.23369,33.254983],[126.233599,33.254706],[126.235573,33.25286],[126.236707,33.250622],[126.237904,33.249578],[126.238494,33.249427],[126.239124,33.24853],[126.238906,33.246963],[126.239571,33.24622],[126.239503,33.244815],[126.241355,33.242982],[126.241827,33.242785],[126.242301,33.24183],[126.2418,33.241321],[126.240706,33.241096],[126.240953,33.240398],[126.242137,33.239302],[126.242295,33.238651],[126.241802,33.237712],[126.242017,33.23616],[126.242894,33.236366],[126.242884,33.235788],[126.243837,33.235714],[126.244078,33.235246],[126.244442,33.23514],[126.244154,33.234872],[126.245734,33.23383],[126.245445,33.233723],[126.245028,33.232768],[126.244178,33.232608],[126.244085,33.23208],[126.243535,33.23202],[126.243274,33.231584],[126.241985,33.231455],[126.241716,33.231567],[126.241554,33.232258],[126.24025,33.232469],[126.238196,33.23326],[126.237057,33.233131],[126.236214,33.233893],[126.236137,33.234642],[126.235415,33.235896],[126.234343,33.236351],[126.233113,33.236534],[126.231486,33.236298],[126.22923,33.237385],[126.228965,33.238313],[126.228672,33.238248],[126.228492,33.238908],[126.228973,33.239237],[126.228339,33.240094],[126.228605,33.241108],[126.228281,33.241341],[126.22877,33.241825],[126.228009,33.241803],[126.228171,33.241533],[126.228038,33.240947],[126.22725,33.239743],[126.227777,33.240693],[126.226222,33.24092],[126.225718,33.240352],[126.225419,33.241736],[126.22489,33.241854],[126.224483,33.241608]]],[[[126.22826,33.239021],[126.227447,33.239469],[126.227474,33.239509],[126.228287,33.23906],[126.22826,33.239021]]]]}},{"type":"Feature","properties":{"level":"lio","code":"5013025321","name":"남원리","sig_cd":"50130","base_date":"20260701"},"geometry":{"type":"MultiPolygon","coordinates":[[[[126.727134,33.279484],[126.726183,33.279555],[126.72336,33.278899],[126.722219,33.277613],[126.721723,33.277572],[126.721534,33.277339],[126.721646,33.276766],[126.721369,33.276452],[126.720231,33.277861],[126.720102,33.27756],[126.719746,33.277512],[126.719468,33.27784],[126.719006,33.277718],[126.719513,33.278023],[126.71921,33.27827],[126.718985,33.27817],[126.719059,33.277938],[126.718943,33.278091],[126.718547,33.277814],[126.719158,33.277207],[126.719448,33.276112],[126.719103,33.277209],[126.718493,33.2778],[126.718247,33.276826],[126.716722,33.275821],[126.716473,33.275954],[126.71653,33.27624],[126.714713,33.27659],[126.713815,33.276259],[126.713492,33.276405],[126.712977,33.276269],[126.712363,33.275175],[126.709219,33.274429],[126.708954,33.274563],[126.708595,33.274132],[126.707871,33.2744],[126.707413,33.27406],[126.705457,33.273939],[126.703921,33.272863],[126.702787,33.272794],[126.702224,33.272424],[126.701425,33.272287],[126.700946,33.271992],[126.700982,33.271794],[126.699491,33.271089],[126.698596,33.27092],[126.698027,33.271296],[126.697868,33.271243],[126.69803,33.271077],[126.697689,33.270927],[126.695396,33.270973],[126.694681,33.270607],[126.692272,33.270417],[126.692196,33.270804],[126.691879,33.270991],[126.692157,33.271954],[126.691941,33.272512],[126.692099,33.273105],[126.69169,33.274105],[126.692966,33.274077],[126.693242,33.275258],[126.693109,33.276063],[126.693841,33.276273],[126.693615,33.276364],[126.693406,33.277214],[126.695932,33.277472],[126.696165,33.277663],[126.695854,33.27914],[126.696094,33.280043],[126.695563,33.280433],[126.6953,33.282116],[126.694314,33.282666],[126.694244,33.282949],[126.694287,33.28337],[126.695056,33.283647],[126.694885,33.285074],[126.693942,33.285181],[126.693487,33.284779],[126.692915,33.28468],[126.692621,33.285274],[126.692109,33.285103],[126.691849,33.285379],[126.690495,33.285103],[126.688718,33.285241],[126.688444,33.285972],[126.688791,33.285973],[126.689095,33.286299],[126.689,33.287046],[126.688408,33.288148],[126.688383,33.288952],[126.688726,33.289786],[126.688492,33.290815],[126.688696,33.291352],[126.688286,33.29159],[126.688542,33.292177],[126.687714,33.292651],[126.687555,33.293148],[126.687708,33.295219],[126.689392,33.296194],[126.689526,33.296725],[126.691153,33.297683],[126.692511,33.299029],[126.692872,33.299731],[126.695725,33.301301],[126.695975,33.30157],[126.695948,33.302316],[126.697214,33.303332],[126.698302,33.303632],[126.703488,33.307311],[126.704431,33.307597],[126.706839,33.307749],[126.71007,33.303017],[126.711424,33.302802],[126.712433,33.302304],[126.712994,33.300453],[126.712919,33.297482],[126.713581,33.296585],[126.713305,33.296298],[126.713558,33.294441],[126.713164,33.293435],[126.713464,33.29309],[126.714164,33.292986],[126.716491,33.291314],[126.716239,33.290707],[126.715484,33.289918],[126.715728,33.288748],[126.71633,33.288179],[126.717676,33.287551],[126.718914,33.287565],[126.719298,33.287121],[126.720218,33.286706],[126.720302,33.286327],[126.720772,33.285925],[126.723808,33.285109],[126.724761,33.28449],[126.725623,33.282852],[126.725408,33.281872],[126.727353,33.279986],[126.72835,33.279519],[126.727134,33.279484]]]]}},{"type":"Feature","properties":{"level":"lio","code":"5013025925","name":"수산리","sig_cd":"50130","base_date":"20260701"},"geometry":{"type":"MultiPolygon","coordinates":[[[[126.819752,33.423611],[126.82031,33.425041],[126.820178,33.425837],[126.820376,33.427157],[126.821708,33.430616],[126.820578,33.431497],[126.815572,33.429425],[126.816159,33.434612],[126.816009,33.435492],[126.81508,33.436186],[126.814642,33.437717],[126.812373,33.44045],[126.809793,33.440233],[126.807404,33.440475],[126.807966,33.44209],[126.807442,33.443418],[126.807767,33.444021],[126.808108,33.444548],[126.810478,33.444808],[126.812796,33.445633],[126.814424,33.445243],[126.815116,33.44641],[126.817289,33.446749],[126.818213,33.447825],[126.820578,33.447206],[126.820817,33.4471],[126.820316,33.447082],[126.820767,33.447089],[126.821378,33.446711],[126.822122,33.446706],[126.822429,33.447269],[126.822441,33.448317],[126.822662,33.448746],[126.823706,33.450362],[126.824241,33.450479],[126.823939,33.453023],[126.824917,33.453337],[126.826188,33.453196],[126.828727,33.453756],[126.829501,33.453642],[126.831053,33.454592],[126.831847,33.45567],[126.834964,33.456793],[126.836831,33.458278],[126.842906,33.460825],[126.844993,33.461503],[126.846414,33.461145],[126.849547,33.459445],[126.84973,33.458853],[126.850128,33.458537],[126.853468,33.457195],[126.854413,33.45718],[126.854512,33.456798],[126.854946,33.456589],[126.856093,33.45654],[126.857846,33.455418],[126.859215,33.45697],[126.861223,33.45829],[126.861692,33.459317],[126.862688,33.460327],[126.863454,33.460136],[126.865601,33.460473],[126.866641,33.459643],[126.867927,33.459782],[126.870064,33.459107],[126.872964,33.460301],[126.874257,33.460161],[126.87585,33.460456],[126.877487,33.461609],[126.877959,33.4603],[126.877785,33.459067],[126.878852,33.456514],[126.879096,33.455074],[126.880861,33.45221],[126.881661,33.452388],[126.882035,33.452826],[126.883091,33.453261],[126.886487,33.453005],[126.888234,33.453984],[126.889096,33.453061],[126.889621,33.453435],[126.890607,33.453],[126.891208,33.453129],[126.891586,33.452426],[126.891923,33.452434],[126.892439,33.452993],[126.893601,33.452796],[126.89453,33.452964],[126.895223,33.453662],[126.895762,33.453724],[126.89587,33.453953],[126.898292,33.454114],[126.897468,33.453061],[126.896709,33.45297],[126.89608,33.452215],[126.894699,33.452002],[126.894173,33.45069],[126.894365,33.450241],[126.894054,33.44981],[126.894161,33.448929],[126.893584,33.448256],[126.89556,33.44666],[126.895776,33.445605],[126.89686,33.444012],[126.897932,33.44311],[126.897693,33.441769],[126.897978,33.441279],[126.897748,33.440676],[126.897194,33.439873],[126.895757,33.439216],[126.895099,33.438496],[126.89383,33.4382],[126.891833,33.43701],[126.891676,33.43613],[126.891173,33.436037],[126.88976,33.434275],[126.888909,33.434163],[126.88833,33.434386],[126.887406,33.434134],[126.887101,33.433467],[126.886565,33.433504],[126.885929,33.433126],[126.88528,33.433097],[126.884731,33.432569],[126.883952,33.432525],[126.883756,33.432326],[126.883914,33.432079],[126.884961,33.431456],[126.885238,33.430857],[126.885163,33.430413],[126.884823,33.429985],[126.883982,33.429828],[126.883294,33.428974],[126.883195,33.428575],[126.883411,33.428278],[126.882408,33.426498],[126.88159,33.426696],[126.88064,33.426451],[126.879974,33.425246],[126.879052,33.425045],[126.878968,33.423898],[126.878362,33.423176],[126.878187,33.422252],[126.877315,33.421782],[126.877062,33.421177],[126.876355,33.420871],[126.876241,33.419902],[126.875626,33.419608],[126.875087,33.420007],[126.874034,33.420019],[126.873727,33.420298],[126.872511,33.420603],[126.872074,33.421053],[126.868524,33.421445],[126.867663,33.420959],[126.867002,33.420048],[126.864334,33.419228],[126.863693,33.41925],[126.863517,33.419879],[126.862991,33.420332],[126.861892,33.420629],[126.858975,33.420091],[126.857989,33.420301],[126.857456,33.421298],[126.856389,33.422222],[126.856183,33.422951],[126.855667,33.423283],[126.854618,33.423496],[126.854227,33.422974],[126.853266,33.422907],[126.852987,33.423295],[126.851062,33.423649],[126.849893,33.424573],[126.848035,33.424133],[126.847758,33.423362],[126.84711,33.422829],[126.845511,33.422154],[126.845013,33.421367],[126.84388,33.422028],[126.843937,33.422572],[126.843605,33.423274],[126.842025,33.42381],[126.841702,33.424513],[126.840188,33.42404],[126.839415,33.422704],[126.839236,33.421558],[126.838434,33.421711],[126.837295,33.421405],[126.835826,33.421863],[126.836315,33.42283],[126.83568,33.42398],[126.835044,33.423915],[126.834443,33.423428],[126.83445,33.422808],[126.833769,33.422658],[126.833426,33.422872],[126.832523,33.422857],[126.828136,33.425558],[126.824645,33.423746],[126.823106,33.423681],[126.822353,33.42391],[126.82074,33.423572],[126.819752,33.423611]]]]}},{"type":"Feature","properties":{"level":"lio","code":"5013025931","name":"난산리","sig_cd":"50130","base_date":"20260701"},"geometry":{"type":"MultiPolygon","coordinates":[[[[126.882178,33.395529],[126.879476,33.395226],[126.879408,33.394119],[126.879858,33.393458],[126.879791,33.393104],[126.878444,33.391778],[126.877732,33.390271],[126.875736,33.390682],[126.875185,33.391301],[126.873636,33.39164],[126.872986,33.392073],[126.87263,33.391914],[126.872369,33.391101],[126.871844,33.390666],[126.870725,33.391442],[126.868767,33.392073],[126.86687,33.39316],[126.862639,33.393267],[126.861916,33.394066],[126.859991,33.394996],[126.858976,33.39456],[126.858223,33.393099],[126.858489,33.392605],[126.857249,33.392077],[126.855997,33.392941],[126.855988,33.394226],[126.855699,33.394761],[126.853856,33.395179],[126.852813,33.394759],[126.852027,33.395773],[126.850132,33.395849],[126.849139,33.396144],[126.848385,33.39618],[126.847283,33.395841],[126.8469,33.396361],[126.846263,33.396219],[126.845018,33.396708],[126.843676,33.398247],[126.840042,33.399678],[126.837198,33.400335],[126.835777,33.400192],[126.83555,33.400452],[126.834206,33.400569],[126.833337,33.400983],[126.83174,33.401992],[126.831172,33.403409],[126.830115,33.404364],[126.830034,33.405161],[126.829128,33.405321],[126.826776,33.40482],[126.82378,33.405374],[126.820999,33.405312],[126.819024,33.405726],[126.817434,33.405571],[126.815614,33.406567],[126.814346,33.406645],[126.814526,33.407798],[126.815016,33.410048],[126.81686,33.412006],[126.817612,33.414589],[126.817989,33.419693],[126.818808,33.421291],[126.819301,33.423271],[126.819752,33.423611],[126.82074,33.423572],[126.822353,33.42391],[126.823106,33.423681],[126.824645,33.423746],[126.828136,33.425558],[126.832523,33.422857],[126.833426,33.422872],[126.833769,33.422658],[126.83445,33.422808],[126.834443,33.423428],[126.835044,33.423915],[126.83568,33.42398],[126.836315,33.42283],[126.835826,33.421863],[126.837295,33.421405],[126.838434,33.421711],[126.839236,33.421558],[126.839415,33.422704],[126.840188,33.42404],[126.841702,33.424513],[126.842025,33.42381],[126.843605,33.423274],[126.843937,33.422572],[126.84388,33.422028],[126.845013,33.421367],[126.845511,33.422154],[126.84711,33.422829],[126.847758,33.423362],[126.848035,33.424133],[126.849893,33.424573],[126.851062,33.423649],[126.852987,33.423295],[126.853266,33.422907],[126.854227,33.422974],[126.854618,33.423496],[126.855667,33.423283],[126.856183,33.422951],[126.856389,33.422222],[126.857456,33.421298],[126.857989,33.420301],[126.858975,33.420091],[126.861892,33.420629],[126.862991,33.420332],[126.863517,33.419879],[126.863735,33.41923],[126.865973,33.419599],[126.866178,33.419923],[126.867002,33.420048],[126.867198,33.420484],[126.868326,33.42143],[126.871503,33.421167],[126.874034,33.420019],[126.875087,33.420007],[126.875626,33.419608],[126.875196,33.419154],[126.875289,33.41878],[126.876025,33.418383],[126.875293,33.416386],[126.875497,33.415147],[126.875976,33.414966],[126.875732,33.413724],[126.875969,33.413137],[126.875762,33.412329],[126.876025,33.411709],[126.875918,33.410775],[126.876263,33.410254],[126.876062,33.409808],[126.876707,33.408767],[126.877738,33.408893],[126.879473,33.406873],[126.879467,33.405705],[126.87909,33.405353],[126.879415,33.404423],[126.878999,33.403405],[126.879534,33.402731],[126.880241,33.402313],[126.880285,33.401065],[126.881168,33.401594],[126.882023,33.401601],[126.883114,33.401038],[126.882885,33.400011],[126.883081,33.399728],[126.882569,33.3989],[126.88388,33.397414],[126.883893,33.397019],[126.883087,33.396519],[126.882657,33.395621],[126.882178,33.395529]]]]}},{"type":"Feature","properties":{"level":"lio","code":"5013032024","name":"가시리","sig_cd":"50130","base_date":"20260701"},"geometry":{"type":"MultiPolygon","coordinates":[[[[126.653419,33.395055],[126.653677,33.396171],[126.653329,33.396895],[126.654154,33.397551],[126.654556,33.398223],[126.654587,33.398981],[126.654971,33.399423],[126.657357,33.399717],[126.659006,33.400535],[126.660464,33.401959],[126.661722,33.402192],[126.66429,33.402161],[126.666305,33.401336],[126.667867,33.400395],[126.668344,33.400237],[126.669432,33.400385],[126.672237,33.402673],[126.673841,33.403373],[126.676208,33.404862],[126.681069,33.408731],[126.682721,33.409462],[126.684159,33.410418],[126.687728,33.413285],[126.692123,33.415158],[126.699619,33.419194],[126.705365,33.421124],[126.709058,33.421897],[126.717285,33.421885],[126.719114,33.422506],[126.722313,33.423155],[126.724258,33.424177],[126.72695,33.424421],[126.72899,33.425485],[126.729165,33.425799],[126.731825,33.426722],[126.733425,33.424331],[126.734269,33.423731],[126.738743,33.421145],[126.741405,33.420269],[126.741106,33.417867],[126.739815,33.415149],[126.738983,33.414395],[126.737482,33.413965],[126.735305,33.41263],[126.73424,33.41043],[126.73411,33.409564],[126.736464,33.404496],[126.736564,33.401388],[126.73638,33.400379],[126.737234,33.398078],[126.738233,33.396878],[126.739637,33.395708],[126.740462,33.395533],[126.745987,33.392789],[126.747381,33.392818],[126.748305,33.392559],[126.750311,33.392654],[126.75358,33.392159],[126.754777,33.391634],[126.754787,33.391227],[126.759075,33.390556],[126.760933,33.389741],[126.761935,33.388874],[126.763633,33.388906],[126.763679,33.388127],[126.763153,33.386842],[126.763212,33.386426],[126.763856,33.385614],[126.764261,33.383975],[126.765086,33.383603],[126.765772,33.382428],[126.769759,33.382213],[126.771782,33.3826],[126.772737,33.382341],[126.774421,33.38265],[126.775049,33.3812],[126.777882,33.381204],[126.780013,33.380941],[126.78036,33.38069],[126.780512,33.37983],[126.782246,33.377878],[126.784697,33.376436],[126.785894,33.376267],[126.786912,33.375752],[126.78629,33.375174],[126.786445,33.374985],[126.787707,33.374339],[126.789035,33.373186],[126.790272,33.372674],[126.791646,33.371411],[126.794854,33.369495],[126.796482,33.368129],[126.796944,33.366204],[126.796471,33.365122],[126.796311,33.363029],[126.796764,33.360659],[126.796536,33.357372],[126.796946,33.355705],[126.79644,33.355054],[126.796674,33.354741],[126.796286,33.35389],[126.796293,33.351478],[126.794996,33.349861],[126.795165,33.349018],[126.794626,33.3485],[126.79436,33.347172],[126.794014,33.346841],[126.794368,33.346314],[126.794263,33.345071],[126.794468,33.344924],[126.7945,33.344321],[126.793707,33.344],[126.791877,33.344178],[126.789896,33.343859],[126.788549,33.343909],[126.788244,33.342959],[126.785188,33.342084],[126.785546,33.341695],[126.783045,33.340835],[126.783264,33.340077],[126.779114,33.33785],[126.778405,33.337257],[126.778359,33.336934],[126.777135,33.337697],[126.77648,33.337786],[126.774323,33.33915],[126.773637,33.339114],[126.772132,33.33982],[126.77172,33.340649],[126.770644,33.341273],[126.767643,33.341836],[126.767111,33.341745],[126.766633,33.341878],[126.766011,33.342484],[126.76374,33.342411],[126.763606,33.342866],[126.76324,33.343021],[126.763129,33.343573],[126.762773,33.343543],[126.76014,33.344993],[126.759346,33.34516],[126.758712,33.345759],[126.75776,33.34575],[126.757717,33.346538],[126.757464,33.346853],[126.757728,33.348089],[126.757493,33.349145],[126.756088,33.349502],[126.753976,33.347801],[126.75184,33.34558],[126.751418,33.344471],[126.750823,33.343897],[126.750738,33.345443],[126.749859,33.346757],[126.749524,33.347988],[126.748361,33.348971],[126.747172,33.350704],[126.745421,33.350637],[126.742378,33.353014],[126.742537,33.353166],[126.741839,33.35381],[126.741679,33.354461],[126.74222,33.354927],[126.742084,33.35577],[126.741898,33.355996],[126.741178,33.355991],[126.741075,33.356277],[126.741468,33.356601],[126.74136,33.356958],[126.740063,33.35789],[126.740023,33.358234],[126.738879,33.359436],[126.738615,33.359314],[126.737323,33.359881],[126.737291,33.36052],[126.737759,33.361789],[126.737652,33.362114],[126.736161,33.362932],[126.736004,33.364019],[126.735168,33.36484],[126.733227,33.365195],[126.731811,33.365818],[126.730471,33.365486],[126.729102,33.366622],[126.728131,33.36788],[126.726498,33.368321],[126.725651,33.368972],[126.723216,33.369555],[126.721662,33.370404],[126.720743,33.371254],[126.719704,33.371322],[126.718971,33.371106],[126.717497,33.371683],[126.716657,33.371456],[126.71571,33.372168],[126.713605,33.372109],[126.712991,33.3727],[126.713208,33.373238],[126.712798,33.373543],[126.71126,33.37329],[126.709345,33.374161],[126.708604,33.373672],[126.707648,33.373925],[126.707086,33.374367],[126.706386,33.374318],[126.70187,33.376364],[126.700983,33.376084],[126.700089,33.376372],[126.69927,33.376026],[126.697605,33.376667],[126.696151,33.375475],[126.696523,33.374666],[126.695639,33.374025],[126.693131,33.37477],[126.691543,33.375935],[126.689859,33.375861],[126.688799,33.376873],[126.687894,33.376506],[126.68696,33.377226],[126.686342,33.377291],[126.68515,33.377296],[126.684479,33.376464],[126.683968,33.376292],[126.683557,33.37561],[126.681647,33.375428],[126.678038,33.378602],[126.675641,33.378615],[126.675575,33.379422],[126.675166,33.379682],[126.674768,33.379076],[126.674204,33.379007],[126.674079,33.38152],[126.673585,33.383263],[126.673117,33.384023],[126.673237,33.38478],[126.671954,33.385714],[126.671901,33.386478],[126.671486,33.387003],[126.671073,33.386825],[126.669632,33.386966],[126.669079,33.386488],[126.667884,33.386906],[126.6668,33.388472],[126.665806,33.38839],[126.663577,33.388966],[126.65671,33.392074],[126.653419,33.395055]]]]}},{"type":"Feature","properties":{"level":"lio","code":"5013032022","name":"하천리","sig_cd":"50130","base_date":"20260701"},"geometry":{"type":"MultiPolygon","coordinates":[[[[126.839208,33.354896],[126.839903,33.354357],[126.83997,33.352779],[126.840807,33.352028],[126.842871,33.349157],[126.84389,33.348122],[126.844343,33.345864],[126.845596,33.344148],[126.846041,33.34284],[126.848059,33.341254],[126.849148,33.339554],[126.849329,33.338684],[126.84904,33.337671],[126.849554,33.336781],[126.848732,33.336297],[126.848966,33.335908],[126.848765,33.335403],[126.848552,33.33542],[126.848903,33.335849],[126.848716,33.336173],[126.848026,33.336183],[126.848189,33.335708],[126.848619,33.33585],[126.848208,33.335664],[126.848385,33.335497],[126.847839,33.336146],[126.847002,33.335635],[126.84572,33.334116],[126.844274,33.333498],[126.843376,33.332763],[126.843687,33.332748],[126.843518,33.332409],[126.842667,33.332062],[126.841824,33.33329],[126.841904,33.333863],[126.841168,33.33527],[126.840946,33.336813],[126.840136,33.336175],[126.839527,33.336119],[126.839093,33.335543],[126.838041,33.335232],[126.837741,33.334603],[126.837275,33.334615],[126.836381,33.334049],[126.835928,33.334275],[126.836156,33.334885],[126.835556,33.337472],[126.836091,33.341334],[126.835451,33.341252],[126.833592,33.342],[126.832872,33.34196],[126.831935,33.34238],[126.831212,33.342084],[126.831118,33.341731],[126.828329,33.341432],[126.825286,33.340242],[126.824485,33.340626],[126.824156,33.34166],[126.822906,33.341336],[126.819845,33.342189],[126.816421,33.342284],[126.816093,33.342593],[126.81546,33.342677],[126.814145,33.342406],[126.813549,33.341858],[126.812834,33.341833],[126.812414,33.341413],[126.81127,33.341047],[126.810917,33.340797],[126.810625,33.340055],[126.808935,33.341014],[126.808981,33.341442],[126.808148,33.34223],[126.807757,33.343077],[126.806625,33.343689],[126.805815,33.344664],[126.805327,33.345817],[126.805084,33.348174],[126.804669,33.348057],[126.804402,33.348425],[126.803537,33.348755],[126.80349,33.349028],[126.802597,33.348562],[126.8021,33.349278],[126.801614,33.349262],[126.801194,33.349796],[126.80035,33.349904],[126.800059,33.350223],[126.798883,33.350228],[126.798634,33.350445],[126.79865,33.35081],[126.798163,33.351089],[126.797459,33.351139],[126.796575,33.3507],[126.796597,33.351179],[126.796178,33.351211],[126.796224,33.352873],[126.796427,33.353249],[126.796286,33.35389],[126.796674,33.354741],[126.79644,33.355054],[126.796946,33.355705],[126.796536,33.357372],[126.796764,33.360659],[126.796311,33.363029],[126.796471,33.365122],[126.796944,33.366204],[126.796482,33.368129],[126.79702,33.368952],[126.797071,33.369646],[126.797701,33.369774],[126.798617,33.370557],[126.799866,33.371132],[126.801142,33.370334],[126.801075,33.370039],[126.801289,33.369924],[126.802295,33.369613],[126.803008,33.369978],[126.803091,33.369389],[126.804047,33.368972],[126.804504,33.36901],[126.805506,33.369482],[126.805542,33.369695],[126.805013,33.370103],[126.805032,33.370548],[126.805672,33.371029],[126.806625,33.372301],[126.807918,33.373153],[126.80919,33.372463],[126.812192,33.371461],[126.814439,33.372185],[126.815267,33.37191],[126.816177,33.370778],[126.81641,33.369716],[126.817392,33.36934],[126.81815,33.368595],[126.820102,33.367515],[126.820908,33.366463],[126.822297,33.365479],[126.824078,33.363759],[126.825578,33.362863],[126.827731,33.36221],[126.828003,33.361778],[126.830257,33.360875],[126.831524,33.359887],[126.83429,33.359271],[126.837069,33.357823],[126.83746,33.357317],[126.837993,33.355667],[126.839208,33.354896]]]]}},{"type":"Feature","properties":{"level":"lio","code":"5013031029","name":"광평리","sig_cd":"50130","base_date":"20260701"},"geometry":{"type":"MultiPolygon","coordinates":[[[[126.412312,33.337145],[126.410078,33.335652],[126.409452,33.33547],[126.408322,33.334458],[126.40806,33.33365],[126.406276,33.333591],[126.405808,33.333183],[126.404736,33.332838],[126.403965,33.332038],[126.40313,33.331656],[126.401601,33.331697],[126.399322,33.332752],[126.397769,33.33296],[126.396405,33.332826],[126.396556,33.332912],[126.395324,33.3332],[126.392726,33.332678],[126.391776,33.332116],[126.389757,33.332479],[126.389286,33.332238],[126.389293,33.331298],[126.38905,33.330904],[126.387665,33.33027],[126.386343,33.330189],[126.385691,33.328623],[126.384946,33.328234],[126.38373,33.328079],[126.38212,33.326601],[126.381868,33.327082],[126.381795,33.327836],[126.382121,33.328568],[126.381912,33.328646],[126.381248,33.327814],[126.379399,33.327569],[126.378772,33.326347],[126.377104,33.326143],[126.3765,33.325554],[126.374484,33.324539],[126.373195,33.323532],[126.370906,33.32441],[126.369603,33.325871],[126.367221,33.325978],[126.366339,33.326244],[126.364069,33.327185],[126.362072,33.328456],[126.359452,33.328908],[126.35537,33.3309],[126.351226,33.331477],[126.348937,33.332887],[126.346677,33.334753],[126.344621,33.335845],[126.343766,33.335593],[126.34261,33.337447],[126.341738,33.338254],[126.340786,33.338616],[126.339941,33.339836],[126.338688,33.34098],[126.339575,33.341553],[126.33966,33.343342],[126.340237,33.34361],[126.341639,33.343631],[126.345167,33.342743],[126.348346,33.341223],[126.349505,33.340937],[126.351487,33.340958],[126.351975,33.340685],[126.356327,33.340894],[126.361216,33.342035],[126.362575,33.341966],[126.362919,33.341532],[126.363771,33.341333],[126.36747,33.341149],[126.368701,33.341383],[126.370137,33.342352],[126.370639,33.343671],[126.37205,33.345109],[126.373792,33.345692],[126.37531,33.346819],[126.375924,33.346894],[126.381255,33.346481],[126.383517,33.345787],[126.385042,33.345683],[126.386908,33.34481],[126.387685,33.345306],[126.388013,33.34494],[126.390073,33.344489],[126.391644,33.343558],[126.39523,33.344202],[126.39645,33.34471],[126.397773,33.344547],[126.400687,33.344716],[126.402063,33.344524],[126.402855,33.343633],[126.40389,33.343032],[126.407144,33.34357],[126.409103,33.342124],[126.410245,33.342062],[126.41313,33.342586],[126.415069,33.342397],[126.417604,33.342733],[126.418776,33.342355],[126.420312,33.341373],[126.42201,33.341435],[126.4235,33.34181],[126.425469,33.341522],[126.426424,33.341039],[126.428749,33.341566],[126.429378,33.341241],[126.43259,33.341121],[126.43308,33.340065],[126.431607,33.338863],[126.429931,33.338381],[126.428902,33.338484],[126.427753,33.33808],[126.425139,33.337853],[126.423655,33.337809],[126.421758,33.338827],[126.41762,33.339259],[126.415277,33.338724],[126.413548,33.337335],[126.412312,33.337145]]]]}},{"type":"Feature","properties":{"level":"lio","code":"5013031028","name":"동광리","sig_cd":"50130","base_date":"20260701"},"geometry":{"type":"MultiPolygon","coordinates":[[[[126.366822,33.309516],[126.36591,33.30937],[126.364964,33.308695],[126.364733,33.307723],[126.363972,33.307123],[126.363825,33.306646],[126.362899,33.305897],[126.362235,33.304917],[126.361033,33.304346],[126.361072,33.303795],[126.360107,33.302975],[126.359646,33.303059],[126.359284,33.302204],[126.358493,33.302147],[126.358149,33.300871],[126.357242,33.300034],[126.356975,33.300201],[126.35641,33.299772],[126.353504,33.298822],[126.3524,33.298751],[126.350023,33.297838],[126.350362,33.295935],[126.350124,33.295911],[126.349583,33.295148],[126.347897,33.294527],[126.347525,33.293737],[126.346449,33.294398],[126.34367,33.29463],[126.342781,33.295465],[126.342343,33.295373],[126.342096,33.294787],[126.340822,33.294511],[126.340498,33.294102],[126.339849,33.293841],[126.339429,33.293469],[126.339395,33.292839],[126.338326,33.292019],[126.336413,33.29175],[126.336309,33.291252],[126.335199,33.291693],[126.334638,33.29139],[126.334093,33.291701],[126.333038,33.29137],[126.33162,33.291734],[126.331542,33.290561],[126.330927,33.29064],[126.330664,33.290785],[126.330628,33.291091],[126.330948,33.291409],[126.330378,33.292701],[126.330499,33.293535],[126.330308,33.294305],[126.329209,33.295947],[126.32934,33.29621],[126.328804,33.296469],[126.328791,33.297405],[126.328215,33.297971],[126.328494,33.299023],[126.327883,33.301014],[126.328143,33.304184],[126.328577,33.304505],[126.328794,33.305385],[126.328519,33.305683],[126.328708,33.306485],[126.328589,33.308393],[126.328984,33.30872],[126.329067,33.309143],[126.328855,33.309329],[126.327538,33.309248],[126.327387,33.309461],[126.327096,33.30915],[126.326093,33.308927],[126.324659,33.309024],[126.325436,33.31043],[126.326074,33.310989],[126.326592,33.312297],[126.32549,33.312848],[126.325498,33.313293],[126.326212,33.314605],[126.325992,33.315748],[126.324965,33.317269],[126.324852,33.317856],[126.321775,33.321097],[126.321176,33.322567],[126.320589,33.322998],[126.318673,33.323587],[126.317672,33.32452],[126.317282,33.327262],[126.318333,33.327426],[126.319299,33.327211],[126.319983,33.326822],[126.320966,33.325738],[126.321535,33.32558],[126.322572,33.325814],[126.323397,33.3263],[126.323849,33.32659],[126.323579,33.327126],[126.324534,33.327454],[126.329379,33.332833],[126.330055,33.333115],[126.330691,33.334029],[126.331339,33.333755],[126.331709,33.334033],[126.332387,33.334792],[126.33281,33.335724],[126.334802,33.336479],[126.33524,33.337709],[126.336381,33.339448],[126.337758,33.340702],[126.338688,33.34098],[126.339941,33.339836],[126.340786,33.338616],[126.341738,33.338254],[126.34261,33.337447],[126.343766,33.335593],[126.344621,33.335845],[126.346677,33.334753],[126.348937,33.332887],[126.351226,33.331477],[126.35537,33.3309],[126.359452,33.328908],[126.362072,33.328456],[126.364069,33.327185],[126.366339,33.326244],[126.367221,33.325978],[126.369603,33.325871],[126.370906,33.32441],[126.373195,33.323532],[126.372369,33.322637],[126.371805,33.322669],[126.371194,33.3223],[126.368929,33.321757],[126.367418,33.319909],[126.367768,33.319517],[126.367975,33.318422],[126.369355,33.317767],[126.369622,33.316667],[126.369207,33.316022],[126.368965,33.313744],[126.366822,33.309516]]]]}},{"type":"Feature","properties":{"level":"lio","code":"5013025325","name":"의귀리","sig_cd":"50130","base_date":"20260701"},"geometry":{"type":"MultiPolygon","coordinates":[[[[126.740594,33.304077],[126.740324,33.303734],[126.73885,33.30364],[126.738805,33.304027],[126.738394,33.304274],[126.738048,33.30404],[126.738221,33.303848],[126.737962,33.303336],[126.73675,33.303124],[126.736124,33.302768],[126.735673,33.303262],[126.734007,33.303474],[126.732097,33.30255],[126.73119,33.301922],[126.73203,33.300995],[126.731557,33.300628],[126.731267,33.299334],[126.730439,33.298775],[126.72871,33.299927],[126.727155,33.300001],[126.726784,33.298974],[126.727256,33.297325],[126.726331,33.297111],[126.726465,33.296138],[126.726019,33.294529],[126.725226,33.293921],[126.723506,33.294702],[126.722318,33.293945],[126.722167,33.292561],[126.722379,33.292309],[126.72252,33.290719],[126.723043,33.290635],[126.723298,33.290286],[126.72315,33.288496],[126.723574,33.288096],[126.722767,33.287956],[126.721027,33.288481],[126.7204,33.287963],[126.720468,33.287109],[126.720218,33.286706],[126.719298,33.287121],[126.718914,33.287565],[126.717676,33.287551],[126.71633,33.288179],[126.715728,33.288748],[126.715484,33.289918],[126.716239,33.290707],[126.716491,33.291314],[126.714164,33.292986],[126.713464,33.29309],[126.713164,33.293435],[126.713558,33.294441],[126.713305,33.296298],[126.713581,33.296585],[126.712919,33.297482],[126.712994,33.300453],[126.712433,33.302304],[126.711424,33.302802],[126.71007,33.303017],[126.708603,33.30494],[126.708051,33.306181],[126.706057,33.308539],[126.705893,33.309318],[126.704585,33.311179],[126.703626,33.312131],[126.704541,33.312502],[126.705263,33.312418],[126.705838,33.312646],[126.704762,33.314702],[126.70471,33.318331],[126.703374,33.319177],[126.701715,33.320914],[126.700921,33.321388],[126.703425,33.323472],[126.704797,33.324939],[126.707294,33.326246],[126.7083,33.326476],[126.709641,33.326512],[126.710294,33.325957],[126.710477,33.324985],[126.711018,33.325009],[126.711358,33.324501],[126.711869,33.324532],[126.713728,33.323094],[126.715888,33.323978],[126.71706,33.323985],[126.718025,33.324394],[126.717915,33.325386],[126.717326,33.326075],[126.719172,33.326814],[126.719228,33.327063],[126.720891,33.327465],[126.723606,33.326356],[126.725344,33.325981],[126.726179,33.325239],[126.726441,33.324536],[126.728471,33.32486],[126.729838,33.325397],[126.73153,33.324813],[126.732678,33.32417],[126.730342,33.320505],[126.731465,33.319581],[126.731887,33.318397],[126.732351,33.318117],[126.732549,33.317367],[126.733788,33.315815],[126.734062,33.314789],[126.735449,33.312945],[126.73816,33.310347],[126.738098,33.309638],[126.737563,33.309319],[126.73793,33.308214],[126.74079,33.30642],[126.740909,33.30454],[126.740594,33.304077]]]]}},{"type":"Feature","properties":{"level":"lio","code":"5013025033","name":"신도리","sig_cd":"50130","base_date":"20260701"},"geometry":{"type":"MultiPolygon","coordinates":[[[[126.181405,33.262871],[126.18113,33.264282],[126.180404,33.265333],[126.180265,33.266429],[126.179362,33.267343],[126.17912,33.26814],[126.178208,33.269032],[126.175448,33.270833],[126.174689,33.271622],[126.173707,33.271951],[126.172323,33.273554],[126.171779,33.273586],[126.172306,33.274393],[126.172346,33.275005],[126.170495,33.276364],[126.170653,33.276698],[126.170075,33.276277],[126.16875,33.276592],[126.169118,33.27656],[126.169153,33.276818],[126.169319,33.276488],[126.169577,33.276443],[126.169689,33.276667],[126.169652,33.276406],[126.170087,33.276312],[126.170617,33.276738],[126.170192,33.27706],[126.169932,33.276743],[126.170014,33.277223],[126.169296,33.277],[126.16984,33.27718],[126.16974,33.277557],[126.168997,33.27759],[126.169749,33.277601],[126.17019,33.278562],[126.169434,33.280237],[126.169287,33.281807],[126.168789,33.282516],[126.170066,33.283448],[126.17038,33.284085],[126.172065,33.285529],[126.172008,33.286075],[126.170597,33.286814],[126.170482,33.287566],[126.171077,33.288509],[126.171545,33.288806],[126.171719,33.288694],[126.172286,33.289066],[126.172616,33.288732],[126.173173,33.288945],[126.174652,33.290725],[126.175483,33.290268],[126.176867,33.290817],[126.177494,33.290815],[126.178835,33.290451],[126.179434,33.290593],[126.18042,33.290092],[126.181037,33.290621],[126.182204,33.290789],[126.183324,33.291744],[126.184028,33.291995],[126.185402,33.292015],[126.185872,33.29145],[126.186518,33.291946],[126.187456,33.292004],[126.188217,33.29234],[126.188787,33.293251],[126.191692,33.293674],[126.191602,33.29437],[126.191882,33.295847],[126.191622,33.296962],[126.192007,33.298352],[126.194329,33.297511],[126.202703,33.295504],[126.206232,33.293495],[126.210311,33.292501],[126.222053,33.287133],[126.224755,33.286442],[126.224613,33.285896],[126.221089,33.285166],[126.21921,33.284385],[126.216736,33.281976],[126.215381,33.281111],[126.214308,33.281347],[126.213722,33.281199],[126.213114,33.28145],[126.209444,33.281486],[126.206654,33.280799],[126.206194,33.280126],[126.201604,33.279608],[126.200027,33.279313],[126.198386,33.278574],[126.198,33.278631],[126.196962,33.277459],[126.195776,33.277229],[126.194975,33.275714],[126.19429,33.275447],[126.194544,33.27511],[126.194342,33.27331],[126.192739,33.273437],[126.192277,33.272809],[126.190853,33.273763],[126.190322,33.273765],[126.188698,33.272757],[126.189109,33.272027],[126.188744,33.270225],[126.187782,33.269941],[126.187152,33.269469],[126.187119,33.268938],[126.185499,33.268239],[126.185231,33.267318],[126.184919,33.267262],[126.18487,33.266611],[126.18399,33.26586],[126.182718,33.265832],[126.183042,33.264825],[126.182009,33.264113],[126.182003,33.263282],[126.181702,33.262893],[126.181405,33.262871]]]]}},{"type":"Feature","properties":{"level":"lio","code":"5013025023","name":"안성리","sig_cd":"50130","base_date":"20260701"},"geometry":{"type":"MultiPolygon","coordinates":[[[[126.29434,33.250477],[126.292972,33.249168],[126.29157,33.247315],[126.290453,33.246456],[126.287788,33.24676],[126.284445,33.247795],[126.282333,33.248678],[126.281555,33.249295],[126.278983,33.249839],[126.277095,33.249877],[126.277338,33.250187],[126.277373,33.25136],[126.278798,33.251249],[126.279256,33.25411],[126.277837,33.25476],[126.277509,33.255332],[126.276892,33.255537],[126.27717,33.257873],[126.276512,33.257932],[126.27549,33.258456],[126.275777,33.260523],[126.276349,33.261369],[126.276935,33.26317],[126.276573,33.263499],[126.276457,33.264488],[126.276758,33.265158],[126.276578,33.265845],[126.276872,33.266877],[126.277699,33.268135],[126.27846,33.270221],[126.278785,33.271988],[126.280303,33.274149],[126.280619,33.274296],[126.281182,33.274107],[126.281604,33.273766],[126.281347,33.273611],[126.281425,33.27329],[126.282754,33.27253],[126.283116,33.273001],[126.284077,33.272902],[126.284176,33.271361],[126.285262,33.271846],[126.285636,33.272506],[126.285473,33.273375],[126.286167,33.274154],[126.286315,33.275608],[126.286653,33.276108],[126.286638,33.277055],[126.286998,33.277486],[126.286256,33.27806],[126.28628,33.27836],[126.286939,33.279201],[126.287893,33.279242],[126.288596,33.278312],[126.289869,33.277697],[126.290983,33.277551],[126.292087,33.276348],[126.294109,33.276198],[126.294285,33.275614],[126.295135,33.275074],[126.294814,33.274679],[126.294947,33.274192],[126.29528,33.274016],[126.295427,33.273035],[126.295951,33.272298],[126.295844,33.270823],[126.296068,33.270497],[126.295764,33.270071],[126.29598,33.269683],[126.296737,33.269585],[126.296721,33.269005],[126.297357,33.268448],[126.296021,33.266797],[126.295022,33.266021],[126.295978,33.265112],[126.295812,33.26451],[126.2968,33.263098],[126.296238,33.262892],[126.295664,33.262106],[126.295941,33.260934],[126.295436,33.259015],[126.296413,33.258799],[126.296473,33.258453],[126.295765,33.257927],[126.295577,33.256728],[126.295254,33.25642],[126.294134,33.25621],[126.293891,33.254896],[126.294277,33.254071],[126.293995,33.252666],[126.293574,33.252342],[126.293497,33.250536],[126.29434,33.250477]]]]}},{"type":"Feature","properties":{"level":"lio","code":"5013031023","name":"감산리","sig_cd":"50130","base_date":"20260701"},"geometry":{"type":"MultiPolygon","coordinates":[[[[126.361544,33.235632],[126.361286,33.235729],[126.360739,33.236951],[126.360221,33.236953],[126.359127,33.23637],[126.358589,33.237058],[126.3574,33.237275],[126.355311,33.236731],[126.353582,33.23587],[126.352351,33.235707],[126.35119,33.235218],[126.350272,33.235197],[126.349102,33.23563],[126.348248,33.236642],[126.347586,33.236895],[126.347172,33.236792],[126.346592,33.237125],[126.344019,33.237335],[126.343831,33.238226],[126.344311,33.238777],[126.343808,33.239273],[126.343535,33.240161],[126.342017,33.240519],[126.341476,33.240943],[126.341968,33.24368],[126.341456,33.244652],[126.340431,33.245398],[126.341052,33.246544],[126.341321,33.247744],[126.34154,33.247941],[126.342279,33.247324],[126.342868,33.24728],[126.344143,33.248124],[126.344229,33.24854],[126.343866,33.249255],[126.345608,33.25013],[126.345384,33.250976],[126.343528,33.251925],[126.343296,33.253019],[126.34273,33.253534],[126.343132,33.254239],[126.344386,33.25491],[126.344038,33.255605],[126.343018,33.256008],[126.342055,33.257809],[126.34251,33.26005],[126.344467,33.261385],[126.345221,33.260331],[126.346686,33.260333],[126.34693,33.260843],[126.347608,33.261125],[126.348949,33.260578],[126.350372,33.261366],[126.352311,33.261587],[126.353396,33.262213],[126.35496,33.262142],[126.355512,33.262504],[126.357228,33.262608],[126.358798,33.263633],[126.359371,33.2628],[126.359365,33.262383],[126.359893,33.262405],[126.36041,33.260923],[126.361971,33.260694],[126.362387,33.260844],[126.36252,33.259367],[126.364039,33.25947],[126.364436,33.258321],[126.364336,33.258066],[126.363256,33.257699],[126.362861,33.257064],[126.362013,33.256945],[126.361759,33.256142],[126.360598,33.255447],[126.360459,33.25415],[126.360008,33.253571],[126.360217,33.25278],[126.360098,33.252282],[126.358937,33.250989],[126.3579,33.250812],[126.357546,33.250126],[126.357597,33.24941],[126.358781,33.247323],[126.359099,33.246043],[126.360955,33.244255],[126.361398,33.243329],[126.362062,33.242997],[126.362934,33.240991],[126.362843,33.240583],[126.3631,33.240192],[126.36272,33.239774],[126.362663,33.239066],[126.362111,33.238642],[126.361573,33.238734],[126.361653,33.237103],[126.361087,33.236352],[126.361544,33.235632]]],[[[126.361624,33.236725],[126.361621,33.236682],[126.361537,33.236731],[126.361561,33.236763],[126.361624,33.236725]]]]}},{"type":"Feature","properties":{"level":"lio","code":"5013025024","name":"인성리","sig_cd":"50130","base_date":"20260701"},"geometry":{"type":"MultiPolygon","coordinates":[[[[126.268952,33.237914],[126.272626,33.243994],[126.27671,33.247743],[126.276978,33.248468],[126.276937,33.249887],[126.278983,33.249839],[126.281555,33.249295],[126.282333,33.248678],[126.283891,33.247987],[126.287252,33.246902],[126.291138,33.246307],[126.289999,33.243968],[126.286626,33.241251],[126.285189,33.23937],[126.283066,33.241095],[126.282084,33.241141],[126.278403,33.238124],[126.277594,33.237841],[126.277484,33.237476],[126.277047,33.237429],[126.276925,33.237014],[126.274418,33.236857],[126.273223,33.237401],[126.271327,33.234166],[126.269479,33.234924],[126.269253,33.234605],[126.268112,33.234414],[126.266472,33.233454],[126.265679,33.233689],[126.268952,33.237914]]]]}},{"type":"Feature","properties":{"level":"lio","code":"5013031022","name":"창천리","sig_cd":"50130","base_date":"20260701"},"geometry":{"type":"MultiPolygon","coordinates":[[[[126.361653,33.237103],[126.361573,33.238734],[126.362111,33.238642],[126.362616,33.239019],[126.36272,33.239774],[126.363073,33.240034],[126.362844,33.241313],[126.362062,33.242997],[126.361398,33.243329],[126.360955,33.244255],[126.359099,33.246043],[126.358781,33.247323],[126.357597,33.24941],[126.357546,33.250126],[126.3579,33.250812],[126.358937,33.250989],[126.360098,33.252282],[126.360217,33.25278],[126.360008,33.253571],[126.360459,33.25415],[126.360598,33.255447],[126.361759,33.256142],[126.362013,33.256945],[126.362861,33.257064],[126.363256,33.257699],[126.364336,33.258066],[126.364436,33.258321],[126.364039,33.25947],[126.362492,33.259396],[126.362387,33.260844],[126.361971,33.260694],[126.36041,33.260923],[126.359893,33.262405],[126.359365,33.262383],[126.359371,33.2628],[126.358768,33.263701],[126.360462,33.265936],[126.36083,33.267004],[126.361996,33.266946],[126.363189,33.268178],[126.363712,33.268093],[126.364105,33.267574],[126.365129,33.267865],[126.365708,33.267588],[126.366408,33.267676],[126.366921,33.267338],[126.367317,33.26832],[126.367066,33.269198],[126.367971,33.270453],[126.372022,33.270925],[126.373785,33.268942],[126.372206,33.267848],[126.37234,33.265249],[126.370984,33.263832],[126.370422,33.261908],[126.370716,33.261562],[126.371358,33.261709],[126.371974,33.261513],[126.371997,33.260413],[126.37175,33.259932],[126.372859,33.258781],[126.37294,33.257893],[126.372491,33.257441],[126.372695,33.257097],[126.372289,33.256232],[126.3714,33.255341],[126.369586,33.254178],[126.369929,33.25326],[126.370897,33.253048],[126.371722,33.25122],[126.37154,33.249244],[126.372563,33.248393],[126.371959,33.246928],[126.372561,33.245005],[126.372323,33.244122],[126.371944,33.243879],[126.3714,33.242264],[126.3709,33.241736],[126.371005,33.24087],[126.370122,33.239489],[126.370095,33.236911],[126.369408,33.236154],[126.368249,33.235404],[126.368167,33.23415],[126.368809,33.233636],[126.367318,33.231924],[126.365745,33.232036],[126.364958,33.232346],[126.364244,33.233087],[126.364016,33.233933],[126.363328,33.234115],[126.362727,33.235552],[126.362199,33.235323],[126.363087,33.235685],[126.363025,33.23593],[126.362057,33.236199],[126.361621,33.236682],[126.361996,33.236526],[126.362449,33.236959],[126.361818,33.237243],[126.361653,33.237103]]],[[[126.361544,33.235632],[126.361548,33.235688],[126.361604,33.235668],[126.361805,33.235575],[126.361777,33.235529],[126.361544,33.235632]]]]}},{"type":"Feature","properties":{"level":"lio","code":"5013025923","name":"시흥리","sig_cd":"50130","base_date":"20260701"},"geometry":{"type":"MultiPolygon","coordinates":[[[[126.88193,33.477598],[126.882447,33.478701],[126.88452,33.480668],[126.885448,33.48046],[126.887941,33.478823],[126.888439,33.479077],[126.888928,33.480531],[126.889481,33.480876],[126.889937,33.480353],[126.890294,33.480337],[126.890603,33.480983],[126.891961,33.480975],[126.893036,33.481735],[126.893996,33.481902],[126.895196,33.48172],[126.896339,33.481948],[126.896678,33.482241],[126.897156,33.482138],[126.897639,33.48243],[126.898016,33.483081],[126.900561,33.482304],[126.901089,33.482685],[126.901818,33.482533],[126.901824,33.481916],[126.902221,33.481341],[126.901833,33.481671],[126.901689,33.48095],[126.902423,33.480008],[126.902898,33.480362],[126.902259,33.481298],[126.903989,33.479332],[126.904887,33.478998],[126.903989,33.479212],[126.90299,33.480259],[126.903589,33.479049],[126.903677,33.478704],[126.903405,33.478394],[126.903803,33.477602],[126.904572,33.478098],[126.905473,33.477611],[126.908173,33.478177],[126.906136,33.478634],[126.907885,33.478359],[126.907875,33.478737],[126.908559,33.47915],[126.907907,33.478719],[126.908117,33.478307],[126.90906,33.478933],[126.908791,33.479186],[126.909402,33.479132],[126.909526,33.47976],[126.910118,33.479716],[126.909575,33.47971],[126.909787,33.479029],[126.909442,33.478949],[126.909557,33.478419],[126.910168,33.477042],[126.91021,33.476223],[126.911362,33.474396],[126.911529,33.473615],[126.912164,33.472814],[126.909682,33.472077],[126.909177,33.471626],[126.907545,33.471228],[126.90773,33.470886],[126.907201,33.470067],[126.907336,33.469553],[126.905411,33.46897],[126.904002,33.467685],[126.902924,33.467803],[126.902844,33.46801],[126.901206,33.466999],[126.898624,33.467214],[126.896296,33.466596],[126.895796,33.466243],[126.895681,33.465848],[126.894186,33.465457],[126.89405,33.464846],[126.893015,33.464005],[126.893175,33.462833],[126.889838,33.462278],[126.888367,33.462601],[126.887501,33.460673],[126.886863,33.460569],[126.886196,33.461201],[126.885133,33.461217],[126.884994,33.460956],[126.884384,33.46113],[126.884101,33.46144],[126.883452,33.461554],[126.882981,33.462264],[126.881909,33.462089],[126.881406,33.46226],[126.881073,33.461977],[126.879699,33.46167],[126.879037,33.461932],[126.878341,33.461593],[126.878055,33.461892],[126.87585,33.460456],[126.874257,33.460161],[126.872964,33.460301],[126.870064,33.459107],[126.867927,33.459782],[126.866641,33.459643],[126.865601,33.460473],[126.863454,33.460136],[126.862688,33.460327],[126.861692,33.459317],[126.861223,33.45829],[126.859215,33.45697],[126.857846,33.455418],[126.856093,33.45654],[126.854946,33.456589],[126.854512,33.456798],[126.854413,33.45718],[126.853468,33.457195],[126.850128,33.458537],[126.84973,33.458853],[126.849547,33.459445],[126.84668,33.461026],[126.845092,33.461507],[126.846659,33.462117],[126.851903,33.462528],[126.853156,33.463053],[126.854692,33.463314],[126.856929,33.465752],[126.856894,33.466243],[126.857737,33.467058],[126.861813,33.46818],[126.864581,33.468448],[126.865079,33.468289],[126.866245,33.468584],[126.868144,33.470804],[126.869274,33.471466],[126.870357,33.472797],[126.87105,33.472597],[126.871281,33.472287],[126.872016,33.47256],[126.872482,33.472238],[126.872739,33.472312],[126.872648,33.474986],[126.874198,33.475636],[126.875338,33.47537],[126.876108,33.47566],[126.877471,33.475612],[126.878629,33.476627],[126.879516,33.476433],[126.881087,33.477292],[126.881468,33.477067],[126.88193,33.477598]]],[[[126.906082,33.478645],[126.905472,33.478775],[126.905017,33.478872],[126.904913,33.478895],[126.904944,33.478985],[126.905176,33.478938],[126.905804,33.478805],[126.906109,33.478743],[126.906082,33.478645]]]]}},{"type":"Feature","properties":{"level":"lio","code":"5013032021","name":"표선리","sig_cd":"50130","base_date":"20260701"},"geometry":{"type":"MultiPolygon","coordinates":[[[[126.808544,33.341876],[126.808981,33.341442],[126.808935,33.341014],[126.810625,33.340055],[126.810917,33.340797],[126.81127,33.341047],[126.812414,33.341413],[126.812834,33.341833],[126.813549,33.341858],[126.814145,33.342406],[126.81546,33.342677],[126.816093,33.342593],[126.816421,33.342284],[126.819845,33.342189],[126.822906,33.341336],[126.824156,33.34166],[126.824485,33.340626],[126.825286,33.340242],[126.828329,33.341432],[126.831118,33.341731],[126.831212,33.342084],[126.831935,33.34238],[126.835451,33.341252],[126.836091,33.341334],[126.835556,33.337472],[126.836156,33.334885],[126.835928,33.334275],[126.836381,33.334049],[126.837275,33.334615],[126.837741,33.334603],[126.838041,33.335232],[126.839093,33.335543],[126.839527,33.336119],[126.840136,33.336175],[126.840946,33.336813],[126.841168,33.33527],[126.841904,33.333863],[126.841824,33.33329],[126.842705,33.332027],[126.841657,33.330376],[126.840785,33.329929],[126.839658,33.330159],[126.838574,33.329793],[126.837579,33.330057],[126.837043,33.329692],[126.836603,33.328217],[126.837129,33.326532],[126.837678,33.325968],[126.840546,33.325838],[126.842256,33.325465],[126.842442,33.325559],[126.8423,33.325713],[126.84254,33.325727],[126.842325,33.325758],[126.842371,33.325984],[126.843932,33.326286],[126.844263,33.326629],[126.845189,33.326687],[126.845817,33.327479],[126.845628,33.32723],[126.845859,33.326508],[126.844673,33.325829],[126.844813,33.325476],[126.845639,33.325342],[126.846795,33.32557],[126.846823,33.327708],[126.846979,33.324977],[126.845683,33.324719],[126.846109,33.323901],[126.84557,33.324019],[126.845816,33.323506],[126.84662,33.323349],[126.846093,33.322955],[126.846362,33.32229],[126.846683,33.322352],[126.84657,33.321332],[126.847053,33.320898],[126.846705,33.321095],[126.845842,33.320934],[126.842929,33.318924],[126.842676,33.318563],[126.842672,33.317642],[126.841817,33.316643],[126.839861,33.316326],[126.837006,33.314571],[126.836843,33.314253],[126.837126,33.312729],[126.837578,33.312716],[126.837505,33.312502],[126.837117,33.31253],[126.836309,33.311987],[126.835275,33.311869],[126.831107,33.309765],[126.830074,33.308699],[126.830784,33.308206],[126.829093,33.306514],[126.828341,33.306413],[126.827549,33.306822],[126.826468,33.306809],[126.825292,33.306318],[126.822511,33.306014],[126.821019,33.306701],[126.819828,33.30782],[126.817874,33.307549],[126.816343,33.307997],[126.815474,33.3078],[126.814037,33.30673],[126.811669,33.305836],[126.811184,33.305224],[126.809146,33.309149],[126.809015,33.309333],[126.808715,33.309197],[126.80804,33.311034],[126.807399,33.311503],[126.8076,33.311775],[126.810971,33.312994],[126.811828,33.313715],[126.813233,33.315772],[126.813651,33.317712],[126.812283,33.319496],[126.810949,33.320152],[126.80989,33.320166],[126.80954,33.320434],[126.809463,33.321013],[126.80977,33.32147],[126.809175,33.321928],[126.808971,33.323434],[126.809297,33.32367],[126.809549,33.324883],[126.810046,33.325275],[126.810138,33.325764],[126.809652,33.32587],[126.809278,33.326303],[126.809528,33.326774],[126.809097,33.327365],[126.809718,33.327671],[126.809292,33.328283],[126.809305,33.328755],[126.80885,33.328961],[126.809175,33.329971],[126.808902,33.33003],[126.80903,33.330376],[126.808183,33.330871],[126.807838,33.331887],[126.80849,33.332289],[126.808087,33.33252],[126.807342,33.332502],[126.806567,33.333165],[126.806705,33.334157],[126.806164,33.334736],[126.806586,33.33469],[126.808097,33.335456],[126.808441,33.336296],[126.807526,33.337591],[126.807989,33.338463],[126.808234,33.339793],[126.807947,33.341137],[126.808544,33.341876]]]]}},{"type":"Feature","properties":{"level":"lio","code":"5013032025","name":"세화리","sig_cd":"50130","base_date":"20260701"},"geometry":{"type":"MultiPolygon","coordinates":[[[[126.805719,33.305264],[126.805972,33.30588],[126.805256,33.305953],[126.804826,33.30512],[126.803339,33.304499],[126.803002,33.303148],[126.803342,33.302836],[126.802929,33.303068],[126.803057,33.303848],[126.80268,33.303977],[126.800993,33.30417],[126.80068,33.303829],[126.800029,33.303938],[126.797875,33.303319],[126.793714,33.304982],[126.7938,33.305638],[126.793427,33.305983],[126.793589,33.306883],[126.793308,33.308378],[126.792987,33.308777],[126.793047,33.309345],[126.792844,33.309391],[126.793188,33.311119],[126.792457,33.312292],[126.791868,33.312301],[126.791768,33.313456],[126.792157,33.313546],[126.791991,33.314012],[126.791402,33.314129],[126.791308,33.314691],[126.790679,33.31536],[126.790559,33.316016],[126.789854,33.315937],[126.789547,33.316783],[126.790113,33.316997],[126.790211,33.317322],[126.789895,33.320335],[126.789486,33.321104],[126.789491,33.322295],[126.789083,33.323066],[126.789046,33.323918],[126.788414,33.324846],[126.7885,33.325568],[126.786212,33.325529],[126.783739,33.32622],[126.78339,33.326983],[126.782855,33.327356],[126.783229,33.327605],[126.781421,33.330408],[126.78212,33.330951],[126.782386,33.331714],[126.781767,33.332395],[126.780503,33.332543],[126.780623,33.335985],[126.778359,33.336934],[126.778405,33.337257],[126.779114,33.33785],[126.783264,33.340077],[126.783045,33.340835],[126.785546,33.341695],[126.785188,33.342084],[126.788244,33.342959],[126.788549,33.343909],[126.789896,33.343859],[126.791877,33.344178],[126.793707,33.344],[126.794475,33.344296],[126.794468,33.344924],[126.794263,33.345071],[126.794368,33.346314],[126.794014,33.346841],[126.79436,33.347172],[126.794626,33.3485],[126.795165,33.349018],[126.794996,33.349861],[126.796178,33.351211],[126.796597,33.351179],[126.796575,33.3507],[126.797459,33.351139],[126.798163,33.351089],[126.79865,33.35081],[126.798634,33.350445],[126.798883,33.350228],[126.800059,33.350223],[126.80035,33.349904],[126.801194,33.349796],[126.801614,33.349262],[126.8021,33.349278],[126.802597,33.348562],[126.80349,33.349028],[126.803537,33.348755],[126.804402,33.348425],[126.804669,33.348057],[126.805084,33.348174],[126.805327,33.345817],[126.805815,33.344664],[126.806625,33.343689],[126.807722,33.343113],[126.808148,33.34223],[126.808562,33.341967],[126.807947,33.341137],[126.808234,33.339793],[126.807989,33.338463],[126.807526,33.337591],[126.808441,33.336296],[126.808097,33.335456],[126.806586,33.33469],[126.806164,33.334736],[126.806705,33.334157],[126.806567,33.333165],[126.807342,33.332502],[126.808087,33.33252],[126.80849,33.332289],[126.807838,33.331887],[126.808183,33.330871],[126.80903,33.330376],[126.808902,33.33003],[126.809175,33.329971],[126.80885,33.328961],[126.809305,33.328755],[126.809292,33.328283],[126.809718,33.327671],[126.809097,33.327365],[126.809528,33.326774],[126.809278,33.326303],[126.809652,33.32587],[126.810138,33.325764],[126.810046,33.325275],[126.809549,33.324883],[126.809297,33.32367],[126.808971,33.323434],[126.809175,33.321928],[126.80977,33.32147],[126.809463,33.321013],[126.80954,33.320434],[126.80989,33.320166],[126.810949,33.320152],[126.812283,33.319496],[126.813651,33.317712],[126.813233,33.315772],[126.811828,33.313715],[126.810971,33.312994],[126.8076,33.311775],[126.807399,33.311503],[126.80804,33.311034],[126.808715,33.309197],[126.809015,33.309333],[126.809146,33.309149],[126.811184,33.305224],[126.810824,33.304598],[126.807904,33.302908],[126.807087,33.302902],[126.806327,33.303553],[126.806022,33.303376],[126.806025,33.303005],[126.805933,33.303374],[126.804777,33.302812],[126.805234,33.303222],[126.805121,33.303562],[126.805526,33.303707],[126.805488,33.303411],[126.806238,33.303723],[126.805719,33.305264]]]]}},{"type":"Feature","properties":{"level":"lio","code":"5013025928","name":"삼달리","sig_cd":"50130","base_date":"20260701"},"geometry":{"type":"MultiPolygon","coordinates":[[[[126.807481,33.388183],[126.807897,33.388333],[126.808055,33.389042],[126.807406,33.390768],[126.807937,33.392476],[126.808909,33.394367],[126.810529,33.395499],[126.810524,33.396964],[126.811013,33.398175],[126.812113,33.399387],[126.812705,33.401756],[126.813677,33.40383],[126.814346,33.406645],[126.815614,33.406567],[126.817434,33.405571],[126.819024,33.405726],[126.820999,33.405312],[126.82378,33.405374],[126.826776,33.40482],[126.829128,33.405321],[126.830034,33.405161],[126.830186,33.404237],[126.831172,33.403409],[126.831658,33.402134],[126.832268,33.401506],[126.834206,33.400569],[126.83555,33.400452],[126.835777,33.400192],[126.837198,33.400335],[126.840042,33.399678],[126.843676,33.398247],[126.844843,33.397079],[126.84511,33.39665],[126.842573,33.395508],[126.841638,33.395667],[126.840281,33.395247],[126.840091,33.395082],[126.840086,33.394274],[126.83964,33.393545],[126.840526,33.393614],[126.84062,33.393271],[126.840979,33.393154],[126.840915,33.392712],[126.841887,33.392564],[126.84206,33.392355],[126.841878,33.392],[126.843162,33.390619],[126.844869,33.389959],[126.846074,33.390529],[126.84735,33.390117],[126.847715,33.388326],[126.847106,33.387389],[126.847305,33.386842],[126.847908,33.386618],[126.848042,33.386026],[126.84781,33.385914],[126.847647,33.384948],[126.847176,33.384557],[126.846613,33.383499],[126.847924,33.383458],[126.848807,33.382797],[126.849718,33.383035],[126.851259,33.382827],[126.851641,33.38212],[126.852391,33.381698],[126.852168,33.380342],[126.85248,33.380071],[126.852813,33.380118],[126.853091,33.37892],[126.854315,33.379216],[126.855283,33.378869],[126.855818,33.379205],[126.856504,33.378236],[126.858149,33.377461],[126.859488,33.376016],[126.862045,33.375474],[126.863422,33.374171],[126.864191,33.372145],[126.865699,33.370935],[126.867632,33.370604],[126.869758,33.370961],[126.871372,33.370846],[126.87102,33.370944],[126.8713,33.371334],[126.871598,33.371341],[126.871119,33.370951],[126.871705,33.370872],[126.871769,33.371022],[126.871364,33.371088],[126.871768,33.371052],[126.871767,33.371382],[126.87221,33.37073],[126.872055,33.370519],[126.872539,33.369059],[126.871329,33.366885],[126.871786,33.366279],[126.871487,33.366143],[126.870601,33.366577],[126.868913,33.365485],[126.868518,33.365449],[126.867549,33.365905],[126.866559,33.366053],[126.864324,33.365862],[126.862574,33.366245],[126.861575,33.36621],[126.859938,33.3669],[126.856882,33.36714],[126.855831,33.366484],[126.854971,33.366445],[126.853079,33.365293],[126.851674,33.366175],[126.851241,33.366109],[126.850763,33.366553],[126.85028,33.366599],[126.848631,33.367928],[126.847914,33.367942],[126.847532,33.368343],[126.846773,33.368526],[126.846403,33.369244],[126.845208,33.369222],[126.844361,33.369552],[126.843531,33.36895],[126.842914,33.369008],[126.842548,33.368516],[126.841976,33.36857],[126.842075,33.368279],[126.841543,33.368108],[126.840933,33.368492],[126.83928,33.368665],[126.838734,33.369716],[126.837719,33.36919],[126.836414,33.36767],[126.835338,33.369577],[126.835769,33.370418],[126.835563,33.372254],[126.834705,33.373078],[126.834043,33.375061],[126.833226,33.376023],[126.831794,33.376048],[126.830743,33.376837],[126.830198,33.377743],[126.829177,33.378025],[126.828338,33.37892],[126.827668,33.378987],[126.825446,33.380059],[126.824644,33.379896],[126.821757,33.380864],[126.821613,33.381637],[126.818198,33.383509],[126.817265,33.383601],[126.814776,33.385689],[126.812438,33.386599],[126.811915,33.387489],[126.808149,33.387195],[126.807481,33.388183]]]]}},{"type":"Feature","properties":{"level":"lio","code":"5013025927","name":"신산리","sig_cd":"50130","base_date":"20260701"},"geometry":{"type":"MultiPolygon","coordinates":[[[[126.897941,33.388817],[126.894505,33.388813],[126.892618,33.388097],[126.891123,33.38787],[126.889802,33.387232],[126.88904,33.386134],[126.88753,33.385905],[126.886453,33.385337],[126.884156,33.384694],[126.882247,33.383498],[126.880383,33.382812],[126.88015,33.382311],[126.88036,33.382009],[126.88061,33.382185],[126.880575,33.381796],[126.88096,33.381797],[126.88097,33.382259],[126.881191,33.382002],[126.881604,33.381972],[126.881712,33.382179],[126.881725,33.381987],[126.882238,33.381948],[126.880605,33.381753],[126.881252,33.380617],[126.881038,33.379823],[126.880557,33.379212],[126.877304,33.376399],[126.877002,33.37639],[126.876955,33.376142],[126.875096,33.374858],[126.874963,33.375084],[126.874887,33.374552],[126.874026,33.373734],[126.873889,33.373828],[126.872807,33.372903],[126.872376,33.3727],[126.871725,33.372788],[126.870774,33.372139],[126.870624,33.371597],[126.870938,33.370997],[126.86692,33.370624],[126.865699,33.370935],[126.864191,33.372145],[126.863422,33.374171],[126.862045,33.375474],[126.859488,33.376016],[126.858149,33.377461],[126.856504,33.378236],[126.855818,33.379205],[126.855283,33.378869],[126.854315,33.379216],[126.853091,33.37892],[126.852813,33.380118],[126.85248,33.380071],[126.852168,33.380342],[126.852391,33.381698],[126.851641,33.38212],[126.851259,33.382827],[126.849718,33.383035],[126.848807,33.382797],[126.847924,33.383458],[126.846613,33.383499],[126.847176,33.384557],[126.847647,33.384948],[126.84781,33.385914],[126.848042,33.386026],[126.847908,33.386618],[126.847305,33.386842],[126.847106,33.387389],[126.847715,33.388326],[126.84735,33.390117],[126.846074,33.390529],[126.844869,33.389959],[126.843162,33.390619],[126.841878,33.392],[126.84206,33.392355],[126.841887,33.392564],[126.840915,33.392712],[126.840979,33.393154],[126.84062,33.393271],[126.840526,33.393614],[126.83964,33.393545],[126.840086,33.394274],[126.840091,33.395082],[126.840281,33.395247],[126.841638,33.395667],[126.842573,33.395508],[126.843031,33.395874],[126.845268,33.396671],[126.846263,33.396219],[126.8469,33.396361],[126.847283,33.395841],[126.84849,33.396197],[126.850132,33.395849],[126.852027,33.395773],[126.852813,33.394759],[126.853856,33.395179],[126.855699,33.394761],[126.855988,33.394226],[126.855997,33.392941],[126.857249,33.392077],[126.858489,33.392605],[126.858223,33.393099],[126.858976,33.39456],[126.859991,33.394996],[126.861916,33.394066],[126.862639,33.393267],[126.86687,33.39316],[126.868767,33.392073],[126.870725,33.391442],[126.871844,33.390666],[126.872369,33.391101],[126.87263,33.391914],[126.872986,33.392073],[126.873636,33.39164],[126.875185,33.391301],[126.875736,33.390682],[126.877732,33.390271],[126.878444,33.391778],[126.879791,33.393104],[126.879858,33.393458],[126.879408,33.394119],[126.879476,33.395226],[126.880441,33.395219],[126.881901,33.39564],[126.883234,33.394311],[126.883624,33.394306],[126.884047,33.394723],[126.885971,33.395043],[126.886355,33.394471],[126.887123,33.393998],[126.888633,33.394204],[126.889501,33.394058],[126.890841,33.393397],[126.891608,33.393677],[126.89233,33.393167],[126.892834,33.393432],[126.894304,33.392986],[126.895142,33.39257],[126.895626,33.39182],[126.898186,33.39196],[126.89886,33.391352],[126.898428,33.390826],[126.89843,33.390327],[126.897814,33.389896],[126.898044,33.389569],[126.897941,33.388817]]]]}},{"type":"Feature","properties":{"level":"lio","code":"5013025031","name":"무릉리","sig_cd":"50130","base_date":"20260701"},"geometry":{"type":"MultiPolygon","coordinates":[[[[126.268172,33.296184],[126.267805,33.295194],[126.266904,33.294907],[126.266489,33.292462],[126.265387,33.291757],[126.265429,33.290808],[126.265108,33.290503],[126.264961,33.28956],[126.264126,33.288809],[126.263141,33.288805],[126.260475,33.287094],[126.260214,33.286657],[126.258436,33.285723],[126.257352,33.284325],[126.256292,33.282257],[126.2552,33.281332],[126.255866,33.280572],[126.255238,33.279634],[126.251742,33.277645],[126.251213,33.276829],[126.249313,33.275229],[126.246711,33.273461],[126.245015,33.271068],[126.242347,33.268362],[126.238873,33.265811],[126.23595,33.264527],[126.235237,33.265808],[126.233315,33.265703],[126.232873,33.2661],[126.232065,33.266333],[126.230114,33.266491],[126.228103,33.26713],[126.227727,33.266871],[126.226369,33.267463],[126.224639,33.266979],[126.221684,33.267045],[126.220502,33.267288],[126.220174,33.267115],[126.216687,33.267236],[126.215134,33.266997],[126.213921,33.267105],[126.2138,33.267431],[126.209713,33.267227],[126.209521,33.267445],[126.207288,33.26775],[126.204562,33.267577],[126.204756,33.26695],[126.204433,33.266427],[126.201605,33.26458],[126.200116,33.262015],[126.199176,33.261244],[126.197589,33.258915],[126.195714,33.254378],[126.195614,33.253906],[126.196081,33.25269],[126.195746,33.252183],[126.195702,33.251579],[126.195343,33.251726],[126.194411,33.253256],[126.193839,33.252922],[126.194374,33.253288],[126.192826,33.254709],[126.188998,33.256698],[126.188475,33.256853],[126.188358,33.256699],[126.186375,33.257681],[126.183411,33.259464],[126.181385,33.262371],[126.181405,33.262871],[126.181702,33.262893],[126.182003,33.263282],[126.182009,33.264113],[126.183042,33.264825],[126.182718,33.265832],[126.18399,33.26586],[126.18487,33.266611],[126.184919,33.267262],[126.185231,33.267318],[126.185499,33.268239],[126.187119,33.268938],[126.187152,33.269469],[126.187782,33.269941],[126.188744,33.270225],[126.189109,33.272027],[126.188698,33.272757],[126.190322,33.273765],[126.190853,33.273763],[126.192277,33.272809],[126.192739,33.273437],[126.194342,33.27331],[126.194544,33.27511],[126.19429,33.275447],[126.194975,33.275714],[126.195776,33.277229],[126.196962,33.277459],[126.198,33.278631],[126.198386,33.278574],[126.200027,33.279313],[126.201604,33.279608],[126.206194,33.280126],[126.206654,33.280799],[126.209444,33.281486],[126.213114,33.28145],[126.213722,33.281199],[126.214308,33.281347],[126.215381,33.281111],[126.216736,33.281976],[126.21921,33.284385],[126.221089,33.285166],[126.224613,33.285896],[126.224755,33.286442],[126.229788,33.284675],[126.232185,33.282022],[126.236091,33.279803],[126.238705,33.276378],[126.243014,33.273656],[126.244651,33.272966],[126.244294,33.273922],[126.244304,33.27475],[126.243913,33.275218],[126.243961,33.275949],[126.243038,33.277424],[126.243031,33.278443],[126.243452,33.279578],[126.243127,33.281004],[126.24341,33.282186],[126.242754,33.283164],[126.24293,33.284158],[126.244043,33.286044],[126.244165,33.287579],[126.244548,33.288502],[126.24502,33.288299],[126.246773,33.288354],[126.24749,33.289321],[126.248316,33.289456],[126.249825,33.290515],[126.250766,33.290428],[126.251499,33.291592],[126.251984,33.291666],[126.253029,33.292805],[126.255514,33.29324],[126.258286,33.294181],[126.259465,33.294218],[126.261315,33.295115],[126.263363,33.295527],[126.263948,33.295319],[126.267228,33.296309],[126.268172,33.296184]]]]}},{"type":"Feature","properties":{"level":"lio","code":"5013031026","name":"덕수리","sig_cd":"50130","base_date":"20260701"},"geometry":{"type":"MultiPolygon","coordinates":[[[[126.323974,33.250721],[126.319701,33.2503],[126.318139,33.250586],[126.316203,33.250566],[126.312307,33.24971],[126.30826,33.250204],[126.307471,33.250635],[126.303109,33.250641],[126.301632,33.25088],[126.298553,33.250561],[126.293497,33.250536],[126.293574,33.252342],[126.293995,33.252666],[126.294277,33.254071],[126.293891,33.254896],[126.294134,33.25621],[126.295254,33.25642],[126.295577,33.256728],[126.295765,33.257927],[126.296404,33.258357],[126.296537,33.258717],[126.295436,33.259015],[126.295941,33.260934],[126.295664,33.262106],[126.296238,33.262892],[126.2968,33.263098],[126.295812,33.26451],[126.295978,33.265112],[126.295022,33.266021],[126.297263,33.268218],[126.298939,33.270648],[126.3017,33.27257],[126.302991,33.273946],[126.304603,33.274944],[126.306982,33.2773],[126.310465,33.28018],[126.312285,33.281291],[126.316035,33.282752],[126.319497,33.28373],[126.320747,33.284752],[126.321844,33.284376],[126.322721,33.284492],[126.323302,33.284211],[126.323682,33.284459],[126.324758,33.284284],[126.324997,33.284444],[126.325499,33.284033],[126.325698,33.283142],[126.326554,33.28279],[126.327788,33.281465],[126.330463,33.281445],[126.331371,33.280605],[126.332242,33.280397],[126.331852,33.279776],[126.33205,33.279678],[126.332018,33.279079],[126.333088,33.278382],[126.333191,33.276885],[126.334491,33.275088],[126.335167,33.274792],[126.335049,33.274162],[126.335279,33.273922],[126.325778,33.259837],[126.323957,33.25383],[126.323974,33.250721]]]]}},{"type":"Feature","properties":{"level":"lio","code":"5013025328","name":"하례리","sig_cd":"50130","base_date":"20260701"},"geometry":{"type":"MultiPolygon","coordinates":[[[[126.631034,33.254681],[126.63031,33.254622],[126.630148,33.254986],[126.629732,33.255157],[126.629138,33.254853],[126.627963,33.254733],[126.627456,33.252601],[126.626689,33.252009],[126.625677,33.251838],[126.624049,33.252],[126.624015,33.252385],[126.623334,33.252807],[126.622996,33.253798],[126.622926,33.255174],[126.623777,33.257336],[126.62401,33.260359],[126.624837,33.26268],[126.624183,33.263708],[126.62252,33.264296],[126.621513,33.266113],[126.621636,33.267089],[126.623069,33.268201],[126.623503,33.269161],[126.622559,33.270206],[126.622513,33.27082],[126.622914,33.27157],[126.622969,33.272249],[126.622519,33.273494],[126.621374,33.2751],[126.620731,33.275505],[126.620246,33.276569],[126.620723,33.278251],[126.619814,33.278988],[126.619673,33.278769],[126.619123,33.279008],[126.617265,33.278933],[126.616652,33.279708],[126.615398,33.280321],[126.614642,33.281756],[126.614035,33.282365],[126.614419,33.282577],[126.614699,33.283224],[126.614451,33.285328],[126.614029,33.285706],[126.612756,33.286144],[126.60947,33.285687],[126.608228,33.28656],[126.604429,33.288035],[126.603793,33.28923],[126.603161,33.289805],[126.602817,33.290551],[126.602845,33.291183],[126.603248,33.29178],[126.604587,33.29265],[126.605078,33.293334],[126.605028,33.296429],[126.604293,33.297735],[126.603564,33.297898],[126.60154,33.299722],[126.601715,33.301343],[126.601234,33.302224],[126.601434,33.304173],[126.600973,33.306513],[126.601295,33.306628],[126.601488,33.307139],[126.601181,33.307184],[126.600754,33.308337],[126.599515,33.30955],[126.598978,33.311381],[126.599605,33.312946],[126.600268,33.313399],[126.599884,33.314764],[126.598614,33.31547],[126.598501,33.31587],[126.597972,33.31631],[126.5975,33.316251],[126.596391,33.316642],[126.595162,33.317694],[126.595451,33.318098],[126.595021,33.318813],[126.594873,33.321251],[126.593541,33.323419],[126.592773,33.324225],[126.591899,33.324673],[126.591213,33.325768],[126.591045,33.327137],[126.59048,33.327351],[126.589268,33.328481],[126.588906,33.329257],[126.588032,33.329777],[126.588114,33.331148],[126.587491,33.332113],[126.587496,33.332639],[126.586817,33.333579],[126.5867,33.334546],[126.58601,33.335723],[126.583673,33.337478],[126.580125,33.338784],[126.578766,33.338788],[126.577285,33.339222],[126.576517,33.340476],[126.575057,33.34186],[126.573669,33.34262],[126.572326,33.344206],[126.5703,33.345295],[126.57001,33.34586],[126.567142,33.347859],[126.564727,33.34917],[126.564004,33.349961],[126.563194,33.351666],[126.562408,33.352483],[126.562069,33.353889],[126.560677,33.356102],[126.559935,33.357881],[126.55914,33.358916],[126.553217,33.361056],[126.550832,33.362421],[126.550081,33.363415],[126.548783,33.36445],[126.547308,33.364823],[126.544452,33.364959],[126.543355,33.365224],[126.541639,33.365965],[126.540682,33.36718],[126.542484,33.367519],[126.543916,33.368099],[126.547326,33.370276],[126.550778,33.371883],[126.551548,33.372563],[126.552675,33.372963],[126.553716,33.373676],[126.555809,33.372367],[126.557366,33.372021],[126.55788,33.372135],[126.558754,33.373159],[126.559452,33.373242],[126.560283,33.373111],[126.56159,33.372358],[126.56316,33.372293],[126.564921,33.371743],[126.567663,33.371753],[126.568391,33.369428],[126.570001,33.368132],[126.571264,33.367901],[126.575448,33.368965],[126.578546,33.36751],[126.579983,33.367275],[126.582069,33.365932],[126.583445,33.364474],[126.585102,33.363856],[126.585309,33.363394],[126.587547,33.361933],[126.588848,33.360451],[126.590193,33.359861],[126.590761,33.358761],[126.590856,33.357889],[126.592547,33.356363],[126.592855,33.356342],[126.594323,33.354175],[126.596813,33.35362],[126.598568,33.352073],[126.599167,33.351972],[126.601219,33.350391],[126.600369,33.347471],[126.599037,33.347075],[126.599172,33.345903],[126.600049,33.344828],[126.600791,33.344522],[126.600741,33.343719],[126.601285,33.343032],[126.601181,33.341662],[126.601862,33.340568],[126.603049,33.340276],[126.604745,33.33895],[126.607554,33.337258],[126.608629,33.337074],[126.609493,33.337224],[126.610358,33.336759],[126.610859,33.335468],[126.609917,33.334369],[126.610338,33.334144],[126.609623,33.333033],[126.609958,33.332395],[126.6096,33.331351],[126.610041,33.330739],[126.610619,33.330522],[126.611213,33.329691],[126.614383,33.328607],[126.615663,33.327509],[126.616161,33.327472],[126.616631,33.326793],[126.616493,33.325425],[126.616765,33.323833],[126.617048,33.32351],[126.616899,33.322494],[126.6164,33.321973],[126.616614,33.321593],[126.615474,33.320082],[126.615462,33.31946],[126.616389,33.318698],[126.617007,33.317634],[126.61708,33.317054],[126.617947,33.316464],[126.617892,33.315637],[126.618338,33.315378],[126.618305,33.313916],[126.618912,33.311878],[126.618396,33.309809],[126.617963,33.309854],[126.616467,33.308014],[126.61709,33.306327],[126.616529,33.304484],[126.617068,33.303343],[126.616844,33.302759],[126.617726,33.30093],[126.616774,33.300359],[126.616783,33.299351],[126.618165,33.298254],[126.620071,33.293165],[126.620816,33.292437],[126.620919,33.291617],[126.621227,33.291347],[126.621033,33.290799],[126.621361,33.290277],[126.624077,33.288964],[126.624477,33.288505],[126.623803,33.287156],[126.624262,33.285895],[126.625442,33.285337],[126.626113,33.283659],[126.62704,33.283362],[126.627556,33.282798],[126.627833,33.281373],[126.626959,33.280862],[126.626865,33.280441],[126.627365,33.279104],[126.628291,33.278276],[126.629062,33.276611],[126.628367,33.275688],[126.629329,33.273804],[126.629097,33.273024],[126.62927,33.272521],[126.629863,33.272182],[126.63144,33.272342],[126.63232,33.271841],[126.632559,33.27126],[126.633789,33.270102],[126.634598,33.268949],[126.634533,33.266976],[126.635115,33.266289],[126.636372,33.266007],[126.637687,33.26508],[126.639192,33.262971],[126.640799,33.261961],[126.640519,33.261102],[126.639328,33.260643],[126.639349,33.260241],[126.639048,33.260095],[126.640551,33.258834],[126.639894,33.259214],[126.639587,33.258969],[126.639343,33.259194],[126.639659,33.258145],[126.639518,33.257891],[126.637657,33.257257],[126.636582,33.257485],[126.635789,33.257246],[126.63396,33.256272],[126.632935,33.254854],[126.632394,33.254655],[126.63153,33.254817],[126.631484,33.25436],[126.631034,33.254681]]]]}},{"type":"Feature","properties":{"level":"lio","code":"5013032023","name":"성읍리","sig_cd":"50130","base_date":"20260701"},"geometry":{"type":"MultiPolygon","coordinates":[[[[126.807918,33.373153],[126.806625,33.372301],[126.805672,33.371029],[126.805032,33.370548],[126.805013,33.370103],[126.805542,33.369695],[126.805506,33.369482],[126.804504,33.36901],[126.804047,33.368972],[126.803091,33.369389],[126.803008,33.369978],[126.802295,33.369613],[126.801289,33.369924],[126.801075,33.370039],[126.801142,33.370334],[126.799866,33.371132],[126.798617,33.370557],[126.797701,33.369774],[126.797071,33.369646],[126.79702,33.368952],[126.796482,33.368129],[126.794854,33.369495],[126.791646,33.371411],[126.790272,33.372674],[126.789035,33.373186],[126.787707,33.374339],[126.786445,33.374985],[126.78629,33.375174],[126.786912,33.375752],[126.785894,33.376267],[126.784697,33.376436],[126.782246,33.377878],[126.780512,33.37983],[126.78036,33.38069],[126.780013,33.380941],[126.777882,33.381204],[126.775049,33.3812],[126.774421,33.38265],[126.772737,33.382341],[126.771782,33.3826],[126.769461,33.382206],[126.765617,33.382497],[126.765086,33.383603],[126.764261,33.383975],[126.763856,33.385614],[126.763212,33.386426],[126.763153,33.386842],[126.763679,33.388127],[126.763633,33.388906],[126.761935,33.388874],[126.760933,33.389741],[126.759075,33.390556],[126.754787,33.391227],[126.754777,33.391634],[126.75358,33.392159],[126.750311,33.392654],[126.748305,33.392559],[126.747381,33.392818],[126.745987,33.392789],[126.740462,33.395533],[126.739637,33.395708],[126.737368,33.39783],[126.73638,33.400379],[126.736564,33.401388],[126.736464,33.404496],[126.73411,33.409564],[126.73424,33.41043],[126.735305,33.41263],[126.737482,33.413965],[126.738983,33.414395],[126.739815,33.415149],[126.741106,33.417867],[126.741405,33.420269],[126.75058,33.419423],[126.753917,33.420129],[126.756742,33.420249],[126.76218,33.421882],[126.762738,33.422213],[126.762587,33.422558],[126.764316,33.423096],[126.770031,33.426259],[126.773076,33.428916],[126.775296,33.430268],[126.777953,33.433059],[126.778478,33.433992],[126.782472,33.43445],[126.78346,33.434902],[126.786681,33.4389],[126.787842,33.440859],[126.788563,33.441355],[126.793315,33.441349],[126.794957,33.44102],[126.797031,33.440085],[126.798549,33.440633],[126.799819,33.441613],[126.801621,33.441906],[126.801765,33.44219],[126.802717,33.442418],[126.804562,33.443531],[126.808108,33.444548],[126.807442,33.443418],[126.807966,33.44209],[126.807404,33.440475],[126.809793,33.440233],[126.812373,33.44045],[126.814642,33.437717],[126.81508,33.436186],[126.816009,33.435492],[126.816159,33.434612],[126.815572,33.429425],[126.820578,33.431497],[126.821708,33.430616],[126.820376,33.427157],[126.82024,33.424656],[126.819752,33.423611],[126.819301,33.423271],[126.818808,33.421291],[126.817989,33.419693],[126.817612,33.414589],[126.81686,33.412006],[126.815016,33.410048],[126.813677,33.40383],[126.812705,33.401756],[126.812113,33.399387],[126.811013,33.398175],[126.810524,33.396964],[126.810529,33.395499],[126.808909,33.394367],[126.807937,33.392476],[126.807406,33.390768],[126.80805,33.389301],[126.807926,33.388387],[126.806773,33.388195],[126.806297,33.387881],[126.806063,33.387419],[126.806466,33.386116],[126.805695,33.385041],[126.803655,33.384141],[126.801997,33.38386],[126.801408,33.38348],[126.800305,33.382075],[126.802278,33.379939],[126.802378,33.378703],[126.802925,33.377486],[126.803205,33.377319],[126.803958,33.377469],[126.804755,33.376976],[126.805461,33.375567],[126.806109,33.375202],[126.807918,33.373153]]]]}},{"type":"Feature","properties":{"level":"lio","code":"5013031024","name":"상창리","sig_cd":"50130","base_date":"20260701"},"geometry":{"type":"MultiPolygon","coordinates":[[[[126.38402,33.30528],[126.38374,33.304901],[126.381924,33.303985],[126.379728,33.302],[126.378569,33.300098],[126.378008,33.298274],[126.375545,33.294726],[126.375334,33.293956],[126.374467,33.293076],[126.374363,33.292109],[126.374002,33.2914],[126.373476,33.290616],[126.372615,33.29016],[126.372266,33.289265],[126.370903,33.288098],[126.37181,33.286676],[126.371271,33.283711],[126.37146,33.282356],[126.370661,33.281568],[126.370312,33.280238],[126.368891,33.278834],[126.368423,33.277603],[126.368897,33.277288],[126.369558,33.277335],[126.36994,33.276874],[126.369871,33.275971],[126.370431,33.274605],[126.372381,33.273161],[126.371682,33.271909],[126.372022,33.270925],[126.367971,33.270453],[126.367066,33.269198],[126.367317,33.26832],[126.366921,33.267338],[126.366408,33.267676],[126.365708,33.267588],[126.365129,33.267865],[126.364105,33.267574],[126.363712,33.268093],[126.363189,33.268178],[126.361996,33.266946],[126.36083,33.267004],[126.360462,33.265936],[126.359675,33.26509],[126.358755,33.263521],[126.357335,33.262642],[126.355512,33.262504],[126.35496,33.262142],[126.353396,33.262213],[126.352311,33.261587],[126.350372,33.261366],[126.348949,33.260578],[126.347608,33.261125],[126.34693,33.260843],[126.346686,33.260333],[126.345221,33.260331],[126.344467,33.261385],[126.342497,33.260015],[126.341324,33.260568],[126.341671,33.262825],[126.34117,33.2635],[126.341708,33.264321],[126.341845,33.26615],[126.341427,33.266279],[126.34136,33.266934],[126.340305,33.267858],[126.339969,33.26878],[126.33858,33.269326],[126.3379,33.269301],[126.335806,33.270764],[126.335037,33.27207],[126.335388,33.273243],[126.335135,33.274071],[126.337088,33.276842],[126.338581,33.280681],[126.340293,33.283792],[126.34083,33.286248],[126.343283,33.287845],[126.343298,33.289864],[126.344038,33.290915],[126.345502,33.291702],[126.346897,33.293358],[126.3475,33.293684],[126.347897,33.294527],[126.349583,33.295148],[126.350124,33.295911],[126.350362,33.295935],[126.350023,33.297838],[126.3524,33.298751],[126.353504,33.298822],[126.35641,33.299772],[126.356975,33.300201],[126.357242,33.300034],[126.358149,33.300871],[126.358493,33.302147],[126.359284,33.302204],[126.359646,33.303059],[126.360107,33.302975],[126.361072,33.303795],[126.361033,33.304346],[126.362235,33.304917],[126.362899,33.305897],[126.363825,33.306646],[126.363972,33.307123],[126.364733,33.307723],[126.364964,33.308695],[126.36591,33.30937],[126.367553,33.309625],[126.368194,33.309362],[126.372603,33.310385],[126.375815,33.310215],[126.377098,33.309705],[126.377984,33.307944],[126.379862,33.306418],[126.38402,33.30528]]]]}},{"type":"Feature","properties":{"level":"lio","code":"5013031030","name":"상천리","sig_cd":"50130","base_date":"20260701"},"geometry":{"type":"MultiPolygon","coordinates":[[[[126.41745,33.309388],[126.417695,33.308317],[126.416066,33.307411],[126.413811,33.306852],[126.4131,33.304922],[126.411959,33.304496],[126.408756,33.304291],[126.407001,33.304778],[126.405424,33.303764],[126.405015,33.302994],[126.405126,33.301768],[126.403549,33.300934],[126.402516,33.299281],[126.402464,33.298619],[126.401786,33.297393],[126.401907,33.296625],[126.401776,33.296131],[126.401379,33.295877],[126.401457,33.294689],[126.401316,33.293754],[126.400843,33.293013],[126.400744,33.291335],[126.398494,33.292096],[126.397812,33.292138],[126.396909,33.291782],[126.392902,33.294204],[126.390605,33.296052],[126.386713,33.297867],[126.384421,33.299691],[126.382704,33.30174],[126.382632,33.302496],[126.384096,33.305207],[126.379862,33.306418],[126.377984,33.307944],[126.377349,33.309396],[126.376919,33.309813],[126.375653,33.31024],[126.372603,33.310385],[126.368194,33.309362],[126.367553,33.309625],[126.366822,33.309516],[126.368965,33.313744],[126.369207,33.316022],[126.369622,33.316667],[126.369355,33.317767],[126.367975,33.318422],[126.367768,33.319517],[126.367418,33.319909],[126.368929,33.321757],[126.37255,33.322729],[126.374388,33.324475],[126.3765,33.325554],[126.377104,33.326143],[126.378772,33.326347],[126.379399,33.327569],[126.381248,33.327814],[126.381912,33.328646],[126.382121,33.328568],[126.381795,33.327836],[126.381868,33.327082],[126.38212,33.326601],[126.38373,33.328079],[126.385425,33.328413],[126.386343,33.330189],[126.387665,33.33027],[126.38905,33.330904],[126.389293,33.331298],[126.389286,33.332238],[126.389757,33.332479],[126.391776,33.332116],[126.392726,33.332678],[126.395324,33.3332],[126.396556,33.332912],[126.396405,33.332826],[126.397769,33.33296],[126.399322,33.332752],[126.401601,33.331697],[126.40313,33.331656],[126.403965,33.332038],[126.404736,33.332838],[126.405808,33.333183],[126.406276,33.333591],[126.40806,33.33365],[126.408322,33.334458],[126.409452,33.33547],[126.410078,33.335652],[126.412199,33.337129],[126.413548,33.337335],[126.415277,33.338724],[126.416214,33.33906],[126.41762,33.339259],[126.421069,33.338922],[126.421417,33.338716],[126.421758,33.338827],[126.423655,33.337809],[126.425139,33.337853],[126.427753,33.33808],[126.428902,33.338484],[126.429931,33.338381],[126.431607,33.338863],[126.43308,33.340065],[126.434951,33.338399],[126.434638,33.33757],[126.433486,33.336667],[126.433192,33.335994],[126.430586,33.334951],[126.429885,33.334341],[126.427502,33.333469],[126.427486,33.332434],[126.427158,33.33211],[126.427281,33.331286],[126.426541,33.330081],[126.427122,33.329468],[126.426744,33.328589],[126.423285,33.324302],[126.422952,33.323474],[126.422618,33.321922],[126.423037,33.320746],[126.423568,33.316814],[126.422882,33.315348],[126.422753,33.313296],[126.419564,33.311311],[126.418856,33.311182],[126.417557,33.31003],[126.417316,33.309665],[126.41745,33.309388]]]]}},{"type":"Feature","properties":{"level":"lio","code":"5013032026","name":"토산리","sig_cd":"50130","base_date":"20260701"},"geometry":{"type":"MultiPolygon","coordinates":[[[[126.775999,33.307056],[126.773977,33.30975],[126.773914,33.310196],[126.774189,33.310696],[126.773942,33.310886],[126.771166,33.310316],[126.769897,33.310789],[126.768123,33.31326],[126.765471,33.315575],[126.765278,33.315993],[126.765715,33.316759],[126.765452,33.317154],[126.764337,33.317806],[126.761632,33.318013],[126.760802,33.319477],[126.761143,33.320339],[126.760528,33.322463],[126.761272,33.32341],[126.761108,33.323709],[126.759586,33.323714],[126.759224,33.323256],[126.758673,33.323249],[126.758516,33.323582],[126.758728,33.32562],[126.757393,33.327047],[126.759164,33.327577],[126.759459,33.327854],[126.759275,33.32928],[126.759817,33.330035],[126.759608,33.331055],[126.760009,33.331624],[126.759834,33.332067],[126.759542,33.332163],[126.759053,33.331638],[126.758428,33.331894],[126.758326,33.332145],[126.758977,33.333573],[126.757991,33.335224],[126.757687,33.336204],[126.75639,33.337257],[126.756013,33.338945],[126.756081,33.339866],[126.755232,33.340389],[126.754045,33.340552],[126.753196,33.34095],[126.751841,33.34209],[126.750823,33.343897],[126.751418,33.344471],[126.75184,33.34558],[126.753976,33.347801],[126.756088,33.349502],[126.757493,33.349145],[126.757728,33.348089],[126.757464,33.346853],[126.757717,33.346538],[126.75776,33.34575],[126.758712,33.345759],[126.759346,33.34516],[126.76014,33.344993],[126.762773,33.343543],[126.763129,33.343573],[126.76324,33.343021],[126.763606,33.342866],[126.76374,33.342411],[126.766011,33.342484],[126.766633,33.341878],[126.767111,33.341745],[126.767643,33.341836],[126.770644,33.341273],[126.77172,33.340649],[126.772132,33.33982],[126.773637,33.339114],[126.774323,33.33915],[126.778651,33.336658],[126.780623,33.335985],[126.780503,33.332543],[126.781767,33.332395],[126.782386,33.331714],[126.78212,33.330951],[126.781421,33.330408],[126.783229,33.327605],[126.782855,33.327356],[126.78339,33.326983],[126.783814,33.326187],[126.786212,33.325529],[126.7885,33.325568],[126.788414,33.324846],[126.789046,33.323918],[126.789083,33.323066],[126.789491,33.322295],[126.789486,33.321104],[126.789895,33.320335],[126.790211,33.317322],[126.790113,33.316997],[126.789547,33.316783],[126.789854,33.315937],[126.790559,33.316016],[126.790679,33.31536],[126.791308,33.314691],[126.791402,33.314129],[126.791991,33.314012],[126.792157,33.313546],[126.791768,33.313456],[126.791868,33.312301],[126.792457,33.312292],[126.793188,33.311119],[126.792844,33.309391],[126.793047,33.309345],[126.792987,33.308777],[126.793308,33.308378],[126.793589,33.306883],[126.793427,33.305983],[126.7938,33.305638],[126.793714,33.304982],[126.793035,33.304881],[126.793117,33.304379],[126.791803,33.303626],[126.79141,33.303567],[126.790869,33.304138],[126.790022,33.304245],[126.789463,33.303711],[126.788691,33.303748],[126.789361,33.303825],[126.789536,33.304102],[126.789295,33.304256],[126.789081,33.304023],[126.789364,33.304431],[126.787515,33.305074],[126.787521,33.305393],[126.786939,33.306178],[126.786217,33.306428],[126.784979,33.30619],[126.783091,33.306432],[126.781594,33.307012],[126.781462,33.307367],[126.780466,33.307198],[126.780419,33.307358],[126.779946,33.307064],[126.778879,33.307282],[126.775999,33.307056]]]]}},{"type":"Feature","properties":{"level":"lio","code":"5013025929","name":"신풍리","sig_cd":"50130","base_date":"20260701"},"geometry":{"type":"MultiPolygon","coordinates":[[[[126.868518,33.365449],[126.868577,33.365271],[126.867195,33.364218],[126.867024,33.363142],[126.867111,33.362883],[126.86788,33.36268],[126.867118,33.362848],[126.867525,33.362416],[126.868258,33.362911],[126.867664,33.362126],[126.867211,33.362209],[126.867104,33.36107],[126.868289,33.356643],[126.866756,33.356302],[126.864676,33.355148],[126.863944,33.355307],[126.863715,33.355852],[126.863213,33.355918],[126.862797,33.355636],[126.861464,33.355925],[126.860387,33.356742],[126.858502,33.357452],[126.856778,33.357624],[126.856297,33.358141],[126.856163,33.358874],[126.854352,33.359796],[126.851287,33.359451],[126.850853,33.359205],[126.850057,33.359643],[126.848437,33.359543],[126.847797,33.359203],[126.845677,33.359483],[126.843853,33.358492],[126.840015,33.355804],[126.839208,33.354896],[126.837993,33.355667],[126.83746,33.357317],[126.837069,33.357823],[126.83429,33.359271],[126.831524,33.359887],[126.830257,33.360875],[126.828003,33.361778],[126.827731,33.36221],[126.825578,33.362863],[126.824078,33.363759],[126.822297,33.365479],[126.820908,33.366463],[126.820102,33.367515],[126.81815,33.368595],[126.817392,33.36934],[126.81641,33.369716],[126.816177,33.370778],[126.815267,33.37191],[126.814439,33.372185],[126.812192,33.371461],[126.80919,33.372463],[126.807918,33.373153],[126.806109,33.375202],[126.805461,33.375567],[126.804755,33.376976],[126.803958,33.377469],[126.803205,33.377319],[126.802925,33.377486],[126.802378,33.378703],[126.802278,33.379939],[126.800305,33.382075],[126.801408,33.38348],[126.801997,33.38386],[126.803655,33.384141],[126.805695,33.385041],[126.806466,33.386116],[126.806063,33.387419],[126.806773,33.388195],[126.807481,33.388183],[126.808149,33.387195],[126.811915,33.387489],[126.812438,33.386599],[126.814776,33.385689],[126.817265,33.383601],[126.818198,33.383509],[126.821613,33.381637],[126.821757,33.380864],[126.824644,33.379896],[126.825446,33.380059],[126.827668,33.378987],[126.828338,33.37892],[126.829177,33.378025],[126.830198,33.377743],[126.830743,33.376837],[126.831794,33.376048],[126.833226,33.376023],[126.834043,33.375061],[126.834705,33.373078],[126.835563,33.372254],[126.835769,33.370418],[126.835338,33.369577],[126.836414,33.36767],[126.837719,33.36919],[126.838734,33.369716],[126.83928,33.368665],[126.840933,33.368492],[126.841543,33.368108],[126.842075,33.368279],[126.841976,33.36857],[126.842548,33.368516],[126.842914,33.369008],[126.843531,33.36895],[126.844361,33.369552],[126.845208,33.369222],[126.846403,33.369244],[126.846773,33.368526],[126.847532,33.368343],[126.847914,33.367942],[126.848631,33.367928],[126.85028,33.366599],[126.850763,33.366553],[126.851241,33.366109],[126.851674,33.366175],[126.853079,33.365293],[126.854971,33.366445],[126.855831,33.366484],[126.856882,33.36714],[126.859938,33.3669],[126.861575,33.36621],[126.862574,33.366245],[126.864324,33.365862],[126.866559,33.366053],[126.867549,33.365905],[126.868518,33.365449]]]]}},{"type":"Feature","properties":{"level":"lio","code":"5013025329","name":"신례리","sig_cd":"50130","base_date":"20260701"},"geometry":{"type":"MultiPolygon","coordinates":[[[[126.567663,33.371753],[126.568337,33.371875],[126.56921,33.371637],[126.570105,33.372328],[126.570881,33.372467],[126.572267,33.371775],[126.573399,33.372093],[126.574572,33.371819],[126.575243,33.372244],[126.578956,33.373246],[126.582085,33.373763],[126.584258,33.373455],[126.58677,33.374176],[126.589322,33.374344],[126.591579,33.373775],[126.592506,33.375509],[126.593225,33.376153],[126.595201,33.376529],[126.597732,33.378148],[126.600364,33.379094],[126.605293,33.381622],[126.606934,33.382238],[126.611985,33.382946],[126.617621,33.383192],[126.620219,33.384862],[126.620978,33.385044],[126.621687,33.382379],[126.624044,33.378764],[126.624303,33.378593],[126.625123,33.378782],[126.62675,33.378584],[126.626993,33.378153],[126.626089,33.376686],[126.626139,33.375385],[126.625861,33.374746],[126.625519,33.374538],[126.626121,33.373663],[126.626115,33.372356],[126.625379,33.372194],[126.624377,33.371348],[126.624713,33.370387],[126.626355,33.370012],[126.625417,33.369538],[126.624765,33.368671],[126.624285,33.36842],[126.625177,33.366314],[126.624015,33.365104],[126.624144,33.363709],[126.623518,33.362383],[126.622911,33.361817],[126.621575,33.361964],[126.620711,33.361441],[126.621493,33.359849],[126.622729,33.359118],[126.623066,33.35867],[126.623093,33.358289],[126.62282,33.357984],[126.622233,33.357776],[126.622136,33.356596],[126.622625,33.356025],[126.622434,33.355212],[126.622133,33.354875],[126.621782,33.354924],[126.621578,33.354427],[126.622154,33.353811],[126.62199,33.353475],[126.622441,33.352841],[126.622275,33.352337],[126.62261,33.351134],[126.622448,33.350224],[126.623236,33.347178],[126.623797,33.345919],[126.624442,33.345462],[126.624611,33.345],[126.624336,33.344358],[126.624639,33.343489],[126.626252,33.34302],[126.627861,33.339975],[126.62816,33.338607],[126.628017,33.336575],[126.627096,33.335192],[126.627416,33.333712],[126.62627,33.332808],[126.626642,33.332005],[126.626949,33.32996],[126.628049,33.328729],[126.627835,33.328143],[126.627975,33.327959],[126.628893,33.327965],[126.63021,33.327478],[126.630793,33.326782],[126.630592,33.32615],[126.631663,33.325109],[126.631358,33.324285],[126.631763,33.323256],[126.631203,33.321679],[126.631576,33.320672],[126.632591,33.319644],[126.632797,33.319014],[126.63404,33.318488],[126.635144,33.317449],[126.636141,33.316904],[126.636612,33.316097],[126.636928,33.316086],[126.637732,33.315282],[126.638417,33.31542],[126.639509,33.314559],[126.640086,33.314871],[126.641286,33.314761],[126.641906,33.313857],[126.643068,33.313029],[126.64428,33.311247],[126.644636,33.311116],[126.645165,33.311397],[126.645895,33.309843],[126.645465,33.307953],[126.645134,33.308118],[126.645629,33.30647],[126.645485,33.305479],[126.646363,33.304272],[126.645646,33.302943],[126.646008,33.30275],[126.645734,33.301383],[126.64422,33.300723],[126.643955,33.299843],[126.643982,33.299634],[126.645027,33.299342],[126.645453,33.298957],[126.644345,33.298554],[126.64265,33.298423],[126.641176,33.29756],[126.640417,33.296007],[126.640605,33.29536],[126.640135,33.29452],[126.638617,33.293157],[126.638328,33.291777],[126.638508,33.290713],[126.638867,33.290251],[126.63958,33.290082],[126.640027,33.289226],[126.63986,33.288121],[126.639992,33.286208],[126.640733,33.283305],[126.640798,33.281771],[126.640982,33.281416],[126.641826,33.280956],[126.642619,33.280774],[126.644284,33.279872],[126.646051,33.278176],[126.646084,33.277449],[126.645536,33.275301],[126.646027,33.273923],[126.645978,33.273025],[126.646271,33.272151],[126.647633,33.27094],[126.647974,33.269607],[126.647613,33.269168],[126.647796,33.268484],[126.64686,33.267923],[126.643936,33.267036],[126.642957,33.266184],[126.641989,33.26595],[126.641072,33.264969],[126.640985,33.264142],[126.641481,33.263466],[126.64101,33.263705],[126.641233,33.263349],[126.641045,33.263337],[126.641089,33.262876],[126.641486,33.263017],[126.64142,33.263361],[126.641517,33.263194],[126.642623,33.263513],[126.64139,33.262871],[126.641594,33.262479],[126.641322,33.262286],[126.640945,33.262308],[126.640799,33.261961],[126.639761,33.262512],[126.638706,33.263537],[126.637687,33.26508],[126.636372,33.266007],[126.635115,33.266289],[126.634533,33.266976],[126.634598,33.268949],[126.633789,33.270102],[126.632559,33.27126],[126.63232,33.271841],[126.63144,33.272342],[126.629863,33.272182],[126.62927,33.272521],[126.629097,33.273024],[126.629329,33.273804],[126.628367,33.275688],[126.629062,33.276611],[126.628291,33.278276],[126.627365,33.279104],[126.626865,33.280441],[126.626959,33.280862],[126.627833,33.281373],[126.627556,33.282798],[126.62704,33.283362],[126.626113,33.283659],[126.625442,33.285337],[126.624262,33.285895],[126.623803,33.287156],[126.624477,33.288505],[126.624077,33.288964],[126.621361,33.290277],[126.621033,33.290799],[126.621227,33.291347],[126.620919,33.291617],[126.620816,33.292437],[126.620071,33.293165],[126.618165,33.298254],[126.616783,33.299351],[126.616774,33.300359],[126.617726,33.30093],[126.616844,33.302759],[126.617068,33.303343],[126.616529,33.304484],[126.61709,33.306327],[126.616467,33.308014],[126.617963,33.309854],[126.618396,33.309809],[126.618912,33.311878],[126.618305,33.313916],[126.618338,33.315378],[126.617892,33.315637],[126.617947,33.316464],[126.61708,33.317054],[126.617007,33.317634],[126.616389,33.318698],[126.615462,33.31946],[126.615474,33.320082],[126.616614,33.321593],[126.6164,33.321973],[126.616899,33.322494],[126.617048,33.32351],[126.616765,33.323833],[126.616493,33.325425],[126.616631,33.326793],[126.616161,33.327472],[126.615663,33.327509],[126.614383,33.328607],[126.611213,33.329691],[126.610619,33.330522],[126.610041,33.330739],[126.6096,33.331351],[126.609958,33.332395],[126.609623,33.333033],[126.610338,33.334144],[126.609917,33.334369],[126.610859,33.335468],[126.610358,33.336759],[126.609493,33.337224],[126.608629,33.337074],[126.607554,33.337258],[126.604745,33.33895],[126.603049,33.340276],[126.601862,33.340568],[126.601181,33.341662],[126.601285,33.343032],[126.600741,33.343719],[126.600791,33.344522],[126.600049,33.344828],[126.599172,33.345903],[126.599037,33.347075],[126.600369,33.347471],[126.601219,33.350391],[126.599167,33.351972],[126.598568,33.352073],[126.596813,33.35362],[126.594323,33.354175],[126.592855,33.356342],[126.592547,33.356363],[126.590856,33.357889],[126.590761,33.358761],[126.590193,33.359861],[126.588848,33.360451],[126.587547,33.361933],[126.585309,33.363394],[126.585102,33.363856],[126.583445,33.364474],[126.582069,33.365932],[126.579983,33.367275],[126.578546,33.36751],[126.575448,33.368965],[126.571264,33.367901],[126.570001,33.368132],[126.568391,33.369428],[126.567663,33.371753]]]]}},{"type":"Feature","properties":{"level":"lio","code":"5013025326","name":"신흥리","sig_cd":"50130","base_date":"20260701"},"geometry":{"type":"MultiPolygon","coordinates":[[[[126.696151,33.375475],[126.697605,33.376667],[126.69927,33.376026],[126.700089,33.376372],[126.700983,33.376084],[126.70187,33.376364],[126.706386,33.374318],[126.707086,33.374367],[126.707648,33.373925],[126.708604,33.373672],[126.709345,33.374161],[126.71126,33.37329],[126.712798,33.373543],[126.713208,33.373238],[126.712991,33.3727],[126.713605,33.372109],[126.71571,33.372168],[126.716657,33.371456],[126.717497,33.371683],[126.718971,33.371106],[126.719704,33.371322],[126.720743,33.371254],[126.721662,33.370404],[126.723216,33.369555],[126.725651,33.368972],[126.726498,33.368321],[126.728131,33.36788],[126.729102,33.366622],[126.730471,33.365486],[126.731811,33.365818],[126.733227,33.365195],[126.735168,33.36484],[126.736004,33.364019],[126.736161,33.362932],[126.737652,33.362114],[126.737759,33.361789],[126.737291,33.36052],[126.737323,33.359881],[126.738615,33.359314],[126.738879,33.359436],[126.740023,33.358234],[126.740063,33.35789],[126.74136,33.356958],[126.741468,33.356601],[126.741075,33.356277],[126.741178,33.355991],[126.741898,33.355996],[126.742084,33.35577],[126.74222,33.354927],[126.741679,33.354461],[126.741839,33.35381],[126.742537,33.353166],[126.742378,33.353014],[126.745421,33.350637],[126.747262,33.350624],[126.748361,33.348971],[126.749524,33.347988],[126.749859,33.346757],[126.750738,33.345443],[126.750823,33.343897],[126.751841,33.34209],[126.753756,33.34065],[126.755232,33.340389],[126.756081,33.339866],[126.756013,33.338945],[126.75639,33.337257],[126.757687,33.336204],[126.757991,33.335224],[126.758977,33.333573],[126.758326,33.332145],[126.758428,33.331894],[126.759053,33.331638],[126.759542,33.332163],[126.759834,33.332067],[126.760009,33.331624],[126.759608,33.331055],[126.759817,33.330035],[126.759275,33.32928],[126.759459,33.327854],[126.759164,33.327577],[126.757393,33.327047],[126.758728,33.32562],[126.758496,33.324767],[126.758673,33.323249],[126.759224,33.323256],[126.759586,33.323714],[126.760272,33.323856],[126.761108,33.323709],[126.761272,33.32341],[126.760528,33.322463],[126.761143,33.320339],[126.760802,33.319477],[126.761632,33.318013],[126.764337,33.317806],[126.765452,33.317154],[126.765715,33.316759],[126.765278,33.315993],[126.765471,33.315575],[126.768123,33.31326],[126.769897,33.310789],[126.771166,33.310316],[126.773404,33.310867],[126.774189,33.310696],[126.773914,33.310196],[126.773977,33.30975],[126.775999,33.307056],[126.77573,33.307005],[126.775675,33.305773],[126.775158,33.305363],[126.77429,33.304016],[126.773527,33.302312],[126.772009,33.301239],[126.770921,33.300853],[126.770413,33.300825],[126.770377,33.301005],[126.769311,33.300699],[126.768396,33.300342],[126.768168,33.299858],[126.767061,33.299495],[126.766409,33.298947],[126.766447,33.298522],[126.7668,33.298255],[126.766458,33.29788],[126.766217,33.298049],[126.766352,33.298314],[126.766177,33.298707],[126.765891,33.298418],[126.766198,33.297213],[126.764898,33.296146],[126.762548,33.297488],[126.760843,33.297452],[126.758999,33.297878],[126.758643,33.298163],[126.757575,33.300278],[126.756683,33.300759],[126.75607,33.30082],[126.755935,33.301167],[126.756344,33.302406],[126.755118,33.304172],[126.755178,33.304995],[126.754632,33.307165],[126.754177,33.307546],[126.752813,33.307192],[126.752458,33.30665],[126.751533,33.306105],[126.75167,33.30579],[126.750365,33.305177],[126.749666,33.304173],[126.749335,33.304321],[126.748562,33.303785],[126.747973,33.304112],[126.747112,33.303677],[126.746304,33.303735],[126.745789,33.304593],[126.745076,33.304852],[126.744688,33.304606],[126.744309,33.304745],[126.744154,33.304341],[126.74319,33.304356],[126.743082,33.303827],[126.741886,33.303219],[126.741433,33.303365],[126.741291,33.303845],[126.740594,33.304077],[126.740909,33.30454],[126.74079,33.30642],[126.73793,33.308214],[126.737563,33.309319],[126.738098,33.309638],[126.73816,33.310347],[126.735449,33.312945],[126.734062,33.314789],[126.733788,33.315815],[126.732549,33.317367],[126.732351,33.318117],[126.731887,33.318397],[126.731465,33.319581],[126.730314,33.320593],[126.732056,33.323024],[126.733392,33.325437],[126.733849,33.325689],[126.734685,33.325697],[126.735072,33.326146],[126.735488,33.327598],[126.735414,33.329395],[126.736051,33.329981],[126.736037,33.330321],[126.73591,33.330614],[126.735004,33.330713],[126.734797,33.331542],[126.734528,33.33174],[126.733495,33.332038],[126.73197,33.332934],[126.730154,33.33327],[126.729272,33.333842],[126.727549,33.335034],[126.726801,33.336103],[126.725761,33.336721],[126.725308,33.337457],[126.725232,33.338259],[126.724873,33.338645],[126.725165,33.339318],[126.726372,33.339574],[126.725456,33.341767],[126.725461,33.344911],[126.723056,33.348476],[126.72298,33.349188],[126.723943,33.351538],[126.72183,33.352206],[126.720262,33.353207],[126.720064,33.354394],[126.719752,33.354827],[126.718836,33.3553],[126.718601,33.356038],[126.717613,33.357117],[126.717413,33.357727],[126.717675,33.358397],[126.716967,33.359628],[126.717306,33.360268],[126.71737,33.361543],[126.716811,33.36276],[126.715655,33.364307],[126.714484,33.364564],[126.714159,33.365212],[126.713131,33.365536],[126.712998,33.366366],[126.71185,33.36634],[126.711434,33.366568],[126.708827,33.36806],[126.704645,33.371031],[126.703753,33.37142],[126.702912,33.37135],[126.702456,33.371832],[126.700252,33.371328],[126.699594,33.371661],[126.699902,33.372749],[126.699676,33.373715],[126.698119,33.374488],[126.696523,33.374666],[126.696151,33.375475]]]]}},{"type":"Feature","properties":{"level":"lio","code":"5013025324","name":"수망리","sig_cd":"50130","base_date":"20260701"},"geometry":{"type":"MultiPolygon","coordinates":[[[[126.631929,33.393422],[126.633589,33.39392],[126.633824,33.393264],[126.635616,33.392647],[126.635883,33.39289],[126.639615,33.393182],[126.641908,33.393812],[126.64814,33.393768],[126.650103,33.39497],[126.650597,33.394994],[126.651701,33.394507],[126.653419,33.395055],[126.65671,33.392074],[126.663577,33.388966],[126.665806,33.38839],[126.6668,33.388472],[126.667884,33.386906],[126.669079,33.386488],[126.669632,33.386966],[126.671073,33.386825],[126.671486,33.387003],[126.671901,33.386478],[126.671954,33.385714],[126.673237,33.38478],[126.673117,33.384023],[126.673585,33.383263],[126.674079,33.38152],[126.674204,33.379007],[126.674768,33.379076],[126.675166,33.379682],[126.675575,33.379422],[126.675641,33.378615],[126.678038,33.378602],[126.681647,33.375428],[126.683557,33.37561],[126.683968,33.376292],[126.684479,33.376464],[126.68515,33.377296],[126.686342,33.377291],[126.68696,33.377226],[126.687894,33.376506],[126.688799,33.376873],[126.689859,33.375861],[126.691543,33.375935],[126.693131,33.37477],[126.694777,33.374219],[126.695639,33.374025],[126.696523,33.374666],[126.698119,33.374488],[126.699676,33.373715],[126.699902,33.372749],[126.699594,33.371661],[126.700252,33.371328],[126.702456,33.371832],[126.702912,33.37135],[126.703753,33.37142],[126.71185,33.36634],[126.712998,33.366366],[126.713131,33.365536],[126.714159,33.365212],[126.714484,33.364564],[126.715655,33.364307],[126.716936,33.362544],[126.717429,33.361052],[126.716967,33.359628],[126.717675,33.358397],[126.717413,33.357727],[126.717613,33.357117],[126.718601,33.356038],[126.718836,33.3553],[126.719752,33.354827],[126.720064,33.354394],[126.720262,33.353207],[126.72183,33.352206],[126.723943,33.351538],[126.72298,33.349188],[126.723056,33.348476],[126.725461,33.344911],[126.725456,33.341767],[126.726372,33.339574],[126.725165,33.339318],[126.724873,33.338645],[126.725232,33.338259],[126.725308,33.337457],[126.725761,33.336721],[126.726801,33.336103],[126.727549,33.335034],[126.730154,33.33327],[126.73197,33.332934],[126.733495,33.332038],[126.734528,33.33174],[126.734797,33.331542],[126.735004,33.330713],[126.73591,33.330614],[126.736051,33.329981],[126.735414,33.329395],[126.735488,33.327598],[126.735072,33.326146],[126.734685,33.325697],[126.733849,33.325689],[126.733392,33.325437],[126.732678,33.32417],[126.729838,33.325397],[126.728471,33.32486],[126.726441,33.324536],[126.726179,33.325239],[126.725344,33.325981],[126.723606,33.326356],[126.720891,33.327465],[126.719228,33.327063],[126.719172,33.326814],[126.717326,33.326075],[126.717915,33.325386],[126.718025,33.324394],[126.71706,33.323985],[126.715888,33.323978],[126.713728,33.323094],[126.711869,33.324532],[126.711358,33.324501],[126.711018,33.325009],[126.710477,33.324985],[126.710294,33.325957],[126.709641,33.326512],[126.709196,33.326565],[126.707294,33.326246],[126.704797,33.324939],[126.703512,33.323703],[126.702758,33.324127],[126.701079,33.326505],[126.701462,33.328665],[126.700816,33.329167],[126.700849,33.33026],[126.699737,33.3308],[126.698204,33.332668],[126.697277,33.3333],[126.694852,33.336526],[126.692927,33.33736],[126.692907,33.337572],[126.691029,33.338133],[126.689045,33.339822],[126.68551,33.340993],[126.684441,33.341032],[126.683603,33.341949],[126.682885,33.342294],[126.681815,33.343553],[126.680425,33.344646],[126.679091,33.345177],[126.676362,33.347431],[126.675133,33.349282],[126.673665,33.350917],[126.673479,33.351275],[126.673725,33.352422],[126.671299,33.354032],[126.670703,33.354708],[126.667467,33.354953],[126.666755,33.355466],[126.66617,33.356635],[126.662959,33.358514],[126.660151,33.361242],[126.659541,33.361501],[126.658836,33.361284],[126.656227,33.363066],[126.656015,33.363726],[126.655193,33.364266],[126.654427,33.365182],[126.653103,33.365636],[126.652931,33.365949],[126.651103,33.366935],[126.646577,33.368475],[126.646397,33.369048],[126.645955,33.369419],[126.644683,33.369896],[126.643937,33.37235],[126.643169,33.373166],[126.642742,33.374291],[126.643153,33.375892],[126.643898,33.376868],[126.64508,33.377074],[126.645359,33.377954],[126.644479,33.38059],[126.642813,33.381045],[126.641834,33.381798],[126.641465,33.382404],[126.639746,33.383286],[126.638996,33.383162],[126.639073,33.38417],[126.638221,33.385628],[126.638086,33.386299],[126.637557,33.386886],[126.63754,33.387278],[126.635502,33.387857],[126.6352,33.388391],[126.635278,33.388907],[126.634652,33.390013],[126.631929,33.393422]]]]}},{"type":"Feature","properties":{"level":"lio","code":"5013031027","name":"서광리","sig_cd":"50130","base_date":"20260701"},"geometry":{"type":"MultiPolygon","coordinates":[[[[126.282061,33.303203],[126.285554,33.303857],[126.286353,33.304337],[126.287239,33.305607],[126.28735,33.307101],[126.292409,33.310494],[126.292968,33.311598],[126.294383,33.316832],[126.294995,33.317931],[126.296323,33.321992],[126.300174,33.322523],[126.303623,33.324327],[126.304239,33.325405],[126.305947,33.326653],[126.309319,33.325453],[126.31112,33.326236],[126.311799,33.326857],[126.317282,33.327262],[126.317672,33.32452],[126.318673,33.323587],[126.320589,33.322998],[126.321176,33.322567],[126.321775,33.321097],[126.324852,33.317856],[126.324965,33.317269],[126.325992,33.315748],[126.326212,33.314605],[126.325498,33.313293],[126.32549,33.312848],[126.326592,33.312297],[126.326074,33.310989],[126.325436,33.31043],[126.324659,33.309024],[126.326093,33.308927],[126.327096,33.30915],[126.327387,33.309461],[126.327538,33.309248],[126.328855,33.309329],[126.329067,33.309143],[126.328984,33.30872],[126.328589,33.308393],[126.328708,33.306485],[126.328519,33.305683],[126.328794,33.305385],[126.328577,33.304505],[126.328143,33.304184],[126.327883,33.301014],[126.328494,33.299023],[126.328215,33.297971],[126.328791,33.297405],[126.328804,33.296469],[126.32934,33.29621],[126.329209,33.295947],[126.330436,33.293909],[126.330378,33.292701],[126.330948,33.291409],[126.330628,33.291091],[126.330664,33.290785],[126.331542,33.290561],[126.33162,33.291734],[126.333038,33.29137],[126.334093,33.291701],[126.334638,33.29139],[126.335199,33.291693],[126.336309,33.291252],[126.336413,33.29175],[126.338326,33.292019],[126.339395,33.292839],[126.339429,33.293469],[126.339849,33.293841],[126.340498,33.294102],[126.340822,33.294511],[126.342096,33.294787],[126.342343,33.295373],[126.342781,33.295465],[126.34367,33.29463],[126.346449,33.294398],[126.347525,33.293737],[126.346897,33.293358],[126.345502,33.291702],[126.344038,33.290915],[126.343298,33.289864],[126.343283,33.287845],[126.34083,33.286248],[126.340293,33.283792],[126.338581,33.280681],[126.337088,33.276842],[126.335135,33.274071],[126.335167,33.274792],[126.334491,33.275088],[126.333191,33.276885],[126.333088,33.278382],[126.332018,33.279079],[126.33205,33.279678],[126.331852,33.279776],[126.332242,33.280397],[126.331371,33.280605],[126.330463,33.281445],[126.327788,33.281465],[126.326554,33.28279],[126.325698,33.283142],[126.325499,33.284033],[126.324997,33.284444],[126.324758,33.284284],[126.323682,33.284459],[126.323302,33.284211],[126.322721,33.284492],[126.321844,33.284376],[126.320747,33.284752],[126.319497,33.28373],[126.316035,33.282752],[126.311767,33.281057],[126.31012,33.27992],[126.304648,33.275114],[126.303669,33.276117],[126.303161,33.277043],[126.302618,33.279274],[126.302033,33.280515],[126.300572,33.281469],[126.300031,33.281534],[126.299868,33.281857],[126.296216,33.283482],[126.295596,33.284119],[126.2952,33.284107],[126.293909,33.285776],[126.294146,33.287566],[126.293705,33.288751],[126.293861,33.290176],[126.293293,33.290559],[126.293055,33.293183],[126.293194,33.293695],[126.293521,33.293905],[126.293657,33.294706],[126.293426,33.296523],[126.291625,33.297281],[126.290076,33.297582],[126.288738,33.299183],[126.283405,33.301396],[126.282447,33.302956],[126.282061,33.303203]]]]}},{"type":"Feature","properties":{"level":"lio","code":"5013031025","name":"사계리","sig_cd":"50130","base_date":"20260701"},"geometry":{"type":"MultiPolygon","coordinates":[[[[126.284101,33.233069],[126.285433,33.235092],[126.28546,33.236338],[126.284901,33.238765],[126.285145,33.239053],[126.285002,33.239357],[126.286626,33.241251],[126.289999,33.243968],[126.291131,33.246231],[126.290453,33.246474],[126.29157,33.247315],[126.292972,33.249168],[126.29434,33.250477],[126.301632,33.25088],[126.303109,33.250641],[126.307471,33.250635],[126.30826,33.250204],[126.312307,33.24971],[126.316203,33.250566],[126.318139,33.250586],[126.319701,33.2503],[126.323973,33.25078],[126.323907,33.248804],[126.324138,33.247123],[126.323673,33.245815],[126.323707,33.244731],[126.324272,33.242245],[126.325248,33.240687],[126.321814,33.23919],[126.321031,33.23924],[126.3207,33.239485],[126.3148,33.23652],[126.314586,33.23598],[126.315474,33.235498],[126.314819,33.235075],[126.315329,33.234369],[126.314669,33.232556],[126.315314,33.232188],[126.3155,33.231836],[126.315371,33.231592],[126.314875,33.23142],[126.314081,33.231757],[126.31378,33.233248],[126.310838,33.232764],[126.311037,33.23259],[126.309967,33.231533],[126.308637,33.229178],[126.308825,33.229133],[126.308501,33.228381],[126.308914,33.228173],[126.308669,33.227409],[126.306997,33.226899],[126.306353,33.226138],[126.306732,33.226653],[126.306503,33.226886],[126.308592,33.227466],[126.308695,33.22798],[126.308515,33.228179],[126.308159,33.228013],[126.308045,33.227451],[126.307953,33.22781],[126.306978,33.22823],[126.306565,33.22811],[126.306811,33.227509],[126.306514,33.228095],[126.305376,33.227702],[126.305841,33.226618],[126.305361,33.227619],[126.304908,33.227959],[126.301242,33.22691],[126.299756,33.225267],[126.296998,33.223681],[126.297252,33.22342],[126.295589,33.221238],[126.294628,33.2202],[126.294423,33.220251],[126.2937,33.218001],[126.291608,33.218203],[126.291808,33.218845],[126.290646,33.219345],[126.290157,33.220301],[126.290491,33.223286],[126.289839,33.224851],[126.289728,33.22602],[126.288626,33.227731],[126.28679,33.228992],[126.28649,33.229687],[126.284652,33.231364],[126.284237,33.232247],[126.284649,33.232473],[126.284101,33.233069]]],[[[126.313153,33.210222],[126.31347,33.210361],[126.313601,33.210199],[126.313808,33.210473],[126.313501,33.211374],[126.315369,33.210357],[126.315633,33.209666],[126.314741,33.20935],[126.314625,33.208997],[126.314014,33.208766],[126.313153,33.210222]]],[[[126.313983,33.207779],[126.314014,33.208177],[126.314456,33.208258],[126.314351,33.207792],[126.313983,33.207779]]],[[[126.315933,33.209246],[126.315961,33.20927],[126.316023,33.209287],[126.316103,33.209283],[126.316114,33.209264],[126.316112,33.209257],[126.316046,33.20921],[126.316046,33.209163],[126.316046,33.209162],[126.315958,33.209224],[126.315933,33.209246]]],[[[126.316368,33.208919],[126.316373,33.208939],[126.316394,33.208955],[126.316508,33.208981],[126.316525,33.208981],[126.316531,33.208965],[126.316518,33.208949],[126.316427,33.208894],[126.316394,33.208894],[126.316374,33.208901],[126.316368,33.208919]]]]}},{"type":"Feature","properties":{"level":"lio","code":"5013025030","name":"구억리","sig_cd":"50130","base_date":"20260701"},"geometry":{"type":"MultiPolygon","coordinates":[[[[126.27833,33.274641],[126.278468,33.275247],[126.279037,33.275927],[126.278903,33.276727],[126.279334,33.27835],[126.279111,33.279159],[126.279563,33.280433],[126.279552,33.280766],[126.278334,33.282484],[126.280524,33.283581],[126.279261,33.285362],[126.281314,33.286494],[126.282188,33.287442],[126.284726,33.292112],[126.284383,33.292191],[126.283291,33.291446],[126.28234,33.291579],[126.282572,33.293261],[126.282103,33.294118],[126.282616,33.29524],[126.282528,33.295771],[126.283025,33.296227],[126.283171,33.296942],[126.282834,33.297924],[126.283017,33.298613],[126.282894,33.29941],[126.281042,33.2998],[126.279126,33.29956],[126.279579,33.299996],[126.279682,33.301311],[126.279961,33.301904],[126.282061,33.303203],[126.282447,33.302956],[126.283405,33.301396],[126.288738,33.299183],[126.290076,33.297582],[126.291625,33.297281],[126.293426,33.296523],[126.293657,33.294706],[126.293521,33.293905],[126.293194,33.293695],[126.293055,33.293183],[126.293293,33.290559],[126.293861,33.290176],[126.293705,33.288751],[126.294146,33.287566],[126.293909,33.285776],[126.2952,33.284107],[126.295596,33.284119],[126.296216,33.283482],[126.299868,33.281857],[126.300031,33.281534],[126.300572,33.281469],[126.302033,33.280515],[126.302618,33.279274],[126.303161,33.277043],[126.303669,33.276117],[126.304648,33.275114],[126.302382,33.273442],[126.301659,33.272537],[126.298939,33.270648],[126.297357,33.268448],[126.296721,33.269005],[126.296737,33.269585],[126.29598,33.269683],[126.295764,33.270071],[126.296068,33.270497],[126.295844,33.270823],[126.295951,33.272298],[126.295427,33.273035],[126.29528,33.274016],[126.294947,33.274192],[126.294814,33.274679],[126.295135,33.275074],[126.294941,33.275309],[126.294285,33.275614],[126.294021,33.27628],[126.292087,33.276348],[126.290983,33.277551],[126.289869,33.277697],[126.288596,33.278312],[126.287893,33.279242],[126.286939,33.279201],[126.28628,33.27836],[126.286256,33.27806],[126.286998,33.277486],[126.286638,33.277055],[126.286653,33.276108],[126.286315,33.275608],[126.286167,33.274154],[126.285473,33.273375],[126.285576,33.272287],[126.284674,33.271494],[126.284176,33.271361],[126.284077,33.272902],[126.283116,33.273001],[126.282754,33.27253],[126.281425,33.27329],[126.281347,33.273611],[126.281604,33.273766],[126.280619,33.274296],[126.279976,33.273769],[126.279022,33.272321],[126.278924,33.273276],[126.278449,33.273685],[126.278593,33.274213],[126.27833,33.274641]]]]}},{"type":"Feature","properties":{"level":"lio","code":"5013025026","name":"가파리","sig_cd":"50130","base_date":"20260701"},"geometry":{"type":"MultiPolygon","coordinates":[[[[126.264532,33.169627],[126.265021,33.170608],[126.2661,33.171492],[126.266814,33.172679],[126.267453,33.172768],[126.268209,33.17342],[126.269544,33.173865],[126.269835,33.174452],[126.272952,33.17471],[126.274067,33.174191],[126.275169,33.172427],[126.27589,33.17208],[126.276883,33.170929],[126.278036,33.170189],[126.27862,33.169338],[126.278887,33.168028],[126.278153,33.167858],[126.277455,33.168251],[126.276782,33.168309],[126.275145,33.167709],[126.274321,33.167194],[126.274656,33.166931],[126.274646,33.166425],[126.275475,33.166365],[126.275081,33.16622],[126.273998,33.166464],[126.27419,33.166042],[126.273527,33.165599],[126.272231,33.165228],[126.272876,33.164817],[126.273397,33.164923],[126.273442,33.165392],[126.273587,33.165113],[126.274558,33.165327],[126.275165,33.165985],[126.276291,33.165875],[126.275208,33.165913],[126.274593,33.165284],[126.273607,33.16507],[126.273226,33.164719],[126.272596,33.164817],[126.271786,33.164592],[126.270979,33.164041],[126.26916,33.164876],[126.268748,33.165352],[126.268782,33.166336],[126.268082,33.167276],[126.265451,33.168578],[126.264532,33.169627]]],[[[126.265334,33.117931],[126.267326,33.121812],[126.268822,33.12289],[126.269293,33.122786],[126.269546,33.121518],[126.26986,33.121112],[126.269542,33.119922],[126.269812,33.116814],[126.26916,33.11452],[126.268875,33.114164],[126.267365,33.113712],[126.266765,33.113977],[126.265458,33.116743],[126.265615,33.117583],[126.265334,33.117931]]]]}},{"type":"Feature","properties":{"level":"lio","code":"5013025021","name":"상모리","sig_cd":"50130","base_date":"20260701"},"geometry":{"type":"MultiPolygon","coordinates":[[[[126.255172,33.224232],[126.255409,33.224517],[126.255749,33.227458],[126.256929,33.228313],[126.256903,33.229579],[126.256707,33.229732],[126.257277,33.231655],[126.256873,33.235536],[126.25739,33.236163],[126.257451,33.237806],[126.258093,33.238079],[126.25829,33.238579],[126.259564,33.23912],[126.262464,33.239712],[126.262554,33.239325],[126.263685,33.23949],[126.264723,33.239235],[126.265625,33.23969],[126.266971,33.239775],[126.267121,33.23913],[126.267567,33.238999],[126.267698,33.23836],[126.268952,33.237914],[126.265679,33.233689],[126.266472,33.233454],[126.268112,33.234414],[126.269253,33.234605],[126.269479,33.234924],[126.271327,33.234166],[126.273223,33.237401],[126.274418,33.236857],[126.276925,33.237014],[126.277047,33.237429],[126.277484,33.237476],[126.277594,33.237841],[126.278403,33.238124],[126.282084,33.241141],[126.283066,33.241095],[126.285149,33.239126],[126.284901,33.238765],[126.28546,33.236338],[126.285433,33.235092],[126.284101,33.233069],[126.284649,33.232473],[126.284237,33.232247],[126.284346,33.231835],[126.28649,33.229687],[126.28679,33.228992],[126.288626,33.227731],[126.289728,33.22602],[126.289839,33.224851],[126.290491,33.223286],[126.290157,33.220301],[126.290646,33.219345],[126.291808,33.218845],[126.291608,33.218203],[126.2937,33.218001],[126.293291,33.216808],[126.293371,33.2164],[126.294286,33.215249],[126.294029,33.214133],[126.294355,33.213758],[126.293508,33.213548],[126.293377,33.21371],[126.292375,33.212036],[126.291659,33.209897],[126.291288,33.207588],[126.291491,33.207251],[126.291307,33.207498],[126.291134,33.207243],[126.291537,33.207089],[126.290839,33.206964],[126.290403,33.206461],[126.291328,33.205794],[126.29015,33.206474],[126.28968,33.205108],[126.290098,33.203793],[126.290407,33.203471],[126.291469,33.203116],[126.291862,33.20264],[126.292598,33.202575],[126.293031,33.202119],[126.293667,33.200442],[126.293704,33.198915],[126.294477,33.198267],[126.294274,33.197303],[126.292253,33.196019],[126.290821,33.19541],[126.288401,33.195653],[126.287268,33.197041],[126.287446,33.199047],[126.2873,33.199897],[126.286158,33.200806],[126.284228,33.201216],[126.28017,33.200725],[126.278655,33.200203],[126.277418,33.200262],[126.276522,33.200042],[126.276042,33.200213],[126.275481,33.199879],[126.275589,33.199658],[126.27397,33.198975],[126.273731,33.198522],[126.273698,33.19739],[126.273886,33.197277],[126.273731,33.197141],[126.27136,33.196963],[126.270264,33.196026],[126.267887,33.19676],[126.268069,33.197298],[126.269798,33.197495],[126.269925,33.197259],[126.270221,33.19731],[126.269688,33.199925],[126.269738,33.201706],[126.269231,33.202271],[126.268456,33.204586],[126.268605,33.207641],[126.2684,33.210918],[126.267881,33.21149],[126.267404,33.212956],[126.265048,33.215262],[126.262805,33.216352],[126.261712,33.216568],[126.261414,33.217089],[126.259779,33.218226],[126.258066,33.219097],[126.256817,33.219295],[126.256934,33.221345],[126.25575,33.221471],[126.255336,33.222458],[126.255172,33.224232]]]]}}]}