{"type":"FeatureCollection","name":"life_safety_4326_nohyeong","features":[{"type":"Feature","properties":{"fid":43368,"gid":329,"emd_nm":"노형동","signgu_nm":"제주시","cml_fr_idx":1.0,"rank":136,"anls_id":"50110"},"geometry":{"type":"MultiPolygon","coordinates":[[[[126.46685237674498,33.46949939176636],[126.46684167470521,33.470401214235174],[126.46791772902885,33.470410178960755],[126.46792841992705,33.469508356186985],[126.46685237674498,33.46949939176636]]]]}},{"type":"Feature","properties":{"fid":43518,"gid":715,"emd_nm":"노형동","signgu_nm":"제주시","cml_fr_idx":1.0,"rank":286,"anls_id":"50110"},"geometry":{"type":"MultiPolygon","coordinates":[[[[126.46351687390504,33.4784906519434],[126.46350613366005,33.479392472150714],[126.46458229799497,33.47940146795183],[126.4645930270935,33.47849964743854],[126.46351687390504,33.4784906519434]]]]}},{"type":"Feature","properties":{"fid":43527,"gid":735,"emd_nm":"노형동","signgu_nm":"제주시","cml_fr_idx":1.0,"rank":294,"anls_id":"50110"},"geometry":{"type":"MultiPolygon","coordinates":[[[[126.47998675271113,33.45066796918591],[126.47997619424808,33.45156979811464],[126.48105202037733,33.451578644451985],[126.481062567709,33.45067681522223],[126.47998675271113,33.45066796918591]]]]}},{"type":"Feature","properties":{"fid":43588,"gid":879,"emd_nm":"노형동","signgu_nm":"제주시","cml_fr_idx":1.0,"rank":356,"anls_id":"50110"},"geometry":{"type":"MultiPolygon","coordinates":[[[[126.4699951454972,33.476740840311095],[126.4699844730816,33.4776426626184],[126.4710606179825,33.477651601760186],[126.47107127925253,33.47674977914882],[126.4699951454972,33.476740840311095]]]]}},{"type":"Feature","properties":{"fid":43612,"gid":922,"emd_nm":"노형동","signgu_nm":"제주시","cml_fr_idx":1.0,"rank":380,"anls_id":"50110"},"geometry":{"type":"MultiPolygon","coordinates":[[[[126.46035304924412,33.47305269085995],[126.46034227843747,33.47395451095436],[126.46141837446544,33.47396353293938],[126.46142913412866,33.47306171253807],[126.46035304924412,33.47305269085995]]]]}},{"type":"Feature","properties":{"fid":43617,"gid":936,"emd_nm":"노형동","signgu_nm":"제주시","cml_fr_idx":1.0,"rank":385,"anls_id":"50110"},"geometry":{"type":"MultiPolygon","coordinates":[[[[126.48214891890761,33.4497838222619],[126.48213838317649,33.45068565192666],[126.48321419911306,33.45069447929922],[126.48322472371328,33.449792649334064],[126.48214891890761,33.4497838222619]]]]}},{"type":"Feature","properties":{"fid":43657,"gid":1038,"emd_nm":"노형동","signgu_nm":"제주시","cml_fr_idx":1.0,"rank":425,"anls_id":"50110"},"geometry":{"type":"MultiPolygon","coordinates":[[[[126.47999731070406,33.449766140122854],[126.47998675271113,33.45066796918591],[126.481062567709,33.45067681522223],[126.48107311457105,33.44977498585816],[126.47999731070406,33.449766140122854]]]]}},{"type":"Feature","properties":{"fid":43725,"gid":1209,"emd_nm":"노형동","signgu_nm":"제주시","cml_fr_idx":1.0,"rank":493,"anls_id":"50110"},"geometry":{"type":"MultiPolygon","coordinates":[[[[126.47980719488925,33.46599904270433],[126.47979662843143,33.46690086934922],[126.48087264387004,33.46690972080495],[126.48088319918807,33.46600789385892],[126.47980719488925,33.46599904270433]]]]}},{"type":"Feature","properties":{"fid":43746,"gid":1253,"emd_nm":"노형동","signgu_nm":"제주시","cml_fr_idx":1.0,"rank":514,"anls_id":"50110"},"geometry":{"type":"MultiPolygon","coordinates":[[[[126.4646144838576,33.47669600600856],[126.46460375571438,33.47759782679078],[126.4656798982345,33.47760681263876],[126.46569061523225,33.47670499155088],[126.4646144838576,33.47669600600856]]]]}},{"type":"Feature","properties":{"fid":43788,"gid":1346,"emd_nm":"노형동","signgu_nm":"제주시","cml_fr_idx":1.0,"rank":556,"anls_id":"50110"},"geometry":{"type":"MultiPolygon","coordinates":[[[[126.48718185860872,33.479588221791126],[126.48717136312312,33.4804900485223],[126.48824754899981,33.480498839098935],[126.48825803333804,33.47959701206878],[126.48718185860872,33.479588221791126]]]]}},{"type":"Feature","properties":{"fid":43799,"gid":1366,"emd_nm":"노형동","signgu_nm":"제주시","cml_fr_idx":1.0,"rank":565,"anls_id":"50110"},"geometry":{"type":"MultiPolygon","coordinates":[[[[126.4603961276757,33.4694454091375],[126.46038535878702,33.47034722976984],[126.46146141024427,33.4703562505273],[126.46147216799152,33.469454429588104],[126.4603961276757,33.4694454091375]]]]}},{"type":"Feature","properties":{"fid":43821,"gid":1432,"emd_nm":"노형동","signgu_nm":"제주시","cml_fr_idx":1.0,"rank":589,"anls_id":"50110"},"geometry":{"type":"MultiPolygon","coordinates":[[[[126.46359204223265,33.472177906727005],[126.46358130533436,33.47307972787561],[126.46465739165448,33.47308872153499],[126.4646681174098,33.472186900080445],[126.46359204223265,33.472177906727005]]]]}},{"type":"Feature","properties":{"fid":43828,"gid":1455,"emd_nm":"노형동","signgu_nm":"제주시","cml_fr_idx":1.0,"rank":596,"anls_id":"50110"},"geometry":{"type":"MultiPolygon","coordinates":[[[[126.46887627511829,33.48033917933746],[126.46886558965437,33.481241000802605],[126.46994177866733,33.48124995050323],[126.46995245298372,33.48034812873369],[126.46887627511829,33.48033917933746]]]]}},{"type":"Feature","properties":{"fid":43870,"gid":1552,"emd_nm":"노형동","signgu_nm":"제주시","cml_fr_idx":1.0,"rank":638,"anls_id":"50110"},"geometry":{"type":"MultiPolygon","coordinates":[[[[126.46580847072154,33.46678495071018],[126.46579775897109,33.46768677327703],[126.46687377939513,33.46769574642545],[126.46688448000553,33.46679392355335],[126.46580847072154,33.46678495071018]]]]}},{"type":"Feature","properties":{"fid":43990,"gid":1845,"emd_nm":"노형동","signgu_nm":"제주시","cml_fr_idx":1.0,"rank":758,"anls_id":"50110"},"geometry":{"type":"MultiPolygon","coordinates":[[[[126.4853763347299,33.44981027548363],[126.48536583239161,33.450712106048606],[126.48644164973255,33.45072090542541],[126.48645214093987,33.449819074561],[126.4853763347299,33.44981027548363]]]]}},{"type":"Feature","properties":{"fid":44005,"gid":1876,"emd_nm":"노형동","signgu_nm":"제주시","cml_fr_idx":1.0,"rank":773,"anls_id":"50110"},"geometry":{"type":"MultiPolygon","coordinates":[[[[126.46904717785706,33.4659100176113],[126.46903650000223,33.46681184122741],[126.47011251071393,33.4668207860583],[126.47012317742917,33.46591896213788],[126.46904717785706,33.4659100176113]]]]}},{"type":"Feature","properties":{"fid":44138,"gid":2175,"emd_nm":"노형동","signgu_nm":"제주시","cml_fr_idx":1.0,"rank":906,"anls_id":"50110"},"geometry":{"type":"MultiPolygon","coordinates":[[[[126.46564774437833,33.480312275095606],[126.46563702547189,33.481214095645626],[126.46671321305615,33.48122307337378],[126.4667239208151,33.48032125251841],[126.46564774437833,33.480312275095606]]]]}},{"type":"Feature","properties":{"fid":44179,"gid":2266,"emd_nm":"노형동","signgu_nm":"제주시","cml_fr_idx":1.0,"rank":947,"anls_id":"50110"},"geometry":{"type":"MultiPolygon","coordinates":[[[[126.46232242955868,33.48840165862081],[126.46231167290074,33.48930347704236],[126.46338795940102,33.48931248555501],[126.46339870490706,33.488410666827086],[126.46232242955868,33.48840165862081]]]]}},{"type":"Feature","properties":{"fid":44268,"gid":2492,"emd_nm":"노형동","signgu_nm":"제주시","cml_fr_idx":1.0,"rank":1036,"anls_id":"50110"},"geometry":{"type":"MultiPolygon","coordinates":[[[[126.46249447097243,33.4739725455845],[126.46248372197407,33.47487436615792],[126.4635598301036,33.474883369769415],[126.463570567958,33.47398154888975],[126.46249447097243,33.4739725455845]]]]}},{"type":"Feature","properties":{"fid":44283,"gid":2539,"emd_nm":"노형동","signgu_nm":"제주시","cml_fr_idx":1.0,"rank":1051,"anls_id":"50110"},"geometry":{"type":"MultiPolygon","coordinates":[[[[126.46996312682485,33.4794463068297],[126.46995245298372,33.48034812873369],[126.47102863132434,33.480357068787704],[126.47103929401842,33.47945524657964],[126.46996312682485,33.4794463068297]]]]}},{"type":"Feature","properties":{"fid":44372,"gid":2759,"emd_nm":"노형동","signgu_nm":"제주시","cml_fr_idx":1.0,"rank":1140,"anls_id":"50110"},"geometry":{"type":"MultiPolygon","coordinates":[[[[126.48401650094924,33.47415083709034],[126.4840059748338,33.47505266372877],[126.48508209243062,33.475061480533064],[126.48509260740173,33.47415965359473],[126.48401650094924,33.47415083709034]]]]}},{"type":"Feature","properties":{"fid":44429,"gid":2897,"emd_nm":"노형동","signgu_nm":"제주시","cml_fr_idx":1.0,"rank":1197,"anls_id":"50110"},"geometry":{"type":"MultiPolygon","coordinates":[[[[126.4709326457126,33.4884734626104],[126.47092197827035,33.489375283474004],[126.4719982685839,33.48938421722376],[126.4720089248741,33.488482396056334],[126.4709326457126,33.4884734626104]]]]}},{"type":"Feature","properties":{"fid":44742,"gid":3685,"emd_nm":"노형동","signgu_nm":"제주시","cml_fr_idx":1.0,"rank":1510,"anls_id":"50110"},"geometry":{"type":"MultiPolygon","coordinates":[[[[126.46879077808514,33.4875537472938],[126.46878008881475,33.488455567683275],[126.46985636702597,33.488464519819374],[126.46986704514482,33.487562699125455],[126.46879077808514,33.4875537472938]]]]}},{"type":"Feature","properties":{"fid":44825,"gid":3899,"emd_nm":"노형동","signgu_nm":"제주시","cml_fr_idx":1.0,"rank":1592,"anls_id":"50110"},"geometry":{"type":"MultiPolygon","coordinates":[[[[126.47517402110525,33.493920070768915],[126.47516339543343,33.49482189203929],[126.47623975456496,33.49483079022274],[126.47625036908167,33.49392896864977],[126.47517402110525,33.493920070768915]]]]}},{"type":"Feature","properties":{"fid":44828,"gid":3905,"emd_nm":"노형동","signgu_nm":"제주시","cml_fr_idx":1.0,"rank":1596,"anls_id":"50110"},"geometry":{"type":"MultiPolygon","coordinates":[[[[126.48430052898755,33.44980146707465],[126.4842900155183,33.45070329733988],[126.48536583239161,33.450712106048606],[126.4853763347299,33.44981027548363],[126.48430052898755,33.44980146707465]]]]}},{"type":"Feature","properties":{"fid":44839,"gid":3934,"emd_nm":"노형동","signgu_nm":"제주시","cml_fr_idx":1.0,"rank":1607,"anls_id":"50110"},"geometry":{"type":"MultiPolygon","coordinates":[[[[126.46894037791246,33.47492824772324],[126.46892969530255,33.475830069995055],[126.47000581743765,33.475839017869355],[126.47001648890301,33.474937195293165],[126.46894037791246,33.47492824772324]]]]}},{"type":"Feature","properties":{"fid":44924,"gid":4138,"emd_nm":"노형동","signgu_nm":"제주시","cml_fr_idx":1.0,"rank":1692,"anls_id":"50110"},"geometry":{"type":"MultiPolygon","coordinates":[[[[126.46794980029557,33.467704710236156],[126.46793911034928,33.46860653327879],[126.46901514286625,33.46861548805637],[126.46902582167196,33.46771366470911],[126.46794980029557,33.467704710236156]]]]}},{"type":"Feature","properties":{"fid":44934,"gid":4164,"emd_nm":"노형동","signgu_nm":"제주시","cml_fr_idx":1.0,"rank":1702,"anls_id":"50110"},"geometry":{"type":"MultiPolygon","coordinates":[[[[126.4843110419887,33.44889963667512],[126.48430052898755,33.44980146707465],[126.4853763347299,33.44981027548363],[126.48538683660058,33.448908444784365],[126.4843110419887,33.44889963667512]]]]}},{"type":"Feature","properties":{"fid":45052,"gid":4469,"emd_nm":"노형동","signgu_nm":"제주시","cml_fr_idx":1.0,"rank":1820,"anls_id":"50110"},"geometry":{"type":"MultiPolygon","coordinates":[[[[126.48415329781164,33.46242707856569],[126.4841427777869,33.46332890695053],[126.48521875054584,33.463337719856405],[126.48522925943267,33.46243589117174],[126.48415329781164,33.46242707856569]]]]}},{"type":"Feature","properties":{"fid":45209,"gid":4844,"emd_nm":"노형동","signgu_nm":"제주시","cml_fr_idx":1.0,"rank":1977,"anls_id":"50110"},"geometry":{"type":"MultiPolygon","coordinates":[[[[126.46471101565606,33.468579612917694],[126.4647002918107,33.46948143491006],[126.46577633403938,33.46949041800739],[126.4657870467437,33.468588595709434],[126.46471101565606,33.468579612917694]]]]}},{"type":"Feature","properties":{"fid":45295,"gid":5022,"emd_nm":"노형동","signgu_nm":"제주시","cml_fr_idx":1.0,"rank":2063,"anls_id":"50110"},"geometry":{"type":"MultiPolygon","coordinates":[[[[126.4667239208151,33.48032125251841],[126.46671321305615,33.48122307337378],[126.46778940111713,33.48123204175945],[126.4678000977286,33.48033022059903],[126.4667239208151,33.48032125251841]]]]}},{"type":"Feature","properties":{"fid":45332,"gid":5118,"emd_nm":"노형동","signgu_nm":"제주시","cml_fr_idx":1.0,"rank":2100,"anls_id":"50110"},"geometry":{"type":"MultiPolygon","coordinates":[[[[126.45811452271045,33.48024917155623],[126.45810372577215,33.481150989959836],[126.4591799100054,33.48116003308506],[126.45919069579637,33.480258214373876],[126.45811452271045,33.48024917155623]]]]}},{"type":"Feature","properties":{"fid":45351,"gid":5154,"emd_nm":"노형동","signgu_nm":"제주시","cml_fr_idx":1.0,"rank":2119,"anls_id":"50110"},"geometry":{"type":"MultiPolygon","coordinates":[[[[126.47228582195964,33.46503499851714],[126.47227517799762,33.46593682317962],[126.47335117899293,33.46594573969475],[126.47336181181579,33.46504391472892],[126.47228582195964,33.46503499851714]]]]}},{"type":"Feature","properties":{"fid":45656,"gid":5954,"emd_nm":"노형동","signgu_nm":"제주시","cml_fr_idx":1.0,"rank":2424,"anls_id":"50110"},"geometry":{"type":"MultiPolygon","coordinates":[[[[126.48193811513099,33.46782039003558],[126.48192757001385,33.468722217013706],[126.48300360867309,33.468731050395256],[126.48301414264938,33.4678292231166],[126.48193811513099,33.46782039003558]]]]}},{"type":"Feature","properties":{"fid":45785,"gid":6301,"emd_nm":"노형동","signgu_nm":"제주시","cml_fr_idx":1.0,"rank":2553,"anls_id":"50110"},"geometry":{"type":"MultiPolygon","coordinates":[[[[126.47103929401842,33.47945524657964],[126.47102863132434,33.480357068787704],[126.47210481013971,33.480365999499476],[126.47211546168671,33.47946417698764],[126.47103929401842,33.47945524657964]]]]}},{"type":"Feature","properties":{"fid":45862,"gid":6471,"emd_nm":"노형동","signgu_nm":"제주시","cml_fr_idx":1.0,"rank":2630,"anls_id":"50110"},"geometry":{"type":"MultiPolygon","coordinates":[[[[126.48629472377264,33.46334652342591],[126.48628422555632,33.46424835227578],[126.487360210389,33.46425714680811],[126.48737069746687,33.46335531765903],[126.48629472377264,33.46334652342591]]]]}},{"type":"Feature","properties":{"fid":45929,"gid":6629,"emd_nm":"노형동","signgu_nm":"제주시","cml_fr_idx":1.0,"rank":2697,"anls_id":"50110"},"geometry":{"type":"MultiPolygon","coordinates":[[[[126.4850295105524,33.479570613209475],[126.48501899277204,33.480472439341696],[126.4860951777137,33.480481248603205],[126.48610568434668,33.47957942217135],[126.4850295105524,33.479570613209475]]]]}},{"type":"Feature","properties":{"fid":45970,"gid":6732,"emd_nm":"노형동","signgu_nm":"제주시","cml_fr_idx":1.0,"rank":2738,"anls_id":"50110"},"geometry":{"type":"MultiPolygon","coordinates":[[[[126.49447169943112,33.40749410669741],[126.49446130791146,33.408395945956435],[126.49553660634706,33.408404656729864],[126.49554698675884,33.407502817174226],[126.49447169943112,33.40749410669741]]]]}},{"type":"Feature","properties":{"fid":46020,"gid":6828,"emd_nm":"노형동","signgu_nm":"제주시","cml_fr_idx":1.0,"rank":2788,"anls_id":"50110"},"geometry":{"type":"MultiPolygon","coordinates":[[[[126.47981776087663,33.465097215925084],[126.47980719488925,33.46599904270433],[126.48088319918807,33.46600789385892],[126.48089375403612,33.46510606677857],[126.47981776087663,33.465097215925084]]]]}},{"type":"Feature","properties":{"fid":46051,"gid":6886,"emd_nm":"노형동","signgu_nm":"제주시","cml_fr_idx":1.0,"rank":2819,"anls_id":"50110"},"geometry":{"type":"MultiPolygon","coordinates":[[[[126.48294039496542,33.474142011245796],[126.48292985770563,33.47504383758397],[126.4840059748338,33.47505266372877],[126.48401650094924,33.47415083709034],[126.48294039496542,33.474142011245796]]]]}},{"type":"Feature","properties":{"fid":46086,"gid":6976,"emd_nm":"노형동","signgu_nm":"제주시","cml_fr_idx":1.0,"rank":2854,"anls_id":"50110"},"geometry":{"type":"MultiPolygon","coordinates":[[[[126.47979662843143,33.46690086934922],[126.47978606150313,33.467802695859746],[126.48086208808208,33.46781154761662],[126.48087264387004,33.46690972080495],[126.47979662843143,33.46690086934922]]]]}},{"type":"Feature","properties":{"fid":46183,"gid":7193,"emd_nm":"노형동","signgu_nm":"제주시","cml_fr_idx":1.0,"rank":2951,"anls_id":"50110"},"geometry":{"type":"MultiPolygon","coordinates":[[[[126.47655798459121,33.46777608456182],[126.47654738377014,33.46867791003265],[126.47762342007688,33.46868679010527],[126.47763400975721,33.46778496433234],[126.47655798459121,33.46777608456182]]]]}},{"type":"Feature","properties":{"fid":46271,"gid":7396,"emd_nm":"노형동","signgu_nm":"제주시","cml_fr_idx":1.0,"rank":3038,"anls_id":"50110"},"geometry":{"type":"MultiPolygon","coordinates":[[[[126.48624222801658,33.467855666332056],[126.48623172746294,33.468757494510314],[126.48730776799523,33.46876629053877],[126.48731825740796,33.46786446206127],[126.48624222801658,33.467855666332056]]]]}},{"type":"Feature","properties":{"fid":46337,"gid":7567,"emd_nm":"노형동","signgu_nm":"제주시","cml_fr_idx":1.0,"rank":3105,"anls_id":"50110"},"geometry":{"type":"MultiPolygon","coordinates":[[[[126.4677466099088,33.484839325056505],[126.46773591091598,33.4857411455446],[126.46881215519831,33.48575010611147],[126.4688228430411,33.48484828531861],[126.4677466099088,33.484839325056505]]]]}},{"type":"Feature","properties":{"fid":46338,"gid":7572,"emd_nm":"노형동","signgu_nm":"제주시","cml_fr_idx":1.0,"rank":3106,"anls_id":"50110"},"geometry":{"type":"MultiPolygon","coordinates":[[[[126.48504002786446,33.4786687869429],[126.4850295105524,33.479570613209475],[126.48610568434668,33.47957942217135],[126.4861161905119,33.47867759560514],[126.48504002786446,33.4786687869429]]]]}},{"type":"Feature","properties":{"fid":46339,"gid":7575,"emd_nm":"노형동","signgu_nm":"제주시","cml_fr_idx":1.0,"rank":3107,"anls_id":"50110"},"geometry":{"type":"MultiPolygon","coordinates":[[[[126.47001648890301,33.474937195293165],[126.47000581743765,33.475839017869355],[126.4710819400479,33.47584795640302],[126.47109260036866,33.47494613352277],[126.47001648890301,33.474937195293165]]]]}},{"type":"Feature","properties":{"fid":46473,"gid":7898,"emd_nm":"노형동","signgu_nm":"제주시","cml_fr_idx":1.0,"rank":3241,"anls_id":"50110"},"geometry":{"type":"MultiPolygon","coordinates":[[[[126.47883694113882,33.45697191138831],[126.4788263682497,33.45787373907532],[126.47990227184225,33.45788259685441],[126.47991283359657,33.45698076886603],[126.47883694113882,33.45697191138831]]]]}},{"type":"Feature","properties":{"fid":46525,"gid":8006,"emd_nm":"노형동","signgu_nm":"제주시","cml_fr_idx":1.0,"rank":3292,"anls_id":"50110"},"geometry":{"type":"MultiPolygon","coordinates":[[[[126.48108366096352,33.44887315635977],[126.48107311457105,33.44977498585816],[126.48214891890761,33.4497838222619],[126.48215945416966,33.4488819924628],[126.48108366096352,33.44887315635977]]]]}},{"type":"Feature","properties":{"fid":46557,"gid":8106,"emd_nm":"노형동","signgu_nm":"제주시","cml_fr_idx":1.0,"rank":3324,"anls_id":"50110"},"geometry":{"type":"MultiPolygon","coordinates":[[[[126.48627372687258,33.465150180991344],[126.48626322772138,33.466052009572564],[126.48733923483242,33.46606080470332],[126.48734972284417,33.465158975822874],[126.48627372687258,33.465150180991344]]]]}},{"type":"Feature","properties":{"fid":46572,"gid":8149,"emd_nm":"노형동","signgu_nm":"제주시","cml_fr_idx":1.0,"rank":3340,"anls_id":"50110"},"geometry":{"type":"MultiPolygon","coordinates":[[[[126.48432155452177,33.44799780614128],[126.4843110419887,33.44889963667512],[126.48538683660058,33.448908444784365],[126.4853973380037,33.448006613950795],[126.48432155452177,33.44799780614128]]]]}},{"type":"Feature","properties":{"fid":46580,"gid":8161,"emd_nm":"노형동","signgu_nm":"제주시","cml_fr_idx":1.0,"rank":3347,"anls_id":"50110"},"geometry":{"type":"MultiPolygon","coordinates":[[[[126.48221212344419,33.444372841452754],[126.4822015905273,33.44527467192338],[126.48327733968576,33.44528349749371],[126.48328786147468,33.44438166672275],[126.48221212344419,33.444372841452754]]]]}},{"type":"Feature","properties":{"fid":46627,"gid":8276,"emd_nm":"노형동","signgu_nm":"제주시","cml_fr_idx":1.0,"rank":3395,"anls_id":"50110"},"geometry":{"type":"MultiPolygon","coordinates":[[[[126.481062567709,33.45067681522223],[126.48105202037733,33.451578644451985],[126.48212784697623,33.45158748145713],[126.48213838317649,33.45068565192666],[126.481062567709,33.45067681522223]]]]}},{"type":"Feature","properties":{"fid":46653,"gid":8335,"emd_nm":"노형동","signgu_nm":"제주시","cml_fr_idx":1.0,"rank":3421,"anls_id":"50110"},"geometry":{"type":"MultiPolygon","coordinates":[[[[126.47002715989325,33.47403537258255],[126.47001648890301,33.474937195293165],[126.47109260036866,33.47494613352277],[126.4711032602148,33.47404431050812],[126.47002715989325,33.47403537258255]]]]}},{"type":"Feature","properties":{"fid":46678,"gid":8419,"emd_nm":"노형동","signgu_nm":"제주시","cml_fr_idx":1.0,"rank":3446,"anls_id":"50110"},"geometry":{"type":"MultiPolygon","coordinates":[[[[126.4755137929478,33.46506171914189],[126.47550318240333,33.46596354471347],[126.47657918481741,33.46597243321702],[126.47658978422263,33.465070607343065],[126.4755137929478,33.46506171914189]]]]}},{"type":"Feature","properties":{"fid":46810,"gid":8698,"emd_nm":"노형동","signgu_nm":"제주시","cml_fr_idx":1.0,"rank":3578,"anls_id":"50110"},"geometry":{"type":"MultiPolygon","coordinates":[[[[126.47978606150313,33.467802695859746],[126.47977549410439,33.46870452223592],[126.48085153182411,33.46871337429392],[126.48086208808208,33.46781154761662],[126.47978606150313,33.467802695859746]]]]}},{"type":"Feature","properties":{"fid":46840,"gid":8792,"emd_nm":"노형동","signgu_nm":"제주시","cml_fr_idx":1.0,"rank":3608,"anls_id":"50110"},"geometry":{"type":"MultiPolygon","coordinates":[[[[126.46686307830826,33.46859756916313],[126.46685237674498,33.46949939176636],[126.46792841992705,33.469508356186985],[126.46793911034928,33.46860653327879],[126.46686307830826,33.46859756916313]]]]}},{"type":"Feature","properties":{"fid":46869,"gid":8866,"emd_nm":"노형동","signgu_nm":"제주시","cml_fr_idx":1.0,"rank":3637,"anls_id":"50110"},"geometry":{"type":"MultiPolygon","coordinates":[[[[126.48326681742833,33.44618532813038],[126.4832562947024,33.447087158632755],[126.48433206658679,33.44709597547317],[126.48434257818376,33.44619414467076],[126.48326681742833,33.44618532813038]]]]}},{"type":"Feature","properties":{"fid":46925,"gid":9025,"emd_nm":"노형동","signgu_nm":"제주시","cml_fr_idx":1.0,"rank":3693,"anls_id":"50110"},"geometry":{"type":"MultiPolygon","coordinates":[[[[126.47328737211339,33.47135668666738],[126.4732767359762,33.472258510692406],[126.4743528154332,33.47226741999174],[126.47436344042771,33.47136559566364],[126.47328737211339,33.47135668666738]]]]}},{"type":"Feature","properties":{"fid":46942,"gid":9055,"emd_nm":"노형동","signgu_nm":"제주시","cml_fr_idx":1.0,"rank":3710,"anls_id":"50110"},"geometry":{"type":"MultiPolygon","coordinates":[[[[126.46671321305615,33.48122307337378],[126.46670250482045,33.4821248940947],[126.46777870402946,33.48213386278541],[126.46778940111713,33.48123204175945],[126.46671321305615,33.48122307337378]]]]}},{"type":"Feature","properties":{"fid":47077,"gid":9351,"emd_nm":"노형동","signgu_nm":"제주시","cml_fr_idx":1.0,"rank":3845,"anls_id":"50110"},"geometry":{"type":"MultiPolygon","coordinates":[[[[126.46690587979714,33.46499027740581],[126.46689518013955,33.46589210054679],[126.46797117876037,33.4659010637476],[126.4679818672789,33.46499924030168],[126.46690587979714,33.46499027740581]]]]}},{"type":"Feature","properties":{"fid":47147,"gid":9520,"emd_nm":"노형동","signgu_nm":"제주시","cml_fr_idx":1.0,"rank":3915,"anls_id":"50110"},"geometry":{"type":"MultiPolygon","coordinates":[[[[126.48625272810271,33.46695383801948],[126.48624222801658,33.467855666332056],[126.48731825740796,33.46786446206127],[126.48732874635368,33.46696263344945],[126.48625272810271,33.46695383801948]]]]}},{"type":"Feature","properties":{"fid":47166,"gid":9553,"emd_nm":"노형동","signgu_nm":"제주시","cml_fr_idx":1.0,"rank":3933,"anls_id":"50110"},"geometry":{"type":"MultiPolygon","coordinates":[[[[126.4810942068864,33.44797132672706],[126.48108366096352,33.44887315635977],[126.48215945416966,33.4488819924628],[126.48216998896264,33.447980162529404],[126.4810942068864,33.44797132672706]]]]}},{"type":"Feature","properties":{"fid":47297,"gid":9875,"emd_nm":"노형동","signgu_nm":"제주시","cml_fr_idx":1.0,"rank":4065,"anls_id":"50110"},"geometry":{"type":"MultiPolygon","coordinates":[[[[126.48323524784489,33.448890819234606],[126.48322472371328,33.449792649334064],[126.48430052898755,33.44980146707465],[126.4843110419887,33.44889963667512],[126.48323524784489,33.448890819234606]]]]}},{"type":"Feature","properties":{"fid":47301,"gid":9881,"emd_nm":"노형동","signgu_nm":"제주시","cml_fr_idx":1.0,"rank":4069,"anls_id":"50110"},"geometry":{"type":"MultiPolygon","coordinates":[[[[126.46688448000553,33.46679392355335],[126.46687377939513,33.46769574642545],[126.46794980029557,33.467704710236156],[126.46796048976593,33.46680288705909],[126.46688448000553,33.46679392355335]]]]}},{"type":"Feature","properties":{"fid":47317,"gid":9912,"emd_nm":"노형동","signgu_nm":"제주시","cml_fr_idx":1.0,"rank":4085,"anls_id":"50110"},"geometry":{"type":"MultiPolygon","coordinates":[[[[126.46366718713739,33.46586515492186],[126.4636564535848,33.466766977011666],[126.46473246191448,33.4667759685296],[126.46474318432757,33.4658741461339],[126.46366718713739,33.46586515492186]]]]}},{"type":"Feature","properties":{"fid":47422,"gid":10138,"emd_nm":"노형동","signgu_nm":"제주시","cml_fr_idx":1.0,"rank":4190,"anls_id":"50110"},"geometry":{"type":"MultiPolygon","coordinates":[[[[126.47625036908167,33.49392896864977],[126.47623975456496,33.49483079022274],[126.47731611416906,33.494839679058785],[126.47732671753064,33.493937857183546],[126.47625036908167,33.49392896864977]]]]}},{"type":"Feature","properties":{"fid":47489,"gid":10299,"emd_nm":"노형동","signgu_nm":"제주시","cml_fr_idx":1.0,"rank":4257,"anls_id":"50110"},"geometry":{"type":"MultiPolygon","coordinates":[[[[126.4657120477964,33.474901348971734],[126.46570133175287,33.47580317032854],[126.46677745245965,33.47581214622464],[126.46678815735865,33.474910324562515],[126.4657120477964,33.474901348971734]]]]}},{"type":"Feature","properties":{"fid":47500,"gid":10328,"emd_nm":"노형동","signgu_nm":"제주시","cml_fr_idx":1.0,"rank":4268,"anls_id":"50110"},"geometry":{"type":"MultiPolygon","coordinates":[[[[126.46254820878632,33.469463440700395],[126.46253746218052,33.470365261946164],[126.46361351459524,33.4703742640264],[126.46362425005954,33.46947244247439],[126.46254820878632,33.469463440700395]]]]}},{"type":"Feature","properties":{"fid":47507,"gid":10342,"emd_nm":"노형동","signgu_nm":"제주시","cml_fr_idx":1.0,"rank":4275,"anls_id":"50110"},"geometry":{"type":"MultiPolygon","coordinates":[[[[126.48644164973255,33.45072090542541],[126.48643115805812,33.45162273615554],[126.48750698699773,33.45163152649952],[126.48751746754064,33.45072969547028],[126.48644164973255,33.45072090542541]]]]}},{"type":"Feature","properties":{"fid":47755,"gid":10948,"emd_nm":"노형동","signgu_nm":"제주시","cml_fr_idx":1.0,"rank":4523,"anls_id":"50110"},"geometry":{"type":"MultiPolygon","coordinates":[[[[126.47119917747618,33.465927897327326],[126.47118852190059,33.46682972155174],[126.47226453356166,33.4668386477077],[126.47227517799762,33.46593682317962],[126.47119917747618,33.465927897327326]]]]}},{"type":"Feature","properties":{"fid":47818,"gid":11120,"emd_nm":"노형동","signgu_nm":"제주시","cml_fr_idx":1.0,"rank":4585,"anls_id":"50110"},"geometry":{"type":"MultiPolygon","coordinates":[[[[126.48733923483242,33.46606080470332],[126.48732874635368,33.46696263344945],[126.48840476507164,33.466971419541764],[126.48841524241041,33.46606959049673],[126.48733923483242,33.46606080470332]]]]}},{"type":"Feature","properties":{"fid":47936,"gid":11416,"emd_nm":"노형동","signgu_nm":"제주시","cml_fr_idx":1.0,"rank":4703,"anls_id":"50110"},"geometry":{"type":"MultiPolygon","coordinates":[[[[126.48734972284417,33.465158975822874],[126.48733923483242,33.46606080470332],[126.48841524241041,33.46606959049673],[126.48842571928272,33.46516776131738],[126.48734972284417,33.465158975822874]]]]}},{"type":"Feature","properties":{"fid":47983,"gid":11530,"emd_nm":"노형동","signgu_nm":"제주시","cml_fr_idx":1.0,"rank":4751,"anls_id":"50110"},"geometry":{"type":"MultiPolygon","coordinates":[[[[126.48536583239161,33.450712106048606],[126.48535532958569,33.45161393647929],[126.48643115805812,33.45162273615554],[126.48644164973255,33.45072090542541],[126.48536583239161,33.450712106048606]]]]}},{"type":"Feature","properties":{"fid":48128,"gid":11910,"emd_nm":"노형동","signgu_nm":"제주시","cml_fr_idx":1.0,"rank":4895,"anls_id":"50110"},"geometry":{"type":"MultiPolygon","coordinates":[[[[126.48000786822692,33.448864310925494],[126.47999731070406,33.449766140122854],[126.48107311457105,33.44977498585816],[126.48108366096352,33.44887315635977],[126.48000786822692,33.448864310925494]]]]}},{"type":"Feature","properties":{"fid":48162,"gid":12007,"emd_nm":"노형동","signgu_nm":"제주시","cml_fr_idx":1.0,"rank":4930,"anls_id":"50110"},"geometry":{"type":"MultiPolygon","coordinates":[[[[126.4701338436695,33.46501713808305],[126.47012317742917,33.46591896213788],[126.47119917747618,33.465927897327326],[126.47120983257737,33.465026072968506],[126.4701338436695,33.46501713808305]]]]}},{"type":"Feature","properties":{"fid":48298,"gid":12357,"emd_nm":"노형동","signgu_nm":"제주시","cml_fr_idx":1.0,"rank":5066,"anls_id":"50110"},"geometry":{"type":"MultiPolygon","coordinates":[[[[126.46462521152321,33.47579418509186],[126.4646144838576,33.47669600600856],[126.46569061523225,33.47670499155088],[126.46570133175287,33.47580317032854],[126.46462521152321,33.47579418509186]]]]}},{"type":"Feature","properties":{"fid":48328,"gid":12428,"emd_nm":"노형동","signgu_nm":"제주시","cml_fr_idx":1.0,"rank":5095,"anls_id":"50110"},"geometry":{"type":"MultiPolygon","coordinates":[[[[126.47410830995526,33.493009342439095],[126.47409767360188,33.493911163541014],[126.47517402110525,33.493920070768915],[126.47518464630404,33.4930182493641],[126.47410830995526,33.493009342439095]]]]}},{"type":"Feature","properties":{"fid":48469,"gid":12789,"emd_nm":"노형동","signgu_nm":"제주시","cml_fr_idx":1.0,"rank":5237,"anls_id":"50110"},"geometry":{"type":"MultiPolygon","coordinates":[[[[126.46237620566569,33.48389256449547],[126.46236545140191,33.48479438358954],[126.4634416821477,33.484803390570406],[126.46345242526205,33.48390157117],[126.46237620566569,33.48389256449547]]]]}},{"type":"Feature","properties":{"fid":48516,"gid":12876,"emd_nm":"노형동","signgu_nm":"제주시","cml_fr_idx":1.0,"rank":5284,"anls_id":"50110"},"geometry":{"type":"MultiPolygon","coordinates":[[[[126.4646681174098,33.472186900080445],[126.46465739165448,33.47308872153499],[126.46573347845218,33.47309770585477],[126.4657441930645,33.4721958840946],[126.4646681174098,33.472186900080445]]]]}},{"type":"Feature","properties":{"fid":48534,"gid":12925,"emd_nm":"노형동","signgu_nm":"제주시","cml_fr_idx":1.0,"rank":5302,"anls_id":"50110"},"geometry":{"type":"MultiPolygon","coordinates":[[[[126.46252671509626,33.471267083057455],[126.4625159675335,33.472168904034284],[126.46359204223265,33.472177906727005],[126.46360277865293,33.47127608544393],[126.46252671509626,33.471267083057455]]]]}},{"type":"Feature","properties":{"fid":48655,"gid":13220,"emd_nm":"노형동","signgu_nm":"제주시","cml_fr_idx":1.0,"rank":5423,"anls_id":"50110"},"geometry":{"type":"MultiPolygon","coordinates":[[[[126.47125244823849,33.461418774189184],[126.47124179503473,33.46232059908562],[126.47231775100249,33.46232952372329],[126.47232839306906,33.46142769852322],[126.47125244823849,33.461418774189184]]]]}},{"type":"Feature","properties":{"fid":48660,"gid":13239,"emd_nm":"노형동","signgu_nm":"제주시","cml_fr_idx":1.0,"rank":5428,"anls_id":"50110"},"geometry":{"type":"MultiPolygon","coordinates":[[[[126.47553501261947,33.463258067595596],[126.47552440301982,33.464159893435934],[126.47660038315594,33.464168781334706],[126.47661098161734,33.46326695519199],[126.47553501261947,33.463258067595596]]]]}},{"type":"Feature","properties":{"fid":48784,"gid":13531,"emd_nm":"노형동","signgu_nm":"제주시","cml_fr_idx":1.0,"rank":5551,"anls_id":"50110"},"geometry":{"type":"MultiPolygon","coordinates":[[[[126.48742312585306,33.45884616989903],[126.48741264110951,33.459747999719646],[126.48848857072176,33.45975678342086],[126.48849904432932,33.4588549533014],[126.48742312585306,33.45884616989903]]]]}},{"type":"Feature","properties":{"fid":48808,"gid":13608,"emd_nm":"노형동","signgu_nm":"제주시","cml_fr_idx":1.0,"rank":5576,"anls_id":"50110"},"geometry":{"type":"MultiPolygon","coordinates":[[[[126.47326609936547,33.47316033458301],[126.47325546228117,33.47406215833922],[126.47433156402498,33.47407106824472],[126.47434218996564,33.47316924418543],[126.47326609936547,33.47316033458301]]]]}},{"type":"Feature","properties":{"fid":48811,"gid":13612,"emd_nm":"노형동","signgu_nm":"제주시","cml_fr_idx":1.0,"rank":5579,"anls_id":"50110"},"geometry":{"type":"MultiPolygon","coordinates":[[[[126.46472173902397,33.46767779079088],[126.46471101565606,33.468579612917694],[126.4657870467437,33.468588595709434],[126.46579775897109,33.46768677327703],[126.46472173902397,33.46767779079088]]]]}},{"type":"Feature","properties":{"fid":48838,"gid":13676,"emd_nm":"노형동","signgu_nm":"제주시","cml_fr_idx":1.0,"rank":5605,"anls_id":"50110"},"geometry":{"type":"MultiPolygon","coordinates":[[[[126.46474318432757,33.4658741461339],[126.46473246191448,33.4667759685296],[126.46580847072154,33.46678495071018],[126.4658191819951,33.46588312800888],[126.46474318432757,33.4658741461339]]]]}},{"type":"Feature","properties":{"fid":48910,"gid":13879,"emd_nm":"노형동","signgu_nm":"제주시","cml_fr_idx":1.0,"rank":5678,"anls_id":"50110"},"geometry":{"type":"MultiPolygon","coordinates":[[[[126.46684167470521,33.470401214235174],[126.46683097218896,33.47130303656954],[126.46790703765465,33.4713120016001],[126.46791772902885,33.470410178960755],[126.46684167470521,33.470401214235174]]]]}},{"type":"Feature","properties":{"fid":48958,"gid":14013,"emd_nm":"노형동","signgu_nm":"제주시","cml_fr_idx":1.0,"rank":5726,"anls_id":"50110"},"geometry":{"type":"MultiPolygon","coordinates":[[[[126.48216998896264,33.447980162529404],[126.48215945416966,33.4488819924628],[126.48323524784489,33.448890819234606],[126.48324577150794,33.44798898900083],[126.48216998896264,33.447980162529404]]]]}},{"type":"Feature","properties":{"fid":48979,"gid":14059,"emd_nm":"노형동","signgu_nm":"제주시","cml_fr_idx":1.0,"rank":5747,"anls_id":"50110"},"geometry":{"type":"MultiPolygon","coordinates":[[[[126.48213838317649,33.45068565192666],[126.48212784697623,33.45158748145713],[126.48320367404426,33.45159630913007],[126.48321419911306,33.45069447929922],[126.48213838317649,33.45068565192666]]]]}},{"type":"Feature","properties":{"fid":49093,"gid":14328,"emd_nm":"노형동","signgu_nm":"제주시","cml_fr_idx":1.0,"rank":5861,"anls_id":"50110"},"geometry":{"type":"MultiPolygon","coordinates":[[[[126.47324482472327,33.47496398196101],[126.47323418669176,33.47586580544839],[126.47431031072438,33.47587471596008],[126.47432093761124,33.47497289216961],[126.47324482472327,33.47496398196101]]]]}},{"type":"Feature","properties":{"fid":49159,"gid":14486,"emd_nm":"노형동","signgu_nm":"제주시","cml_fr_idx":1.0,"rank":5926,"anls_id":"50110"},"geometry":{"type":"MultiPolygon","coordinates":[[[[126.47516339543343,33.49482189203929],[126.47515276928853,33.49572371317524],[126.47622913957568,33.49573261166126],[126.47623975456496,33.49483079022274],[126.47516339543343,33.49482189203929]]]]}},{"type":"Feature","properties":{"fid":49247,"gid":14701,"emd_nm":"노형동","signgu_nm":"제주시","cml_fr_idx":1.0,"rank":6014,"anls_id":"50110"},"geometry":{"type":"MultiPolygon","coordinates":[[[[126.47731611416906,33.494839679058785],[126.4773055103354,33.4957415007996],[126.47838188156722,33.495750380590216],[126.47839247424523,33.494848558547446],[126.47731611416906,33.494839679058785]]]]}},{"type":"Feature","properties":{"fid":49320,"gid":14878,"emd_nm":"노형동","signgu_nm":"제주시","cml_fr_idx":1.0,"rank":6088,"anls_id":"50110"},"geometry":{"type":"MultiPolygon","coordinates":[[[[126.46773591091598,33.4857411455446],[126.46772521144682,33.48664296589825],[126.46880146687964,33.48665192676987],[126.46881215519831,33.48575010611147],[126.46773591091598,33.4857411455446]]]]}},{"type":"Feature","properties":{"fid":49337,"gid":14925,"emd_nm":"노형동","signgu_nm":"제주시","cml_fr_idx":1.0,"rank":6105,"anls_id":"50110"},"geometry":{"type":"MultiPolygon","coordinates":[[[[126.48523976785165,33.46153406235275],[126.48522925943267,33.46243589117174],[126.48630522152158,33.46244469444172],[126.4863157188031,33.46154286532323],[126.48523976785165,33.46153406235275]]]]}},{"type":"Feature","properties":{"fid":49351,"gid":14963,"emd_nm":"노형동","signgu_nm":"제주시","cml_fr_idx":1.0,"rank":6119,"anls_id":"50110"},"geometry":{"type":"MultiPolygon","coordinates":[[[[126.46683097218896,33.47130303656954],[126.46682026919619,33.47220485876946],[126.46789634580443,33.47221382410498],[126.46790703765465,33.4713120016001],[126.46683097218896,33.47130303656954]]]]}},{"type":"Feature","properties":{"fid":49391,"gid":15049,"emd_nm":"노형동","signgu_nm":"제주시","cml_fr_idx":1.0,"rank":6159,"anls_id":"50110"},"geometry":{"type":"MultiPolygon","coordinates":[[[[126.47095397917235,33.486669820479825],[126.4709433126799,33.48757164161233],[126.47201958068986,33.487580574754446],[126.47203023603126,33.486678753318124],[126.47095397917235,33.486669820479825]]]]}},{"type":"Feature","properties":{"fid":49453,"gid":15191,"emd_nm":"노형동","signgu_nm":"제주시","cml_fr_idx":1.0,"rank":6221,"anls_id":"50110"},"geometry":{"type":"MultiPolygon","coordinates":[[[[126.47872061346325,33.46689200855592],[126.47871003539467,33.46779383476498],[126.47978606150313,33.467802695859746],[126.47979662843143,33.46690086934922],[126.47872061346325,33.46689200855592]]]]}},{"type":"Feature","properties":{"fid":49530,"gid":15407,"emd_nm":"노형동","signgu_nm":"제주시","cml_fr_idx":1.0,"rank":6298,"anls_id":"50110"},"geometry":{"type":"MultiPolygon","coordinates":[[[[126.46797117876037,33.4659010637476],[126.46796048976593,33.46680288705909],[126.46903650000223,33.46681184122741],[126.46904717785706,33.4659100176113],[126.46797117876037,33.4659010637476]]]]}},{"type":"Feature","properties":{"fid":49750,"gid":15941,"emd_nm":"노형동","signgu_nm":"제주시","cml_fr_idx":1.0,"rank":6518,"anls_id":"50110"},"geometry":{"type":"MultiPolygon","coordinates":[[[[126.48610568434668,33.47957942217135],[126.4860951777137,33.480481248603205],[126.48717136312312,33.4804900485223],[126.48718185860872,33.479588221791126],[126.48610568434668,33.47957942217135]]]]}},{"type":"Feature","properties":{"fid":49976,"gid":16486,"emd_nm":"노형동","signgu_nm":"제주시","cml_fr_idx":1.0,"rank":6743,"anls_id":"50110"},"geometry":{"type":"MultiPolygon","coordinates":[[[[126.46339870490706,33.488410666827086],[126.46338795940102,33.48931248555501],[126.46446424637969,33.489321484722346],[126.46447498073384,33.48841966568837],[126.46339870490706,33.488410666827086]]]]}},{"type":"Feature","properties":{"fid":49992,"gid":16528,"emd_nm":"노형동","signgu_nm":"제주시","cml_fr_idx":1.0,"rank":6759,"anls_id":"50110"},"geometry":{"type":"MultiPolygon","coordinates":[[[[126.47409767360188,33.493911163541014],[126.47408703677495,33.49481298450848],[126.47516339543343,33.49482189203929],[126.47517402110525,33.493920070768915],[126.47409767360188,33.493911163541014]]]]}},{"type":"Feature","properties":{"fid":50028,"gid":16609,"emd_nm":"노형동","signgu_nm":"제주시","cml_fr_idx":1.0,"rank":6795,"anls_id":"50110"},"geometry":{"type":"MultiPolygon","coordinates":[[[[126.46149368204918,33.46765078730629],[126.46148292525982,33.46855260851442],[126.46255895491365,33.46856161932018],[126.46256970056254,33.467659797805496],[126.46149368204918,33.46765078730629]]]]}},{"type":"Feature","properties":{"fid":50066,"gid":16685,"emd_nm":"노형동","signgu_nm":"제주시","cml_fr_idx":1.0,"rank":6834,"anls_id":"50110"},"geometry":{"type":"MultiPolygon","coordinates":[[[[126.46129998654811,33.48388354847756],[126.46128922113493,33.48478536726496],[126.46236545140191,33.48479438358954],[126.46237620566569,33.48389256449547],[126.46129998654811,33.48388354847756]]]]}},{"type":"Feature","properties":{"fid":50071,"gid":16701,"emd_nm":"노형동","signgu_nm":"제주시","cml_fr_idx":1.0,"rank":6839,"anls_id":"50110"},"geometry":{"type":"MultiPolygon","coordinates":[[[[126.48731825740796,33.46786446206127],[126.48730776799523,33.46876629053877],[126.48838380899458,33.4687750772289],[126.48839428726636,33.46787324845249],[126.48731825740796,33.46786446206127]]]]}},{"type":"Feature","properties":{"fid":50178,"gid":16968,"emd_nm":"노형동","signgu_nm":"제주시","cml_fr_idx":1.0,"rank":6946,"anls_id":"50110"},"geometry":{"type":"MultiPolygon","coordinates":[[[[126.48320367404426,33.45159630913007],[126.48319314850679,33.45249813882662],[126.48426898717537,33.45250695746741],[126.4842795015809,33.4516051274708],[126.48320367404426,33.45159630913007]]]]}},{"type":"Feature","properties":{"fid":50182,"gid":16977,"emd_nm":"노형동","signgu_nm":"제주시","cml_fr_idx":1.0,"rank":6950,"anls_id":"50110"},"geometry":{"type":"MultiPolygon","coordinates":[[[[126.48528179684908,33.45792674573363],[126.48527129030144,33.45882857508989],[126.48634720784361,33.458837377161856],[126.48635770325578,33.457935547506125],[126.48528179684908,33.45792674573363]]]]}},{"type":"Feature","properties":{"fid":50361,"gid":17408,"emd_nm":"노형동","signgu_nm":"제주시","cml_fr_idx":1.0,"rank":7129,"anls_id":"50110"},"geometry":{"type":"MultiPolygon","coordinates":[[[[126.46473246191448,33.4667759685296],[126.46472173902397,33.46767779079088],[126.46579775897109,33.46768677327703],[126.46580847072154,33.46678495071018],[126.46473246191448,33.4667759685296]]]]}},{"type":"Feature","properties":{"fid":50369,"gid":17428,"emd_nm":"노형동","signgu_nm":"제주시","cml_fr_idx":1.0,"rank":7137,"anls_id":"50110"},"geometry":{"type":"MultiPolygon","coordinates":[[[[126.47552440301982,33.464159893435934],[126.4755137929478,33.46506171914189],[126.47658978422263,33.465070607343065],[126.47660038315594,33.464168781334706],[126.47552440301982,33.464159893435934]]]]}},{"type":"Feature","properties":{"fid":50446,"gid":17627,"emd_nm":"노형동","signgu_nm":"제주시","cml_fr_idx":1.0,"rank":7214,"anls_id":"50110"},"geometry":{"type":"MultiPolygon","coordinates":[[[[126.46796048976593,33.46680288705909],[126.46794980029557,33.467704710236156],[126.46902582167196,33.46771366470911],[126.46903650000223,33.46681184122741],[126.46796048976593,33.46680288705909]]]]}},{"type":"Feature","properties":{"fid":50521,"gid":17793,"emd_nm":"노형동","signgu_nm":"제주시","cml_fr_idx":1.0,"rank":7289,"anls_id":"50110"},"geometry":{"type":"MultiPolygon","coordinates":[[[[126.48535532958569,33.45161393647929],[126.48534482631213,33.45251576677568],[126.48642066591654,33.452524566751364],[126.48643115805812,33.45162273615554],[126.48535532958569,33.45161393647929]]]]}},{"type":"Feature","properties":{"fid":50599,"gid":17955,"emd_nm":"노형동","signgu_nm":"제주시","cml_fr_idx":1.0,"rank":7367,"anls_id":"50110"},"geometry":{"type":"MultiPolygon","coordinates":[[[[126.47874176818755,33.46508835573467],[126.47873119106087,33.46599018221247],[126.47980719488925,33.46599904270433],[126.47981776087663,33.465097215925084],[126.47874176818755,33.46508835573467]]]]}},{"type":"Feature","properties":{"fid":50616,"gid":17999,"emd_nm":"노형동","signgu_nm":"제주시","cml_fr_idx":1.0,"rank":7384,"anls_id":"50110"},"geometry":{"type":"MultiPolygon","coordinates":[[[[126.46687377939513,33.46769574642545],[126.46686307830826,33.46859756916313],[126.46793911034928,33.46860653327879],[126.46794980029557,33.467704710236156],[126.46687377939513,33.46769574642545]]]]}},{"type":"Feature","properties":{"fid":50621,"gid":18007,"emd_nm":"노형동","signgu_nm":"제주시","cml_fr_idx":1.0,"rank":7389,"anls_id":"50110"},"geometry":{"type":"MultiPolygon","coordinates":[[[[126.4688228430411,33.48484828531861],[126.46881215519831,33.48575010611147],[126.46988839995645,33.48575905733422],[126.46989907664921,33.484857236236934],[126.4688228430411,33.48484828531861]]]]}},{"type":"Feature","properties":{"fid":50636,"gid":18037,"emd_nm":"노형동","signgu_nm":"제주시","cml_fr_idx":1.0,"rank":7404,"anls_id":"50110"},"geometry":{"type":"MultiPolygon","coordinates":[[[[126.46895106004678,33.474026425317],[126.46894037791246,33.47492824772324],[126.47001648890301,33.474937195293165],[126.47002715989325,33.47403537258255],[126.46895106004678,33.474026425317]]]]}},{"type":"Feature","properties":{"fid":50702,"gid":18200,"emd_nm":"노형동","signgu_nm":"제주시","cml_fr_idx":1.0,"rank":7470,"anls_id":"50110"},"geometry":{"type":"MultiPolygon","coordinates":[[[[126.4657549071998,33.47129406219998],[126.4657441930645,33.4721958840946],[126.46682026919619,33.47220485876946],[126.46683097218896,33.47130303656954],[126.4657549071998,33.47129406219998]]]]}},{"type":"Feature","properties":{"fid":50719,"gid":18237,"emd_nm":"노형동","signgu_nm":"제주시","cml_fr_idx":1.0,"rank":7487,"anls_id":"50110"},"geometry":{"type":"MultiPolygon","coordinates":[[[[126.48626322772138,33.466052009572564],[126.48625272810271,33.46695383801948],[126.48732874635368,33.46696263344945],[126.48733923483242,33.46606080470332],[126.48626322772138,33.466052009572564]]]]}},{"type":"Feature","properties":{"fid":50776,"gid":18398,"emd_nm":"노형동","signgu_nm":"제주시","cml_fr_idx":1.0,"rank":7544,"anls_id":"50110"},"geometry":{"type":"MultiPolygon","coordinates":[[[[126.46345242526205,33.48390157117],[126.4634416821477,33.484803390570406],[126.46451791337176,33.48481238820756],[126.4645286453367,33.48391056850114],[126.46345242526205,33.48390157117]]]]}},{"type":"Feature","properties":{"fid":50902,"gid":18695,"emd_nm":"노형동","signgu_nm":"제주시","cml_fr_idx":1.0,"rank":7670,"anls_id":"50110"},"geometry":{"type":"MultiPolygon","coordinates":[[[[126.4657441930645,33.4721958840946],[126.46573347845218,33.47309770585477],[126.46680956572692,33.47310668083492],[126.46682026919619,33.47220485876946],[126.4657441930645,33.4721958840946]]]]}},{"type":"Feature","properties":{"fid":51052,"gid":19101,"emd_nm":"노형동","signgu_nm":"제주시","cml_fr_idx":1.0,"rank":7820,"anls_id":"50110"},"geometry":{"type":"MultiPolygon","coordinates":[[[[126.46362425005954,33.46947244247439],[126.46361351459524,33.4703742640264],[126.46468956748791,33.47038325676798],[126.4647002918107,33.46948143491006],[126.46362425005954,33.46947244247439]]]]}},{"type":"Feature","properties":{"fid":51098,"gid":19202,"emd_nm":"노형동","signgu_nm":"제주시","cml_fr_idx":1.0,"rank":7866,"anls_id":"50110"},"geometry":{"type":"MultiPolygon","coordinates":[[[[126.46902582167196,33.46771366470911],[126.46901514286625,33.46861548805637],[126.4700911758587,33.46862443349589],[126.4701018435238,33.46772260984431],[126.46902582167196,33.46771366470911]]]]}},{"type":"Feature","properties":{"fid":51173,"gid":19344,"emd_nm":"노형동","signgu_nm":"제주시","cml_fr_idx":1.0,"rank":7941,"anls_id":"50110"},"geometry":{"type":"MultiPolygon","coordinates":[[[[126.48218052328654,33.44707833246171],[126.48216998896264,33.447980162529404],[126.48324577150794,33.44798898900083],[126.4832562947024,33.447087158632755],[126.48218052328654,33.44707833246171]]]]}},{"type":"Feature","properties":{"fid":51209,"gid":19417,"emd_nm":"노형동","signgu_nm":"제주시","cml_fr_idx":1.0,"rank":7976,"anls_id":"50110"},"geometry":{"type":"MultiPolygon","coordinates":[[[[126.46768240880648,33.49025024596807],[126.46767170695534,33.491152065649345],[126.46874801814812,33.49116102804486],[126.46875870884628,33.4902592080588],[126.46768240880648,33.49025024596807]]]]}},{"type":"Feature","properties":{"fid":51212,"gid":19423,"emd_nm":"노형동","signgu_nm":"제주시","cml_fr_idx":1.0,"rank":7980,"anls_id":"50110"},"geometry":{"type":"MultiPolygon","coordinates":[[[[126.46563702547189,33.481214095645626],[126.46562630608821,33.482115916061176],[126.46670250482045,33.4821248940947],[126.46671321305615,33.48122307337378],[126.46563702547189,33.481214095645626]]]]}},{"type":"Feature","properties":{"fid":51271,"gid":19565,"emd_nm":"노형동","signgu_nm":"제주시","cml_fr_idx":1.0,"rank":8039,"anls_id":"50110"},"geometry":{"type":"MultiPolygon","coordinates":[[[[126.4828982431113,33.47774931579235],[126.4828877039748,33.47865114159308],[126.48396386568524,33.47865996893887],[126.48397439367542,33.47775814283789],[126.4828982431113,33.47774931579235]]]]}},{"type":"Feature","properties":{"fid":51287,"gid":19604,"emd_nm":"노형동","signgu_nm":"제주시","cml_fr_idx":1.0,"rank":8055,"anls_id":"50110"},"geometry":{"type":"MultiPolygon","coordinates":[[[[126.47871003539467,33.46779383476498],[126.47869945685514,33.46869566083969],[126.47977549410439,33.46870452223592],[126.47978606150313,33.467802695859746],[126.47871003539467,33.46779383476498]]]]}},{"type":"Feature","properties":{"fid":51346,"gid":19734,"emd_nm":"노형동","signgu_nm":"제주시","cml_fr_idx":1.0,"rank":8114,"anls_id":"50110"},"geometry":{"type":"MultiPolygon","coordinates":[[[[126.46576562085805,33.470392240170916],[126.4657549071998,33.47129406219998],[126.46683097218896,33.47130303656954],[126.46684167470521,33.470401214235174],[126.46576562085805,33.470392240170916]]]]}},{"type":"Feature","properties":{"fid":51356,"gid":19762,"emd_nm":"노형동","signgu_nm":"제주시","cml_fr_idx":1.0,"rank":8124,"anls_id":"50110"},"geometry":{"type":"MultiPolygon","coordinates":[[[[126.46689518013955,33.46589210054679],[126.46688448000553,33.46679392355335],[126.46796048976593,33.46680288705909],[126.46797117876037,33.4659010637476],[126.46689518013955,33.46589210054679]]]]}},{"type":"Feature","properties":{"fid":51408,"gid":19904,"emd_nm":"노형동","signgu_nm":"제주시","cml_fr_idx":1.0,"rank":8175,"anls_id":"50110"},"geometry":{"type":"MultiPolygon","coordinates":[[[[126.48641017330779,33.453426397212894],[126.48639968023186,33.454328227540145],[126.48747554256893,33.45433701878154],[126.48748602451188,33.45343518815514],[126.48641017330779,33.453426397212894]]]]}},{"type":"Feature","properties":{"fid":51518,"gid":20170,"emd_nm":"노형동","signgu_nm":"제주시","cml_fr_idx":1.0,"rank":8286,"anls_id":"50110"},"geometry":{"type":"MultiPolygon","coordinates":[[[[126.4722219510784,33.47044594447598],[126.47221130427258,33.47134776833202],[126.47328737211339,33.47135668666738],[126.47329800777702,33.47045486250794],[126.4722219510784,33.47044594447598]]]]}},{"type":"Feature","properties":{"fid":51520,"gid":20176,"emd_nm":"노형동","signgu_nm":"제주시","cml_fr_idx":1.0,"rank":8288,"anls_id":"50110"},"geometry":{"type":"MultiPolygon","coordinates":[[[[126.47220065699274,33.472249592053664],[126.47219000923887,33.473151415640885],[126.47326609936547,33.47316033458301],[126.4732767359762,33.472258510692406],[126.47220065699274,33.472249592053664]]]]}},{"type":"Feature","properties":{"fid":51528,"gid":20196,"emd_nm":"노형동","signgu_nm":"제주시","cml_fr_idx":1.0,"rank":8296,"anls_id":"50110"},"geometry":{"type":"MultiPolygon","coordinates":[[[[126.46897242288871,33.472222780101184],[126.46896174170551,33.47312460277631],[126.47003783040842,33.47313354973752],[126.4700485004485,33.472231726758054],[126.46897242288871,33.472222780101184]]]]}},{"type":"Feature","properties":{"fid":51591,"gid":20313,"emd_nm":"노형동","signgu_nm":"제주시","cml_fr_idx":1.0,"rank":8358,"anls_id":"50110"},"geometry":{"type":"MultiPolygon","coordinates":[[[[126.46258044573302,33.466757976156345],[126.46256970056254,33.467659797805496],[126.4636457195543,33.467668798967026],[126.4636564535848,33.466766977011666],[126.46258044573302,33.466757976156345]]]]}},{"type":"Feature","properties":{"fid":51602,"gid":20333,"emd_nm":"노형동","signgu_nm":"제주시","cml_fr_idx":1.0,"rank":8370,"anls_id":"50110"},"geometry":{"type":"MultiPolygon","coordinates":[[[[126.48307733665901,33.46241825662359],[126.48306680549639,33.46332008470828],[126.4841427777869,33.46332890695053],[126.48415329781164,33.46242707856569],[126.48307733665901,33.46241825662359]]]]}},{"type":"Feature","properties":{"fid":51710,"gid":20608,"emd_nm":"노형동","signgu_nm":"제주시","cml_fr_idx":1.0,"rank":8478,"anls_id":"50110"},"geometry":{"type":"MultiPolygon","coordinates":[[[[126.46255895491365,33.46856161932018],[126.46254820878632,33.469463440700395],[126.46362425005954,33.46947244247439],[126.46363498504589,33.46857062078793],[126.46255895491365,33.46856161932018]]]]}},{"type":"Feature","properties":{"fid":51727,"gid":20659,"emd_nm":"노형동","signgu_nm":"제주시","cml_fr_idx":1.0,"rank":8495,"anls_id":"50110"},"geometry":{"type":"MultiPolygon","coordinates":[[[[126.46908988452267,33.46230272180265],[126.4690792085693,33.463204545956444],[126.47015517472552,33.46321348957014],[126.47016583954128,33.46231166511206],[126.46908988452267,33.46230272180265]]]]}},{"type":"Feature","properties":{"fid":51752,"gid":20705,"emd_nm":"노형동","signgu_nm":"제주시","cml_fr_idx":1.0,"rank":8520,"anls_id":"50110"},"geometry":{"type":"MultiPolygon","coordinates":[[[[126.47303197407999,33.49300042616739],[126.47302132657201,33.49390224696608],[126.47409767360188,33.493911163541014],[126.47410830995526,33.493009342439095],[126.47303197407999,33.49300042616739]]]]}},{"type":"Feature","properties":{"fid":51880,"gid":21027,"emd_nm":"노형동","signgu_nm":"제주시","cml_fr_idx":1.0,"rank":8647,"anls_id":"50110"},"geometry":{"type":"MultiPolygon","coordinates":[[[[126.48111529732354,33.44616766705871],[126.48110475233973,33.44706949696003],[126.48218052328654,33.44707833246171],[126.48219105714145,33.4461765022597],[126.48111529732354,33.44616766705871]]]]}},{"type":"Feature","properties":{"fid":51897,"gid":21066,"emd_nm":"노형동","signgu_nm":"제주시","cml_fr_idx":1.0,"rank":8665,"anls_id":"50110"},"geometry":{"type":"MultiPolygon","coordinates":[[[[126.48732874635368,33.46696263344945],[126.48731825740796,33.46786446206127],[126.48839428726636,33.46787324845249],[126.48840476507164,33.466971419541764],[126.48732874635368,33.46696263344945]]]]}},{"type":"Feature","properties":{"fid":51914,"gid":21106,"emd_nm":"노형동","signgu_nm":"제주시","cml_fr_idx":1.0,"rank":8682,"anls_id":"50110"},"geometry":{"type":"MultiPolygon","coordinates":[[[[126.46566918075962,33.47850863359217],[126.46565846280758,33.47941045441113],[126.46673462809734,33.47941943152857],[126.46674533490292,33.478517610404275],[126.46566918075962,33.47850863359217]]]]}},{"type":"Feature","properties":{"fid":52050,"gid":21435,"emd_nm":"노형동","signgu_nm":"제주시","cml_fr_idx":1.0,"rank":8818,"anls_id":"50110"},"geometry":{"type":"MultiPolygon","coordinates":[[[[126.46670250482045,33.4821248940947],[126.46669179610802,33.483026714681145],[126.4677680064655,33.48303568367691],[126.46777870402946,33.48213386278541],[126.46670250482045,33.4821248940947]]]]}},{"type":"Feature","properties":{"fid":52172,"gid":21738,"emd_nm":"노형동","signgu_nm":"제주시","cml_fr_idx":1.0,"rank":8940,"anls_id":"50110"},"geometry":{"type":"MultiPolygon","coordinates":[[[[126.48538683660058,33.448908444784365],[126.4853763347299,33.44981027548363],[126.48645214093987,33.449819074561],[126.48646263168007,33.448917243562306],[126.48538683660058,33.448908444784365]]]]}},{"type":"Feature","properties":{"fid":52222,"gid":21883,"emd_nm":"노형동","signgu_nm":"제주시","cml_fr_idx":1.0,"rank":8990,"anls_id":"50110"},"geometry":{"type":"MultiPolygon","coordinates":[[[[126.46363498504589,33.46857062078793],[126.46362425005954,33.46947244247439],[126.4647002918107,33.46948143491006],[126.46471101565606,33.468579612917694],[126.46363498504589,33.46857062078793]]]]}},{"type":"Feature","properties":{"fid":52275,"gid":22000,"emd_nm":"노형동","signgu_nm":"제주시","cml_fr_idx":1.0,"rank":9043,"anls_id":"50110"},"geometry":{"type":"MultiPolygon","coordinates":[[[[126.49878319814071,33.40662705212598],[126.49877285151344,33.407528892703674],[126.49984814068713,33.407537565913124],[126.49985847620697,33.40663572504009],[126.49878319814071,33.40662705212598]]]]}},{"type":"Feature","properties":{"fid":52283,"gid":22016,"emd_nm":"노형동","signgu_nm":"제주시","cml_fr_idx":1.0,"rank":9051,"anls_id":"50110"},"geometry":{"type":"MultiPolygon","coordinates":[[[[126.4853973380037,33.448006613950795],[126.48538683660058,33.448908444784365],[126.48646263168007,33.448917243562306],[126.48647312195317,33.44801541242932],[126.4853973380037,33.448006613950795]]]]}},{"type":"Feature","properties":{"fid":52330,"gid":22118,"emd_nm":"노형동","signgu_nm":"제주시","cml_fr_idx":1.0,"rank":9098,"anls_id":"50110"},"geometry":{"type":"MultiPolygon","coordinates":[[[[126.48628422555632,33.46424835227578],[126.48627372687258,33.465150180991344],[126.48734972284417,33.465158975822874],[126.487360210389,33.46425714680811],[126.48628422555632,33.46424835227578]]]]}},{"type":"Feature","properties":{"fid":52355,"gid":22161,"emd_nm":"노형동","signgu_nm":"제주시","cml_fr_idx":1.0,"rank":9123,"anls_id":"50110"},"geometry":{"type":"MultiPolygon","coordinates":[[[[126.47008050771865,33.46952625701306],[126.47006983910362,33.470428080395806],[126.47114589485373,33.470437017105276],[126.47115655232717,33.4695351934185],[126.47008050771865,33.46952625701306]]]]}},{"type":"Feature","properties":{"fid":52418,"gid":22298,"emd_nm":"노형동","signgu_nm":"제주시","cml_fr_idx":1.0,"rank":9186,"anls_id":"50110"},"geometry":{"type":"MultiPolygon","coordinates":[[[[126.46234394143798,33.48659802137417],[126.46233318573776,33.48749984006474],[126.46340944993474,33.487508847964655],[126.46342019448406,33.48660702896774],[126.46234394143798,33.48659802137417]]]]}},{"type":"Feature","properties":{"fid":52427,"gid":22316,"emd_nm":"노형동","signgu_nm":"제주시","cml_fr_idx":1.0,"rank":9195,"anls_id":"50110"},"geometry":{"type":"MultiPolygon","coordinates":[[[[126.47623975456496,33.49483079022274],[126.47622913957568,33.49573261166126],[126.4773055103354,33.4957415007996],[126.47731611416906,33.494839679058785],[126.47623975456496,33.49483079022274]]]]}},{"type":"Feature","properties":{"fid":52503,"gid":22486,"emd_nm":"노형동","signgu_nm":"제주시","cml_fr_idx":1.0,"rank":9271,"anls_id":"50110"},"geometry":{"type":"MultiPolygon","coordinates":[[[[126.48847809664788,33.46065861340604],[126.48846762210763,33.461560443256914],[126.48954357445972,33.461569218220085],[126.48955403786296,33.460667388070654],[126.48847809664788,33.46065861340604]]]]}},{"type":"Feature","properties":{"fid":52514,"gid":22508,"emd_nm":"노형동","signgu_nm":"제주시","cml_fr_idx":1.0,"rank":9282,"anls_id":"50110"},"geometry":{"type":"MultiPolygon","coordinates":[[[[126.46878008881475,33.488455567683275],[126.46876939906846,33.48935738793827],[126.46984568843169,33.48936634037884],[126.46985636702597,33.488464519819374],[126.46878008881475,33.488455567683275]]]]}},{"type":"Feature","properties":{"fid":52555,"gid":22625,"emd_nm":"노형동","signgu_nm":"제주시","cml_fr_idx":1.0,"rank":9323,"anls_id":"50110"},"geometry":{"type":"MultiPolygon","coordinates":[[[[126.46456083836483,33.48120510857499],[126.46455010783322,33.48210692868486],[126.46562630608821,33.482115916061176],[126.46563702547189,33.481214095645626],[126.46456083836483,33.48120510857499]]]]}},{"type":"Feature","properties":{"fid":52683,"gid":22972,"emd_nm":"노형동","signgu_nm":"제주시","cml_fr_idx":1.0,"rank":9451,"anls_id":"50110"},"geometry":{"type":"MultiPolygon","coordinates":[[[[126.46358130533436,33.47307972787561],[126.463570567958,33.47398154888975],[126.46464666542163,33.473990542855084],[126.46465739165448,33.47308872153499],[126.46358130533436,33.47307972787561]]]]}},{"type":"Feature","properties":{"fid":52757,"gid":23177,"emd_nm":"노형동","signgu_nm":"제주시","cml_fr_idx":1.0,"rank":9525,"anls_id":"50110"},"geometry":{"type":"MultiPolygon","coordinates":[[[[126.47229646544778,33.464133173720256],[126.47228582195964,33.46503499851714],[126.47336181181579,33.46504391472892],[126.47337244416525,33.46414208962869],[126.47229646544778,33.464133173720256]]]]}},{"type":"Feature","properties":{"fid":52764,"gid":23204,"emd_nm":"노형동","signgu_nm":"제주시","cml_fr_idx":1.0,"rank":9532,"anls_id":"50110"},"geometry":{"type":"MultiPolygon","coordinates":[[[[126.46240846558443,33.48118710640632],[126.46239771275692,33.482088925903874],[126.46347391005594,33.482097931965754],[126.46348465173553,33.48119611216188],[126.46240846558443,33.48118710640632]]]]}},{"type":"Feature","properties":{"fid":52904,"gid":23522,"emd_nm":"노형동","signgu_nm":"제주시","cml_fr_idx":1.0,"rank":9672,"anls_id":"50110"},"geometry":{"type":"MultiPolygon","coordinates":[[[[126.48540783893924,33.44710478298294],[126.4853973380037,33.448006613950795],[126.48647312195317,33.44801541242932],[126.4864836117592,33.44711358116206],[126.48540783893924,33.44710478298294]]]]}},{"type":"Feature","properties":{"fid":52961,"gid":23648,"emd_nm":"노형동","signgu_nm":"제주시","cml_fr_idx":1.0,"rank":9728,"anls_id":"50110"},"geometry":{"type":"MultiPolygon","coordinates":[[[[126.47890036858895,33.45156094244512],[126.47888979852392,33.452462770938155],[126.47996563531491,33.45247162690903],[126.47997619424808,33.45156979811464],[126.47890036858895,33.45156094244512]]]]}},{"type":"Feature","properties":{"fid":53012,"gid":23773,"emd_nm":"노형동","signgu_nm":"제주시","cml_fr_idx":1.0,"rank":9780,"anls_id":"50110"},"geometry":{"type":"MultiPolygon","coordinates":[[[[126.4840059748338,33.47505266372877],[126.48399544824969,33.47595449023283],[126.48507157699137,33.47596330733705],[126.48508209243062,33.475061480533064],[126.4840059748338,33.47505266372877]]]]}},{"type":"Feature","properties":{"fid":53048,"gid":23857,"emd_nm":"노형동","signgu_nm":"제주시","cml_fr_idx":1.0,"rank":9816,"anls_id":"50110"},"geometry":{"type":"MultiPolygon","coordinates":[[[[126.4699738001908,33.478544484791264],[126.46996312682485,33.4794463068297],[126.47103929401842,33.47945524657964],[126.4710499562378,33.47855342423712],[126.4699738001908,33.478544484791264]]]]}},{"type":"Feature","properties":{"fid":53283,"gid":24463,"emd_nm":"노형동","signgu_nm":"제주시","cml_fr_idx":1.0,"rank":10051,"anls_id":"50110"},"geometry":{"type":"MultiPolygon","coordinates":[[[[126.4830983975777,33.46061460005125],[126.4830878673528,33.46151642840459],[126.48416381736804,33.46152525004653],[126.48417433645605,33.46062342139305],[126.4830983975777,33.46061460005125]]]]}},{"type":"Feature","properties":{"fid":53358,"gid":24620,"emd_nm":"노형동","signgu_nm":"제주시","cml_fr_idx":1.0,"rank":10126,"anls_id":"50110"},"geometry":{"type":"MultiPolygon","coordinates":[[[[126.47196629686673,33.49208967991933],[126.47195563867872,33.49299150054895],[126.47303197407999,33.49300042616739],[126.47304262111392,33.492098605234226],[126.47196629686673,33.49208967991933]]]]}},{"type":"Feature","properties":{"fid":53372,"gid":24639,"emd_nm":"노형동","signgu_nm":"제주시","cml_fr_idx":1.0,"rank":10139,"anls_id":"50110"},"geometry":{"type":"MultiPolygon","coordinates":[[[[126.4822015905273,33.44527467192338],[126.48219105714145,33.4461765022597],[126.48326681742833,33.44618532813038],[126.48327733968576,33.44528349749371],[126.4822015905273,33.44527467192338]]]]}},{"type":"Feature","properties":{"fid":53416,"gid":24738,"emd_nm":"노형동","signgu_nm":"제주시","cml_fr_idx":1.0,"rank":10184,"anls_id":"50110"},"geometry":{"type":"MultiPolygon","coordinates":[[[[126.48088319918807,33.46600789385892],[126.48087264387004,33.46690972080495],[126.48194865977862,33.4669185629231],[126.48195920395682,33.46601673567626],[126.48088319918807,33.46600789385892]]]]}},{"type":"Feature","properties":{"fid":53619,"gid":25241,"emd_nm":"노형동","signgu_nm":"제주시","cml_fr_idx":1.0,"rank":10387,"anls_id":"50110"},"geometry":{"type":"MultiPolygon","coordinates":[[[[126.48292985770563,33.47504383758397],[126.48291931997669,33.4759456637878],[126.48399544824969,33.47595449023283],[126.4840059748338,33.47505266372877],[126.48292985770563,33.47504383758397]]]]}},{"type":"Feature","properties":{"fid":53641,"gid":25291,"emd_nm":"노형동","signgu_nm":"제주시","cml_fr_idx":1.0,"rank":10409,"anls_id":"50110"},"geometry":{"type":"MultiPolygon","coordinates":[[[[126.47219000923887,33.473151415640885],[126.47217936101093,33.474053239093685],[126.47325546228117,33.47406215833922],[126.47326609936547,33.47316033458301],[126.47219000923887,33.473151415640885]]]]}},{"type":"Feature","properties":{"fid":53713,"gid":25492,"emd_nm":"노형동","signgu_nm":"제주시","cml_fr_idx":1.0,"rank":10481,"anls_id":"50110"},"geometry":{"type":"MultiPolygon","coordinates":[[[[126.46562630608821,33.482115916061176],[126.46561558622729,33.48301773634224],[126.46669179610802,33.483026714681145],[126.46670250482045,33.4821248940947],[126.46562630608821,33.482115916061176]]]]}},{"type":"Feature","properties":{"fid":53714,"gid":25497,"emd_nm":"노형동","signgu_nm":"제주시","cml_fr_idx":1.0,"rank":10482,"anls_id":"50110"},"geometry":{"type":"MultiPolygon","coordinates":[[[[126.4711672093261,33.46863336959732],[126.47115655232717,33.4695351934185],[126.47223259741017,33.469544120485516],[126.47224324326797,33.46864229636065],[126.4711672093261,33.46863336959732]]]]}},{"type":"Feature","properties":{"fid":53808,"gid":25734,"emd_nm":"노형동","signgu_nm":"제주시","cml_fr_idx":1.0,"rank":10576,"anls_id":"50110"},"geometry":{"type":"MultiPolygon","coordinates":[[[[126.4690578552365,33.46500819386077],[126.46904717785706,33.4659100176113],[126.47012317742917,33.46591896213788],[126.4701338436695,33.46501713808305],[126.4690578552365,33.46500819386077]]]]}},{"type":"Feature","properties":{"fid":53822,"gid":25775,"emd_nm":"노형동","signgu_nm":"제주시","cml_fr_idx":1.0,"rank":10590,"anls_id":"50110"},"geometry":{"type":"MultiPolygon","coordinates":[[[[126.46579775897109,33.46768677327703],[126.4657870467437,33.468588595709434],[126.46686307830826,33.46859756916313],[126.46687377939513,33.46769574642545],[126.46579775897109,33.46768677327703]]]]}},{"type":"Feature","properties":{"fid":53831,"gid":25792,"emd_nm":"노형동","signgu_nm":"제주시","cml_fr_idx":1.0,"rank":10599,"anls_id":"50110"},"geometry":{"type":"MultiPolygon","coordinates":[[[[126.46353835296057,33.476687011125364],[126.46352761367187,33.47758883160162],[126.46460375571438,33.47759782679078],[126.4646144838576,33.47669600600856],[126.46353835296057,33.476687011125364]]]]}},{"type":"Feature","properties":{"fid":53909,"gid":25965,"emd_nm":"노형동","signgu_nm":"제주시","cml_fr_idx":1.0,"rank":10677,"anls_id":"50110"},"geometry":{"type":"MultiPolygon","coordinates":[[[[126.48516619909269,33.46784686126487],[126.48515568739812,33.46874868914357],[126.48623172746294,33.468757494510314],[126.48624222801658,33.467855666332056],[126.48516619909269,33.46784686126487]]]]}},{"type":"Feature","properties":{"fid":53922,"gid":25990,"emd_nm":"노형동","signgu_nm":"제주시","cml_fr_idx":1.0,"rank":10690,"anls_id":"50110"},"geometry":{"type":"MultiPolygon","coordinates":[[[[126.48107311457105,33.44977498585816],[126.481062567709,33.45067681522223],[126.48213838317649,33.45068565192666],[126.48214891890761,33.4497838222619],[126.48107311457105,33.44977498585816]]]]}},{"type":"Feature","properties":{"fid":54068,"gid":26362,"emd_nm":"노형동","signgu_nm":"제주시","cml_fr_idx":1.0,"rank":10836,"anls_id":"50110"},"geometry":{"type":"MultiPolygon","coordinates":[[[[126.4710606179825,33.477651601760186],[126.4710499562378,33.47855342423712],[126.47212611275947,33.478562354341385],[126.47213676335808,33.477660531560694],[126.4710606179825,33.477651601760186]]]]}},{"type":"Feature","properties":{"fid":54087,"gid":26413,"emd_nm":"노형동","signgu_nm":"제주시","cml_fr_idx":1.0,"rank":10855,"anls_id":"50110"},"geometry":{"type":"MultiPolygon","coordinates":[[[[126.4787946467576,33.46057922133023],[126.47878407198532,33.461481048479826],[126.47986002012215,33.46148990746453],[126.47987058375764,33.46058808001353],[126.4787946467576,33.46057922133023]]]]}},{"type":"Feature","properties":{"fid":54131,"gid":26517,"emd_nm":"노형동","signgu_nm":"제주시","cml_fr_idx":1.0,"rank":10899,"anls_id":"50110"},"geometry":{"type":"MultiPolygon","coordinates":[[[[126.45920148110713,33.47935639552819],[126.45919069579637,33.480258214373876],[126.46026686936247,33.48026724784945],[126.46027764352635,33.47936542869649],[126.45920148110713,33.47935639552819]]]]}},{"type":"Feature","properties":{"fid":54326,"gid":26922,"emd_nm":"노형동","signgu_nm":"제주시","cml_fr_idx":1.0,"rank":11094,"anls_id":"50110"},"geometry":{"type":"MultiPolygon","coordinates":[[[[126.47766577596938,33.465079486207316],[126.47765518770342,33.46598131238336],[126.47873119106087,33.46599018221247],[126.47874176818755,33.46508835573467],[126.47766577596938,33.465079486207316]]]]}},{"type":"Feature","properties":{"fid":54397,"gid":27078,"emd_nm":"노형동","signgu_nm":"제주시","cml_fr_idx":1.0,"rank":11165,"anls_id":"50110"},"geometry":{"type":"MultiPolygon","coordinates":[[[[126.49979645618383,33.412046768266386],[126.49978611790218,33.41294860833464],[126.50086147419142,33.41295727399745],[126.5008718013626,33.41205543363415],[126.49979645618383,33.412046768266386]]]]}},{"type":"Feature","properties":{"fid":54435,"gid":27152,"emd_nm":"노형동","signgu_nm":"제주시","cml_fr_idx":1.0,"rank":11202,"anls_id":"50110"},"geometry":{"type":"MultiPolygon","coordinates":[[[[126.4877374511797,33.43179121283959],[126.487726980432,33.432693046688385],[126.48880257618026,33.43270182142649],[126.48881303580687,33.431799987279],[126.4877374511797,33.43179121283959]]]]}},{"type":"Feature","properties":{"fid":54529,"gid":27321,"emd_nm":"노형동","signgu_nm":"제주시","cml_fr_idx":1.0,"rank":11297,"anls_id":"50110"},"geometry":{"type":"MultiPolygon","coordinates":[[[[126.48990951651497,33.43000508309876],[126.48989906893998,33.430906917813054],[126.49097464337744,33.430915673303815],[126.49098507983227,33.43001383829149],[126.48990951651497,33.43000508309876]]]]}},{"type":"Feature","properties":{"fid":54621,"gid":27482,"emd_nm":"노형동","signgu_nm":"제주시","cml_fr_idx":1.0,"rank":11389,"anls_id":"50110"},"geometry":{"type":"MultiPolygon","coordinates":[[[[126.47433156402498,33.47407106824472],[126.47432093761124,33.47497289216961],[126.47539705097235,33.47498179303783],[126.4754076662419,33.474079968810166],[126.47433156402498,33.47407106824472]]]]}},{"type":"Feature","properties":{"fid":54665,"gid":27568,"emd_nm":"노형동","signgu_nm":"제주시","cml_fr_idx":1.0,"rank":11433,"anls_id":"50110"},"geometry":{"type":"MultiPolygon","coordinates":[[[[126.48191702442722,33.469624043857486],[126.48190647837104,33.47052587056693],[126.48298253931345,33.4705347045495],[126.48299307422778,33.469632877539546],[126.48191702442722,33.469624043857486]]]]}},{"type":"Feature","properties":{"fid":54796,"gid":27815,"emd_nm":"노형동","signgu_nm":"제주시","cml_fr_idx":1.0,"rank":11564,"anls_id":"50110"},"geometry":{"type":"MultiPolygon","coordinates":[[[[126.48194865977862,33.4669185629231],[126.48193811513099,33.46782039003558],[126.48301414264938,33.4678292231166],[126.48302467615669,33.466927395703635],[126.48194865977862,33.4669185629231]]]]}},{"type":"Feature","properties":{"fid":54808,"gid":27831,"emd_nm":"노형동","signgu_nm":"제주시","cml_fr_idx":1.0,"rank":11576,"anls_id":"50110"},"geometry":{"type":"MultiPolygon","coordinates":[[[[126.46892969530255,33.475830069995055],[126.46891901221701,33.476731892132435],[126.4699951454972,33.476740840311095],[126.47000581743765,33.475839017869355],[126.46892969530255,33.475830069995055]]]]}},{"type":"Feature","properties":{"fid":54817,"gid":27845,"emd_nm":"노형동","signgu_nm":"제주시","cml_fr_idx":1.0,"rank":11584,"anls_id":"50110"},"geometry":{"type":"MultiPolygon","coordinates":[[[[126.48993041026941,33.42820141326748],[126.48991996362477,33.429103248250236],[126.49099551582239,33.42911200314495],[126.49100595134784,33.42821016786417],[126.48993041026941,33.42820141326748]]]]}},{"type":"Feature","properties":{"fid":55027,"gid":28245,"emd_nm":"노형동","signgu_nm":"제주시","cml_fr_idx":1.0,"rank":11794,"anls_id":"50110"},"geometry":{"type":"MultiPolygon","coordinates":[[[[126.50652569501943,33.387748840498986],[126.50651543574345,33.38865068595284],[126.50759049497282,33.38865928778973],[126.50760074315158,33.38775744204289],[126.50652569501943,33.387748840498986]]]]}},{"type":"Feature","properties":{"fid":55152,"gid":28481,"emd_nm":"노형동","signgu_nm":"제주시","cml_fr_idx":1.0,"rank":11920,"anls_id":"50110"},"geometry":{"type":"MultiPolygon","coordinates":[[[[126.50096472521206,33.40393886432878],[126.50095440217888,33.40484070589919],[126.50202965895157,33.404849359590806],[126.50203997087871,33.403947517725705],[126.50096472521206,33.40393886432878]]]]}},{"type":"Feature","properties":{"fid":55307,"gid":28802,"emd_nm":"노형동","signgu_nm":"제주시","cml_fr_idx":1.0,"rank":12075,"anls_id":"50110"},"geometry":{"type":"MultiPolygon","coordinates":[[[[126.45808213045342,33.48295462636351],[126.45807133207296,33.483856444363575],[126.45914754975125,33.48386548841159],[126.45915833698287,33.48296367010393],[126.45808213045342,33.48295462636351]]]]}},{"type":"Feature","properties":{"fid":55435,"gid":29074,"emd_nm":"노형동","signgu_nm":"제주시","cml_fr_idx":1.0,"rank":12202,"anls_id":"50110"},"geometry":{"type":"MultiPolygon","coordinates":[[[[126.46582989279179,33.46498130517316],[126.4658191819951,33.46588312800888],[126.46689518013955,33.46589210054679],[126.46690587979714,33.46499027740581],[126.46582989279179,33.46498130517316]]]]}},{"type":"Feature","properties":{"fid":55465,"gid":29128,"emd_nm":"노형동","signgu_nm":"제주시","cml_fr_idx":1.0,"rank":12233,"anls_id":"50110"},"geometry":{"type":"MultiPolygon","coordinates":[[[[126.49445091592905,33.40929778508132],[126.49444052348385,33.410199624072035],[126.49551584413672,33.41020833543868],[126.49552622547301,33.40930649615135],[126.49445091592905,33.40929778508132]]]]}},{"type":"Feature","properties":{"fid":55565,"gid":29299,"emd_nm":"노형동","signgu_nm":"제주시","cml_fr_idx":1.0,"rank":12333,"anls_id":"50110"},"geometry":{"type":"MultiPolygon","coordinates":[[[[126.49551584413672,33.41020833543868],[126.4955054623381,33.41111017459187],[126.49658079456265,33.41111887693707],[126.49659116525186,33.41021703748756],[126.49551584413672,33.41020833543868]]]]}},{"type":"Feature","properties":{"fid":55703,"gid":29551,"emd_nm":"노형동","signgu_nm":"제주시","cml_fr_idx":1.0,"rank":12471,"anls_id":"50110"},"geometry":{"type":"MultiPolygon","coordinates":[[[[126.4701765038822,33.46140984051959],[126.47016583954128,33.46231166511206],[126.47124179503473,33.46232059908562],[126.47125244823849,33.461418774189184],[126.4701765038822,33.46140984051959]]]]}},{"type":"Feature","properties":{"fid":55869,"gid":29865,"emd_nm":"노형동","signgu_nm":"제주시","cml_fr_idx":1.0,"rank":12637,"anls_id":"50110"},"geometry":{"type":"MultiPolygon","coordinates":[[[[126.47016583954128,33.46231166511206],[126.47015517472552,33.46321348957014],[126.47123114135663,33.46322242384765],[126.47124179503473,33.46232059908562],[126.47016583954128,33.46231166511206]]]]}},{"type":"Feature","properties":{"fid":55920,"gid":29965,"emd_nm":"노형동","signgu_nm":"제주시","cml_fr_idx":1.0,"rank":12688,"anls_id":"50110"},"geometry":{"type":"MultiPolygon","coordinates":[[[[126.49449248108228,33.40569042777689],[126.49448209048806,33.40659226730422],[126.4955573667084,33.40660097748443],[126.49556774619573,33.40569913766049],[126.49449248108228,33.40569042777689]]]]}},{"type":"Feature","properties":{"fid":55987,"gid":30091,"emd_nm":"노형동","signgu_nm":"제주시","cml_fr_idx":1.0,"rank":12755,"anls_id":"50110"},"geometry":{"type":"MultiPolygon","coordinates":[[[[126.49437815909356,33.415610655198854],[126.49436776340848,33.416512493250394],[126.49544316183724,33.41652120669358],[126.49545354641,33.41561936834537],[126.49437815909356,33.415610655198854]]]]}},{"type":"Feature","properties":{"fid":56129,"gid":30374,"emd_nm":"노형동","signgu_nm":"제주시","cml_fr_idx":1.0,"rank":12896,"anls_id":"50110"},"geometry":{"type":"MultiPolygon","coordinates":[[[[126.49543277680206,33.417423044907615],[126.49542239130442,33.418324882987484],[126.49649781242181,33.41833358770338],[126.49650818680611,33.41743174932715],[126.49543277680206,33.417423044907615]]]]}},{"type":"Feature","properties":{"fid":56177,"gid":30466,"emd_nm":"노형동","signgu_nm":"제주시","cml_fr_idx":1.0,"rank":12945,"anls_id":"50110"},"geometry":{"type":"MultiPolygon","coordinates":[[[[126.48462621445357,33.42184466224927],[126.48461571548633,33.42274649667691],[126.48569118752994,33.42275529609621],[126.48570167538156,33.42185346136901],[126.48462621445357,33.42184466224927]]]]}},{"type":"Feature","properties":{"fid":56233,"gid":30564,"emd_nm":"노형동","signgu_nm":"제주시","cml_fr_idx":1.0,"rank":13001,"anls_id":"50110"},"geometry":{"type":"MultiPolygon","coordinates":[[[[126.51298618288652,33.38689846277128],[126.51297599064803,33.38780031011233],[126.51405104151101,33.3878088557961],[126.51406122265267,33.38690700816398],[126.51298618288652,33.38689846277128]]]]}},{"type":"Feature","properties":{"fid":56235,"gid":30566,"emd_nm":"노형동","signgu_nm":"제주시","cml_fr_idx":1.0,"rank":13003,"anls_id":"50110"},"geometry":{"type":"MultiPolygon","coordinates":[[[[126.48666186701874,33.43178242907487],[126.48665138514994,33.43268426262469],[126.487726980432,33.432693046688385],[126.4877374511797,33.43179121283959],[126.48666186701874,33.43178242907487]]]]}},{"type":"Feature","properties":{"fid":56237,"gid":30572,"emd_nm":"노형동","signgu_nm":"제주시","cml_fr_idx":1.0,"rank":13005,"anls_id":"50110"},"geometry":{"type":"MultiPolygon","coordinates":[[[[126.49114157090166,33.41648629700106],[126.49113114141527,33.41738813402652],[126.49220654956656,33.417396875727206],[126.49221696794017,33.41649503840413],[126.49114157090166,33.41648629700106]]]]}},{"type":"Feature","properties":{"fid":56281,"gid":30654,"emd_nm":"노형동","signgu_nm":"제주시","cml_fr_idx":1.0,"rank":13049,"anls_id":"50110"},"geometry":{"type":"MultiPolygon","coordinates":[[[[126.48187483738516,33.47323134988908],[126.48186428945068,33.474133176061066],[126.48294039496542,33.474142011245796],[126.48295093175606,33.47324018477324],[126.48187483738516,33.47323134988908]]]]}},{"type":"Feature","properties":{"fid":56306,"gid":30697,"emd_nm":"노형동","signgu_nm":"제주시","cml_fr_idx":1.0,"rank":13074,"anls_id":"50110"},"geometry":{"type":"MultiPolygon","coordinates":[[[[126.47997619424808,33.45156979811464],[126.47996563531491,33.45247162690903],[126.48104147257607,33.4524804735474],[126.48105202037733,33.451578644451985],[126.47997619424808,33.45156979811464]]]]}},{"type":"Feature","properties":{"fid":56499,"gid":31054,"emd_nm":"노형동","signgu_nm":"제주시","cml_fr_idx":1.0,"rank":13267,"anls_id":"50110"},"geometry":{"type":"MultiPolygon","coordinates":[[[[126.50753924723269,33.39316851451321],[126.50752899631529,33.39407035945576],[126.50860412259483,33.39407895373851],[126.50861436241205,33.39317710850326],[126.50753924723269,33.39316851451321]]]]}},{"type":"Feature","properties":{"fid":56516,"gid":31078,"emd_nm":"노형동","signgu_nm":"제주시","cml_fr_idx":1.0,"rank":13284,"anls_id":"50110"},"geometry":{"type":"MultiPolygon","coordinates":[[[[126.51187032750656,33.39049729546333],[126.51186012235357,33.39139914197688],[126.51293521715483,33.39140769813636],[126.51294541120906,33.39050585133138],[126.51187032750656,33.39049729546333]]]]}},{"type":"Feature","properties":{"fid":56553,"gid":31137,"emd_nm":"노형동","signgu_nm":"제주시","cml_fr_idx":1.0,"rank":13321,"anls_id":"50110"},"geometry":{"type":"MultiPolygon","coordinates":[[[[126.51405104151101,33.3878088557961],[126.51404085991595,33.38871070329422],[126.51511592232968,33.38871923995872],[126.5151260928274,33.387817392169815],[126.51405104151101,33.3878088557961]]]]}},{"type":"Feature","properties":{"fid":56633,"gid":31274,"emd_nm":"노형동","signgu_nm":"제주시","cml_fr_idx":1.0,"rank":13401,"anls_id":"50110"},"geometry":{"type":"MultiPolygon","coordinates":[[[[126.47983889144015,33.463293561963525],[126.47982832639359,33.46419538901147],[126.48090430841427,33.464204239563834],[126.48091486232252,33.46330241221476],[126.47983889144015,33.463293561963525]]]]}},{"type":"Feature","properties":{"fid":56675,"gid":31362,"emd_nm":"노형동","signgu_nm":"제주시","cml_fr_idx":1.0,"rank":13443,"anls_id":"50110"},"geometry":{"type":"MultiPolygon","coordinates":[[[[126.47546073550112,33.469570845655916],[126.47545012259437,33.47047267055555],[126.47652618071207,33.47048156057118],[126.4765367824771,33.4695797353691],[126.47546073550112,33.469570845655916]]]]}},{"type":"Feature","properties":{"fid":56700,"gid":31408,"emd_nm":"노형동","signgu_nm":"제주시","cml_fr_idx":1.0,"rank":13467,"anls_id":"50110"},"geometry":{"type":"MultiPolygon","coordinates":[[[[126.48557579033461,33.432675469235384],[126.4855652968775,33.433577302351615],[126.48664090281439,33.43358609604024],[126.48665138514994,33.43268426262469],[126.48557579033461,33.432675469235384]]]]}},{"type":"Feature","properties":{"fid":56810,"gid":31628,"emd_nm":"노형동","signgu_nm":"제주시","cml_fr_idx":1.0,"rank":13578,"anls_id":"50110"},"geometry":{"type":"MultiPolygon","coordinates":[[[[126.49108941882528,33.420995480786345],[126.49107898701658,33.421897317140804],[126.49215445073914,33.421906060329704],[126.49216487143259,33.421004223677585],[126.49108941882528,33.420995480786345]]]]}},{"type":"Feature","properties":{"fid":56865,"gid":31720,"emd_nm":"노형동","signgu_nm":"제주시","cml_fr_idx":1.0,"rank":13633,"anls_id":"50110"},"geometry":{"type":"MultiPolygon","coordinates":[[[[126.48653605378395,33.442604422811506],[126.48652556631299,33.443506254750176],[126.4876012950869,33.44351504240228],[126.48761177143084,33.44261321016455],[126.48653605378395,33.442604422811506]]]]}},{"type":"Feature","properties":{"fid":56879,"gid":31735,"emd_nm":"노형동","signgu_nm":"제주시","cml_fr_idx":1.0,"rank":13646,"anls_id":"50110"},"geometry":{"type":"MultiPolygon","coordinates":[[[[126.51062150608954,33.40582009782551],[126.51061128210071,33.406721941768524],[126.51168656520234,33.4067305121998],[126.51169677808402,33.40582866796494],[126.51062150608954,33.40582009782551]]]]}},{"type":"Feature","properties":{"fid":56910,"gid":31796,"emd_nm":"노형동","signgu_nm":"제주시","cml_fr_idx":1.0,"rank":13678,"anls_id":"50110"},"geometry":{"type":"MultiPolygon","coordinates":[[[[126.4867247484312,33.42637142495686],[126.4867142693624,33.42727325931215],[126.48778979792527,33.427282041581975],[126.48780026587595,33.426380206927746],[126.4867247484312,33.42637142495686]]]]}},{"type":"Feature","properties":{"fid":56986,"gid":31970,"emd_nm":"노형동","signgu_nm":"제주시","cml_fr_idx":1.0,"rank":13754,"anls_id":"50110"},"geometry":{"type":"MultiPolygon","coordinates":[[[[126.48318262250066,33.45339996838884],[126.48317209602588,33.454301797816775],[126.48424795695982,33.45431061705775],[126.48425847230169,33.453408787329735],[126.48318262250066,33.45339996838884]]]]}},{"type":"Feature","properties":{"fid":57059,"gid":32111,"emd_nm":"노형동","signgu_nm":"제주시","cml_fr_idx":1.0,"rank":13827,"anls_id":"50110"},"geometry":{"type":"MultiPolygon","coordinates":[[[[126.47765518770342,33.46598131238336],[126.47764459896604,33.46688313842504],[126.47872061346325,33.46689200855592],[126.47873119106087,33.46599018221247],[126.47765518770342,33.46598131238336]]]]}},{"type":"Feature","properties":{"fid":57062,"gid":32115,"emd_nm":"노형동","signgu_nm":"제주시","cml_fr_idx":1.0,"rank":13829,"anls_id":"50110"},"geometry":{"type":"MultiPolygon","coordinates":[[[[126.48737069746687,33.46335531765903],[126.487360210389,33.46425714680811],[126.48843619568858,33.464265932003705],[126.48844667162803,33.463364102555744],[126.48737069746687,33.46335531765903]]]]}},{"type":"Feature","properties":{"fid":57069,"gid":32129,"emd_nm":"노형동","signgu_nm":"제주시","cml_fr_idx":1.0,"rank":13837,"anls_id":"50110"},"geometry":{"type":"MultiPolygon","coordinates":[[[[126.50637175789781,33.40127650823054],[126.50636149176651,33.40217835167342],[126.50743671751343,33.40218695790588],[126.50744697254011,33.40128511416992],[126.50637175789781,33.40127650823054]]]]}},{"type":"Feature","properties":{"fid":57180,"gid":32326,"emd_nm":"노형동","signgu_nm":"제주시","cml_fr_idx":1.0,"rank":13948,"anls_id":"50110"},"geometry":{"type":"MultiPolygon","coordinates":[[[[126.48784213301771,33.422772866968515],[126.48783166693137,33.423674702159666],[126.48890715149071,33.42368347391126],[126.48891760646087,33.4227816384215],[126.48784213301771,33.422772866968515]]]]}},{"type":"Feature","properties":{"fid":57207,"gid":32374,"emd_nm":"노형동","signgu_nm":"제주시","cml_fr_idx":1.0,"rank":13975,"anls_id":"50110"},"geometry":{"type":"MultiPolygon","coordinates":[[[[126.4644857146101,33.48751784651989],[126.46447498073384,33.48841966568837],[126.46555125703847,33.48842865520464],[126.46556197976331,33.48752683573045],[126.4644857146101,33.48751784651989]]]]}},{"type":"Feature","properties":{"fid":57282,"gid":32509,"emd_nm":"노형동","signgu_nm":"제주시","cml_fr_idx":1.0,"rank":14050,"anls_id":"50110"},"geometry":{"type":"MultiPolygon","coordinates":[[[[126.48884441189234,33.42909448403116],[126.48883395366288,33.42999631858135],[126.48990951651497,33.43000508309876],[126.48991996362477,33.429103248250236],[126.48884441189234,33.42909448403116]]]]}},{"type":"Feature","properties":{"fid":57344,"gid":32625,"emd_nm":"노형동","signgu_nm":"제주시","cml_fr_idx":1.0,"rank":14112,"anls_id":"50110"},"geometry":{"type":"MultiPolygon","coordinates":[[[[126.5053787451262,33.39405314295363],[126.50536847155092,33.394954987175744],[126.50644360801763,33.39496360037625],[126.50645387049224,33.3940617558608],[126.5053787451262,33.39405314295363]]]]}},{"type":"Feature","properties":{"fid":57376,"gid":32673,"emd_nm":"노형동","signgu_nm":"제주시","cml_fr_idx":1.0,"rank":14143,"anls_id":"50110"},"geometry":{"type":"MultiPolygon","coordinates":[[[[126.47886865698193,33.45426642752125],[126.47885808550495,33.45516825561128],[126.4799339556945,33.45517711248624],[126.47994451603816,33.454275284094834],[126.47886865698193,33.45426642752125]]]]}},{"type":"Feature","properties":{"fid":57508,"gid":32934,"emd_nm":"노형동","signgu_nm":"제주시","cml_fr_idx":1.0,"rank":14276,"anls_id":"50110"},"geometry":{"type":"MultiPolygon","coordinates":[[[[126.48517671031924,33.46694503325183],[126.48516619909269,33.46784686126487],[126.48624222801658,33.467855666332056],[126.48625272810271,33.46695383801948],[126.48517671031924,33.46694503325183]]]]}},{"type":"Feature","properties":{"fid":57607,"gid":33143,"emd_nm":"노형동","signgu_nm":"제주시","cml_fr_idx":1.0,"rank":14375,"anls_id":"50110"},"geometry":{"type":"MultiPolygon","coordinates":[[[[126.52058226006406,33.38064513566012],[126.52057214865641,33.381546985969834],[126.52164712501447,33.381555464460945],[126.5216572253286,33.38065361386241],[126.52058226006406,33.38064513566012]]]]}},{"type":"Feature","properties":{"fid":57663,"gid":33258,"emd_nm":"노형동","signgu_nm":"제주시","cml_fr_idx":1.0,"rank":14431,"anls_id":"50110"},"geometry":{"type":"MultiPolygon","coordinates":[[[[126.45592971883724,33.482936510853634],[126.4559188981592,33.483838328237546],[126.45699511487545,33.48384739097222],[126.45700592440473,33.48294557328008],[126.45592971883724,33.482936510853634]]]]}},{"type":"Feature","properties":{"fid":57754,"gid":33424,"emd_nm":"노형동","signgu_nm":"제주시","cml_fr_idx":1.0,"rank":14522,"anls_id":"50110"},"geometry":{"type":"MultiPolygon","coordinates":[[[[126.50739569283976,33.40579433150903],[126.50738543552951,33.40669617457461],[126.50846071726379,33.40670477295591],[126.50847096346693,33.405802929597535],[126.50739569283976,33.40579433150903]]]]}},{"type":"Feature","properties":{"fid":57816,"gid":33539,"emd_nm":"노형동","signgu_nm":"제주시","cml_fr_idx":1.0,"rank":14584,"anls_id":"50110"},"geometry":{"type":"MultiPolygon","coordinates":[[[[126.48531331368537,33.45522125685904],[126.48530280854101,33.45612308661821],[126.48637869267831,33.456131887791734],[126.4863891866887,33.45523005773308],[126.48531331368537,33.45522125685904]]]]}},{"type":"Feature","properties":{"fid":57840,"gid":33578,"emd_nm":"노형동","signgu_nm":"제주시","cml_fr_idx":1.0,"rank":14608,"anls_id":"50110"},"geometry":{"type":"MultiPolygon","coordinates":[[[[126.506310154252,33.40668756687666],[126.50629988537739,33.40758940951505],[126.5073751777625,33.40759801750611],[126.50738543552951,33.40669617457461],[126.506310154252,33.40668756687666]]]]}},{"type":"Feature","properties":{"fid":57887,"gid":33673,"emd_nm":"노형동","signgu_nm":"제주시","cml_fr_idx":1.0,"rank":14655,"anls_id":"50110"},"geometry":{"type":"MultiPolygon","coordinates":[[[[126.48090430841427,33.464204239563834],[126.48089375403612,33.46510606677857],[126.48196974766556,33.46511490829508],[126.48198029090487,33.46421308077955],[126.48090430841427,33.464204239563834]]]]}},{"type":"Feature","properties":{"fid":57892,"gid":33682,"emd_nm":"노형동","signgu_nm":"제주시","cml_fr_idx":1.0,"rank":14660,"anls_id":"50110"},"geometry":{"type":"MultiPolygon","coordinates":[[[[126.50744697254011,33.40128511416992],[126.50743671751343,33.40218695790588],[126.50851194371704,33.402195554823294],[126.50852218763906,33.40129371079457],[126.50744697254011,33.40128511416992]]]]}},{"type":"Feature","properties":{"fid":57894,"gid":33685,"emd_nm":"노형동","signgu_nm":"제주시","cml_fr_idx":1.0,"rank":14662,"anls_id":"50110"},"geometry":{"type":"MultiPolygon","coordinates":[[[[126.48999308036959,33.42279040055236],[126.4899826365156,33.42369223634041],[126.49105812200557,33.423700989447106],[126.49106855474334,33.42279915336106],[126.48999308036959,33.42279040055236]]]]}},{"type":"Feature","properties":{"fid":57899,"gid":33695,"emd_nm":"노형동","signgu_nm":"제주시","cml_fr_idx":1.0,"rank":14667,"anls_id":"50110"},"geometry":{"type":"MultiPolygon","coordinates":[[[[126.48880257618026,33.43270182142649],[126.48879211608794,33.43360365543971],[126.48986772342363,33.433612421150556],[126.48987817239433,33.43271058683896],[126.48880257618026,33.43270182142649]]]]}},{"type":"Feature","properties":{"fid":57958,"gid":33784,"emd_nm":"노형동","signgu_nm":"제주시","cml_fr_idx":1.0,"rank":14726,"anls_id":"50110"},"geometry":{"type":"MultiPolygon","coordinates":[[[[126.48886532695427,33.42729081452809],[126.48885486965614,33.42819264934675],[126.48993041026941,33.42820141326748],[126.48994085644888,33.4272995781505],[126.48886532695427,33.42729081452809]]]]}},{"type":"Feature","properties":{"fid":57999,"gid":33863,"emd_nm":"노형동","signgu_nm":"제주시","cml_fr_idx":1.0,"rank":14767,"anls_id":"50110"},"geometry":{"type":"MultiPolygon","coordinates":[[[[126.50202965895157,33.404849359590806],[126.5020193465652,33.40575120132178],[126.50309461490365,33.4057598459918],[126.50310491618346,33.40485800396646],[126.50202965895157,33.404849359590806]]]]}},{"type":"Feature","properties":{"fid":58069,"gid":33993,"emd_nm":"노형동","signgu_nm":"제주시","cml_fr_idx":1.0,"rank":14837,"anls_id":"50110"},"geometry":{"type":"MultiPolygon","coordinates":[[[[126.49339641256613,33.4074853869038],[126.49338600993859,33.40838722586591],[126.49446130791146,33.408395945956435],[126.49447169943112,33.40749410669741],[126.49339641256613,33.4074853869038]]]]}},{"type":"Feature","properties":{"fid":58102,"gid":34060,"emd_nm":"노형동","signgu_nm":"제주시","cml_fr_idx":1.0,"rank":14870,"anls_id":"50110"},"geometry":{"type":"MultiPolygon","coordinates":[[[[126.50431390443553,33.39314267667178],[126.50430362021764,33.39404452073429],[126.5053787451262,33.39405314295363],[126.50538901824395,33.39315129859746],[126.50431390443553,33.39314267667178]]]]}},{"type":"Feature","properties":{"fid":58107,"gid":34067,"emd_nm":"노형동","signgu_nm":"제주시","cml_fr_idx":1.0,"rank":14875,"anls_id":"50110"},"geometry":{"type":"MultiPolygon","coordinates":[[[[126.497728634621,33.40481468892882],[126.4977182778087,33.405716529479136],[126.49879354430726,33.40572521141415],[126.49880389001311,33.40482337056818],[126.497728634621,33.40481468892882]]]]}},{"type":"Feature","properties":{"fid":58166,"gid":34171,"emd_nm":"노형동","signgu_nm":"제주시","cml_fr_idx":1.0,"rank":14934,"anls_id":"50110"},"geometry":{"type":"MultiPolygon","coordinates":[[[[126.50418017387409,33.40486663902616],[126.50416988370083,33.405768481345554],[126.50524515295623,33.405777107383024],[126.50525543202292,33.40487526476989],[126.50418017387409,33.40486663902616]]]]}},{"type":"Feature","properties":{"fid":58306,"gid":34438,"emd_nm":"노형동","signgu_nm":"제주시","cml_fr_idx":1.0,"rank":15074,"anls_id":"50110"},"geometry":{"type":"MultiPolygon","coordinates":[[[[126.48546033660406,33.44259562612938],[126.48544983800608,33.44349745776867],[126.48652556631299,33.443506254750176],[126.48653605378395,33.442604422811506],[126.48546033660406,33.44259562612938]]]]}},{"type":"Feature","properties":{"fid":58470,"gid":34726,"emd_nm":"노형동","signgu_nm":"제주시","cml_fr_idx":1.0,"rank":15238,"anls_id":"50110"},"geometry":{"type":"MultiPolygon","coordinates":[[[[126.48518722107781,33.46604320510446],[126.48517671031924,33.46694503325183],[126.48625272810271,33.46695383801948],[126.48626322772138,33.466052009572564],[126.48518722107781,33.46604320510446]]]]}},{"type":"Feature","properties":{"fid":58526,"gid":34833,"emd_nm":"노형동","signgu_nm":"제주시","cml_fr_idx":1.0,"rank":15294,"anls_id":"50110"},"geometry":{"type":"MultiPolygon","coordinates":[[[[126.47664277417047,33.46056147595762],[126.47663217712459,33.46146330250345],[126.47770812431928,33.461472180159454],[126.47771871022837,33.46057035331159],[126.47664277417047,33.46056147595762]]]]}},{"type":"Feature","properties":{"fid":58739,"gid":35231,"emd_nm":"노형동","signgu_nm":"제주시","cml_fr_idx":1.0,"rank":15506,"anls_id":"50110"},"geometry":{"type":"MultiPolygon","coordinates":[[[[126.47232839306906,33.46142769852322],[126.47231775100249,33.46232952372329],[126.47339370744409,33.46233843902506],[126.47340433837348,33.46143661352167],[126.47232839306906,33.46142769852322]]]]}},{"type":"Feature","properties":{"fid":58802,"gid":35350,"emd_nm":"노형동","signgu_nm":"제주시","cml_fr_idx":1.0,"rank":15570,"anls_id":"50110"},"geometry":{"type":"MultiPolygon","coordinates":[[[[126.47554562174678,33.46235624162088],[126.47553501261947,33.463258067595596],[126.47661098161734,33.46326695519199],[126.4766215796069,33.4623651289149],[126.47554562174678,33.46235624162088]]]]}},{"type":"Feature","properties":{"fid":58856,"gid":35458,"emd_nm":"노형동","signgu_nm":"제주시","cml_fr_idx":1.0,"rank":15623,"anls_id":"50110"},"geometry":{"type":"MultiPolygon","coordinates":[[[[126.45928774630914,33.4721418399206],[126.4592769648391,33.473043659842276],[126.46035304924412,33.47305269085995],[126.46036381957124,33.47215087063107],[126.45928774630914,33.4721418399206]]]]}},{"type":"Feature","properties":{"fid":58915,"gid":35557,"emd_nm":"노형동","signgu_nm":"제주시","cml_fr_idx":1.0,"rank":15683,"anls_id":"50110"},"geometry":{"type":"MultiPolygon","coordinates":[[[[126.47660038315594,33.464168781334706],[126.47658978422263,33.465070607343065],[126.47766577596938,33.465079486207316],[126.47767636376392,33.4641776598969],[126.47660038315594,33.464168781334706]]]]}},{"type":"Feature","properties":{"fid":58959,"gid":35645,"emd_nm":"노형동","signgu_nm":"제주시","cml_fr_idx":1.0,"rank":15727,"anls_id":"50110"},"geometry":{"type":"MultiPolygon","coordinates":[[[[126.49879354430726,33.40572521141415],[126.49878319814071,33.40662705212598],[126.49985847620697,33.40663572504009],[126.49986881126654,33.40573388403293],[126.49879354430726,33.40572521141415]]]]}},{"type":"Feature","properties":{"fid":59007,"gid":35732,"emd_nm":"노형동","signgu_nm":"제주시","cml_fr_idx":1.0,"rank":15775,"anls_id":"50110"},"geometry":{"type":"MultiPolygon","coordinates":[[[[126.50748798808036,33.39767773788535],[126.50747773488023,33.398579582157595],[126.5085529166682,33.398588177903974],[126.50856315876567,33.397686333338996],[126.50748798808036,33.39767773788535]]]]}},{"type":"Feature","properties":{"fid":59178,"gid":36052,"emd_nm":"노형동","signgu_nm":"제주시","cml_fr_idx":1.0,"rank":15946,"anls_id":"50110"},"geometry":{"type":"MultiPolygon","coordinates":[[[[126.51948704979675,33.3824403480574],[126.51947692639399,33.38334219781006],[126.52055192449018,33.383350686187384],[126.52056203679845,33.382448836145585],[126.51948704979675,33.3824403480574]]]]}},{"type":"Feature","properties":{"fid":59263,"gid":36210,"emd_nm":"노형동","signgu_nm":"제주시","cml_fr_idx":1.0,"rank":16031,"anls_id":"50110"},"geometry":{"type":"MultiPolygon","coordinates":[[[[126.4829614680776,33.47233835816636],[126.48295093175606,33.47324018477324],[126.48402702659607,33.47324901031758],[126.48403755177428,33.47234718341047],[126.4829614680776,33.47233835816636]]]]}},{"type":"Feature","properties":{"fid":59381,"gid":36423,"emd_nm":"노형동","signgu_nm":"제주시","cml_fr_idx":1.0,"rank":16149,"anls_id":"50110"},"geometry":{"type":"MultiPolygon","coordinates":[[[[126.48547083473461,33.44169379435582],[126.48546033660406,33.44259562612938],[126.48653605378395,33.442604422811506],[126.48654654078798,33.44170259073857],[126.48547083473461,33.44169379435582]]]]}},{"type":"Feature","properties":{"fid":59705,"gid":37045,"emd_nm":"노형동","signgu_nm":"제주시","cml_fr_idx":1.0,"rank":16473,"anls_id":"50110"},"geometry":{"type":"MultiPolygon","coordinates":[[[[126.51084631869365,33.38597949716474],[126.51083610471639,33.3868813440567],[126.51191114357428,33.38688990806886],[126.51192134645521,33.38598806088519],[126.51084631869365,33.38597949716474]]]]}},{"type":"Feature","properties":{"fid":59764,"gid":37149,"emd_nm":"노형동","signgu_nm":"제주시","cml_fr_idx":1.0,"rank":16532,"anls_id":"50110"},"geometry":{"type":"MultiPolygon","coordinates":[[[[126.50324908594466,33.39223220153163],[126.5032387910851,33.393134045434245],[126.50431390443553,33.39314267667178],[126.50432418819547,33.392240832475196],[126.50324908594466,33.39223220153163]]]]}},{"type":"Feature","properties":{"fid":59771,"gid":37159,"emd_nm":"노형동","signgu_nm":"제주시","cml_fr_idx":1.0,"rank":16539,"anls_id":"50110"},"geometry":{"type":"MultiPolygon","coordinates":[[[[126.48095707325683,33.45969510147503],[126.48094652122799,33.46059692936148],[126.48202245916818,33.460605769374055],[126.48203300006065,33.45970394118684],[126.48095707325683,33.45969510147503]]]]}},{"type":"Feature","properties":{"fid":59881,"gid":37362,"emd_nm":"노형동","signgu_nm":"제주시","cml_fr_idx":1.0,"rank":16649,"anls_id":"50110"},"geometry":{"type":"MultiPolygon","coordinates":[[[[126.48680856418557,33.41915674528225],[126.48679808884903,33.420058580711384],[126.48787352848066,33.42006736058972],[126.48788399270305,33.41916552486169],[126.48680856418557,33.41915674528225]]]]}},{"type":"Feature","properties":{"fid":59933,"gid":37458,"emd_nm":"노형동","signgu_nm":"제주시","cml_fr_idx":1.0,"rank":16701,"anls_id":"50110"},"geometry":{"type":"MultiPolygon","coordinates":[[[[126.49882458004272,33.403019688473876],[126.49881423525824,33.40392152958809],[126.49988948000505,33.40393020161624],[126.49989981368402,33.403028360206704],[126.49882458004272,33.403019688473876]]]]}},{"type":"Feature","properties":{"fid":59960,"gid":37506,"emd_nm":"노형동","signgu_nm":"제주시","cml_fr_idx":1.0,"rank":16728,"anls_id":"50110"},"geometry":{"type":"MultiPolygon","coordinates":[[[[126.48643115805812,33.45162273615554],[126.48642066591654,33.452524566751364],[126.48749650598812,33.45253335739448],[126.48750698699773,33.45163152649952],[126.48643115805812,33.45162273615554]]]]}},{"type":"Feature","properties":{"fid":60044,"gid":37669,"emd_nm":"노형동","signgu_nm":"제주시","cml_fr_idx":1.0,"rank":16812,"anls_id":"50110"},"geometry":{"type":"MultiPolygon","coordinates":[[[[126.50200903371963,33.40665304291865],[126.5019987204148,33.4075548843814],[126.50307401096778,33.40756352964019],[126.5030843131651,33.40666168788306],[126.50200903371963,33.40665304291865]]]]}},{"type":"Feature","properties":{"fid":60266,"gid":38142,"emd_nm":"노형동","signgu_nm":"제주시","cml_fr_idx":1.0,"rank":17034,"anls_id":"50110"},"geometry":{"type":"MultiPolygon","coordinates":[[[[126.51075437652149,33.39409611436735],[126.51074415844973,33.39499796005303],[126.51181929719658,33.39500652669084],[126.51182950416761,33.39410468071339],[126.51075437652149,33.39409611436735]]]]}},{"type":"Feature","properties":{"fid":60294,"gid":38210,"emd_nm":"노형동","signgu_nm":"제주시","cml_fr_idx":1.0,"rank":17062,"anls_id":"50110"},"geometry":{"type":"MultiPolygon","coordinates":[[[[126.49443013057589,33.41110146292859],[126.4944197372051,33.412003301650984],[126.4954950800772,33.4120120136109],[126.4955054623381,33.41111017459187],[126.49443013057589,33.41110146292859]]]]}},{"type":"Feature","properties":{"fid":60337,"gid":38296,"emd_nm":"노형동","signgu_nm":"제주시","cml_fr_idx":1.0,"rank":17105,"anls_id":"50110"},"geometry":{"type":"MultiPolygon","coordinates":[[[[126.49436776340848,33.416512493250394],[126.49435736726045,33.41741433116777],[126.49543277680206,33.417423044907615],[126.49544316183724,33.41652120669358],[126.49436776340848,33.416512493250394]]]]}},{"type":"Feature","properties":{"fid":60404,"gid":38426,"emd_nm":"노형동","signgu_nm":"제주시","cml_fr_idx":1.0,"rank":17172,"anls_id":"50110"},"geometry":{"type":"MultiPolygon","coordinates":[[[[126.50529654371266,33.40126789297643],[126.50528626647674,33.40216973612591],[126.50636149176651,33.40217835167342],[126.50637175789781,33.40127650823054],[126.50529654371266,33.40126789297643]]]]}},{"type":"Feature","properties":{"fid":60597,"gid":38799,"emd_nm":"노형동","signgu_nm":"제주시","cml_fr_idx":1.0,"rank":17365,"anls_id":"50110"},"geometry":{"type":"MultiPolygon","coordinates":[[[[126.48212784697623,33.45158748145713],[126.48211731030685,33.45248931085327],[126.48319314850679,33.45249813882662],[126.48320367404426,33.45159630913007],[126.48212784697623,33.45158748145713]]]]}},{"type":"Feature","properties":{"fid":60740,"gid":39076,"emd_nm":"노형동","signgu_nm":"제주시","cml_fr_idx":1.0,"rank":17507,"anls_id":"50110"},"geometry":{"type":"MultiPolygon","coordinates":[[[[126.48572264968381,33.420049791511886],[126.48571216276616,33.420951626507566],[126.48678761304602,33.42096041600629],[126.48679808884903,33.420058580711384],[126.48572264968381,33.420049791511886]]]]}},{"type":"Feature","properties":{"fid":60968,"gid":39497,"emd_nm":"노형동","signgu_nm":"제주시","cml_fr_idx":1.0,"rank":17736,"anls_id":"50110"},"geometry":{"type":"MultiPolygon","coordinates":[[[[126.50416988370083,33.405768481345554],[126.5041595930693,33.40667032353087],[126.50523487343176,33.406678949862076],[126.50524515295623,33.405777107383024],[126.50416988370083,33.405768481345554]]]]}},{"type":"Feature","properties":{"fid":60987,"gid":39530,"emd_nm":"노형동","signgu_nm":"제주시","cml_fr_idx":1.0,"rank":17754,"anls_id":"50110"},"geometry":{"type":"MultiPolygon","coordinates":[[[[126.50963832990706,33.39769491947916],[126.5096280989123,33.39859676433655],[126.51070328161198,33.39860534145532],[126.51071350150404,33.39770349630581],[126.50963832990706,33.39769491947916]]]]}},{"type":"Feature","properties":{"fid":61090,"gid":39723,"emd_nm":"노형동","signgu_nm":"제주시","cml_fr_idx":1.0,"rank":17858,"anls_id":"50110"},"geometry":{"type":"MultiPolygon","coordinates":[[[[126.47015517472552,33.46321348957014],[126.47014450943495,33.46411531389379],[126.47122048720419,33.46412424847528],[126.47123114135663,33.46322242384765],[126.47015517472552,33.46321348957014]]]]}},{"type":"Feature","properties":{"fid":61350,"gid":40200,"emd_nm":"노형동","signgu_nm":"제주시","cml_fr_idx":1.0,"rank":18118,"anls_id":"50110"},"geometry":{"type":"MultiPolygon","coordinates":[[[[126.47758105664056,33.47229409185321],[126.4775704646026,33.47319591695423],[126.4786465570921,33.47320478919764],[126.47865713798681,33.4723029637948],[126.47758105664056,33.47229409185321]]]]}},{"type":"Feature","properties":{"fid":61486,"gid":40452,"emd_nm":"노형동","signgu_nm":"제주시","cml_fr_idx":1.0,"rank":18254,"anls_id":"50110"},"geometry":{"type":"MultiPolygon","coordinates":[[[[126.48661993674298,33.43538976246858],[126.4866094530071,33.436291595481364],[126.4876850927785,33.436300380741095],[126.48769556539132,33.43539854742931],[126.48661993674298,33.43538976246858]]]]}},{"type":"Feature","properties":{"fid":61494,"gid":40468,"emd_nm":"노형동","signgu_nm":"제주시","cml_fr_idx":1.0,"rank":18262,"anls_id":"50110"},"geometry":{"type":"MultiPolygon","coordinates":[[[[126.49120413806808,33.41107527203035],[126.49119371136786,33.41197710986094],[126.49226905284996,33.41198584977599],[126.49227946844039,33.411084011647816],[126.49120413806808,33.41107527203035]]]]}},{"type":"Feature","properties":{"fid":61566,"gid":40596,"emd_nm":"노형동","signgu_nm":"제주시","cml_fr_idx":1.0,"rank":18334,"anls_id":"50110"},"geometry":{"type":"MultiPolygon","coordinates":[[[[126.48089375403612,33.46510606677857],[126.48088319918807,33.46600789385892],[126.48195920395682,33.46601673567626],[126.48196974766556,33.46511490829508],[126.48089375403612,33.46510606677857]]]]}},{"type":"Feature","properties":{"fid":61630,"gid":40748,"emd_nm":"노형동","signgu_nm":"제주시","cml_fr_idx":1.0,"rank":18398,"anls_id":"50110"},"geometry":{"type":"MultiPolygon","coordinates":[[[[126.46134304340825,33.48027627198293],[126.46133227991204,33.48117809130832],[126.46240846558443,33.48118710640632],[126.46241921793323,33.48028528677428],[126.46134304340825,33.48027627198293]]]]}},{"type":"Feature","properties":{"fid":61690,"gid":40862,"emd_nm":"노형동","signgu_nm":"제주시","cml_fr_idx":1.0,"rank":18458,"anls_id":"50110"},"geometry":{"type":"MultiPolygon","coordinates":[[[[126.47876292102816,33.463284702375965],[126.47875234484331,33.46418652912249],[126.47982832639359,33.46419538901147],[126.47983889144015,33.463293561963525],[126.47876292102816,33.463284702375965]]]]}},{"type":"Feature","properties":{"fid":61846,"gid":41157,"emd_nm":"노형동","signgu_nm":"제주시","cml_fr_idx":1.0,"rank":18614,"anls_id":"50110"},"geometry":{"type":"MultiPolygon","coordinates":[[[[126.51404085991595,33.38871070329422],[126.51403067786745,33.38961255065834],[126.51510575137902,33.3896210876136],[126.51511592232968,33.38871923995872],[126.51404085991595,33.38871070329422]]]]}},{"type":"Feature","properties":{"fid":61944,"gid":41337,"emd_nm":"노형동","signgu_nm":"제주시","cml_fr_idx":1.0,"rank":18712,"anls_id":"50110"},"geometry":{"type":"MultiPolygon","coordinates":[[[[126.47994451603816,33.454275284094834],[126.4799339556945,33.45517711248624],[126.48100982635425,33.455185960027755],[126.48102037556454,33.4542841313353],[126.47994451603816,33.454275284094834]]]]}},{"type":"Feature","properties":{"fid":62194,"gid":41800,"emd_nm":"노형동","signgu_nm":"제주시","cml_fr_idx":1.0,"rank":18961,"anls_id":"50110"},"geometry":{"type":"MultiPolygon","coordinates":[[[[126.46256970056254,33.467659797805496],[126.46255895491365,33.46856161932018],[126.46363498504589,33.46857062078793],[126.4636457195543,33.467668798967026],[126.46256970056254,33.467659797805496]]]]}},{"type":"Feature","properties":{"fid":62256,"gid":41905,"emd_nm":"노형동","signgu_nm":"제주시","cml_fr_idx":1.0,"rank":19023,"anls_id":"50110"},"geometry":{"type":"MultiPolygon","coordinates":[[[[126.48461571548633,33.42274649667691],[126.48460521605158,33.42364833097031],[126.4856806992113,33.42365713068917],[126.48569118752994,33.42275529609621],[126.48461571548633,33.42274649667691]]]]}},{"type":"Feature","properties":{"fid":62448,"gid":42276,"emd_nm":"노형동","signgu_nm":"제주시","cml_fr_idx":1.0,"rank":19216,"anls_id":"50110"},"geometry":{"type":"MultiPolygon","coordinates":[[[[126.50101633348298,33.3994296544651],[126.50100601274805,33.40033149670606],[126.50208121399558,33.400340148924315],[126.50209152362697,33.399438306388696],[126.50101633348298,33.3994296544651]]]]}},{"type":"Feature","properties":{"fid":62522,"gid":42406,"emd_nm":"노형동","signgu_nm":"제주시","cml_fr_idx":1.0,"rank":19290,"anls_id":"50110"},"geometry":{"type":"MultiPolygon","coordinates":[[[[126.51294541120906,33.39050585133138],[126.51293521715483,33.39140769813636],[126.51401031241011,33.39141624498454],[126.51402049536553,33.39051439788844],[126.51294541120906,33.39050585133138]]]]}},{"type":"Feature","properties":{"fid":62597,"gid":42537,"emd_nm":"노형동","signgu_nm":"제주시","cml_fr_idx":1.0,"rank":19365,"anls_id":"50110"},"geometry":{"type":"MultiPolygon","coordinates":[[[[126.47111391958637,33.47314248735904],[126.4711032602148,33.47404431050812],[126.47217936101093,33.474053239093685],[126.47219000923887,33.473151415640885],[126.47111391958637,33.47314248735904]]]]}},{"type":"Feature","properties":{"fid":62618,"gid":42574,"emd_nm":"노형동","signgu_nm":"제주시","cml_fr_idx":1.0,"rank":19386,"anls_id":"50110"},"geometry":{"type":"MultiPolygon","coordinates":[[[[126.46788565347819,33.47311564647544],[126.46787496067589,33.47401746871145],[126.46895106004678,33.474026425317],[126.46896174170551,33.47312460277631],[126.46788565347819,33.47311564647544]]]]}},{"type":"Feature","properties":{"fid":62714,"gid":42759,"emd_nm":"노형동","signgu_nm":"제주시","cml_fr_idx":1.0,"rank":19482,"anls_id":"50110"},"geometry":{"type":"MultiPolygon","coordinates":[[[[126.52060248152848,33.37884143463883],[126.52059237102142,33.379743285216456],[126.52166732519291,33.379751763129924],[126.52167742460745,33.3788499122635],[126.52060248152848,33.37884143463883]]]]}},{"type":"Feature","properties":{"fid":62717,"gid":42765,"emd_nm":"노형동","signgu_nm":"제주시","cml_fr_idx":1.0,"rank":19485,"anls_id":"50110"},"geometry":{"type":"MultiPolygon","coordinates":[[[[126.48748602451188,33.45343518815514],[126.48747554256893,33.45433701878154],[126.4885514053727,33.454345800689694],[126.48856187618264,33.453443969764486],[126.48748602451188,33.45343518815514]]]]}},{"type":"Feature","properties":{"fid":62812,"gid":42957,"emd_nm":"노형동","signgu_nm":"제주시","cml_fr_idx":1.0,"rank":19580,"anls_id":"50110"},"geometry":{"type":"MultiPolygon","coordinates":[[[[126.48080930209206,33.472320679659575],[126.48079874348389,33.47322250566507],[126.48187483738516,33.47323134988908],[126.48188538485003,33.472329523582715],[126.48080930209206,33.472320679659575]]]]}},{"type":"Feature","properties":{"fid":62813,"gid":42958,"emd_nm":"노형동","signgu_nm":"제주시","cml_fr_idx":1.0,"rank":19581,"anls_id":"50110"},"geometry":{"type":"MultiPolygon","coordinates":[[[[126.48192757001385,33.468722217013706],[126.48191702442722,33.469624043857486],[126.48299307422778,33.469632877539546],[126.48300360867309,33.468731050395256],[126.48192757001385,33.468722217013706]]]]}},{"type":"Feature","properties":{"fid":62851,"gid":43031,"emd_nm":"노형동","signgu_nm":"제주시","cml_fr_idx":1.0,"rank":19619,"anls_id":"50110"},"geometry":{"type":"MultiPolygon","coordinates":[[[[126.47555623040172,33.461454415511795],[126.47554562174678,33.46235624162088],[126.4766215796069,33.4623651289149],[126.47663217712459,33.46146330250345],[126.47555623040172,33.461454415511795]]]]}},{"type":"Feature","properties":{"fid":62903,"gid":43133,"emd_nm":"노형동","signgu_nm":"제주시","cml_fr_idx":1.0,"rank":19671,"anls_id":"50110"},"geometry":{"type":"MultiPolygon","coordinates":[[[[126.49996180609527,33.39761730893319],[126.49995147517693,33.39851915114739],[126.50102665375832,33.39852781209005],[126.50103697357409,33.39762596958089],[126.49996180609527,33.39761730893319]]]]}},{"type":"Feature","properties":{"fid":62939,"gid":43193,"emd_nm":"노형동","signgu_nm":"제주시","cml_fr_idx":1.0,"rank":19707,"anls_id":"50110"},"geometry":{"type":"MultiPolygon","coordinates":[[[[126.46147216799152,33.469454429588104],[126.46146141024427,33.4703562505273],[126.46253746218052,33.470365261946164],[126.46254820878632,33.469463440700395],[126.46147216799152,33.469454429588104]]]]}},{"type":"Feature","properties":{"fid":63039,"gid":43376,"emd_nm":"노형동","signgu_nm":"제주시","cml_fr_idx":1.0,"rank":19807,"anls_id":"50110"},"geometry":{"type":"MultiPolygon","coordinates":[[[[126.48315104167017,33.456105456269654],[126.48314051378921,33.457007285294615],[126.48421640812496,33.45701610543592],[126.48422692487148,33.456114276110846],[126.48315104167017,33.456105456269654]]]]}},{"type":"Feature","properties":{"fid":63286,"gid":43801,"emd_nm":"노형동","signgu_nm":"제주시","cml_fr_idx":1.0,"rank":20054,"anls_id":"50110"},"geometry":{"type":"MultiPolygon","coordinates":[[[[126.49338600993859,33.40838722586591],[126.49337560684783,33.409289064693844],[126.49445091592905,33.40929778508132],[126.49446130791146,33.408395945956435],[126.49338600993859,33.40838722586591]]]]}},{"type":"Feature","properties":{"fid":63449,"gid":44094,"emd_nm":"노형동","signgu_nm":"제주시","cml_fr_idx":1.0,"rank":20217,"anls_id":"50110"},"geometry":{"type":"MultiPolygon","coordinates":[[[[126.46800324288839,33.463195593006574],[126.46799255532156,33.46409741672134],[126.46906853214058,33.46410636997581],[126.4690792085693,33.463204545956444],[126.46800324288839,33.463195593006574]]]]}},{"type":"Feature","properties":{"fid":63470,"gid":44128,"emd_nm":"노형동","signgu_nm":"제주시","cml_fr_idx":1.0,"rank":20238,"anls_id":"50110"},"geometry":{"type":"MultiPolygon","coordinates":[[[[126.48297200393006,33.47143653142511],[126.4829614680776,33.47233835816636],[126.48403755177428,33.47234718341047],[126.48404807648389,33.47144535636901],[126.48297200393006,33.47143653142511]]]]}},{"type":"Feature","properties":{"fid":63667,"gid":44492,"emd_nm":"노형동","signgu_nm":"제주시","cml_fr_idx":1.0,"rank":20435,"anls_id":"50110"},"geometry":{"type":"MultiPolygon","coordinates":[[[[126.49981713136607,33.410243087727466],[126.49980679400514,33.41114492806399],[126.50088212807395,33.4111535931367],[126.50089245432545,33.41025175250514],[126.49981713136607,33.410243087727466]]]]}},{"type":"Feature","properties":{"fid":63936,"gid":44993,"emd_nm":"노형동","signgu_nm":"제주시","cml_fr_idx":1.0,"rank":20704,"anls_id":"50110"},"geometry":{"type":"MultiPolygon","coordinates":[[[[126.47663217712459,33.46146330250345],[126.4766215796069,33.4623651289149],[126.47769753793887,33.46237400687296],[126.47770812431928,33.461472180159454],[126.47663217712459,33.46146330250345]]]]}},{"type":"Feature","properties":{"fid":63972,"gid":45066,"emd_nm":"노형동","signgu_nm":"제주시","cml_fr_idx":1.0,"rank":20740,"anls_id":"50110"},"geometry":{"type":"MultiPolygon","coordinates":[[[[126.50754949769363,33.39226666943661],[126.50753924723269,33.39316851451321],[126.50861436241205,33.39317710850326],[126.50862460177326,33.39227526313397],[126.50754949769363,33.39226666943661]]]]}},{"type":"Feature","properties":{"fid":64293,"gid":45619,"emd_nm":"노형동","signgu_nm":"제주시","cml_fr_idx":1.0,"rank":21061,"anls_id":"50110"},"geometry":{"type":"MultiPolygon","coordinates":[[[[126.47543950921508,33.47137449532081],[126.47542889536325,33.47227631995166],[126.47650497576588,33.47228521057215],[126.47651557847499,33.47138338563886],[126.47543950921508,33.47137449532081]]]]}},{"type":"Feature","properties":{"fid":64325,"gid":45682,"emd_nm":"노형동","signgu_nm":"제주시","cml_fr_idx":1.0,"rank":21093,"anls_id":"50110"},"geometry":{"type":"MultiPolygon","coordinates":[[[[126.50524515295623,33.405777107383024],[126.50523487343176,33.406678949862076],[126.506310154252,33.40668756687666],[126.50632042266938,33.40578572410419],[126.50524515295623,33.405777107383024]]]]}},{"type":"Feature","properties":{"fid":64374,"gid":45777,"emd_nm":"노형동","signgu_nm":"제주시","cml_fr_idx":1.0,"rank":21141,"anls_id":"50110"},"geometry":{"type":"MultiPolygon","coordinates":[[[[126.47776104915184,33.456963044576526],[126.47775046512788,33.457864871961824],[126.4788263682497,33.45787373907532],[126.47883694113882,33.45697191138831],[126.47776104915184,33.456963044576526]]]]}},{"type":"Feature","properties":{"fid":64462,"gid":45942,"emd_nm":"노형동","signgu_nm":"제주시","cml_fr_idx":1.0,"rank":21230,"anls_id":"50110"},"geometry":{"type":"MultiPolygon","coordinates":[[[[126.50317701229929,33.39854510603423],[126.50316671423006,33.39944694899826],[126.50424190529176,33.39945558229375],[126.50425219225788,33.39855373903571],[126.50317701229929,33.39854510603423]]]]}},{"type":"Feature","properties":{"fid":64500,"gid":46013,"emd_nm":"노형동","signgu_nm":"제주시","cml_fr_idx":1.0,"rank":21268,"anls_id":"50110"},"geometry":{"type":"MultiPolygon","coordinates":[[[[126.48103092430514,33.453382302508516],[126.48102037556454,33.4542841313353],[126.48209623556059,33.454292969242616],[126.48210677316831,33.4533911401151],[126.48103092430514,33.453382302508516]]]]}},{"type":"Feature","properties":{"fid":64653,"gid":46292,"emd_nm":"노형동","signgu_nm":"제주시","cml_fr_idx":1.0,"rank":21421,"anls_id":"50110"},"geometry":{"type":"MultiPolygon","coordinates":[[[[126.49662227454881,33.40751151833421],[126.49661190524492,33.40841335818614],[126.49768720460453,33.40842205032527],[126.4976975628005,33.40752021017737],[126.49662227454881,33.40751151833421]]]]}},{"type":"Feature","properties":{"fid":64659,"gid":46304,"emd_nm":"노형동","signgu_nm":"제주시","cml_fr_idx":1.0,"rank":21427,"anls_id":"50110"},"geometry":{"type":"MultiPolygon","coordinates":[[[[126.50977129138693,33.385970924134895],[126.50976106631339,33.38687277073483],[126.51083610471639,33.3868813440567],[126.51084631869365,33.38597949716474],[126.50977129138693,33.385970924134895]]]]}},{"type":"Feature","properties":{"fid":64766,"gid":46491,"emd_nm":"노형동","signgu_nm":"제주시","cml_fr_idx":1.0,"rank":21534,"anls_id":"50110"},"geometry":{"type":"MultiPolygon","coordinates":[[[[126.50543010614042,33.38954391983213],[126.50541983485245,33.390445764724554],[126.5064949158208,33.39045437645837],[126.50650517601056,33.389552531272635],[126.50543010614042,33.38954391983213]]]]}},{"type":"Feature","properties":{"fid":64889,"gid":46725,"emd_nm":"노형동","signgu_nm":"제주시","cml_fr_idx":1.0,"rank":21656,"anls_id":"50110"},"geometry":{"type":"MultiPolygon","coordinates":[[[[126.48991996362477,33.429103248250236],[126.48990951651497,33.43000508309876],[126.49098507983227,33.43001383829149],[126.49099551582239,33.42911200314495],[126.48991996362477,33.429103248250236]]]]}},{"type":"Feature","properties":{"fid":65006,"gid":46948,"emd_nm":"노형동","signgu_nm":"제주시","cml_fr_idx":1.0,"rank":21774,"anls_id":"50110"},"geometry":{"type":"MultiPolygon","coordinates":[[[[126.47884751355726,33.45607008356698],[126.47883694113882,33.45697191138831],[126.47991283359657,33.45698076886603],[126.47992339488064,33.4560789407433],[126.47884751355726,33.45607008356698]]]]}},{"type":"Feature","properties":{"fid":65047,"gid":47023,"emd_nm":"노형동","signgu_nm":"제주시","cml_fr_idx":1.0,"rank":21815,"anls_id":"50110"},"geometry":{"type":"MultiPolygon","coordinates":[[[[126.50846071726379,33.40670477295591],[126.50845047060439,33.40760661618022],[126.50952576390257,33.407615205537326],[126.50953599945436,33.406713362020554],[126.50846071726379,33.40670477295591]]]]}},{"type":"Feature","properties":{"fid":65308,"gid":47488,"emd_nm":"노형동","signgu_nm":"제주시","cml_fr_idx":1.0,"rank":22075,"anls_id":"50110"},"geometry":{"type":"MultiPolygon","coordinates":[[[[126.48903258041197,33.41286143917606],[126.48902213056158,33.41376327614212],[126.49009749333558,33.41377203529033],[126.49010793207522,33.41287019802603],[126.48903258041197,33.41286143917606]]]]}},{"type":"Feature","properties":{"fid":65339,"gid":47550,"emd_nm":"노형동","signgu_nm":"제주시","cml_fr_idx":1.0,"rank":22107,"anls_id":"50110"},"geometry":{"type":"MultiPolygon","coordinates":[[[[126.49232112616434,33.407476657793396],[126.49231071242897,33.40837849645826],[126.49338600993859,33.40838722586591],[126.49339641256613,33.4074853869038],[126.49232112616434,33.407476657793396]]]]}},{"type":"Feature","properties":{"fid":65412,"gid":47695,"emd_nm":"노형동","signgu_nm":"제주시","cml_fr_idx":1.0,"rank":22180,"anls_id":"50110"},"geometry":{"type":"MultiPolygon","coordinates":[[[[126.48630522152158,33.46244469444172],[126.48629472377264,33.46334652342591],[126.48737069746687,33.46335531765903],[126.48738118407785,33.462453488375644],[126.48630522152158,33.46244469444172]]]]}},{"type":"Feature","properties":{"fid":65424,"gid":47717,"emd_nm":"노형동","signgu_nm":"제주시","cml_fr_idx":1.0,"rank":22192,"anls_id":"50110"},"geometry":{"type":"MultiPolygon","coordinates":[[[[126.46021299134726,33.484776341596685],[126.46020221430494,33.48567815994261],[126.46127845524249,33.48568718591786],[126.46128922113493,33.48478536726496],[126.46021299134726,33.484776341596685]]]]}},{"type":"Feature","properties":{"fid":65435,"gid":47740,"emd_nm":"노형동","signgu_nm":"제주시","cml_fr_idx":1.0,"rank":22202,"anls_id":"50110"},"geometry":{"type":"MultiPolygon","coordinates":[[[[126.51301675687877,33.384192919944084],[126.51300656600186,33.38509476768716],[126.5140815835758,33.38510331249771],[126.51409176335736,33.38420146446357],[126.51301675687877,33.384192919944084]]]]}},{"type":"Feature","properties":{"fid":65490,"gid":47851,"emd_nm":"노형동","signgu_nm":"제주시","cml_fr_idx":1.0,"rank":22258,"anls_id":"50110"},"geometry":{"type":"MultiPolygon","coordinates":[[[[126.51082589028428,33.38778319081462],[126.51081567539728,33.38868503743853],[126.51189073644926,33.388693602034124],[126.51190094023896,33.3877917551185],[126.51082589028428,33.38778319081462]]]]}},{"type":"Feature","properties":{"fid":65543,"gid":47961,"emd_nm":"노형동","signgu_nm":"제주시","cml_fr_idx":1.0,"rank":22311,"anls_id":"50110"},"geometry":{"type":"MultiPolygon","coordinates":[[[[126.47332991192697,33.46774938922323],[126.47331927768379,33.46865121378586],[126.47439531257311,33.46866012187294],[126.47440593567559,33.467758297007265],[126.47332991192697,33.46774938922323]]]]}},{"type":"Feature","properties":{"fid":65625,"gid":48079,"emd_nm":"노형동","signgu_nm":"제주시","cml_fr_idx":1.0,"rank":22393,"anls_id":"50110"},"geometry":{"type":"MultiPolygon","coordinates":[[[[126.46891901221701,33.476731892132435],[126.46890832865583,33.47763371413535],[126.4699844730816,33.4776426626184],[126.4699951454972,33.476740840311095],[126.46891901221701,33.476731892132435]]]]}},{"type":"Feature","properties":{"fid":65696,"gid":48206,"emd_nm":"노형동","signgu_nm":"제주시","cml_fr_idx":1.0,"rank":22463,"anls_id":"50110"},"geometry":{"type":"MultiPolygon","coordinates":[[[[126.4876012950869,33.44351504240228],[126.4875908182765,33.444416874505734],[126.48866655864444,33.44442565312719],[126.48867702432727,33.44352382072496],[126.4876012950869,33.44351504240228]]]]}},{"type":"Feature","properties":{"fid":65807,"gid":48407,"emd_nm":"노형동","signgu_nm":"제주시","cml_fr_idx":1.0,"rank":22575,"anls_id":"50110"},"geometry":{"type":"MultiPolygon","coordinates":[[[[126.48421640812496,33.45701610543592],[126.48420589091016,33.45791793462667],[126.48528179684908,33.45792674573363],[126.48529230292893,33.45702491624307],[126.48421640812496,33.45701610543592]]]]}},{"type":"Feature","properties":{"fid":66003,"gid":48814,"emd_nm":"노형동","signgu_nm":"제주시","cml_fr_idx":1.0,"rank":22771,"anls_id":"50110"},"geometry":{"type":"MultiPolygon","coordinates":[[[[126.50970993411488,33.39138200172399],[126.50969970630888,33.39228384751972],[126.51077481129998,33.39229242259387],[126.51078502800674,33.39139057650609],[126.50970993411488,33.39138200172399]]]]}},{"type":"Feature","properties":{"fid":66019,"gid":48844,"emd_nm":"노형동","signgu_nm":"제주시","cml_fr_idx":1.0,"rank":22787,"anls_id":"50110"},"geometry":{"type":"MultiPolygon","coordinates":[[[[126.47331927768379,33.46865121378586],[126.47330864296717,33.4695530382141],[126.47438468899763,33.46956194660424],[126.47439531257311,33.46866012187294],[126.47331927768379,33.46865121378586]]]]}},{"type":"Feature","properties":{"fid":66076,"gid":48941,"emd_nm":"노형동","signgu_nm":"제주시","cml_fr_idx":1.0,"rank":22844,"anls_id":"50110"},"geometry":{"type":"MultiPolygon","coordinates":[[[[126.49011837035005,33.41196836062754],[126.49010793207522,33.41287019802603],[126.49118328420332,33.41287894755734],[126.49119371136786,33.41197710986094],[126.49011837035005,33.41196836062754]]]]}},{"type":"Feature","properties":{"fid":66137,"gid":49077,"emd_nm":"노형동","signgu_nm":"제주시","cml_fr_idx":1.0,"rank":22905,"anls_id":"50110"},"geometry":{"type":"MultiPolygon","coordinates":[[[[126.48303520919501,33.4660255681563],[126.48302467615669,33.466927395703635],[126.48410069300373,33.46693621914655],[126.48411121490219,33.46603439129904],[126.48303520919501,33.4660255681563]]]]}},{"type":"Feature","properties":{"fid":66216,"gid":49208,"emd_nm":"노형동","signgu_nm":"제주시","cml_fr_idx":1.0,"rank":22984,"anls_id":"50110"},"geometry":{"type":"MultiPolygon","coordinates":[[[[126.47770812431928,33.461472180159454],[126.47769753793887,33.46237400687296],[126.47877349674216,33.462382875495074],[126.47878407198532,33.461481048479826],[126.47770812431928,33.461472180159454]]]]}},{"type":"Feature","properties":{"fid":66337,"gid":49415,"emd_nm":"노형동","signgu_nm":"제주시","cml_fr_idx":1.0,"rank":23105,"anls_id":"50110"},"geometry":{"type":"MultiPolygon","coordinates":[[[[126.48317209602588,33.454301797816775],[126.48316156908237,33.45520362711037],[126.48423744114976,33.45521244665146],[126.48424795695982,33.45431061705775],[126.48317209602588,33.454301797816775]]]]}},{"type":"Feature","properties":{"fid":66456,"gid":49636,"emd_nm":"노형동","signgu_nm":"제주시","cml_fr_idx":1.0,"rank":23223,"anls_id":"50110"},"geometry":{"type":"MultiPolygon","coordinates":[[[[126.48868748954412,33.44262198818848],[126.48867702432727,33.44352382072496],[126.48975275403365,33.44353258971823],[126.4897632081234,33.44263075688332],[126.48868748954412,33.44262198818848]]]]}},{"type":"Feature","properties":{"fid":66548,"gid":49825,"emd_nm":"노형동","signgu_nm":"제주시","cml_fr_idx":1.0,"rank":23315,"anls_id":"50110"},"geometry":{"type":"MultiPolygon","coordinates":[[[[126.49667411414252,33.40300231706241],[126.49666374714714,33.40390415758504],[126.49773899097212,33.40391284824435],[126.49774934686205,33.40301100742577],[126.49667411414252,33.40300231706241]]]]}},{"type":"Feature","properties":{"fid":66629,"gid":49979,"emd_nm":"노형동","signgu_nm":"제주시","cml_fr_idx":1.0,"rank":23397,"anls_id":"50110"},"geometry":{"type":"MultiPolygon","coordinates":[[[[126.48655702732505,33.44080075853138],[126.48654654078798,33.44170259073857],[126.48762224730828,33.44171137779255],[126.4876327227193,33.4408095452863],[126.48655702732505,33.44080075853138]]]]}},{"type":"Feature","properties":{"fid":66764,"gid":50230,"emd_nm":"노형동","signgu_nm":"제주시","cml_fr_idx":1.0,"rank":23532,"anls_id":"50110"},"geometry":{"type":"MultiPolygon","coordinates":[[[[126.48206461992226,33.4569984558192],[126.48205408043765,33.4579002844094],[126.48312998543953,33.45790911418526],[126.48314051378921,33.457007285294615],[126.48206461992226,33.4569984558192]]]]}},{"type":"Feature","properties":{"fid":67015,"gid":50703,"emd_nm":"노형동","signgu_nm":"제주시","cml_fr_idx":1.0,"rank":23783,"anls_id":"50110"},"geometry":{"type":"MultiPolygon","coordinates":[[[[126.48657799899848,33.43899709371417],[126.48656751339522,33.4398989261899],[126.4876431976639,33.43990771264578],[126.48765367214212,33.439005879871],[126.48657799899848,33.43899709371417]]]]}},{"type":"Feature","properties":{"fid":67018,"gid":50710,"emd_nm":"노형동","signgu_nm":"제주시","cml_fr_idx":1.0,"rank":23786,"anls_id":"50110"},"geometry":{"type":"MultiPolygon","coordinates":[[[[126.5020193465652,33.40575120132178],[126.50200903371963,33.40665304291865],[126.5030843131651,33.40666168788306],[126.50309461490365,33.4057598459918],[126.5020193465652,33.40575120132178]]]]}},{"type":"Feature","properties":{"fid":67070,"gid":50804,"emd_nm":"노형동","signgu_nm":"제주시","cml_fr_idx":1.0,"rank":23838,"anls_id":"50110"},"geometry":{"type":"MultiPolygon","coordinates":[[[[126.46248372197407,33.47487436615792],[126.46247297249717,33.47577618659685],[126.46354909177113,33.47578519051463],[126.4635598301036,33.474883369769415],[126.46248372197407,33.47487436615792]]]]}},{"type":"Feature","properties":{"fid":67207,"gid":51056,"emd_nm":"노형동","signgu_nm":"제주시","cml_fr_idx":1.0,"rank":23975,"anls_id":"50110"},"geometry":{"type":"MultiPolygon","coordinates":[[[[126.48312998543953,33.45790911418526],[126.48311945662105,33.45881094294158],[126.4841953732271,33.458819763683124],[126.48420589091016,33.45791793462667],[126.48312998543953,33.45790911418526]]]]}},{"type":"Feature","properties":{"fid":67385,"gid":51369,"emd_nm":"노형동","signgu_nm":"제주시","cml_fr_idx":1.0,"rank":24153,"anls_id":"50110"},"geometry":{"type":"MultiPolygon","coordinates":[[[[126.46554053383628,33.48933047454435],[126.46552981015667,33.490232293749564],[126.4666061092431,33.490241274531655],[126.46661682177027,33.48933945502102],[126.46554053383628,33.48933047454435]]]]}},{"type":"Feature","properties":{"fid":67389,"gid":51372,"emd_nm":"노형동","signgu_nm":"제주시","cml_fr_idx":1.0,"rank":24157,"anls_id":"50110"},"geometry":{"type":"MultiPolygon","coordinates":[[[[126.50651543574345,33.38865068595284],[126.50650517601056,33.389552531272635],[126.50758024633764,33.38956113340253],[126.50759049497282,33.38865928778973],[126.50651543574345,33.38865068595284]]]]}},{"type":"Feature","properties":{"fid":67432,"gid":51449,"emd_nm":"노형동","signgu_nm":"제주시","cml_fr_idx":1.0,"rank":24200,"anls_id":"50110"},"geometry":{"type":"MultiPolygon","coordinates":[[[[126.50304310162313,33.41026905410696],[126.50303279759062,33.41117089532765],[126.50410813303749,33.41117953244586],[126.50411842596048,33.41027769093107],[126.50304310162313,33.41026905410696]]]]}},{"type":"Feature","properties":{"fid":67596,"gid":51753,"emd_nm":"노형동","signgu_nm":"제주시","cml_fr_idx":1.0,"rank":24364,"anls_id":"50110"},"geometry":{"type":"MultiPolygon","coordinates":[[[[126.49777005725849,33.401207325386224],[126.49775970229084,33.40210916647306],[126.49883492436653,33.40211784722554],[126.49884526822972,33.4012160058431],[126.49777005725849,33.401207325386224]]]]}},{"type":"Feature","properties":{"fid":67865,"gid":52275,"emd_nm":"노형동","signgu_nm":"제주시","cml_fr_idx":1.0,"rank":24633,"anls_id":"50110"},"geometry":{"type":"MultiPolygon","coordinates":[[[[126.47226453356166,33.4668386477077],[126.47225388865179,33.467740472101376],[126.47332991192697,33.46774938922323],[126.47334054569667,33.466847564526184],[126.47226453356166,33.4668386477077]]]]}},{"type":"Feature","properties":{"fid":67921,"gid":52376,"emd_nm":"노형동","signgu_nm":"제주시","cml_fr_idx":1.0,"rank":24689,"anls_id":"50110"},"geometry":{"type":"MultiPolygon","coordinates":[[[[126.48775839127646,33.42998754473926],[126.48774792146118,33.43088937885655],[126.48882349496772,33.430898152997294],[126.48883395366288,33.42999631858135],[126.48775839127646,33.42998754473926]]]]}},{"type":"Feature","properties":{"fid":67936,"gid":52401,"emd_nm":"노형동","signgu_nm":"제주시","cml_fr_idx":1.0,"rank":24704,"anls_id":"50110"},"geometry":{"type":"MultiPolygon","coordinates":[[[[126.50414930197954,33.40757216558208],[126.50413901043149,33.40847400749917],[126.50521431300959,33.408482634417894],[126.50522459344955,33.40758079220703],[126.50414930197954,33.40757216558208]]]]}},{"type":"Feature","properties":{"fid":67986,"gid":52483,"emd_nm":"노형동","signgu_nm":"제주시","cml_fr_idx":1.0,"rank":24754,"anls_id":"50110"},"geometry":{"type":"MultiPolygon","coordinates":[[[[126.49216487143259,33.421004223677585],[126.49215445073914,33.421906060329704],[126.4932299149257,33.42191479419674],[126.49324032450392,33.421012957247285],[126.49216487143259,33.421004223677585]]]]}},{"type":"Feature","properties":{"fid":68352,"gid":53171,"emd_nm":"노형동","signgu_nm":"제주시","cml_fr_idx":1.0,"rank":25119,"anls_id":"50110"},"geometry":{"type":"MultiPolygon","coordinates":[[[[126.46475390626327,33.46497232360374],[126.46474318432757,33.4658741461339],[126.4658191819951,33.46588312800888],[126.46582989279179,33.46498130517316],[126.46475390626327,33.46497232360374]]]]}},{"type":"Feature","properties":{"fid":68369,"gid":53208,"emd_nm":"노형동","signgu_nm":"제주시","cml_fr_idx":1.0,"rank":25137,"anls_id":"50110"},"geometry":{"type":"MultiPolygon","coordinates":[[[[126.49107898701658,33.421897317140804],[126.49106855474334,33.42279915336106],[126.49214402958162,33.42280789684761],[126.49215445073914,33.421906060329704],[126.49107898701658,33.421897317140804]]]]}},{"type":"Feature","properties":{"fid":68570,"gid":53595,"emd_nm":"노형동","signgu_nm":"제주시","cml_fr_idx":1.0,"rank":25338,"anls_id":"50110"},"geometry":{"type":"MultiPolygon","coordinates":[[[[126.50636149176651,33.40217835167342],[126.50635122517802,33.40308019498223],[126.50742646203008,33.403088801507785],[126.50743671751343,33.40218695790588],[126.50636149176651,33.40217835167342]]]]}},{"type":"Feature","properties":{"fid":68578,"gid":53610,"emd_nm":"노형동","signgu_nm":"제주시","cml_fr_idx":1.0,"rank":25346,"anls_id":"50110"},"geometry":{"type":"MultiPolygon","coordinates":[[[[126.48675618283805,33.42366592108563],[126.486745705169,33.42456775584361],[126.48782120037895,33.42457653721658],[126.48783166693137,33.423674702159666],[126.48675618283805,33.42366592108563]]]]}},{"type":"Feature","properties":{"fid":68702,"gid":53850,"emd_nm":"노형동","signgu_nm":"제주시","cml_fr_idx":1.0,"rank":25470,"anls_id":"50110"},"geometry":{"type":"MultiPolygon","coordinates":[[[[126.51731678551113,33.38422704216917],[126.51730663901577,33.3851288910746],[126.51838165840014,33.3851373986486],[126.51839179380008,33.38423554945337],[126.51731678551113,33.38422704216917]]]]}},{"type":"Feature","properties":{"fid":68848,"gid":54107,"emd_nm":"노형동","signgu_nm":"제주시","cml_fr_idx":1.0,"rank":25616,"anls_id":"50110"},"geometry":{"type":"MultiPolygon","coordinates":[[[[126.48994085644888,33.4272995781505],[126.48993041026941,33.42820141326748],[126.49100595134784,33.42821016786417],[126.49101638640863,33.427308332449186],[126.48994085644888,33.4272995781505]]]]}},{"type":"Feature","properties":{"fid":68878,"gid":54174,"emd_nm":"노형동","signgu_nm":"제주시","cml_fr_idx":1.0,"rank":25646,"anls_id":"50110"},"geometry":{"type":"MultiPolygon","coordinates":[[[[126.49009749333558,33.41377203529033],[126.49008705413111,33.41467387242042],[126.4911624284812,33.41468262254757],[126.49117285657444,33.413780785119556],[126.49009749333558,33.41377203529033]]]]}},{"type":"Feature","properties":{"fid":68983,"gid":54346,"emd_nm":"노형동","signgu_nm":"제주시","cml_fr_idx":1.0,"rank":25751,"anls_id":"50110"},"geometry":{"type":"MultiPolygon","coordinates":[[[[126.47541828103887,33.47317814444812],[126.4754076662419,33.474079968810166],[126.47648376893144,33.47408886003556],[126.47649437258471,33.47318703537105],[126.47541828103887,33.47317814444812]]]]}},{"type":"Feature","properties":{"fid":69198,"gid":54790,"emd_nm":"노형동","signgu_nm":"제주시","cml_fr_idx":1.0,"rank":25966,"anls_id":"50110"},"geometry":{"type":"MultiPolygon","coordinates":[[[[126.48645214093987,33.449819074561],[126.48644164973255,33.45072090542541],[126.48751746754064,33.45072969547028],[126.48752794761697,33.449827864306755],[126.48645214093987,33.449819074561]]]]}},{"type":"Feature","properties":{"fid":69340,"gid":55062,"emd_nm":"노형동","signgu_nm":"제주시","cml_fr_idx":1.0,"rank":26108,"anls_id":"50110"},"geometry":{"type":"MultiPolygon","coordinates":[[[[126.47321290920782,33.4776694520199],[126.47320226975535,33.478571275104024],[126.47427842722489,33.47858018652504],[126.47428905553122,33.47767836313781],[126.47321290920782,33.4776694520199]]]]}},{"type":"Feature","properties":{"fid":69540,"gid":55428,"emd_nm":"노형동","signgu_nm":"제주시","cml_fr_idx":1.0,"rank":26308,"anls_id":"50110"},"geometry":{"type":"MultiPolygon","coordinates":[[[[126.48085153182411,33.46871337429392],[126.48084097509614,33.46961520083688],[126.48191702442722,33.469624043857486],[126.48192757001385,33.468722217013706],[126.48085153182411,33.46871337429392]]]]}},{"type":"Feature","properties":{"fid":69724,"gid":55753,"emd_nm":"노형동","signgu_nm":"제주시","cml_fr_idx":1.0,"rank":26491,"anls_id":"50110"},"geometry":{"type":"MultiPolygon","coordinates":[[[[126.51735736697422,33.38061964520766],[126.51734722228615,33.381521494648986],[126.51842219729178,33.38153000106385],[126.51843233088638,33.38062815133273],[126.51735736697422,33.38061964520766]]]]}},{"type":"Feature","properties":{"fid":69958,"gid":56184,"emd_nm":"노형동","signgu_nm":"제주시","cml_fr_idx":1.0,"rank":26726,"anls_id":"50110"},"geometry":{"type":"MultiPolygon","coordinates":[[[[126.48207515893759,33.45609662709466],[126.48206461992226,33.4569984558192],[126.48314051378921,33.457007285294615],[126.48315104167017,33.456105456269654],[126.48207515893759,33.45609662709466]]]]}},{"type":"Feature","properties":{"fid":70021,"gid":56297,"emd_nm":"노형동","signgu_nm":"제주시","cml_fr_idx":1.0,"rank":26789,"anls_id":"50110"},"geometry":{"type":"MultiPolygon","coordinates":[[[[126.50866555465856,33.38866788031632],[126.50865531712114,33.3895697262218],[126.50973038836055,33.38957830973044],[126.50974061480024,33.38867646353259],[126.50866555465856,33.38866788031632]]]]}},{"type":"Feature","properties":{"fid":70215,"gid":56665,"emd_nm":"노형동","signgu_nm":"제주시","cml_fr_idx":1.0,"rank":26983,"anls_id":"50110"},"geometry":{"type":"MultiPolygon","coordinates":[[[[126.474469664359,33.46234734499094],[126.47445904409398,33.463249170662955],[126.47553501261947,33.463258067595596],[126.47554562174678,33.46235624162088],[126.474469664359,33.46234734499094]]]]}},{"type":"Feature","properties":{"fid":70416,"gid":57018,"emd_nm":"노형동","signgu_nm":"제주시","cml_fr_idx":1.0,"rank":27184,"anls_id":"50110"},"geometry":{"type":"MultiPolygon","coordinates":[[[[126.51189073644926,33.388693602034124],[126.51188053220514,33.38959544881573],[126.51295560480932,33.38960400439239],[126.51296579795563,33.38870215731936],[126.51189073644926,33.388693602034124]]]]}},{"type":"Feature","properties":{"fid":70527,"gid":57210,"emd_nm":"노형동","signgu_nm":"제주시","cml_fr_idx":1.0,"rank":27295,"anls_id":"50110"},"geometry":{"type":"MultiPolygon","coordinates":[[[[126.52054181173156,33.38425253609522],[126.52053169852256,33.38515438586908],[126.52160671925958,33.38516286551553],[126.5216168213731,33.384261015452815],[126.52054181173156,33.38425253609522]]]]}},{"type":"Feature","properties":{"fid":70588,"gid":57314,"emd_nm":"노형동","signgu_nm":"제주시","cml_fr_idx":1.0,"rank":27355,"anls_id":"50110"},"geometry":{"type":"MultiPolygon","coordinates":[[[[126.49976543995777,33.41475228806872],[126.49975510029496,33.41565412773456],[126.50083048991851,33.41566279428257],[126.5008408184694,33.41476095432166],[126.49976543995777,33.41475228806872]]]]}},{"type":"Feature","properties":{"fid":70625,"gid":57385,"emd_nm":"노형동","signgu_nm":"제주시","cml_fr_idx":1.0,"rank":27392,"anls_id":"50110"},"geometry":{"type":"MultiPolygon","coordinates":[[[[126.50193683094054,33.41296593034148],[126.50192651442042,33.41386777086538],[126.5030018827399,33.41387641818504],[126.50301218814901,33.4129745773667],[126.50193683094054,33.41296593034148]]]]}},{"type":"Feature","properties":{"fid":70664,"gid":57462,"emd_nm":"노형동","signgu_nm":"제주시","cml_fr_idx":1.0,"rank":27432,"anls_id":"50110"},"geometry":{"type":"MultiPolygon","coordinates":[[[[126.49873146039663,33.411136253673135],[126.49872111146541,33.41203809358018],[126.49979645618383,33.412046768266386],[126.49980679400514,33.41114492806399],[126.49873146039663,33.411136253673135]]]]}},{"type":"Feature","properties":{"fid":70705,"gid":57534,"emd_nm":"노형동","signgu_nm":"제주시","cml_fr_idx":1.0,"rank":27472,"anls_id":"50110"},"geometry":{"type":"MultiPolygon","coordinates":[[[[126.50104729293032,33.39672412693765],[126.50103697357409,33.39762596958089],[126.5021121415125,33.39763462091521],[126.50212244976666,33.39673277797733],[126.50104729293032,33.39672412693765]]]]}},{"type":"Feature","properties":{"fid":70737,"gid":57594,"emd_nm":"노형동","signgu_nm":"제주시","cml_fr_idx":1.0,"rank":27505,"anls_id":"50110"},"geometry":{"type":"MultiPolygon","coordinates":[[[[126.46801392997935,33.462293769157384],[126.46800324288839,33.463195593006574],[126.4690792085693,33.463204545956444],[126.46908988452267,33.46230272180265],[126.46801392997935,33.462293769157384]]]]}},{"type":"Feature","properties":{"fid":71044,"gid":58125,"emd_nm":"노형동","signgu_nm":"제주시","cml_fr_idx":1.0,"rank":27811,"anls_id":"50110"},"geometry":{"type":"MultiPolygon","coordinates":[[[[126.51409176335736,33.38420146446357],[126.5140815835758,33.38510331249771],[126.51515660160311,33.385111847999134],[126.51516677028927,33.38420999967425],[126.51409176335736,33.38420146446357]]]]}},{"type":"Feature","properties":{"fid":71080,"gid":58187,"emd_nm":"노형동","signgu_nm":"제주시","cml_fr_idx":1.0,"rank":27848,"anls_id":"50110"},"geometry":{"type":"MultiPolygon","coordinates":[[[[126.46896174170551,33.47312460277631],[126.46895106004678,33.474026425317],[126.47002715989325,33.47403537258255],[126.47003783040842,33.47313354973752],[126.46896174170551,33.47312460277631]]]]}},{"type":"Feature","properties":{"fid":71179,"gid":58350,"emd_nm":"노형동","signgu_nm":"제주시","cml_fr_idx":1.0,"rank":27947,"anls_id":"50110"},"geometry":{"type":"MultiPolygon","coordinates":[[[[126.51841206324586,33.382431850660986],[126.51840192874864,33.383333700124176],[126.51947692639399,33.38334219781006],[126.51948704979675,33.3824403480574],[126.51841206324586,33.382431850660986]]]]}},{"type":"Feature","properties":{"fid":71188,"gid":58366,"emd_nm":"노형동","signgu_nm":"제주시","cml_fr_idx":1.0,"rank":27956,"anls_id":"50110"},"geometry":{"type":"MultiPolygon","coordinates":[[[[126.4820856974837,33.45519479823581],[126.48207515893759,33.45609662709466],[126.48315104167017,33.456105456269654],[126.48316156908237,33.45520362711037],[126.4820856974837,33.45519479823581]]]]}},{"type":"Feature","properties":{"fid":71295,"gid":58541,"emd_nm":"노형동","signgu_nm":"제주시","cml_fr_idx":1.0,"rank":28063,"anls_id":"50110"},"geometry":{"type":"MultiPolygon","coordinates":[[[[126.47213676335808,33.477660531560694],[126.47212611275947,33.478562354341385],[126.47320226975535,33.478571275104024],[126.47321290920782,33.4776694520199],[126.47213676335808,33.477660531560694]]]]}},{"type":"Feature","properties":{"fid":71336,"gid":58617,"emd_nm":"노형동","signgu_nm":"제주시","cml_fr_idx":1.0,"rank":28104,"anls_id":"50110"},"geometry":{"type":"MultiPolygon","coordinates":[[[[126.51730663901577,33.3851288910746],[126.51729649206854,33.386030739846035],[126.51837152254886,33.38603924770984],[126.51838165840014,33.3851373986486],[126.51730663901577,33.3851288910746]]]]}},{"type":"Feature","properties":{"fid":71377,"gid":58686,"emd_nm":"노형동","signgu_nm":"제주시","cml_fr_idx":1.0,"rank":28145,"anls_id":"50110"},"geometry":{"type":"MultiPolygon","coordinates":[[[[126.49984814068713,33.407537565913124],[126.49983780470706,33.40843940665203],[126.50091310544899,33.40844807083964],[126.5009234303211,33.4075462298057],[126.49984814068713,33.407537565913124]]]]}},{"type":"Feature","properties":{"fid":71380,"gid":58691,"emd_nm":"노형동","signgu_nm":"제주시","cml_fr_idx":1.0,"rank":28148,"anls_id":"50110"},"geometry":{"type":"MultiPolygon","coordinates":[[[[126.50628961604545,33.408491252019346],[126.50627934625624,33.40939309438954],[126.50735466085801,33.40940170296686],[126.50736491953866,33.40849986030353],[126.50628961604545,33.408491252019346]]]]}},{"type":"Feature","properties":{"fid":71498,"gid":58892,"emd_nm":"노형동","signgu_nm":"제주시","cml_fr_idx":1.0,"rank":28266,"anls_id":"50110"},"geometry":{"type":"MultiPolygon","coordinates":[[[[126.47989170961768,33.45878442470847],[126.4798811469228,33.45968625242818],[126.48095707325683,33.45969510147503],[126.48096762481585,33.45879327345423],[126.47989170961768,33.45878442470847]]]]}},{"type":"Feature","properties":{"fid":71610,"gid":59123,"emd_nm":"노형동","signgu_nm":"제주시","cml_fr_idx":1.0,"rank":28378,"anls_id":"50110"},"geometry":{"type":"MultiPolygon","coordinates":[[[[126.4798811469228,33.45968625242818],[126.47987058375764,33.46058808001353],[126.48094652122799,33.46059692936148],[126.48095707325683,33.45969510147503],[126.4798811469228,33.45968625242818]]]]}},{"type":"Feature","properties":{"fid":71616,"gid":59136,"emd_nm":"노형동","signgu_nm":"제주시","cml_fr_idx":1.0,"rank":28383,"anls_id":"50110"},"geometry":{"type":"MultiPolygon","coordinates":[[[[126.48554430856147,33.43538096818131],[126.48553381370252,33.43628280089475],[126.4866094530071,33.436291595481364],[126.48661993674298,33.43538976246858],[126.48554430856147,33.43538096818131]]]]}},{"type":"Feature","properties":{"fid":71620,"gid":59143,"emd_nm":"노형동","signgu_nm":"제주시","cml_fr_idx":1.0,"rank":28387,"anls_id":"50110"},"geometry":{"type":"MultiPolygon","coordinates":[[[[126.51733707714631,33.38242334395636],[126.51732693155462,33.38332519312976],[126.51840192874864,33.383333700124176],[126.51841206324586,33.382431850660986],[126.51733707714631,33.38242334395636]]]]}},{"type":"Feature","properties":{"fid":71723,"gid":59316,"emd_nm":"노형동","signgu_nm":"제주시","cml_fr_idx":1.0,"rank":28491,"anls_id":"50110"},"geometry":{"type":"MultiPolygon","coordinates":[[[[126.51623162008326,33.38512037419144],[126.51622146204011,33.386022222672764],[126.51729649206854,33.386030739846035],[126.51730663901577,33.3851288910746],[126.51623162008326,33.38512037419144]]]]}},{"type":"Feature","properties":{"fid":71734,"gid":59338,"emd_nm":"노형동","signgu_nm":"제주시","cml_fr_idx":1.0,"rank":28502,"anls_id":"50110"},"geometry":{"type":"MultiPolygon","coordinates":[[[[126.47764459896604,33.46688313842504],[126.47763400975721,33.46778496433234],[126.47871003539467,33.46779383476498],[126.47872061346325,33.46689200855592],[126.47764459896604,33.46688313842504]]]]}},{"type":"Feature","properties":{"fid":71781,"gid":59435,"emd_nm":"노형동","signgu_nm":"제주시","cml_fr_idx":1.0,"rank":28549,"anls_id":"50110"},"geometry":{"type":"MultiPolygon","coordinates":[[[[126.45929852729917,33.47124001986443],[126.45928774630914,33.4721418399206],[126.46036381957124,33.47215087063107],[126.46037458941886,33.4712490502677],[126.45929852729917,33.47124001986443]]]]}},{"type":"Feature","properties":{"fid":72005,"gid":59838,"emd_nm":"노형동","signgu_nm":"제주시","cml_fr_idx":1.0,"rank":28772,"anls_id":"50110"},"geometry":{"type":"MultiPolygon","coordinates":[[[[126.49121456430402,33.410173434065584],[126.49120413806808,33.41107527203035],[126.49227946844039,33.411084011647816],[126.49228988356701,33.41018217338546],[126.49121456430402,33.410173434065584]]]]}},{"type":"Feature","properties":{"fid":72028,"gid":59885,"emd_nm":"노형동","signgu_nm":"제주시","cml_fr_idx":1.0,"rank":28796,"anls_id":"50110"},"geometry":{"type":"MultiPolygon","coordinates":[[[[126.49554698675884,33.407502817174226],[126.49553660634706,33.408404656729864],[126.49661190524492,33.40841335818614],[126.49662227454881,33.40751151833421],[126.49554698675884,33.407502817174226]]]]}},{"type":"Feature","properties":{"fid":72203,"gid":60235,"emd_nm":"노형동","signgu_nm":"제주시","cml_fr_idx":1.0,"rank":28971,"anls_id":"50110"},"geometry":{"type":"MultiPolygon","coordinates":[[[[126.502153371775,33.39402724835912],[126.5021430648979,33.394929091699275],[126.50321819999056,33.39493773283725],[126.50322849576706,33.39403588920279],[126.502153371775,33.39402724835912]]]]}},{"type":"Feature","properties":{"fid":72240,"gid":60295,"emd_nm":"노형동","signgu_nm":"제주시","cml_fr_idx":1.0,"rank":29008,"anls_id":"50110"},"geometry":{"type":"MultiPolygon","coordinates":[[[[126.49765612724897,33.411127569964165],[126.49764576720783,33.4120294095755],[126.49872111146541,33.41203809358018],[126.49873146039663,33.411136253673135],[126.49765612724897,33.411127569964165]]]]}},{"type":"Feature","properties":{"fid":72602,"gid":60962,"emd_nm":"노형동","signgu_nm":"제주시","cml_fr_idx":1.0,"rank":29370,"anls_id":"50110"},"geometry":{"type":"MultiPolygon","coordinates":[[[[126.46770381107943,33.48844660620211],[126.46769311018116,33.489348426152326],[126.46876939906846,33.48935738793827],[126.46878008881475,33.488455567683275],[126.46770381107943,33.48844660620211]]]]}},{"type":"Feature","properties":{"fid":72688,"gid":61103,"emd_nm":"노형동","signgu_nm":"제주시","cml_fr_idx":1.0,"rank":29456,"anls_id":"50110"},"geometry":{"type":"MultiPolygon","coordinates":[[[[126.49213360796008,33.42370973323132],[126.49212318587448,33.42461156948083],[126.4931986834098,33.424620304239916],[126.49320909437867,33.42371846769304],[126.49213360796008,33.42370973323132]]]]}},{"type":"Feature","properties":{"fid":72759,"gid":61221,"emd_nm":"노형동","signgu_nm":"제주시","cml_fr_idx":1.0,"rank":29527,"anls_id":"50110"},"geometry":{"type":"MultiPolygon","coordinates":[[[[126.4856806992113,33.42365713068917],[126.48567021042562,33.424558965147895],[126.486745705169,33.42456775584361],[126.48675618283805,33.42366592108563],[126.4856806992113,33.42365713068917]]]]}},{"type":"Feature","properties":{"fid":72770,"gid":61237,"emd_nm":"노형동","signgu_nm":"제주시","cml_fr_idx":1.0,"rank":29538,"anls_id":"50110"},"geometry":{"type":"MultiPolygon","coordinates":[[[[126.46662753382053,33.488437635375895],[126.46661682177027,33.48933945502102],[126.46769311018116,33.489348426152326],[126.46770381107943,33.48844660620211],[126.46662753382053,33.488437635375895]]]]}},{"type":"Feature","properties":{"fid":72815,"gid":61323,"emd_nm":"노형동","signgu_nm":"제주시","cml_fr_idx":1.0,"rank":29583,"anls_id":"50110"},"geometry":{"type":"MultiPolygon","coordinates":[[[[126.50100601274805,33.40033149670606],[126.50099569155351,33.4012333388129],[126.50207090390508,33.40124199132581],[126.50208121399558,33.400340148924315],[126.50100601274805,33.40033149670606]]]]}},{"type":"Feature","properties":{"fid":72824,"gid":61343,"emd_nm":"노형동","signgu_nm":"제주시","cml_fr_idx":1.0,"rank":29592,"anls_id":"50110"},"geometry":{"type":"MultiPolygon","coordinates":[[[[126.49334439479588,33.41199458037268],[126.49333398985195,33.41289641866394],[126.49440934337152,33.4129051402392],[126.4944197372051,33.412003301650984],[126.49334439479588,33.41199458037268]]]]}},{"type":"Feature","properties":{"fid":72826,"gid":61346,"emd_nm":"노형동","signgu_nm":"제주시","cml_fr_idx":1.0,"rank":29594,"anls_id":"50110"},"geometry":{"type":"MultiPolygon","coordinates":[[[[126.48749650598812,33.45253335739448],[126.48748602451188,33.45343518815514],[126.48856187618264,33.453443969764486],[126.4885723465264,33.45254213870499],[126.48749650598812,33.45253335739448]]]]}},{"type":"Feature","properties":{"fid":72934,"gid":61553,"emd_nm":"노형동","signgu_nm":"제주시","cml_fr_idx":1.0,"rank":29702,"anls_id":"50110"},"geometry":{"type":"MultiPolygon","coordinates":[[[[126.48087264387004,33.46690972080495],[126.48086208808208,33.46781154761662],[126.48193811513099,33.46782039003558],[126.48194865977862,33.4669185629231],[126.48087264387004,33.46690972080495]]]]}},{"type":"Feature","properties":{"fid":72993,"gid":61648,"emd_nm":"노형동","signgu_nm":"제주시","cml_fr_idx":1.0,"rank":29760,"anls_id":"50110"},"geometry":{"type":"MultiPolygon","coordinates":[[[[126.48567021042562,33.424558965147895],[126.4856597211729,33.42546079947238],[126.48673522703339,33.42546959046736],[126.486745705169,33.42456775584361],[126.48567021042562,33.424558965147895]]]]}},{"type":"Feature","properties":{"fid":73002,"gid":61662,"emd_nm":"노형동","signgu_nm":"제주시","cml_fr_idx":1.0,"rank":29770,"anls_id":"50110"},"geometry":{"type":"MultiPolygon","coordinates":[[[[126.48771650921802,33.43359488040294],[126.48770603753783,33.43449671398325],[126.48878165552983,33.43450548931872],[126.48879211608794,33.43360365543971],[126.48771650921802,33.43359488040294]]]]}},{"type":"Feature","properties":{"fid":73007,"gid":61675,"emd_nm":"노형동","signgu_nm":"제주시","cml_fr_idx":1.0,"rank":29775,"anls_id":"50110"},"geometry":{"type":"MultiPolygon","coordinates":[[[[126.48215945416966,33.4488819924628],[126.48214891890761,33.4497838222619],[126.48322472371328,33.449792649334064],[126.48323524784489,33.448890819234606],[126.48215945416966,33.4488819924628]]]]}},{"type":"Feature","properties":{"fid":73025,"gid":61703,"emd_nm":"노형동","signgu_nm":"제주시","cml_fr_idx":1.0,"rank":29793,"anls_id":"50110"},"geometry":{"type":"MultiPolygon","coordinates":[[[[126.48769556539132,33.43539854742931],[126.4876850927785,33.436300380741095],[126.48876073301626,33.43630915667398],[126.48877119450596,33.435407323063465],[126.48769556539132,33.43539854742931]]]]}},{"type":"Feature","properties":{"fid":73318,"gid":62257,"emd_nm":"노형동","signgu_nm":"제주시","cml_fr_idx":1.0,"rank":30086,"anls_id":"50110"},"geometry":{"type":"MultiPolygon","coordinates":[[[[126.50318730990992,33.397643262936114],[126.50317701229929,33.39854510603423],[126.50425219225788,33.39855373903571],[126.50426247876592,33.3976518956436],[126.50318730990992,33.397643262936114]]]]}},{"type":"Feature","properties":{"fid":73371,"gid":62354,"emd_nm":"노형동","signgu_nm":"제주시","cml_fr_idx":1.0,"rank":30139,"anls_id":"50110"},"geometry":{"type":"MultiPolygon","coordinates":[[[[126.48091486232252,33.46330241221476],[126.48090430841427,33.464204239563834],[126.48198029090487,33.46421308077955],[126.48199083367476,33.46331125312968],[126.48091486232252,33.46330241221476]]]]}},{"type":"Feature","properties":{"fid":73385,"gid":62384,"emd_nm":"노형동","signgu_nm":"제주시","cml_fr_idx":1.0,"rank":30152,"anls_id":"50110"},"geometry":{"type":"MultiPolygon","coordinates":[[[[126.46148292525982,33.46855260851442],[126.46147216799152,33.469454429588104],[126.46254820878632,33.469463440700395],[126.46255895491365,33.46856161932018],[126.46148292525982,33.46855260851442]]]]}},{"type":"Feature","properties":{"fid":73745,"gid":63063,"emd_nm":"노형동","signgu_nm":"제주시","cml_fr_idx":1.0,"rank":30513,"anls_id":"50110"},"geometry":{"type":"MultiPolygon","coordinates":[[[[126.51838165840014,33.3851373986486],[126.51837152254886,33.38603924770984],[126.51944655348055,33.38604774626416],[126.51945667823591,33.38514589691343],[126.51838165840014,33.3851373986486]]]]}},{"type":"Feature","properties":{"fid":73763,"gid":63106,"emd_nm":"노형동","signgu_nm":"제주시","cml_fr_idx":1.0,"rank":30531,"anls_id":"50110"},"geometry":{"type":"MultiPolygon","coordinates":[[[[126.49224822027762,33.41378952562979],[126.49223780329568,33.414691363355416],[126.49331317857404,33.41470009484395],[126.49332358444467,33.41379825682103],[126.49224822027762,33.41378952562979]]]]}},{"type":"Feature","properties":{"fid":73780,"gid":63145,"emd_nm":"노형동","signgu_nm":"제주시","cml_fr_idx":1.0,"rank":30548,"anls_id":"50110"},"geometry":{"type":"MultiPolygon","coordinates":[[[[126.51840192874864,33.383333700124176],[126.51839179380008,33.38423554945337],[126.51946680254038,33.38424404742873],[126.51947692639399,33.38334219781006],[126.51840192874864,33.383333700124176]]]]}},{"type":"Feature","properties":{"fid":73791,"gid":63167,"emd_nm":"노형동","signgu_nm":"제주시","cml_fr_idx":1.0,"rank":30559,"anls_id":"50110"},"geometry":{"type":"MultiPolygon","coordinates":[[[[126.48544983800608,33.44349745776867],[126.48543933894062,33.444399289273655],[126.48651507837505,33.44440808655456],[126.48652556631299,33.443506254750176],[126.48544983800608,33.44349745776867]]]]}},{"type":"Feature","properties":{"fid":73918,"gid":63408,"emd_nm":"노형동","signgu_nm":"제주시","cml_fr_idx":1.0,"rank":30685,"anls_id":"50110"},"geometry":{"type":"MultiPolygon","coordinates":[[[[126.48682951345931,33.417353074021335],[126.48681903905565,33.418254909718904],[126.48789445645946,33.41826368899943],[126.48790491974992,33.417361853002966],[126.48682951345931,33.417353074021335]]]]}},{"type":"Feature","properties":{"fid":73971,"gid":63503,"emd_nm":"노형동","signgu_nm":"제주시","cml_fr_idx":1.0,"rank":30739,"anls_id":"50110"},"geometry":{"type":"MultiPolygon","coordinates":[[[[126.48302467615669,33.466927395703635],[126.48301414264938,33.4678292231166],[126.48409017063679,33.46783804685972],[126.48410069300373,33.46693621914655],[126.48302467615669,33.466927395703635]]]]}},{"type":"Feature","properties":{"fid":73973,"gid":63505,"emd_nm":"노형동","signgu_nm":"제주시","cml_fr_idx":1.0,"rank":30741,"anls_id":"50110"},"geometry":{"type":"MultiPolygon","coordinates":[[[[126.50643334508602,33.39586544475764],[126.50642308169735,33.39676728900496],[126.50749824082392,33.39677589347904],[126.50750849311092,33.39587404893867],[126.50643334508602,33.39586544475764]]]]}},{"type":"Feature","properties":{"fid":74090,"gid":63714,"emd_nm":"노형동","signgu_nm":"제주시","cml_fr_idx":1.0,"rank":30858,"anls_id":"50110"},"geometry":{"type":"MultiPolygon","coordinates":[[[[126.50974061480024,33.38867646353259],[126.50973038836055,33.38957830973044],[126.51080546005538,33.38958688392842],[126.51081567539728,33.38868503743853],[126.50974061480024,33.38867646353259]]]]}},{"type":"Feature","properties":{"fid":74164,"gid":63855,"emd_nm":"노형동","signgu_nm":"제주시","cml_fr_idx":1.0,"rank":30932,"anls_id":"50110"},"geometry":{"type":"MultiPolygon","coordinates":[[[[126.48900122946478,33.41556694967166],[126.48899077821832,33.41646878623513],[126.49006617432752,33.416477546278045],[126.49007661446176,33.41557570941633],[126.48900122946478,33.41556694967166]]]]}},{"type":"Feature","properties":{"fid":74188,"gid":63909,"emd_nm":"노형동","signgu_nm":"제주시","cml_fr_idx":1.0,"rank":30956,"anls_id":"50110"},"geometry":{"type":"MultiPolygon","coordinates":[[[[126.47982832639359,33.46419538901147],[126.47981776087663,33.465097215925084],[126.48089375403612,33.46510606677857],[126.48090430841427,33.464204239563834],[126.47982832639359,33.46419538901147]]]]}},{"type":"Feature","properties":{"fid":74194,"gid":63916,"emd_nm":"노형동","signgu_nm":"제주시","cml_fr_idx":1.0,"rank":30962,"anls_id":"50110"},"geometry":{"type":"MultiPolygon","coordinates":[[[[126.47120983257737,33.465026072968506],[126.47119917747618,33.465927897327326],[126.47227517799762,33.46593682317962],[126.47228582195964,33.46503499851714],[126.47120983257737,33.465026072968506]]]]}},{"type":"Feature","properties":{"fid":74213,"gid":63946,"emd_nm":"노형동","signgu_nm":"제주시","cml_fr_idx":1.0,"rank":30981,"anls_id":"50110"},"geometry":{"type":"MultiPolygon","coordinates":[[[[126.51953766004857,33.37793109728473],[126.51952753889975,33.378832947707195],[126.52060248152848,33.37884143463883],[126.52061259158528,33.37793958392725],[126.51953766004857,33.37793109728473]]]]}},{"type":"Feature","properties":{"fid":74237,"gid":63978,"emd_nm":"노형동","signgu_nm":"제주시","cml_fr_idx":1.0,"rank":31004,"anls_id":"50110"},"geometry":{"type":"MultiPolygon","coordinates":[[[[126.48440563793778,33.440783157036186],[126.48439512914865,33.44168498864432],[126.48547083473461,33.44169379435582],[126.48548133239773,33.440791962447996],[126.48440563793778,33.440783157036186]]]]}},{"type":"Feature","properties":{"fid":74261,"gid":64028,"emd_nm":"노형동","signgu_nm":"제주시","cml_fr_idx":1.0,"rank":31029,"anls_id":"50110"},"geometry":{"type":"MultiPolygon","coordinates":[[[[126.48997219219656,33.424594071994264],[126.48996174741244,33.42549590751389],[126.4910372551363,33.425504661216564],[126.49104768880322,33.42460282539895],[126.48997219219656,33.424594071994264]]]]}},{"type":"Feature","properties":{"fid":74317,"gid":64115,"emd_nm":"노형동","signgu_nm":"제주시","cml_fr_idx":1.0,"rank":31084,"anls_id":"50110"},"geometry":{"type":"MultiPolygon","coordinates":[[[[126.45913676203936,33.48476730658473],[126.4591259738472,33.485669124623364],[126.46020221430494,33.48567815994261],[126.46021299134726,33.484776341596685],[126.45913676203936,33.48476730658473]]]]}},{"type":"Feature","properties":{"fid":74362,"gid":64202,"emd_nm":"노형동","signgu_nm":"제주시","cml_fr_idx":1.0,"rank":31130,"anls_id":"50110"},"geometry":{"type":"MultiPolygon","coordinates":[[[[126.50425219225788,33.39855373903571],[126.50424190529176,33.39945558229375],[126.50531709681155,33.399464206275184],[126.50532737267456,33.39856236272344],[126.50425219225788,33.39855373903571]]]]}},{"type":"Feature","properties":{"fid":74389,"gid":64248,"emd_nm":"노형동","signgu_nm":"제주시","cml_fr_idx":1.0,"rank":31157,"anls_id":"50110"},"geometry":{"type":"MultiPolygon","coordinates":[[[[126.47538643523015,33.475883617131096],[126.47537581901533,33.476785441089945],[126.47645195513893,33.47679433322272],[126.47646256020855,33.4758925089614],[126.47538643523015,33.475883617131096]]]]}},{"type":"Feature","properties":{"fid":74467,"gid":64403,"emd_nm":"노형동","signgu_nm":"제주시","cml_fr_idx":1.0,"rank":31235,"anls_id":"50110"},"geometry":{"type":"MultiPolygon","coordinates":[[[[126.47762342007688,33.46868679010527],[126.4776128299251,33.46958861574381],[126.47868887784459,33.469597486780025],[126.47869945685514,33.46869566083969],[126.47762342007688,33.46868679010527]]]]}},{"type":"Feature","properties":{"fid":74665,"gid":64745,"emd_nm":"노형동","signgu_nm":"제주시","cml_fr_idx":1.0,"rank":31433,"anls_id":"50110"},"geometry":{"type":"MultiPolygon","coordinates":[[[[126.4842795015809,33.4516051274708],[126.48426898717537,33.45250695746741],[126.48534482631213,33.45251576677568],[126.48535532958569,33.45161393647929],[126.4842795015809,33.4516051274708]]]]}},{"type":"Feature","properties":{"fid":74674,"gid":64764,"emd_nm":"노형동","signgu_nm":"제주시","cml_fr_idx":1.0,"rank":31441,"anls_id":"50110"},"geometry":{"type":"MultiPolygon","coordinates":[[[[126.49324032450392,33.421012957247285],[126.4932299149257,33.42191479419674],[126.49430537957583,33.42192351874191],[126.49431577803874,33.421021681495446],[126.49324032450392,33.421012957247285]]]]}},{"type":"Feature","properties":{"fid":74693,"gid":64810,"emd_nm":"노형동","signgu_nm":"제주시","cml_fr_idx":1.0,"rank":31461,"anls_id":"50110"},"geometry":{"type":"MultiPolygon","coordinates":[[[[126.50759049497282,33.38865928778973],[126.50758024633764,33.38956113340253],[126.50865531712114,33.3895697262218],[126.50866555465856,33.38866788031632],[126.50759049497282,33.38865928778973]]]]}},{"type":"Feature","properties":{"fid":74757,"gid":64932,"emd_nm":"노형동","signgu_nm":"제주시","cml_fr_idx":1.0,"rank":31525,"anls_id":"50110"},"geometry":{"type":"MultiPolygon","coordinates":[[[[126.50102665375832,33.39852781209005],[126.50101633348298,33.3994296544651],[126.50209152362697,33.399438306388696],[126.50210183279927,33.398536463719005],[126.50102665375832,33.39852781209005]]]]}},{"type":"Feature","properties":{"fid":74802,"gid":65006,"emd_nm":"노형동","signgu_nm":"제주시","cml_fr_idx":1.0,"rank":31570,"anls_id":"50110"},"geometry":{"type":"MultiPolygon","coordinates":[[[[126.49547431416836,33.41381569124646],[126.49546393052037,33.414717529863005],[126.49653930718739,33.414726233393495],[126.49654967972398,33.41382439448062],[126.49547431416836,33.41381569124646]]]]}},{"type":"Feature","properties":{"fid":74804,"gid":65008,"emd_nm":"노형동","signgu_nm":"제주시","cml_fr_idx":1.0,"rank":31572,"anls_id":"50110"},"geometry":{"type":"MultiPolygon","coordinates":[[[[126.47880522105909,33.459677394046274],[126.4787946467576,33.46057922133023],[126.47987058375764,33.46058808001353],[126.4798811469228,33.45968625242818],[126.47880522105909,33.459677394046274]]]]}},{"type":"Feature","properties":{"fid":75064,"gid":65495,"emd_nm":"노형동","signgu_nm":"제주시","cml_fr_idx":1.0,"rank":31832,"anls_id":"50110"},"geometry":{"type":"MultiPolygon","coordinates":[[[[126.49439894907508,33.41380697869325],[126.49438855431576,33.414708817013135],[126.49546393052037,33.414717529863005],[126.49547431416836,33.41381569124646],[126.49439894907508,33.41380697869325]]]]}},{"type":"Feature","properties":{"fid":75115,"gid":65604,"emd_nm":"노형동","signgu_nm":"제주시","cml_fr_idx":1.0,"rank":31883,"anls_id":"50110"},"geometry":{"type":"MultiPolygon","coordinates":[[[[126.49230029822988,33.40928033498895],[126.49228988356701,33.41018217338546],[126.49336520329379,33.41019090338762],[126.49337560684783,33.409289064693844],[126.49230029822988,33.40928033498895]]]]}},{"type":"Feature","properties":{"fid":75168,"gid":65707,"emd_nm":"노형동","signgu_nm":"제주시","cml_fr_idx":1.0,"rank":31936,"anls_id":"50110"},"geometry":{"type":"MultiPolygon","coordinates":[[[[126.49663264339095,33.406609678348126],[126.49662227454881,33.40751151833421],[126.4976975628005,33.40752021017737],[126.49770792053523,33.40661836989532],[126.49663264339095,33.406609678348126]]]]}},{"type":"Feature","properties":{"fid":75205,"gid":65773,"emd_nm":"노형동","signgu_nm":"제주시","cml_fr_idx":1.0,"rank":31973,"anls_id":"50110"},"geometry":{"type":"MultiPolygon","coordinates":[[[[126.47436344042771,33.47136559566364],[126.4743528154332,33.47226741999174],[126.47542889536325,33.47227631995166],[126.47543950921508,33.47137449532081],[126.47436344042771,33.47136559566364]]]]}},{"type":"Feature","properties":{"fid":75252,"gid":65880,"emd_nm":"노형동","signgu_nm":"제주시","cml_fr_idx":1.0,"rank":32019,"anls_id":"50110"},"geometry":{"type":"MultiPolygon","coordinates":[[[[126.50110919941821,33.391313068262164],[126.5010988828189,33.392214911709964],[126.50217398415231,33.39222356127656],[126.50218428965253,33.39132171753415],[126.50110919941821,33.391313068262164]]]]}},{"type":"Feature","properties":{"fid":75406,"gid":66161,"emd_nm":"노형동","signgu_nm":"제주시","cml_fr_idx":1.0,"rank":32174,"anls_id":"50110"},"geometry":{"type":"MultiPolygon","coordinates":[[[[126.48100982635425,33.455185960027755],[126.48099927667427,33.45608778858587],[126.48207515893759,33.45609662709466],[126.4820856974837,33.45519479823581],[126.48100982635425,33.455185960027755]]]]}},{"type":"Feature","properties":{"fid":75469,"gid":66280,"emd_nm":"노형동","signgu_nm":"제주시","cml_fr_idx":1.0,"rank":32237,"anls_id":"50110"},"geometry":{"type":"MultiPolygon","coordinates":[[[[126.47330864296717,33.4695530382141],[126.47329800777702,33.47045486250794],[126.47437406494917,33.47046377120113],[126.47438468899763,33.46956194660424],[126.47330864296717,33.4695530382141]]]]}},{"type":"Feature","properties":{"fid":75614,"gid":66566,"emd_nm":"노형동","signgu_nm":"제주시","cml_fr_idx":1.0,"rank":32382,"anls_id":"50110"},"geometry":{"type":"MultiPolygon","coordinates":[[[[126.48203300006065,33.45970394118684],[126.48202245916818,33.460605769374055],[126.4830983975777,33.46061460005125],[126.48310892733379,33.45971277156358],[126.48203300006065,33.45970394118684]]]]}},{"type":"Feature","properties":{"fid":75726,"gid":66774,"emd_nm":"노형동","signgu_nm":"제주시","cml_fr_idx":1.0,"rank":32494,"anls_id":"50110"},"geometry":{"type":"MultiPolygon","coordinates":[[[[126.49989981368402,33.403028360206704],[126.49988948000505,33.40393020161624],[126.50096472521206,33.40393886432878],[126.50097504778553,33.40303702262426],[126.49989981368402,33.403028360206704]]]]}},{"type":"Feature","properties":{"fid":75775,"gid":66874,"emd_nm":"노형동","signgu_nm":"제주시","cml_fr_idx":1.0,"rank":32543,"anls_id":"50110"},"geometry":{"type":"MultiPolygon","coordinates":[[[[126.48434257818376,33.44619414467076],[126.48433206658679,33.44709597547317],[126.48540783893924,33.44710478298294],[126.48541833940722,33.4462029518808],[126.48434257818376,33.44619414467076]]]]}},{"type":"Feature","properties":{"fid":75947,"gid":67214,"emd_nm":"노형동","signgu_nm":"제주시","cml_fr_idx":1.0,"rank":32715,"anls_id":"50110"},"geometry":{"type":"MultiPolygon","coordinates":[[[[126.48328786147468,33.44438166672275],[126.48327733968576,33.44528349749371],[126.4843530893127,33.44529231373404],[126.48436359997365,33.44439048266304],[126.48328786147468,33.44438166672275]]]]}},{"type":"Feature","properties":{"fid":76234,"gid":67741,"emd_nm":"노형동","signgu_nm":"제주시","cml_fr_idx":1.0,"rank":33001,"anls_id":"50110"},"geometry":{"type":"MultiPolygon","coordinates":[[[[126.50959740319419,33.40130229810445],[126.50958717037686,33.40220414242561],[126.51066239749233,33.40221272071285],[126.510672619205,33.40131087609955],[126.50959740319419,33.40130229810445]]]]}},{"type":"Feature","properties":{"fid":76251,"gid":67774,"emd_nm":"노형동","signgu_nm":"제주시","cml_fr_idx":1.0,"rank":33019,"anls_id":"50110"},"geometry":{"type":"MultiPolygon","coordinates":[[[[126.46679886178107,33.47400850276595],[126.46678815735865,33.474910324562515],[126.4678642673975,33.47491929081302],[126.46787496067589,33.47401746871145],[126.46679886178107,33.47400850276595]]]]}},{"type":"Feature","properties":{"fid":76517,"gid":68275,"emd_nm":"노형동","signgu_nm":"제주시","cml_fr_idx":1.0,"rank":33285,"anls_id":"50110"},"geometry":{"type":"MultiPolygon","coordinates":[[[[126.50642308169735,33.39676728900496],[126.50641281785165,33.39766913311822],[126.50748798808036,33.39767773788535],[126.50749824082392,33.39677589347904],[126.50642308169735,33.39676728900496]]]]}},{"type":"Feature","properties":{"fid":76575,"gid":68383,"emd_nm":"노형동","signgu_nm":"제주시","cml_fr_idx":1.0,"rank":33343,"anls_id":"50110"},"geometry":{"type":"MultiPolygon","coordinates":[[[[126.47650497576588,33.47228521057215],[126.47649437258471,33.47318703537105],[126.4775704646026,33.47319591695423],[126.47758105664056,33.47229409185321],[126.47650497576588,33.47228521057215]]]]}},{"type":"Feature","properties":{"fid":76632,"gid":68485,"emd_nm":"노형동","signgu_nm":"제주시","cml_fr_idx":1.0,"rank":33400,"anls_id":"50110"},"geometry":{"type":"MultiPolygon","coordinates":[[[[126.50849145450445,33.40399924247855],[126.5084812092138,33.404901086105085],[126.50955646919058,33.40490967458478],[126.50956670337507,33.40400783066579],[126.50849145450445,33.40399924247855]]]]}},{"type":"Feature","properties":{"fid":76664,"gid":68548,"emd_nm":"노형동","signgu_nm":"제주시","cml_fr_idx":1.0,"rank":33432,"anls_id":"50110"},"geometry":{"type":"MultiPolygon","coordinates":[[[[126.50641281785165,33.39766913311822],[126.50640255354884,33.39857097709741],[126.50747773488023,33.398579582157595],[126.50748798808036,33.39767773788535],[126.50641281785165,33.39766913311822]]]]}},{"type":"Feature","properties":{"fid":77028,"gid":69235,"emd_nm":"노형동","signgu_nm":"제주시","cml_fr_idx":1.0,"rank":33796,"anls_id":"50110"},"geometry":{"type":"MultiPolygon","coordinates":[[[[126.4711032602148,33.47404431050812],[126.47109260036866,33.47494613352277],[126.4721687123089,33.474955062412064],[126.47217936101093,33.474053239093685],[126.4711032602148,33.47404431050812]]]]}},{"type":"Feature","properties":{"fid":77237,"gid":69642,"emd_nm":"노형동","signgu_nm":"제주시","cml_fr_idx":1.0,"rank":34005,"anls_id":"50110"},"geometry":{"type":"MultiPolygon","coordinates":[[[[126.50742646203008,33.403088801507785],[126.50741620609006,33.403990644975615],[126.50849145450445,33.40399924247855],[126.50850169933885,33.40309739871796],[126.50742646203008,33.403088801507785]]]]}},{"type":"Feature","properties":{"fid":77284,"gid":69722,"emd_nm":"노형동","signgu_nm":"제주시","cml_fr_idx":1.0,"rank":34052,"anls_id":"50110"},"geometry":{"type":"MultiPolygon","coordinates":[[[[126.4701018435238,33.46772260984431],[126.4700911758587,33.46862443349589],[126.4711672093261,33.46863336959732],[126.47117786585056,33.46773154564173],[126.4701018435238,33.46772260984431]]]]}},{"type":"Feature","properties":{"fid":77339,"gid":69812,"emd_nm":"노형동","signgu_nm":"제주시","cml_fr_idx":1.0,"rank":34107,"anls_id":"50110"},"geometry":{"type":"MultiPolygon","coordinates":[[[[126.49660153547927,33.40931519790392],[126.49659116525186,33.41021703748756],[126.49766648682878,33.41022573021866],[126.49767684594731,33.409323890339046],[126.49660153547927,33.40931519790392]]]]}},{"type":"Feature","properties":{"fid":77346,"gid":69825,"emd_nm":"노형동","signgu_nm":"제주시","cml_fr_idx":1.0,"rank":34114,"anls_id":"50110"},"geometry":{"type":"MultiPolygon","coordinates":[[[[126.51624177767403,33.384218525576124],[126.51623162008326,33.38512037419144],[126.51730663901577,33.3851288910746],[126.51731678551113,33.38422704216917],[126.51624177767403,33.384218525576124]]]]}},{"type":"Feature","properties":{"fid":77557,"gid":70238,"emd_nm":"노형동","signgu_nm":"제주시","cml_fr_idx":1.0,"rank":34325,"anls_id":"50110"},"geometry":{"type":"MultiPolygon","coordinates":[[[[126.50539929090424,33.39224945410722],[126.50538901824395,33.39315129859746],[126.50646413250983,33.39315991121127],[126.50647439407044,33.3922580664277],[126.50539929090424,33.39224945410722]]]]}},{"type":"Feature","properties":{"fid":77716,"gid":70533,"emd_nm":"노형동","signgu_nm":"제주시","cml_fr_idx":1.0,"rank":34484,"anls_id":"50110"},"geometry":{"type":"MultiPolygon","coordinates":[[[[126.47123114135663,33.46322242384765],[126.47122048720419,33.46412424847528],[126.47229646544778,33.464133173720256],[126.47230710846206,33.46323134878898],[126.47123114135663,33.46322242384765]]]]}},{"type":"Feature","properties":{"fid":77831,"gid":70738,"emd_nm":"노형동","signgu_nm":"제주시","cml_fr_idx":1.0,"rank":34599,"anls_id":"50110"},"geometry":{"type":"MultiPolygon","coordinates":[[[[126.4954950800772,33.4120120136109],[126.49548469735394,33.41291385249576],[126.49656005179872,33.412922555433596],[126.49657042341158,33.412020716252414],[126.4954950800772,33.4120120136109]]]]}},{"type":"Feature","properties":{"fid":77898,"gid":70868,"emd_nm":"노형동","signgu_nm":"제주시","cml_fr_idx":1.0,"rank":34665,"anls_id":"50110"},"geometry":{"type":"MultiPolygon","coordinates":[[[[126.50952576390257,33.407615205537326],[126.50951552789499,33.40851704892005],[126.51059083275713,33.40852562925234],[126.51060105765659,33.407623785577464],[126.50952576390257,33.407615205537326]]]]}},{"type":"Feature","properties":{"fid":77922,"gid":70913,"emd_nm":"노형동","signgu_nm":"제주시","cml_fr_idx":1.0,"rank":34690,"anls_id":"50110"},"geometry":{"type":"MultiPolygon","coordinates":[[[[126.50747773488023,33.398579582157595],[126.50746748122347,33.399481426295765],[126.50854267411462,33.399490022334895],[126.5085529166682,33.398588177903974],[126.50747773488023,33.398579582157595]]]]}},{"type":"Feature","properties":{"fid":77969,"gid":71000,"emd_nm":"노형동","signgu_nm":"제주시","cml_fr_idx":1.0,"rank":34737,"anls_id":"50110"},"geometry":{"type":"MultiPolygon","coordinates":[[[[126.47875234484331,33.46418652912249],[126.47874176818755,33.46508835573467],[126.47981776087663,33.465097215925084],[126.47982832639359,33.46419538901147],[126.47875234484331,33.46418652912249]]]]}},{"type":"Feature","properties":{"fid":77988,"gid":71038,"emd_nm":"노형동","signgu_nm":"제주시","cml_fr_idx":1.0,"rank":34756,"anls_id":"50110"},"geometry":{"type":"MultiPolygon","coordinates":[[[[126.50413901043149,33.40847400749917],[126.50412871842515,33.40937584928218],[126.50520403211178,33.40938447649465],[126.50521431300959,33.408482634417894],[126.50413901043149,33.40847400749917]]]]}},{"type":"Feature","properties":{"fid":78015,"gid":71094,"emd_nm":"노형동","signgu_nm":"제주시","cml_fr_idx":1.0,"rank":34782,"anls_id":"50110"},"geometry":{"type":"MultiPolygon","coordinates":[[[[126.48683998739655,33.41645123818954],[126.48682951345931,33.417353074021335],[126.48790491974992,33.417361853002966],[126.48791538257449,33.41646001687228],[126.48683998739655,33.41645123818954]]]]}},{"type":"Feature","properties":{"fid":78040,"gid":71138,"emd_nm":"노형동","signgu_nm":"제주시","cml_fr_idx":1.0,"rank":34808,"anls_id":"50110"},"geometry":{"type":"MultiPolygon","coordinates":[[[[126.46661682177027,33.48933945502102],[126.4666061092431,33.490241274531655],[126.46768240880648,33.49025024596807],[126.46769311018116,33.489348426152326],[126.46661682177027,33.48933945502102]]]]}},{"type":"Feature","properties":{"fid":78182,"gid":71408,"emd_nm":"노형동","signgu_nm":"제주시","cml_fr_idx":1.0,"rank":34950,"anls_id":"50110"},"geometry":{"type":"MultiPolygon","coordinates":[[[[126.4900244091414,33.42008489238288],[126.49001396668247,33.42098672857359],[126.49108941882528,33.420995480786345],[126.49109985016948,33.42009364429769],[126.4900244091414,33.42008489238288]]]]}},{"type":"Feature","properties":{"fid":78263,"gid":71541,"emd_nm":"노형동","signgu_nm":"제주시","cml_fr_idx":1.0,"rank":35031,"anls_id":"50110"},"geometry":{"type":"MultiPolygon","coordinates":[[[[126.49218571142752,33.419200549970775],[126.49217529166205,33.420102386891266],[126.49325073361862,33.420111120163654],[126.49326114226982,33.41920928294582],[126.49218571142752,33.419200549970775]]]]}},{"type":"Feature","properties":{"fid":78312,"gid":71625,"emd_nm":"노형동","signgu_nm":"제주시","cml_fr_idx":1.0,"rank":35080,"anls_id":"50110"},"geometry":{"type":"MultiPolygon","coordinates":[[[[126.50206059335545,33.4021438335932],[126.50205028234667,33.40304567572651],[126.503125517367,33.40305431951344],[126.50313581727072,33.40215247708579],[126.50206059335545,33.4021438335932]]]]}},{"type":"Feature","properties":{"fid":78364,"gid":71725,"emd_nm":"노형동","signgu_nm":"제주시","cml_fr_idx":1.0,"rank":35132,"anls_id":"50110"},"geometry":{"type":"MultiPolygon","coordinates":[[[[126.46906853214058,33.46410636997581],[126.4690578552365,33.46500819386077],[126.4701338436695,33.46501713808305],[126.47014450943495,33.46411531389379],[126.46906853214058,33.46410636997581]]]]}},{"type":"Feature","properties":{"fid":78413,"gid":71843,"emd_nm":"노형동","signgu_nm":"제주시","cml_fr_idx":1.0,"rank":35181,"anls_id":"50110"},"geometry":{"type":"MultiPolygon","coordinates":[[[[126.5042316178675,33.40035742541772],[126.50422132998516,33.40125926840758],[126.50529654371266,33.40126789297643],[126.5053068204909,33.40036604969284],[126.5042316178675,33.40035742541772]]]]}},{"type":"Feature","properties":{"fid":78471,"gid":71947,"emd_nm":"노형동","signgu_nm":"제주시","cml_fr_idx":1.0,"rank":35239,"anls_id":"50110"},"geometry":{"type":"MultiPolygon","coordinates":[[[[126.48650458997014,33.44530991822466],[126.48649410109817,33.4462117497605],[126.48756986325618,33.446220538309845],[126.4875803409996,33.44531870647492],[126.48650458997014,33.44530991822466]]]]}},{"type":"Feature","properties":{"fid":78559,"gid":72104,"emd_nm":"노형동","signgu_nm":"제주시","cml_fr_idx":1.0,"rank":35327,"anls_id":"50110"},"geometry":{"type":"MultiPolygon","coordinates":[[[[126.50868602836576,33.38686418810326],[126.5086757917401,33.38776603427681],[126.5097508407845,33.38777461720073],[126.50976106631339,33.38687277073483],[126.50868602836576,33.38686418810326]]]]}},{"type":"Feature","properties":{"fid":78622,"gid":72235,"emd_nm":"노형동","signgu_nm":"제주시","cml_fr_idx":1.0,"rank":35390,"anls_id":"50110"},"geometry":{"type":"MultiPolygon","coordinates":[[[[126.49668448067628,33.402100476405636],[126.49667411414252,33.40300231706241],[126.49774934686205,33.40301100742577],[126.49775970229084,33.40210916647306],[126.49668448067628,33.402100476405636]]]]}},{"type":"Feature","properties":{"fid":78654,"gid":72288,"emd_nm":"노형동","signgu_nm":"제주시","cml_fr_idx":1.0,"rank":35422,"anls_id":"50110"},"geometry":{"type":"MultiPolygon","coordinates":[[[[126.51085653221602,33.385077650138776],[126.51084631869365,33.38597949716474],[126.51192134645521,33.38598806088519],[126.51193154888178,33.38508621356751],[126.51085653221602,33.385077650138776]]]]}},{"type":"Feature","properties":{"fid":79055,"gid":73009,"emd_nm":"노형동","signgu_nm":"제주시","cml_fr_idx":1.0,"rank":35823,"anls_id":"50110"},"geometry":{"type":"MultiPolygon","coordinates":[[[[126.48433206658679,33.44709597547317],[126.48432155452177,33.44799780614128],[126.4853973380037,33.448006613950795],[126.48540783893924,33.44710478298294],[126.48433206658679,33.44709597547317]]]]}},{"type":"Feature","properties":{"fid":79144,"gid":73192,"emd_nm":"노형동","signgu_nm":"제주시","cml_fr_idx":1.0,"rank":35912,"anls_id":"50110"},"geometry":{"type":"MultiPolygon","coordinates":[[[[126.47654738377014,33.46867791003265],[126.4765367824771,33.4695797353691],[126.4776128299251,33.46958861574381],[126.47762342007688,33.46868679010527],[126.47654738377014,33.46867791003265]]]]}},{"type":"Feature","properties":{"fid":79161,"gid":73228,"emd_nm":"노형동","signgu_nm":"제주시","cml_fr_idx":1.0,"rank":35929,"anls_id":"50110"},"geometry":{"type":"MultiPolygon","coordinates":[[[[126.47759164820695,33.47139226661779],[126.47758105664056,33.47229409185321],[126.47865713798681,33.4723029637948],[126.47866771841045,33.4714011382576],[126.47759164820695,33.47139226661779]]]]}},{"type":"Feature","properties":{"fid":79211,"gid":73324,"emd_nm":"노형동","signgu_nm":"제주시","cml_fr_idx":1.0,"rank":35979,"anls_id":"50110"},"geometry":{"type":"MultiPolygon","coordinates":[[[[126.48205408043765,33.4579002844094],[126.4820435404838,33.458802112865285],[126.48311945662105,33.45881094294158],[126.48312998543953,33.45790911418526],[126.48205408043765,33.4579002844094]]]]}},{"type":"Feature","properties":{"fid":79232,"gid":73359,"emd_nm":"노형동","signgu_nm":"제주시","cml_fr_idx":1.0,"rank":35999,"anls_id":"50110"},"geometry":{"type":"MultiPolygon","coordinates":[[[[126.50956670337507,33.40400783066579],[126.50955646919058,33.40490967458478],[126.5106317296231,33.404918253748434],[126.5106419527014,33.4040164095373],[126.50956670337507,33.40400783066579]]]]}},{"type":"Feature","properties":{"fid":79391,"gid":73646,"emd_nm":"노형동","signgu_nm":"제주시","cml_fr_idx":1.0,"rank":36159,"anls_id":"50110"},"geometry":{"type":"MultiPolygon","coordinates":[[[[126.47865713798681,33.4723029637948],[126.4786465570921,33.47320478919764],[126.4797226500527,33.47321365210126],[126.47973321980415,33.472311826396925],[126.47865713798681,33.4723029637948]]]]}},{"type":"Feature","properties":{"fid":79535,"gid":73890,"emd_nm":"노형동","signgu_nm":"제주시","cml_fr_idx":1.0,"rank":36303,"anls_id":"50110"},"geometry":{"type":"MultiPolygon","coordinates":[[[[126.5085529166682,33.398588177903974],[126.50854267411462,33.399490022334895],[126.5096178674619,33.399498609059904],[126.5096280989123,33.39859676433655],[126.5085529166682,33.398588177903974]]]]}},{"type":"Feature","properties":{"fid":79537,"gid":73893,"emd_nm":"노형동","signgu_nm":"제주시","cml_fr_idx":1.0,"rank":36305,"anls_id":"50110"},"geometry":{"type":"MultiPolygon","coordinates":[[[[126.49446130791146,33.408395945956435],[126.49445091592905,33.40929778508132],[126.49552622547301,33.40930649615135],[126.49553660634706,33.408404656729864],[126.49446130791146,33.408395945956435]]]]}},{"type":"Feature","properties":{"fid":79579,"gid":73971,"emd_nm":"노형동","signgu_nm":"제주시","cml_fr_idx":1.0,"rank":36347,"anls_id":"50110"},"geometry":{"type":"MultiPolygon","coordinates":[[[[126.4699844730816,33.4776426626184],[126.4699738001908,33.478544484791264],[126.4710499562378,33.47855342423712],[126.4710606179825,33.477651601760186],[126.4699844730816,33.4776426626184]]]]}},{"type":"Feature","properties":{"fid":79669,"gid":74162,"emd_nm":"노형동","signgu_nm":"제주시","cml_fr_idx":1.0,"rank":36437,"anls_id":"50110"},"geometry":{"type":"MultiPolygon","coordinates":[[[[126.48890715149071,33.42368347391126],[126.48889669605498,33.42458530926681],[126.48997219219656,33.424594071994264],[126.4899826365156,33.42369223634041],[126.48890715149071,33.42368347391126]]]]}},{"type":"Feature","properties":{"fid":79702,"gid":74218,"emd_nm":"노형동","signgu_nm":"제주시","cml_fr_idx":1.0,"rank":36470,"anls_id":"50110"},"geometry":{"type":"MultiPolygon","coordinates":[[[[126.50740594969328,33.40489248830936],[126.50739569283976,33.40579433150903],[126.50847096346693,33.405802929597535],[126.5084812092138,33.404901086105085],[126.50740594969328,33.40489248830936]]]]}},{"type":"Feature","properties":{"fid":79731,"gid":74261,"emd_nm":"노형동","signgu_nm":"제주시","cml_fr_idx":1.0,"rank":36499,"anls_id":"50110"},"geometry":{"type":"MultiPolygon","coordinates":[[[[126.46555125703847,33.48842865520464],[126.46554053383628,33.48933047454435],[126.46661682177027,33.48933945502102],[126.46662753382053,33.488437635375895],[126.46555125703847,33.48842865520464]]]]}},{"type":"Feature","properties":{"fid":79910,"gid":74606,"emd_nm":"노형동","signgu_nm":"제주시","cml_fr_idx":1.0,"rank":36677,"anls_id":"50110"},"geometry":{"type":"MultiPolygon","coordinates":[[[[126.4559188981592,33.483838328237546],[126.45590807699936,33.484740145486924],[126.45698430486492,33.484749208529834],[126.45699511487545,33.48384739097222],[126.4559188981592,33.483838328237546]]]]}},{"type":"Feature","properties":{"fid":80011,"gid":74787,"emd_nm":"노형동","signgu_nm":"제주시","cml_fr_idx":1.0,"rank":36779,"anls_id":"50110"},"geometry":{"type":"MultiPolygon","coordinates":[[[[126.48652556631299,33.443506254750176],[126.48651507837505,33.44440808655456],[126.4875908182765,33.444416874505734],[126.4876012950869,33.44351504240228],[126.48652556631299,33.443506254750176]]]]}},{"type":"Feature","properties":{"fid":80042,"gid":74849,"emd_nm":"노형동","signgu_nm":"제주시","cml_fr_idx":1.0,"rank":36810,"anls_id":"50110"},"geometry":{"type":"MultiPolygon","coordinates":[[[[126.50216367819313,33.39312540488488],[126.502153371775,33.39402724835912],[126.50322849576706,33.39403588920279],[126.5032387910851,33.393134045434245],[126.50216367819313,33.39312540488488]]]]}},{"type":"Feature","properties":{"fid":80079,"gid":74909,"emd_nm":"노형동","signgu_nm":"제주시","cml_fr_idx":1.0,"rank":36847,"anls_id":"50110"},"geometry":{"type":"MultiPolygon","coordinates":[[[[126.49775970229084,33.40210916647306],[126.49774934686205,33.40301100742577],[126.49882458004272,33.403019688473876],[126.49883492436653,33.40211784722554],[126.49775970229084,33.40210916647306]]]]}},{"type":"Feature","properties":{"fid":80217,"gid":75202,"emd_nm":"노형동","signgu_nm":"제주시","cml_fr_idx":1.0,"rank":36985,"anls_id":"50110"},"geometry":{"type":"MultiPolygon","coordinates":[[[[126.49872111146541,33.41203809358018],[126.49871076207333,33.412939933353044],[126.49978611790218,33.41294860833464],[126.49979645618383,33.412046768266386],[126.49872111146541,33.41203809358018]]]]}},{"type":"Feature","properties":{"fid":80290,"gid":75336,"emd_nm":"노형동","signgu_nm":"제주시","cml_fr_idx":1.0,"rank":37058,"anls_id":"50110"},"geometry":{"type":"MultiPolygon","coordinates":[[[[126.50654621220083,33.38594514918914],[126.50653595383856,33.3868469949111],[126.50761099087399,33.386855596162015],[126.50762123814003,33.38595375014709],[126.50654621220083,33.38594514918914]]]]}},{"type":"Feature","properties":{"fid":80316,"gid":75389,"emd_nm":"노형동","signgu_nm":"제주시","cml_fr_idx":1.0,"rank":37084,"anls_id":"50110"},"geometry":{"type":"MultiPolygon","coordinates":[[[[126.48740215589913,33.460649829405945],[126.48739167022194,33.46155165895795],[126.48846762210763,33.461560443256914],[126.48847809664788,33.46065861340604],[126.48740215589913,33.460649829405945]]]]}},{"type":"Feature","properties":{"fid":80371,"gid":75496,"emd_nm":"노형동","signgu_nm":"제주시","cml_fr_idx":1.0,"rank":37139,"anls_id":"50110"},"geometry":{"type":"MultiPolygon","coordinates":[[[[126.48102037556454,33.4542841313353],[126.48100982635425,33.455185960027755],[126.4820856974837,33.45519479823581],[126.48209623556059,33.454292969242616],[126.48102037556454,33.4542841313353]]]]}},{"type":"Feature","properties":{"fid":80402,"gid":75567,"emd_nm":"노형동","signgu_nm":"제주시","cml_fr_idx":1.0,"rank":37170,"anls_id":"50110"},"geometry":{"type":"MultiPolygon","coordinates":[[[[126.50523487343176,33.406678949862076],[126.50522459344955,33.40758079220703],[126.50629988537739,33.40758940951505],[126.506310154252,33.40668756687666],[126.50523487343176,33.406678949862076]]]]}},{"type":"Feature","properties":{"fid":80468,"gid":75690,"emd_nm":"노형동","signgu_nm":"제주시","cml_fr_idx":1.0,"rank":37236,"anls_id":"50110"},"geometry":{"type":"MultiPolygon","coordinates":[[[[126.4841953732271,33.458819763683124],[126.48418485507574,33.45972159260525],[126.485260783286,33.45973040431183],[126.48527129030144,33.45882857508989],[126.4841953732271,33.458819763683124]]]]}},{"type":"Feature","properties":{"fid":80469,"gid":75691,"emd_nm":"노형동","signgu_nm":"제주시","cml_fr_idx":1.0,"rank":37237,"anls_id":"50110"},"geometry":{"type":"MultiPolygon","coordinates":[[[[126.47448028415118,33.46144551918454],[126.474469664359,33.46234734499094],[126.47554562174678,33.46235624162088],[126.47555623040172,33.461454415511795],[126.47448028415118,33.46144551918454]]]]}},{"type":"Feature","properties":{"fid":80577,"gid":75851,"emd_nm":"노형동","signgu_nm":"제주시","cml_fr_idx":1.0,"rank":37345,"anls_id":"50110"},"geometry":{"type":"MultiPolygon","coordinates":[[[[126.48896987432917,33.41827245895942],[126.48895942168646,33.41917429512026],[126.49003485113536,33.41918305605798],[126.49004529266436,33.418281219598875],[126.48896987432917,33.41827245895942]]]]}},{"type":"Feature","properties":{"fid":80601,"gid":75904,"emd_nm":"노형동","signgu_nm":"제주시","cml_fr_idx":1.0,"rank":37369,"anls_id":"50110"},"geometry":{"type":"MultiPolygon","coordinates":[[[[126.47539705097235,33.47498179303783],[126.47538643523015,33.475883617131096],[126.47646256020855,33.4758925089614],[126.47647316480605,33.474990684565675],[126.47539705097235,33.47498179303783]]]]}},{"type":"Feature","properties":{"fid":80629,"gid":75957,"emd_nm":"노형동","signgu_nm":"제주시","cml_fr_idx":1.0,"rank":37397,"anls_id":"50110"},"geometry":{"type":"MultiPolygon","coordinates":[[[[126.47005917001357,33.471329903644154],[126.4700485004485,33.472231726758054],[126.47112457848337,33.472240664075535],[126.47113523690581,33.47133884065762],[126.47005917001357,33.471329903644154]]]]}},{"type":"Feature","properties":{"fid":80637,"gid":75976,"emd_nm":"노형동","signgu_nm":"제주시","cml_fr_idx":1.0,"rank":37405,"anls_id":"50110"},"geometry":{"type":"MultiPolygon","coordinates":[[[[126.47992339488064,33.4560789407433],[126.47991283359657,33.45698076886603],[126.48098872652454,33.45698961700967],[126.48099927667427,33.45608778858587],[126.47992339488064,33.4560789407433]]]]}},{"type":"Feature","properties":{"fid":80789,"gid":76251,"emd_nm":"노형동","signgu_nm":"제주시","cml_fr_idx":1.0,"rank":37557,"anls_id":"50110"},"geometry":{"type":"MultiPolygon","coordinates":[[[[126.50755974769807,33.391364824225974],[126.50754949769363,33.39226666943661],[126.50862460177326,33.39227526313397],[126.5086348406785,33.39137341763061],[126.50755974769807,33.391364824225974]]]]}},{"type":"Feature","properties":{"fid":80808,"gid":76289,"emd_nm":"노형동","signgu_nm":"제주시","cml_fr_idx":1.0,"rank":37576,"anls_id":"50110"},"geometry":{"type":"MultiPolygon","coordinates":[[[[126.47975435789535,33.47050817458516],[126.47974378908503,33.47141000055823],[126.48081986023014,33.47141885351971],[126.48083041789816,33.47051702724547],[126.47975435789535,33.47050817458516]]]]}},{"type":"Feature","properties":{"fid":80958,"gid":76588,"emd_nm":"노형동","signgu_nm":"제주시","cml_fr_idx":1.0,"rank":37726,"anls_id":"50110"},"geometry":{"type":"MultiPolygon","coordinates":[[[[126.50854267411462,33.399490022334895],[126.50853243110491,33.400391866631765],[126.50960763555588,33.400400453649205],[126.5096178674619,33.399498609059904],[126.50854267411462,33.399490022334895]]]]}},{"type":"Feature","properties":{"fid":81055,"gid":76741,"emd_nm":"노형동","signgu_nm":"제주시","cml_fr_idx":1.0,"rank":37823,"anls_id":"50110"},"geometry":{"type":"MultiPolygon","coordinates":[[[[126.47445904409398,33.463249170662955],[126.47444842335611,33.464150996200594],[126.47552440301982,33.464159893435934],[126.47553501261947,33.463258067595596],[126.47445904409398,33.463249170662955]]]]}},{"type":"Feature","properties":{"fid":81150,"gid":76918,"emd_nm":"노형동","signgu_nm":"제주시","cml_fr_idx":1.0,"rank":37918,"anls_id":"50110"},"geometry":{"type":"MultiPolygon","coordinates":[[[[126.50638202357194,33.40037466465356],[126.50637175789781,33.40127650823054],[126.50744697254011,33.40128511416992],[126.50745722711012,33.40038327029988],[126.50638202357194,33.40037466465356]]]]}},{"type":"Feature","properties":{"fid":81171,"gid":76957,"emd_nm":"노형동","signgu_nm":"제주시","cml_fr_idx":1.0,"rank":37938,"anls_id":"50110"},"geometry":{"type":"MultiPolygon","coordinates":[[[[126.49669484674838,33.40119863561473],[126.49668448067628,33.402100476405636],[126.49775970229084,33.40210916647306],[126.49777005725849,33.401207325386224],[126.49669484674838,33.40119863561473]]]]}},{"type":"Feature","properties":{"fid":81247,"gid":77101,"emd_nm":"노형동","signgu_nm":"제주시","cml_fr_idx":1.0,"rank":38014,"anls_id":"50110"},"geometry":{"type":"MultiPolygon","coordinates":[[[[126.50105761182702,33.395822284160296],[126.50104729293032,33.39672412693765],[126.50212244976666,33.39673277797733],[126.50213275756177,33.39583093490535],[126.50105761182702,33.395822284160296]]]]}},{"type":"Feature","properties":{"fid":81426,"gid":77436,"emd_nm":"노형동","signgu_nm":"제주시","cml_fr_idx":1.0,"rank":38194,"anls_id":"50110"},"geometry":{"type":"MultiPolygon","coordinates":[[[[126.47665337074453,33.459659649277434],[126.47664277417047,33.46056147595762],[126.47771871022837,33.46057035331159],[126.47772929566617,33.45966852632935],[126.47665337074453,33.459659649277434]]]]}},{"type":"Feature","properties":{"fid":81456,"gid":77500,"emd_nm":"노형동","signgu_nm":"제주시","cml_fr_idx":1.0,"rank":38224,"anls_id":"50110"},"geometry":{"type":"MultiPolygon","coordinates":[[[[126.4977182778087,33.405716529479136],[126.49770792053523,33.40661836989532],[126.49878319814071,33.40662705212598],[126.49879354430726,33.40572521141415],[126.4977182778087,33.405716529479136]]]]}},{"type":"Feature","properties":{"fid":81584,"gid":77746,"emd_nm":"노형동","signgu_nm":"제주시","cml_fr_idx":1.0,"rank":38351,"anls_id":"50110"},"geometry":{"type":"MultiPolygon","coordinates":[[[[126.4875803409996,33.44531870647492],[126.48756986325618,33.446220538309845],[126.48864562588072,33.446229317528825],[126.48865609249559,33.44532748539513],[126.4875803409996,33.44531870647492]]]]}},{"type":"Feature","properties":{"fid":81596,"gid":77766,"emd_nm":"노형동","signgu_nm":"제주시","cml_fr_idx":1.0,"rank":38364,"anls_id":"50110"},"geometry":{"type":"MultiPolygon","coordinates":[[[[126.46352761367187,33.47758883160162],[126.46351687390504,33.4784906519434],[126.4645930270935,33.47849964743854],[126.46460375571438,33.47759782679078],[126.46352761367187,33.47758883160162]]]]}},{"type":"Feature","properties":{"fid":81659,"gid":77882,"emd_nm":"노형동","signgu_nm":"제주시","cml_fr_idx":1.0,"rank":38426,"anls_id":"50110"},"geometry":{"type":"MultiPolygon","coordinates":[[[[126.4669165789784,33.46408845413039],[126.46690587979714,33.46499027740581],[126.4679818672789,33.46499924030168],[126.46799255532156,33.46409741672134],[126.4669165789784,33.46408845413039]]]]}},{"type":"Feature","properties":{"fid":81789,"gid":78101,"emd_nm":"노형동","signgu_nm":"제주시","cml_fr_idx":1.0,"rank":38557,"anls_id":"50110"},"geometry":{"type":"MultiPolygon","coordinates":[[[[126.49337560684783,33.409289064693844],[126.49336520329379,33.41019090338762],[126.49444052348385,33.410199624072035],[126.49445091592905,33.40929778508132],[126.49337560684783,33.409289064693844]]]]}},{"type":"Feature","properties":{"fid":81854,"gid":78238,"emd_nm":"노형동","signgu_nm":"제주시","cml_fr_idx":1.0,"rank":38621,"anls_id":"50110"},"geometry":{"type":"MultiPolygon","coordinates":[[[[126.51843233088638,33.38062815133273],[126.51842219729178,33.38153000106385],[126.51949717274869,33.38153849817079],[126.51950729524982,33.38063664815022],[126.51843233088638,33.38062815133273]]]]}},{"type":"Feature","properties":{"fid":81882,"gid":78298,"emd_nm":"노형동","signgu_nm":"제주시","cml_fr_idx":1.0,"rank":38650,"anls_id":"50110"},"geometry":{"type":"MultiPolygon","coordinates":[[[[126.48211731030685,33.45248931085327],[126.48210677316831,33.4533911401151],[126.48318262250066,33.45339996838884],[126.48319314850679,33.45249813882662],[126.48211731030685,33.45248931085327]]]]}},{"type":"Feature","properties":{"fid":81917,"gid":78371,"emd_nm":"노형동","signgu_nm":"제주시","cml_fr_idx":1.0,"rank":38685,"anls_id":"50110"},"geometry":{"type":"MultiPolygon","coordinates":[[[[126.45919069579637,33.480258214373876],[126.4591799100054,33.48116003308506],[126.46025609471887,33.4811690668679],[126.46026686936247,33.48026724784945],[126.45919069579637,33.480258214373876]]]]}},{"type":"Feature","properties":{"fid":81989,"gid":78498,"emd_nm":"노형동","signgu_nm":"제주시","cml_fr_idx":1.0,"rank":38757,"anls_id":"50110"},"geometry":{"type":"MultiPolygon","coordinates":[[[[126.50535819751815,33.39585683126378],[126.50534792302786,33.39675867521773],[126.50642308169735,33.39676728900496],[126.50643334508602,33.39586544475764],[126.50535819751815,33.39585683126378]]]]}},{"type":"Feature","properties":{"fid":82005,"gid":78532,"emd_nm":"노형동","signgu_nm":"제주시","cml_fr_idx":1.0,"rank":38773,"anls_id":"50110"},"geometry":{"type":"MultiPolygon","coordinates":[[[[126.50326967428848,33.39042851332419],[126.50325938034577,33.391330357494944],[126.50433447149744,33.39133898814454],[126.50434475434152,33.39043714367982],[126.50326967428848,33.39042851332419]]]]}},{"type":"Feature","properties":{"fid":82048,"gid":78615,"emd_nm":"노형동","signgu_nm":"제주시","cml_fr_idx":1.0,"rank":38815,"anls_id":"50110"},"geometry":{"type":"MultiPolygon","coordinates":[[[[126.48879211608794,33.43360365543971],[126.48878165552983,33.43450548931872],[126.48985727398765,33.43451425532792],[126.48986772342363,33.433612421150556],[126.48879211608794,33.43360365543971]]]]}},{"type":"Feature","properties":{"fid":82138,"gid":78777,"emd_nm":"노형동","signgu_nm":"제주시","cml_fr_idx":1.0,"rank":38906,"anls_id":"50110"},"geometry":{"type":"MultiPolygon","coordinates":[[[[126.49774934686205,33.40301100742577],[126.49773899097212,33.40391284824435],[126.49881423525824,33.40392152958809],[126.49882458004272,33.403019688473876],[126.49774934686205,33.40301100742577]]]]}},{"type":"Feature","properties":{"fid":82315,"gid":79101,"emd_nm":"노형동","signgu_nm":"제주시","cml_fr_idx":1.0,"rank":39083,"anls_id":"50110"},"geometry":{"type":"MultiPolygon","coordinates":[[[[126.48190647837104,33.47052587056693],[126.48189593184533,33.471427697142005],[126.48297200393006,33.47143653142511],[126.48298253931345,33.4705347045495],[126.48190647837104,33.47052587056693]]]]}},{"type":"Feature","properties":{"fid":82362,"gid":79179,"emd_nm":"노형동","signgu_nm":"제주시","cml_fr_idx":1.0,"rank":39129,"anls_id":"50110"},"geometry":{"type":"MultiPolygon","coordinates":[[[[126.51734722228615,33.381521494648986],[126.51733707714631,33.38242334395636],[126.51841206324586,33.382431850660986],[126.51842219729178,33.38153000106385],[126.51734722228615,33.381521494648986]]]]}},{"type":"Feature","properties":{"fid":82387,"gid":79223,"emd_nm":"노형동","signgu_nm":"제주시","cml_fr_idx":1.0,"rank":39155,"anls_id":"50110"},"geometry":{"type":"MultiPolygon","coordinates":[[[[126.48679808884903,33.420058580711384],[126.48678761304602,33.42096041600629],[126.48786306379235,33.42096919618354],[126.48787352848066,33.42006736058972],[126.48679808884903,33.420058580711384]]]]}},{"type":"Feature","properties":{"fid":82389,"gid":79225,"emd_nm":"노형동","signgu_nm":"제주시","cml_fr_idx":1.0,"rank":39157,"anls_id":"50110"},"geometry":{"type":"MultiPolygon","coordinates":[[[[126.48411121490219,33.46603439129904],[126.48410069300373,33.46693621914655],[126.48517671031924,33.46694503325183],[126.48518722107781,33.46604320510446],[126.48411121490219,33.46603439129904]]]]}},{"type":"Feature","properties":{"fid":82455,"gid":79356,"emd_nm":"노형동","signgu_nm":"제주시","cml_fr_idx":1.0,"rank":39223,"anls_id":"50110"},"geometry":{"type":"MultiPolygon","coordinates":[[[[126.48904302979705,33.4119596020758],[126.48903258041197,33.41286143917606],[126.49010793207522,33.41287019802603],[126.49011837035005,33.41196836062754],[126.48904302979705,33.4119596020758]]]]}},{"type":"Feature","properties":{"fid":82468,"gid":79372,"emd_nm":"노형동","signgu_nm":"제주시","cml_fr_idx":1.0,"rank":39236,"anls_id":"50110"},"geometry":{"type":"MultiPolygon","coordinates":[[[[126.47987058375764,33.46058808001353],[126.47986002012215,33.46148990746453],[126.48093596872936,33.461498757113574],[126.48094652122799,33.46059692936148],[126.47987058375764,33.46058808001353]]]]}},{"type":"Feature","properties":{"fid":82529,"gid":79488,"emd_nm":"노형동","signgu_nm":"제주시","cml_fr_idx":1.0,"rank":39297,"anls_id":"50110"},"geometry":{"type":"MultiPolygon","coordinates":[[[[126.48663042001206,33.434487929321534],[126.48661993674298,33.43538976246858],[126.48769556539132,33.43539854742931],[126.48770603753783,33.43449671398325],[126.48663042001206,33.434487929321534]]]]}},{"type":"Feature","properties":{"fid":82703,"gid":79811,"emd_nm":"노형동","signgu_nm":"제주시","cml_fr_idx":1.0,"rank":39471,"anls_id":"50110"},"geometry":{"type":"MultiPolygon","coordinates":[[[[126.47434218996564,33.47316924418543],[126.47433156402498,33.47407106824472],[126.4754076662419,33.474079968810166],[126.47541828103887,33.47317814444812],[126.47434218996564,33.47316924418543]]]]}},{"type":"Feature","properties":{"fid":82818,"gid":80035,"emd_nm":"노형동","signgu_nm":"제주시","cml_fr_idx":1.0,"rank":39586,"anls_id":"50110"},"geometry":{"type":"MultiPolygon","coordinates":[[[[126.48321419911306,33.45069447929922],[126.48320367404426,33.45159630913007],[126.4842795015809,33.4516051274708],[126.4842900155183,33.45070329733988],[126.48321419911306,33.45069447929922]]]]}},{"type":"Feature","properties":{"fid":82960,"gid":80267,"emd_nm":"노형동","signgu_nm":"제주시","cml_fr_idx":1.0,"rank":39728,"anls_id":"50110"},"geometry":{"type":"MultiPolygon","coordinates":[[[[126.50750849311092,33.39587404893867],[126.50749824082392,33.39677589347904],[126.50857340040704,33.39678448863996],[126.50858364159234,33.39588264380686],[126.50750849311092,33.39587404893867]]]]}},{"type":"Feature","properties":{"fid":82989,"gid":80314,"emd_nm":"노형동","signgu_nm":"제주시","cml_fr_idx":1.0,"rank":39757,"anls_id":"50110"},"geometry":{"type":"MultiPolygon","coordinates":[[[[126.47325546228117,33.47406215833922],[126.47324482472327,33.47496398196101],[126.47432093761124,33.47497289216961],[126.47433156402498,33.47407106824472],[126.47325546228117,33.47406215833922]]]]}},{"type":"Feature","properties":{"fid":83115,"gid":80535,"emd_nm":"노형동","signgu_nm":"제주시","cml_fr_idx":1.0,"rank":39883,"anls_id":"50110"},"geometry":{"type":"MultiPolygon","coordinates":[[[[126.5008718013626,33.41205543363415],[126.50086147419142,33.41295727399745],[126.50193683094054,33.41296593034148],[126.50194714700125,33.41206408968344],[126.5008718013626,33.41205543363415]]]]}},{"type":"Feature","properties":{"fid":83140,"gid":80588,"emd_nm":"노형동","signgu_nm":"제주시","cml_fr_idx":1.0,"rank":39908,"anls_id":"50110"},"geometry":{"type":"MultiPolygon","coordinates":[[[[126.45914754975125,33.48386548841159],[126.45913676203936,33.48476730658473],[126.46021299134726,33.484776341596685],[126.4602237679098,33.48387452311625],[126.45914754975125,33.48386548841159]]]]}},{"type":"Feature","properties":{"fid":83177,"gid":80641,"emd_nm":"노형동","signgu_nm":"제주시","cml_fr_idx":1.0,"rank":39945,"anls_id":"50110"},"geometry":{"type":"MultiPolygon","coordinates":[[[[126.52166732519291,33.379751763129924],[126.5216572253286,33.38065361386241],[126.5227321910429,33.38066208275707],[126.52274227981421,33.379760231736086],[126.52166732519291,33.379751763129924]]]]}},{"type":"Feature","properties":{"fid":83193,"gid":80675,"emd_nm":"노형동","signgu_nm":"제주시","cml_fr_idx":1.0,"rank":39961,"anls_id":"50110"},"geometry":{"type":"MultiPolygon","coordinates":[[[[126.47334054569667,33.466847564526184],[126.47332991192697,33.46774938922323],[126.47440593567559,33.467758297007265],[126.47441655830511,33.46685647200717],[126.47334054569667,33.466847564526184]]]]}},{"type":"Feature","properties":{"fid":83232,"gid":80744,"emd_nm":"노형동","signgu_nm":"제주시","cml_fr_idx":1.0,"rank":40000,"anls_id":"50110"},"geometry":{"type":"MultiPolygon","coordinates":[[[[126.47771871022837,33.46057035331159],[126.47770812431928,33.461472180159454],[126.47878407198532,33.461481048479826],[126.4787946467576,33.46057922133023],[126.47771871022837,33.46057035331159]]]]}},{"type":"Feature","properties":{"fid":83281,"gid":80829,"emd_nm":"노형동","signgu_nm":"제주시","cml_fr_idx":1.0,"rank":40049,"anls_id":"50110"},"geometry":{"type":"MultiPolygon","coordinates":[[[[126.4876431976639,33.43990771264578],[126.4876327227193,33.4408095452863],[126.48870841857998,33.44081832271276],[126.48871888239901,33.43991648977351],[126.4876431976639,33.43990771264578]]]]}},{"type":"Feature","properties":{"fid":83353,"gid":80948,"emd_nm":"노형동","signgu_nm":"제주시","cml_fr_idx":1.0,"rank":40121,"anls_id":"50110"},"geometry":{"type":"MultiPolygon","coordinates":[[[[126.50430362021764,33.39404452073429],[126.50429333554175,33.394946364662744],[126.50536847155092,33.394954987175744],[126.5053787451262,33.39405314295363],[126.50430362021764,33.39404452073429]]]]}},{"type":"Feature","properties":{"fid":83414,"gid":81045,"emd_nm":"노형동","signgu_nm":"제주시","cml_fr_idx":1.0,"rank":40181,"anls_id":"50110"},"geometry":{"type":"MultiPolygon","coordinates":[[[[126.49977577916017,33.41385044826875],[126.49976543995777,33.41475228806872],[126.5008408184694,33.41476095432166],[126.50085114656034,33.413859114226625],[126.49977577916017,33.41385044826875]]]]}},{"type":"Feature","properties":{"fid":83515,"gid":81226,"emd_nm":"노형동","signgu_nm":"제주시","cml_fr_idx":1.0,"rank":40282,"anls_id":"50110"},"geometry":{"type":"MultiPolygon","coordinates":[[[[126.48329838279513,33.443479835817485],[126.48328786147468,33.44438166672275],[126.48436359997365,33.44439048266304],[126.48437411016661,33.44348865145776],[126.48329838279513,33.443479835817485]]]]}},{"type":"Feature","properties":{"fid":83573,"gid":81310,"emd_nm":"노형동","signgu_nm":"제주시","cml_fr_idx":1.0,"rank":40341,"anls_id":"50110"},"geometry":{"type":"MultiPolygon","coordinates":[[[[126.48202245916818,33.460605769374055],[126.48201191780642,33.46150759742693],[126.4830878673528,33.46151642840459],[126.4830983975777,33.46061460005125],[126.48202245916818,33.460605769374055]]]]}},{"type":"Feature","properties":{"fid":83673,"gid":81474,"emd_nm":"노형동","signgu_nm":"제주시","cml_fr_idx":1.0,"rank":40440,"anls_id":"50110"},"geometry":{"type":"MultiPolygon","coordinates":[[[[126.50960763555588,33.400400453649205],[126.50959740319419,33.40130229810445],[126.510672619205,33.40131087609955],[126.51068284046248,33.40040903135219],[126.50960763555588,33.400400453649205]]]]}},{"type":"Feature","properties":{"fid":83803,"gid":81735,"emd_nm":"노형동","signgu_nm":"제주시","cml_fr_idx":1.0,"rank":40571,"anls_id":"50110"},"geometry":{"type":"MultiPolygon","coordinates":[[[[126.50763148494973,33.38505190399813],[126.50762123814003,33.38595375014709],[126.50869626453554,33.385962341795675],[126.50870650024952,33.38506049535406],[126.50763148494973,33.38505190399813]]]]}},{"type":"Feature","properties":{"fid":83816,"gid":81760,"emd_nm":"노형동","signgu_nm":"제주시","cml_fr_idx":1.0,"rank":40584,"anls_id":"50110"},"geometry":{"type":"MultiPolygon","coordinates":[[[[126.50313581727072,33.40215247708579],[126.503125517367,33.40305431951344],[126.50420075284597,33.40306295398505],[126.50421104164467,33.40216111126336],[126.50313581727072,33.40215247708579]]]]}},{"type":"Feature","properties":{"fid":83875,"gid":81864,"emd_nm":"노형동","signgu_nm":"제주시","cml_fr_idx":1.0,"rank":40643,"anls_id":"50110"},"geometry":{"type":"MultiPolygon","coordinates":[[[[126.47974378908503,33.47141000055823],[126.47973321980415,33.472311826396925],[126.48080930209206,33.472320679659575],[126.48081986023014,33.47141885351971],[126.47974378908503,33.47141000055823]]]]}},{"type":"Feature","properties":{"fid":83986,"gid":82091,"emd_nm":"노형동","signgu_nm":"제주시","cml_fr_idx":1.0,"rank":40754,"anls_id":"50110"},"geometry":{"type":"MultiPolygon","coordinates":[[[[126.50303279759062,33.41117089532765],[126.50302249309927,33.41207273641423],[126.50409783965611,33.412081373826545],[126.50410813303749,33.41117953244586],[126.50303279759062,33.41117089532765]]]]}},{"type":"Feature","properties":{"fid":84108,"gid":82307,"emd_nm":"노형동","signgu_nm":"제주시","cml_fr_idx":1.0,"rank":40876,"anls_id":"50110"},"geometry":{"type":"MultiPolygon","coordinates":[[[[126.50526571063189,33.403973422022645],[126.50525543202292,33.40487526476989],[126.50633069062947,33.40488388119762],[126.50634095813236,33.40398203815697],[126.50526571063189,33.403973422022645]]]]}},{"type":"Feature","properties":{"fid":84114,"gid":82317,"emd_nm":"노형동","signgu_nm":"제주시","cml_fr_idx":1.0,"rank":40882,"anls_id":"50110"},"geometry":{"type":"MultiPolygon","coordinates":[[[[126.4591799100054,33.48116003308506],[126.45916912373426,33.48206185166176],[126.46024531959559,33.48207088575185],[126.46025609471887,33.4811690668679],[126.4591799100054,33.48116003308506]]]]}},{"type":"Feature","properties":{"fid":84139,"gid":82366,"emd_nm":"노형동","signgu_nm":"제주시","cml_fr_idx":1.0,"rank":40907,"anls_id":"50110"},"geometry":{"type":"MultiPolygon","coordinates":[[[[126.5086757917401,33.38776603427681],[126.50866555465856,33.38866788031632],[126.50974061480024,33.38867646353259],[126.5097508407845,33.38777461720073],[126.5086757917401,33.38776603427681]]]]}},{"type":"Feature","properties":{"fid":84158,"gid":82401,"emd_nm":"노형동","signgu_nm":"제주시","cml_fr_idx":1.0,"rank":40926,"anls_id":"50110"},"geometry":{"type":"MultiPolygon","coordinates":[[[[126.51086674528356,33.384175802978774],[126.51085653221602,33.385077650138776],[126.51193154888178,33.38508621356751],[126.511941750854,33.38418436611582],[126.51086674528356,33.384175802978774]]]]}},{"type":"Feature","properties":{"fid":84279,"gid":82620,"emd_nm":"노형동","signgu_nm":"제주시","cml_fr_idx":1.0,"rank":41046,"anls_id":"50110"},"geometry":{"type":"MultiPolygon","coordinates":[[[[126.50979174016796,33.38416723053297],[126.50978151600509,33.38506907740095],[126.51085653221602,33.385077650138776],[126.51086674528356,33.384175802978774],[126.50979174016796,33.38416723053297]]]]}},{"type":"Feature","properties":{"fid":84349,"gid":82770,"emd_nm":"노형동","signgu_nm":"제주시","cml_fr_idx":1.0,"rank":41117,"anls_id":"50110"},"geometry":{"type":"MultiPolygon","coordinates":[[[[126.48776886062555,33.42908571048774],[126.48775839127646,33.42998754473926],[126.48883395366288,33.42999631858135],[126.48884441189234,33.42909448403116],[126.48776886062555,33.42908571048774]]]]}},{"type":"Feature","properties":{"fid":84353,"gid":82779,"emd_nm":"노형동","signgu_nm":"제주시","cml_fr_idx":1.0,"rank":41120,"anls_id":"50110"},"geometry":{"type":"MultiPolygon","coordinates":[[[[126.4658406031116,33.46407948220298],[126.46582989279179,33.46498130517316],[126.46690587979714,33.46499027740581],[126.4669165789784,33.46408845413039],[126.4658406031116,33.46407948220298]]]]}},{"type":"Feature","properties":{"fid":84542,"gid":83131,"emd_nm":"노형동","signgu_nm":"제주시","cml_fr_idx":1.0,"rank":41310,"anls_id":"50110"},"geometry":{"type":"MultiPolygon","coordinates":[[[[126.4678642673975,33.47491929081302],[126.46785357364304,33.47582111278016],[126.46892969530255,33.475830069995055],[126.46894037791246,33.47492824772324],[126.4678642673975,33.47491929081302]]]]}},{"type":"Feature","properties":{"fid":84764,"gid":83522,"emd_nm":"노형동","signgu_nm":"제주시","cml_fr_idx":1.0,"rank":41532,"anls_id":"50110"},"geometry":{"type":"MultiPolygon","coordinates":[[[[126.50097504778553,33.40303702262426],[126.50096472521206,33.40393886432878],[126.50203997087871,33.403947517725705],[126.50205028234667,33.40304567572651],[126.50097504778553,33.40303702262426]]]]}},{"type":"Feature","properties":{"fid":84786,"gid":83564,"emd_nm":"노형동","signgu_nm":"제주시","cml_fr_idx":1.0,"rank":41554,"anls_id":"50110"},"geometry":{"type":"MultiPolygon","coordinates":[[[[126.5030843131651,33.40666168788306],[126.50307401096778,33.40756352964019],[126.50414930197954,33.40757216558208],[126.5041595930693,33.40667032353087],[126.5030843131651,33.40666168788306]]]]}},{"type":"Feature","properties":{"fid":84802,"gid":83597,"emd_nm":"노형동","signgu_nm":"제주시","cml_fr_idx":1.0,"rank":41570,"anls_id":"50110"},"geometry":{"type":"MultiPolygon","coordinates":[[[[126.51515660160311,33.385111847999134],[126.51514643246408,33.38601369619003],[126.51622146204011,33.386022222672764],[126.51623162008326,33.38512037419144],[126.51515660160311,33.385111847999134]]]]}},{"type":"Feature","properties":{"fid":84921,"gid":83831,"emd_nm":"노형동","signgu_nm":"제주시","cml_fr_idx":1.0,"rank":41689,"anls_id":"50110"},"geometry":{"type":"MultiPolygon","coordinates":[[[[126.50210183279927,33.398536463719005],[126.50209152362697,33.399438306388696],[126.50316671423006,33.39944694899826],[126.50317701229929,33.39854510603423],[126.50210183279927,33.398536463719005]]]]}},{"type":"Feature","properties":{"fid":84948,"gid":83877,"emd_nm":"노형동","signgu_nm":"제주시","cml_fr_idx":1.0,"rank":41716,"anls_id":"50110"},"geometry":{"type":"MultiPolygon","coordinates":[[[[126.47444842335611,33.464150996200594],[126.47443780214535,33.46505282160384],[126.4755137929478,33.46506171914189],[126.47552440301982,33.464159893435934],[126.47444842335611,33.464150996200594]]]]}},{"type":"Feature","properties":{"fid":85056,"gid":84065,"emd_nm":"노형동","signgu_nm":"제주시","cml_fr_idx":1.0,"rank":41824,"anls_id":"50110"},"geometry":{"type":"MultiPolygon","coordinates":[[[[126.48792584493316,33.415558180607384],[126.48791538257449,33.41646001687228],[126.48899077821832,33.41646878623513],[126.48900122946478,33.41556694967166],[126.48792584493316,33.415558180607384]]]]}},{"type":"Feature","properties":{"fid":85075,"gid":84101,"emd_nm":"노형동","signgu_nm":"제주시","cml_fr_idx":1.0,"rank":41843,"anls_id":"50110"},"geometry":{"type":"MultiPolygon","coordinates":[[[[126.4856597211729,33.42546079947238],[126.48564923145308,33.42636263366261],[126.4867247484312,33.42637142495686],[126.48673522703339,33.42546959046736],[126.4856597211729,33.42546079947238]]]]}},{"type":"Feature","properties":{"fid":85124,"gid":84189,"emd_nm":"노형동","signgu_nm":"제주시","cml_fr_idx":1.0,"rank":41892,"anls_id":"50110"},"geometry":{"type":"MultiPolygon","coordinates":[[[[126.4709433126799,33.48757164161233],[126.4709326457126,33.4884734626104],[126.4720089248741,33.488482396056334],[126.47201958068986,33.487580574754446],[126.4709433126799,33.48757164161233]]]]}},{"type":"Feature","properties":{"fid":85278,"gid":84462,"emd_nm":"노형동","signgu_nm":"제주시","cml_fr_idx":1.0,"rank":42045,"anls_id":"50110"},"geometry":{"type":"MultiPolygon","coordinates":[[[[126.50219459469385,33.39041987365766],[126.50218428965253,33.39132171753415],[126.50325938034577,33.391330357494944],[126.50326967428848,33.39042851332419],[126.50219459469385,33.39041987365766]]]]}},{"type":"Feature","properties":{"fid":85405,"gid":84688,"emd_nm":"노형동","signgu_nm":"제주시","cml_fr_idx":1.0,"rank":42173,"anls_id":"50110"},"geometry":{"type":"MultiPolygon","coordinates":[[[[126.47856189297333,33.4804193875825],[126.47855130783806,33.48132121177585],[126.47962750111033,33.48133007739316],[126.47963807509787,33.48042825289828],[126.47856189297333,33.4804193875825]]]]}},{"type":"Feature","properties":{"fid":85484,"gid":84823,"emd_nm":"노형동","signgu_nm":"제주시","cml_fr_idx":1.0,"rank":42252,"anls_id":"50110"},"geometry":{"type":"MultiPolygon","coordinates":[[[[126.49988948000505,33.40393020161624],[126.49987914586589,33.40483204289164],[126.50095440217888,33.40484070589919],[126.50096472521206,33.40393886432878],[126.49988948000505,33.40393020161624]]]]}},{"type":"Feature","properties":{"fid":85496,"gid":84841,"emd_nm":"노형동","signgu_nm":"제주시","cml_fr_idx":1.0,"rank":42264,"anls_id":"50110"},"geometry":{"type":"MultiPolygon","coordinates":[[[[126.49773899097212,33.40391284824435],[126.497728634621,33.40481468892882],[126.49880389001311,33.40482337056818],[126.49881423525824,33.40392152958809],[126.49773899097212,33.40391284824435]]]]}},{"type":"Feature","properties":{"fid":85586,"gid":85001,"emd_nm":"노형동","signgu_nm":"제주시","cml_fr_idx":1.0,"rank":42353,"anls_id":"50110"},"geometry":{"type":"MultiPolygon","coordinates":[[[[126.47887922798826,33.45336459929687],[126.47886865698193,33.45426642752125],[126.47994451603816,33.454275284094834],[126.47995507591162,33.45337345556909],[126.47887922798826,33.45336459929687]]]]}},{"type":"Feature","properties":{"fid":85603,"gid":85035,"emd_nm":"노형동","signgu_nm":"제주시","cml_fr_idx":1.0,"rank":42371,"anls_id":"50110"},"geometry":{"type":"MultiPolygon","coordinates":[[[[126.49440934337152,33.4129051402392],[126.49439894907508,33.41380697869325],[126.49547431416836,33.41381569124646],[126.49548469735394,33.41291385249576],[126.49440934337152,33.4129051402392]]]]}},{"type":"Feature","properties":{"fid":85636,"gid":85100,"emd_nm":"노형동","signgu_nm":"제주시","cml_fr_idx":1.0,"rank":42404,"anls_id":"50110"},"geometry":{"type":"MultiPolygon","coordinates":[[[[126.47338307604136,33.46324026439407],[126.47337244416525,33.46414208962869],[126.47444842335611,33.464150996200594],[126.47445904409398,33.463249170662955],[126.47338307604136,33.46324026439407]]]]}},{"type":"Feature","properties":{"fid":85773,"gid":85348,"emd_nm":"노형동","signgu_nm":"제주시","cml_fr_idx":1.0,"rank":42541,"anls_id":"50110"},"geometry":{"type":"MultiPolygon","coordinates":[[[[126.50195746260262,33.411162248891266],[126.50194714700125,33.41206408968344],[126.50302249309927,33.41207273641423],[126.50303279759062,33.41117089532765],[126.50195746260262,33.411162248891266]]]]}},{"type":"Feature","properties":{"fid":85881,"gid":85532,"emd_nm":"노형동","signgu_nm":"제주시","cml_fr_idx":1.0,"rank":42649,"anls_id":"50110"},"geometry":{"type":"MultiPolygon","coordinates":[[[[126.48676666004057,33.42276408619341],[126.48675618283805,33.42366592108563],[126.48783166693137,33.423674702159666],[126.48784213301771,33.422772866968515],[126.48676666004057,33.42276408619341]]]]}},{"type":"Feature","properties":{"fid":85962,"gid":85675,"emd_nm":"노형동","signgu_nm":"제주시","cml_fr_idx":1.0,"rank":42730,"anls_id":"50110"},"geometry":{"type":"MultiPolygon","coordinates":[[[[126.49112071146446,33.41828997091777],[126.49111028104922,33.41919180767482],[126.49218571142752,33.419200549970775],[126.49219613072901,33.41829871291608],[126.49112071146446,33.41828997091777]]]]}},{"type":"Feature","properties":{"fid":86151,"gid":86024,"emd_nm":"노형동","signgu_nm":"제주시","cml_fr_idx":1.0,"rank":42919,"anls_id":"50110"},"geometry":{"type":"MultiPolygon","coordinates":[[[[126.51299637467113,33.38599661529623],[126.51298618288652,33.38689846277128],[126.51406122265267,33.38690700816398],[126.5140714033409,33.38600516039784],[126.51299637467113,33.38599661529623]]]]}},{"type":"Feature","properties":{"fid":86152,"gid":86025,"emd_nm":"노형동","signgu_nm":"제주시","cml_fr_idx":1.0,"rank":42920,"anls_id":"50110"},"geometry":{"type":"MultiPolygon","coordinates":[[[[126.47011251071393,33.4668207860583],[126.4701018435238,33.46772260984431],[126.47117786585056,33.46773154564173],[126.47118852190059,33.46682972155174],[126.47011251071393,33.4668207860583]]]]}},{"type":"Feature","properties":{"fid":86263,"gid":86238,"emd_nm":"노형동","signgu_nm":"제주시","cml_fr_idx":1.0,"rank":43031,"anls_id":"50110"},"geometry":{"type":"MultiPolygon","coordinates":[[[[126.487360210389,33.46425714680811],[126.48734972284417,33.465158975822874],[126.48842571928272,33.46516776131738],[126.48843619568858,33.464265932003705],[126.487360210389,33.46425714680811]]]]}},{"type":"Feature","properties":{"fid":86314,"gid":86326,"emd_nm":"노형동","signgu_nm":"제주시","cml_fr_idx":1.0,"rank":43082,"anls_id":"50110"},"geometry":{"type":"MultiPolygon","coordinates":[[[[126.47547134793538,33.46866902062188],[126.47546073550112,33.469570845655916],[126.4765367824771,33.4695797353691],[126.47654738377014,33.46867791003265],[126.47547134793538,33.46866902062188]]]]}},{"type":"Feature","properties":{"fid":86382,"gid":86439,"emd_nm":"노형동","signgu_nm":"제주시","cml_fr_idx":1.0,"rank":43149,"anls_id":"50110"},"geometry":{"type":"MultiPolygon","coordinates":[[[[126.48439512914865,33.44168498864432],[126.48438461989161,33.44258682011818],[126.48546033660406,33.44259562612938],[126.48547083473461,33.44169379435582],[126.48439512914865,33.44168498864432]]]]}},{"type":"Feature","properties":{"fid":86493,"gid":86670,"emd_nm":"노형동","signgu_nm":"제주시","cml_fr_idx":1.0,"rank":43261,"anls_id":"50110"},"geometry":{"type":"MultiPolygon","coordinates":[[[[126.45916912373426,33.48206185166176],[126.45915833698287,33.48296367010393],[126.46023454399256,33.48297270450131],[126.46024531959559,33.48207088575185],[126.45916912373426,33.48206185166176]]]]}},{"type":"Feature","properties":{"fid":86501,"gid":86681,"emd_nm":"노형동","signgu_nm":"제주시","cml_fr_idx":1.0,"rank":43269,"anls_id":"50110"},"geometry":{"type":"MultiPolygon","coordinates":[[[[126.48551282258266,33.43808646591887],[126.48550232632172,33.43898829822952],[126.48657799899848,33.43899709371417],[126.48658848413486,33.43809526110416],[126.48551282258266,33.43808646591887]]]]}},{"type":"Feature","properties":{"fid":86569,"gid":86804,"emd_nm":"노형동","signgu_nm":"제주시","cml_fr_idx":1.0,"rank":43337,"anls_id":"50110"},"geometry":{"type":"MultiPolygon","coordinates":[[[[126.46673462809734,33.47941943152857],[126.4667239208151,33.48032125251841],[126.4678000977286,33.48033022059903],[126.46781079386382,33.47942839930416],[126.46673462809734,33.47941943152857]]]]}},{"type":"Feature","properties":{"fid":86592,"gid":86853,"emd_nm":"노형동","signgu_nm":"제주시","cml_fr_idx":1.0,"rank":43360,"anls_id":"50110"},"geometry":{"type":"MultiPolygon","coordinates":[[[[126.51517693852259,33.383308151215374],[126.51516677028927,33.38420999967425],[126.51624177767403,33.384218525576124],[126.51625193481246,33.38331667682682],[126.51517693852259,33.383308151215374]]]]}},{"type":"Feature","properties":{"fid":86649,"gid":86945,"emd_nm":"노형동","signgu_nm":"제주시","cml_fr_idx":1.0,"rank":43417,"anls_id":"50110"},"geometry":{"type":"MultiPolygon","coordinates":[[[[126.50738543552951,33.40669617457461],[126.5073751777625,33.40759801750611],[126.50845047060439,33.40760661618022],[126.50846071726379,33.40670477295591],[126.50738543552951,33.40669617457461]]]]}},{"type":"Feature","properties":{"fid":86706,"gid":87052,"emd_nm":"노형동","signgu_nm":"제주시","cml_fr_idx":1.0,"rank":43474,"anls_id":"50110"},"geometry":{"type":"MultiPolygon","coordinates":[[[[126.50420075284597,33.40306295398505],[126.50419046358915,33.40396479657266],[126.50526571063189,33.403973422022645],[126.50527598878317,33.40307157914132],[126.50420075284597,33.40306295398505]]]]}},{"type":"Feature","properties":{"fid":86778,"gid":87174,"emd_nm":"노형동","signgu_nm":"제주시","cml_fr_idx":1.0,"rank":43546,"anls_id":"50110"},"geometry":{"type":"MultiPolygon","coordinates":[[[[126.48794676825293,33.41375450767497],[126.48793630682597,33.41465634420828],[126.48901168024587,33.414665112974],[126.48902213056158,33.41376327614212],[126.48794676825293,33.41375450767497]]]]}},{"type":"Feature","properties":{"fid":86921,"gid":87429,"emd_nm":"노형동","signgu_nm":"제주시","cml_fr_idx":1.0,"rank":43689,"anls_id":"50110"},"geometry":{"type":"MultiPolygon","coordinates":[[[[126.47442718046166,33.4659546468727],[126.47441655830511,33.46685647200717],[126.47549257138645,33.46686537015066],[126.47550318240333,33.46596354471347],[126.47442718046166,33.4659546468727]]]]}},{"type":"Feature","properties":{"fid":86951,"gid":87487,"emd_nm":"노형동","signgu_nm":"제주시","cml_fr_idx":1.0,"rank":43719,"anls_id":"50110"},"geometry":{"type":"MultiPolygon","coordinates":[[[[126.50309461490365,33.4057598459918],[126.5030843131651,33.40666168788306],[126.5041595930693,33.40667032353087],[126.50416988370083,33.405768481345554],[126.50309461490365,33.4057598459918]]]]}},{"type":"Feature","properties":{"fid":87032,"gid":87654,"emd_nm":"노형동","signgu_nm":"제주시","cml_fr_idx":1.0,"rank":43800,"anls_id":"50110"},"geometry":{"type":"MultiPolygon","coordinates":[[[[126.48319314850679,33.45249813882662],[126.48318262250066,33.45339996838884],[126.48425847230169,33.453408787329735],[126.48426898717537,33.45250695746741],[126.48319314850679,33.45249813882662]]]]}},{"type":"Feature","properties":{"fid":87256,"gid":88064,"emd_nm":"노형동","signgu_nm":"제주시","cml_fr_idx":1.0,"rank":44024,"anls_id":"50110"},"geometry":{"type":"MultiPolygon","coordinates":[[[[126.4955573667084,33.40660097748443],[126.49554698675884,33.407502817174226],[126.49662227454881,33.40751151833421],[126.49663264339095,33.406609678348126],[126.4955573667084,33.40660097748443]]]]}},{"type":"Feature","properties":{"fid":87345,"gid":88240,"emd_nm":"노형동","signgu_nm":"제주시","cml_fr_idx":1.0,"rank":44113,"anls_id":"50110"},"geometry":{"type":"MultiPolygon","coordinates":[[[[126.49877285151344,33.407528892703674],[126.49876250442543,33.40843073314724],[126.49983780470706,33.40843940665203],[126.49984814068713,33.407537565913124],[126.49877285151344,33.407528892703674]]]]}},{"type":"Feature","properties":{"fid":87352,"gid":88252,"emd_nm":"노형동","signgu_nm":"제주시","cml_fr_idx":1.0,"rank":44120,"anls_id":"50110"},"geometry":{"type":"MultiPolygon","coordinates":[[[[126.48887578378677,33.42638897957522],[126.48886532695427,33.42729081452809],[126.48994085644888,33.4272995781505],[126.4899513021632,33.42639774289931],[126.48887578378677,33.42638897957522]]]]}},{"type":"Feature","properties":{"fid":87374,"gid":88284,"emd_nm":"노형동","signgu_nm":"제주시","cml_fr_idx":1.0,"rank":44141,"anls_id":"50110"},"geometry":{"type":"MultiPolygon","coordinates":[[[[126.48570167538156,33.42185346136901],[126.48569118752994,33.42275529609621],[126.48676666004057,33.42276408619341],[126.48677713677655,33.42186225116697],[126.48570167538156,33.42185346136901]]]]}},{"type":"Feature","properties":{"fid":87505,"gid":88506,"emd_nm":"노형동","signgu_nm":"제주시","cml_fr_idx":1.0,"rank":44273,"anls_id":"50110"},"geometry":{"type":"MultiPolygon","coordinates":[[[[126.49761468431629,33.41473492760462],[126.49760432242965,33.41563676667936],[126.49867971113184,33.415645451866816],[126.49869006190657,33.41474361249638],[126.49761468431629,33.41473492760462]]]]}},{"type":"Feature","properties":{"fid":87518,"gid":88530,"emd_nm":"노형동","signgu_nm":"제주시","cml_fr_idx":1.0,"rank":44286,"anls_id":"50110"},"geometry":{"type":"MultiPolygon","coordinates":[[[[126.45700592440473,33.48294557328008],[126.45699511487545,33.48384739097222],[126.45807133207296,33.483856444363575],[126.45808213045342,33.48295462636351],[126.45700592440473,33.48294557328008]]]]}},{"type":"Feature","properties":{"fid":87572,"gid":88596,"emd_nm":"노형동","signgu_nm":"제주시","cml_fr_idx":1.0,"rank":44339,"anls_id":"50110"},"geometry":{"type":"MultiPolygon","coordinates":[[[[126.49760432242965,33.41563676667936],[126.49759396008159,33.416538605619955],[126.4986693598962,33.41654729110312],[126.49867971113184,33.415645451866816],[126.49760432242965,33.41563676667936]]]]}},{"type":"Feature","properties":{"fid":87646,"gid":88741,"emd_nm":"노형동","signgu_nm":"제주시","cml_fr_idx":1.0,"rank":44414,"anls_id":"50110"},"geometry":{"type":"MultiPolygon","coordinates":[[[[126.48105202037733,33.451578644451985],[126.48104147257607,33.4524804735474],[126.48211731030685,33.45248931085327],[126.48212784697623,33.45158748145713],[126.48105202037733,33.451578644451985]]]]}},{"type":"Feature","properties":{"fid":87814,"gid":89090,"emd_nm":"노형동","signgu_nm":"제주시","cml_fr_idx":1.0,"rank":44582,"anls_id":"50110"},"geometry":{"type":"MultiPolygon","coordinates":[[[[126.49763540670534,33.4129312490527],[126.49762504574151,33.41383308839574],[126.49870041222039,33.41384177299178],[126.49871076207333,33.412939933353044],[126.49763540670534,33.4129312490527]]]]}},{"type":"Feature","properties":{"fid":87857,"gid":89170,"emd_nm":"노형동","signgu_nm":"제주시","cml_fr_idx":1.0,"rank":44625,"anls_id":"50110"},"geometry":{"type":"MultiPolygon","coordinates":[[[[126.51514643246408,33.38601369619003],[126.51513626287218,33.386915544246925],[126.51621130354461,33.386924071020104],[126.51622146204011,33.386022222672764],[126.51514643246408,33.38601369619003]]]]}},{"type":"Feature","properties":{"fid":87898,"gid":89238,"emd_nm":"노형동","signgu_nm":"제주시","cml_fr_idx":1.0,"rank":44666,"anls_id":"50110"},"geometry":{"type":"MultiPolygon","coordinates":[[[[126.50311521700459,33.403956161807],[126.50310491618346,33.40485800396646],[126.50418017387409,33.40486663902616],[126.50419046358915,33.40396479657266],[126.50311521700459,33.403956161807]]]]}},{"type":"Feature","properties":{"fid":88153,"gid":89721,"emd_nm":"노형동","signgu_nm":"제주시","cml_fr_idx":1.0,"rank":44921,"anls_id":"50110"},"geometry":{"type":"MultiPolygon","coordinates":[[[[126.48541833940722,33.4462029518808],[126.48540783893924,33.44710478298294],[126.4864836117592,33.44711358116206],[126.48649410109817,33.4462117497605],[126.48541833940722,33.4462029518808]]]]}},{"type":"Feature","properties":{"fid":88267,"gid":89929,"emd_nm":"노형동","signgu_nm":"제주시","cml_fr_idx":1.0,"rank":45035,"anls_id":"50110"},"geometry":{"type":"MultiPolygon","coordinates":[[[[126.4636457195543,33.467668798967026],[126.46363498504589,33.46857062078793],[126.46471101565606,33.468579612917694],[126.46472173902397,33.46767779079088],[126.4636457195543,33.467668798967026]]]]}},{"type":"Feature","properties":{"fid":88329,"gid":90043,"emd_nm":"노형동","signgu_nm":"제주시","cml_fr_idx":1.0,"rank":45097,"anls_id":"50110"},"geometry":{"type":"MultiPolygon","coordinates":[[[[126.48635770325578,33.457935547506125],[126.48634720784361,33.458837377161856],[126.48742312585306,33.45884616989903],[126.48743361012977,33.457944339944135],[126.48635770325578,33.457935547506125]]]]}},{"type":"Feature","properties":{"fid":88337,"gid":90057,"emd_nm":"노형동","signgu_nm":"제주시","cml_fr_idx":1.0,"rank":45105,"anls_id":"50110"},"geometry":{"type":"MultiPolygon","coordinates":[[[[126.50634095813236,33.40398203815697],[126.50633069062947,33.40488388119762],[126.50740594969328,33.40489248830936],[126.50741620609006,33.403990644975615],[126.50634095813236,33.40398203815697]]]]}},{"type":"Feature","properties":{"fid":88370,"gid":90113,"emd_nm":"노형동","signgu_nm":"제주시","cml_fr_idx":1.0,"rank":45138,"anls_id":"50110"},"geometry":{"type":"MultiPolygon","coordinates":[[[[126.47440593567559,33.467758297007265],[126.47439531257311,33.46866012187294],[126.47547134793538,33.46866902062188],[126.47548195989714,33.46776719545346],[126.47440593567559,33.467758297007265]]]]}},{"type":"Feature","properties":{"fid":88437,"gid":90232,"emd_nm":"노형동","signgu_nm":"제주시","cml_fr_idx":1.0,"rank":45204,"anls_id":"50110"},"geometry":{"type":"MultiPolygon","coordinates":[[[[126.49652893418889,33.415628072172204],[126.49651856072848,33.41652991081676],[126.49759396008159,33.416538605619955],[126.49760432242965,33.41563676667936],[126.49652893418889,33.415628072172204]]]]}},{"type":"Feature","properties":{"fid":88489,"gid":90321,"emd_nm":"노형동","signgu_nm":"제주시","cml_fr_idx":1.0,"rank":45257,"anls_id":"50110"},"geometry":{"type":"MultiPolygon","coordinates":[[[[126.47537581901533,33.476785441089945],[126.47536520232782,33.477687264914394],[126.4764413495971,33.47769615734964],[126.47645195513893,33.47679433322272],[126.47537581901533,33.476785441089945]]]]}},{"type":"Feature","properties":{"fid":88562,"gid":90458,"emd_nm":"노형동","signgu_nm":"제주시","cml_fr_idx":1.0,"rank":45330,"anls_id":"50110"},"geometry":{"type":"MultiPolygon","coordinates":[[[[126.47760223930179,33.47049044124799],[126.47759164820695,33.47139226661779],[126.47866771841045,33.4714011382576],[126.47867829836304,33.47049931258599],[126.47760223930179,33.47049044124799]]]]}},{"type":"Feature","properties":{"fid":88741,"gid":90811,"emd_nm":"노형동","signgu_nm":"제주시","cml_fr_idx":1.0,"rank":45509,"anls_id":"50110"},"geometry":{"type":"MultiPolygon","coordinates":[[[[126.48311945662105,33.45881094294158],[126.48310892733379,33.45971277156358],[126.48418485507574,33.45972159260525],[126.4841953732271,33.458819763683124],[126.48311945662105,33.45881094294158]]]]}},{"type":"Feature","properties":{"fid":88812,"gid":90952,"emd_nm":"노형동","signgu_nm":"제주시","cml_fr_idx":1.0,"rank":45580,"anls_id":"50110"},"geometry":{"type":"MultiPolygon","coordinates":[[[[126.485260783286,33.45973040431183],[126.48525027580276,33.460632233399444],[126.48632621561728,33.46064103607042],[126.4863367119641,33.4597392066833],[126.485260783286,33.45973040431183]]]]}},{"type":"Feature","properties":{"fid":88883,"gid":91093,"emd_nm":"노형동","signgu_nm":"제주시","cml_fr_idx":1.0,"rank":45651,"anls_id":"50110"},"geometry":{"type":"MultiPolygon","coordinates":[[[[126.46025609471887,33.4811690668679],[126.46024531959559,33.48207088575185],[126.46132151593663,33.48207991049923],[126.46133227991204,33.48117809130832],[126.46025609471887,33.4811690668679]]]]}},{"type":"Feature","properties":{"fid":88897,"gid":91120,"emd_nm":"노형동","signgu_nm":"제주시","cml_fr_idx":1.0,"rank":45665,"anls_id":"50110"},"geometry":{"type":"MultiPolygon","coordinates":[[[[126.50538901824395,33.39315129859746],[126.5053787451262,33.39405314295363],[126.50645387049224,33.3940617558608],[126.50646413250983,33.39315991121127],[126.50538901824395,33.39315129859746]]]]}},{"type":"Feature","properties":{"fid":89011,"gid":91320,"emd_nm":"노형동","signgu_nm":"제주시","cml_fr_idx":1.0,"rank":45779,"anls_id":"50110"},"geometry":{"type":"MultiPolygon","coordinates":[[[[126.47656858494028,33.46687425895662],[126.47655798459121,33.46777608456182],[126.47763400975721,33.46778496433234],[126.47764459896604,33.46688313842504],[126.47656858494028,33.46687425895662]]]]}},{"type":"Feature","properties":{"fid":89056,"gid":91391,"emd_nm":"노형동","signgu_nm":"제주시","cml_fr_idx":1.0,"rank":45824,"anls_id":"50110"},"geometry":{"type":"MultiPolygon","coordinates":[[[[126.49336520329379,33.41019090338762],[126.49335479927649,33.411092741947236],[126.49443013057589,33.41110146292859],[126.49444052348385,33.410199624072035],[126.49336520329379,33.41019090338762]]]]}},{"type":"Feature","properties":{"fid":89165,"gid":91610,"emd_nm":"노형동","signgu_nm":"제주시","cml_fr_idx":1.0,"rank":45933,"anls_id":"50110"},"geometry":{"type":"MultiPolygon","coordinates":[[[[126.48200137597527,33.46240942534548],[126.48199083367476,33.46331125312968],[126.48306680549639,33.46332008470828],[126.48307733665901,33.46241825662359],[126.48200137597527,33.46240942534548]]]]}},{"type":"Feature","properties":{"fid":89228,"gid":91738,"emd_nm":"노형동","signgu_nm":"제주시","cml_fr_idx":1.0,"rank":45996,"anls_id":"50110"},"geometry":{"type":"MultiPolygon","coordinates":[[[[126.51192134645521,33.38598806088519],[126.51191114357428,33.38688990806886],[126.51298618288652,33.38689846277128],[126.51299637467113,33.38599661529623],[126.51192134645521,33.38598806088519]]]]}},{"type":"Feature","properties":{"fid":89264,"gid":91808,"emd_nm":"노형동","signgu_nm":"제주시","cml_fr_idx":1.0,"rank":46031,"anls_id":"50110"},"geometry":{"type":"MultiPolygon","coordinates":[[[[126.4666061092431,33.490241274531655],[126.46659539623901,33.49114309390781],[126.46767170695534,33.491152065649345],[126.46768240880648,33.49025024596807],[126.4666061092431,33.490241274531655]]]]}},{"type":"Feature","properties":{"fid":89347,"gid":91987,"emd_nm":"노형동","signgu_nm":"제주시","cml_fr_idx":1.0,"rank":46114,"anls_id":"50110"},"geometry":{"type":"MultiPolygon","coordinates":[[[[126.47340433837348,33.46143661352167],[126.47339370744409,33.46233843902506],[126.474469664359,33.46234734499094],[126.47448028415118,33.46144551918454],[126.47340433837348,33.46143661352167]]]]}},{"type":"Feature","properties":{"fid":89353,"gid":91996,"emd_nm":"노형동","signgu_nm":"제주시","cml_fr_idx":1.0,"rank":46121,"anls_id":"50110"},"geometry":{"type":"MultiPolygon","coordinates":[[[[126.48209623556059,33.454292969242616],[126.4820856974837,33.45519479823581],[126.48316156908237,33.45520362711037],[126.48317209602588,33.454301797816775],[126.48209623556059,33.454292969242616]]]]}},{"type":"Feature","properties":{"fid":89514,"gid":92276,"emd_nm":"노형동","signgu_nm":"제주시","cml_fr_idx":1.0,"rank":46282,"anls_id":"50110"},"geometry":{"type":"MultiPolygon","coordinates":[[[[126.47114589485373,33.470437017105276],[126.47113523690581,33.47133884065762],[126.47221130427258,33.47134776833202],[126.4722219510784,33.47044594447598],[126.47114589485373,33.470437017105276]]]]}},{"type":"Feature","properties":{"fid":89518,"gid":92287,"emd_nm":"노형동","signgu_nm":"제주시","cml_fr_idx":1.0,"rank":46286,"anls_id":"50110"},"geometry":{"type":"MultiPolygon","coordinates":[[[[126.5021430648979,33.394929091699275],[126.50213275756177,33.39583093490535],[126.50320790375555,33.395839576337615],[126.50321819999056,33.39493773283725],[126.5021430648979,33.394929091699275]]]]}},{"type":"Feature","properties":{"fid":89585,"gid":92419,"emd_nm":"노형동","signgu_nm":"제주시","cml_fr_idx":1.0,"rank":46353,"anls_id":"50110"},"geometry":{"type":"MultiPolygon","coordinates":[[[[126.51952753889975,33.378832947707195],[126.51951741730016,33.37973479799569],[126.52059237102142,33.379743285216456],[126.52060248152848,33.37884143463883],[126.51952753889975,33.378832947707195]]]]}},{"type":"Feature","properties":{"fid":89764,"gid":92752,"emd_nm":"노형동","signgu_nm":"제주시","cml_fr_idx":1.0,"rank":46532,"anls_id":"50110"},"geometry":{"type":"MultiPolygon","coordinates":[[[[126.50433447149744,33.39133898814454],[126.50432418819547,33.392240832475196],[126.50539929090424,33.39224945410722],[126.50540956310707,33.39134760948292],[126.50433447149744,33.39133898814454]]]]}},{"type":"Feature","properties":{"fid":89856,"gid":92932,"emd_nm":"노형동","signgu_nm":"제주시","cml_fr_idx":1.0,"rank":46624,"anls_id":"50110"},"geometry":{"type":"MultiPolygon","coordinates":[[[[126.47437406494917,33.47046377120113],[126.47436344042771,33.47136559566364],[126.47543950921508,33.47137449532081],[126.47545012259437,33.47047267055555],[126.47437406494917,33.47046377120113]]]]}},{"type":"Feature","properties":{"fid":90026,"gid":93232,"emd_nm":"노형동","signgu_nm":"제주시","cml_fr_idx":1.0,"rank":46794,"anls_id":"50110"},"geometry":{"type":"MultiPolygon","coordinates":[[[[126.50218428965253,33.39132171753415],[126.50217398415231,33.39222356127656],[126.50324908594466,33.39223220153163],[126.50325938034577,33.391330357494944],[126.50218428965253,33.39132171753415]]]]}},{"type":"Feature","properties":{"fid":90308,"gid":93779,"emd_nm":"노형동","signgu_nm":"제주시","cml_fr_idx":1.0,"rank":47076,"anls_id":"50110"},"geometry":{"type":"MultiPolygon","coordinates":[[[[126.50955646919058,33.40490967458478],[126.50954623455037,33.4058115183697],[126.51062150608954,33.40582009782551],[126.5106317296231,33.404918253748434],[126.50955646919058,33.40490967458478]]]]}},{"type":"Feature","properties":{"fid":90486,"gid":94113,"emd_nm":"노형동","signgu_nm":"제주시","cml_fr_idx":1.0,"rank":47254,"anls_id":"50110"},"geometry":{"type":"MultiPolygon","coordinates":[[[[126.46903650000223,33.46681184122741],[126.46902582167196,33.46771366470911],[126.4701018435238,33.46772260984431],[126.47011251071393,33.4668207860583],[126.46903650000223,33.46681184122741]]]]}},{"type":"Feature","properties":{"fid":90538,"gid":94220,"emd_nm":"노형동","signgu_nm":"제주시","cml_fr_idx":1.0,"rank":47305,"anls_id":"50110"},"geometry":{"type":"MultiPolygon","coordinates":[[[[126.50545064734416,33.3877402296451],[126.50544037697097,33.388642074805645],[126.50651543574345,33.38865068595284],[126.50652569501943,33.387748840498986],[126.50545064734416,33.3877402296451]]]]}},{"type":"Feature","properties":{"fid":90688,"gid":94486,"emd_nm":"노형동","signgu_nm":"제주시","cml_fr_idx":1.0,"rank":47456,"anls_id":"50110"},"geometry":{"type":"MultiPolygon","coordinates":[[[[126.51837152254886,33.38603924770984],[126.51836138624616,33.38694109663711],[126.5194364282743,33.38694959548092],[126.51944655348055,33.38604774626416],[126.51837152254886,33.38603924770984]]]]}},{"type":"Feature","properties":{"fid":90738,"gid":94593,"emd_nm":"노형동","signgu_nm":"제주시","cml_fr_idx":1.0,"rank":47506,"anls_id":"50110"},"geometry":{"type":"MultiPolygon","coordinates":[[[[126.46785357364304,33.47582111278016],[126.46784287941247,33.47672293461282],[126.46891901221701,33.476731892132435],[126.46892969530255,33.475830069995055],[126.46785357364304,33.47582111278016]]]]}},{"type":"Feature","properties":{"fid":90791,"gid":94679,"emd_nm":"노형동","signgu_nm":"제주시","cml_fr_idx":1.0,"rank":47559,"anls_id":"50110"},"geometry":{"type":"MultiPolygon","coordinates":[[[[126.46572276336282,33.47399952748049],[126.4657120477964,33.474901348971734],[126.46678815735865,33.474910324562515],[126.46679886178107,33.47400850276595],[126.46572276336282,33.47399952748049]]]]}},{"type":"Feature","properties":{"fid":90859,"gid":94837,"emd_nm":"노형동","signgu_nm":"제주시","cml_fr_idx":1.0,"rank":47627,"anls_id":"50110"},"geometry":{"type":"MultiPolygon","coordinates":[[[[126.49220654956656,33.417396875727206],[126.49219613072901,33.41829871291608],[126.49327155045754,33.41830744559381],[126.49328195818178,33.41740560810763],[126.49220654956656,33.417396875727206]]]]}},{"type":"Feature","properties":{"fid":90960,"gid":94998,"emd_nm":"노형동","signgu_nm":"제주시","cml_fr_idx":1.0,"rank":47727,"anls_id":"50110"},"geometry":{"type":"MultiPolygon","coordinates":[[[[126.48110475233973,33.44706949696003],[126.4810942068864,33.44797132672706],[126.48216998896264,33.447980162529404],[126.48218052328654,33.44707833246171],[126.48110475233973,33.44706949696003]]]]}},{"type":"Feature","properties":{"fid":91042,"gid":95147,"emd_nm":"노형동","signgu_nm":"제주시","cml_fr_idx":1.0,"rank":47809,"anls_id":"50110"},"geometry":{"type":"MultiPolygon","coordinates":[[[[126.4875908182765,33.444416874505734],[126.4875803409996,33.44531870647492],[126.48865609249559,33.44532748539513],[126.48866655864444,33.44442565312719],[126.4875908182765,33.444416874505734]]]]}},{"type":"Feature","properties":{"fid":91121,"gid":95297,"emd_nm":"노형동","signgu_nm":"제주시","cml_fr_idx":1.0,"rank":47889,"anls_id":"50110"},"geometry":{"type":"MultiPolygon","coordinates":[[[[126.50090278011712,33.40934991173945],[126.50089245432545,33.41025175250514],[126.50196777774464,33.41026040796496],[126.50197809242734,33.40935856690456],[126.50090278011712,33.40934991173945]]]]}},{"type":"Feature","properties":{"fid":91169,"gid":95392,"emd_nm":"노형동","signgu_nm":"제주시","cml_fr_idx":1.0,"rank":47937,"anls_id":"50110"},"geometry":{"type":"MultiPolygon","coordinates":[[[[126.49994114379857,33.39942099322747],[126.49993081196011,33.400322835173455],[126.50100601274805,33.40033149670606],[126.50101633348298,33.3994296544651],[126.49994114379857,33.39942099322747]]]]}},{"type":"Feature","properties":{"fid":91338,"gid":95681,"emd_nm":"노형동","signgu_nm":"제주시","cml_fr_idx":1.0,"rank":48105,"anls_id":"50110"},"geometry":{"type":"MultiPolygon","coordinates":[[[[126.48681903905565,33.418254909718904],[126.48680856418557,33.41915674528225],[126.48788399270305,33.41916552486169],[126.48789445645946,33.41826368899943],[126.48681903905565,33.418254909718904]]]]}},{"type":"Feature","properties":{"fid":91359,"gid":95722,"emd_nm":"노형동","signgu_nm":"제주시","cml_fr_idx":1.0,"rank":48126,"anls_id":"50110"},"geometry":{"type":"MultiPolygon","coordinates":[[[[126.50626907600969,33.41029493662566],[126.50625880530576,33.411196778727685],[126.5073341421262,33.411205387891265],[126.50734440172054,33.41030354549611],[126.50626907600969,33.41029493662566]]]]}},{"type":"Feature","properties":{"fid":91440,"gid":95882,"emd_nm":"노형동","signgu_nm":"제주시","cml_fr_idx":1.0,"rank":48208,"anls_id":"50110"},"geometry":{"type":"MultiPolygon","coordinates":[[[[126.50310491618346,33.40485800396646],[126.50309461490365,33.4057598459918],[126.50416988370083,33.405768481345554],[126.50418017387409,33.40486663902616],[126.50310491618346,33.40485800396646]]]]}},{"type":"Feature","properties":{"fid":91446,"gid":95890,"emd_nm":"노형동","signgu_nm":"제주시","cml_fr_idx":1.0,"rank":48214,"anls_id":"50110"},"geometry":{"type":"MultiPolygon","coordinates":[[[[126.50209152362697,33.399438306388696],[126.50208121399558,33.400340148924315],[126.50315641570224,33.4003487918282],[126.50316671423006,33.39944694899826],[126.50209152362697,33.399438306388696]]]]}},{"type":"Feature","properties":{"fid":91541,"gid":96084,"emd_nm":"노형동","signgu_nm":"제주시","cml_fr_idx":1.0,"rank":48309,"anls_id":"50110"},"geometry":{"type":"MultiPolygon","coordinates":[[[[126.49008705413111,33.41467387242042],[126.49007661446176,33.41557570941633],[126.49115199992363,33.41558445984141],[126.4911624284812,33.41468262254757],[126.49008705413111,33.41467387242042]]]]}},{"type":"Feature","properties":{"fid":91543,"gid":96088,"emd_nm":"노형동","signgu_nm":"제주시","cml_fr_idx":1.0,"rank":48311,"anls_id":"50110"},"geometry":{"type":"MultiPolygon","coordinates":[[[[126.48543933894062,33.444399289273655],[126.48542883940767,33.445301120644366],[126.48650458997014,33.44530991822466],[126.48651507837505,33.44440808655456],[126.48543933894062,33.444399289273655]]]]}},{"type":"Feature","properties":{"fid":91559,"gid":96121,"emd_nm":"노형동","signgu_nm":"제주시","cml_fr_idx":1.0,"rank":48327,"anls_id":"50110"},"geometry":{"type":"MultiPolygon","coordinates":[[[[126.51190094023896,33.3877917551185],[126.51189073644926,33.388693602034124],[126.51296579795563,33.38870215731936],[126.51297599064803,33.38780031011233],[126.51190094023896,33.3877917551185]]]]}},{"type":"Feature","properties":{"fid":91597,"gid":96199,"emd_nm":"노형동","signgu_nm":"제주시","cml_fr_idx":1.0,"rank":48365,"anls_id":"50110"},"geometry":{"type":"MultiPolygon","coordinates":[[[[126.50853243110491,33.400391866631765],[126.50852218763906,33.40129371079457],[126.50959740319419,33.40130229810445],[126.50960763555588,33.400400453649205],[126.50853243110491,33.400391866631765]]]]}},{"type":"Feature","properties":{"fid":91603,"gid":96213,"emd_nm":"노형동","signgu_nm":"제주시","cml_fr_idx":1.0,"rank":48371,"anls_id":"50110"},"geometry":{"type":"MultiPolygon","coordinates":[[[[126.47118852190059,33.46682972155174],[126.47117786585056,33.46773154564173],[126.47225388865179,33.467740472101376],[126.47226453356166,33.4668386477077],[126.47118852190059,33.46682972155174]]]]}},{"type":"Feature","properties":{"fid":91667,"gid":96347,"emd_nm":"노형동","signgu_nm":"제주시","cml_fr_idx":1.0,"rank":48435,"anls_id":"50110"},"geometry":{"type":"MultiPolygon","coordinates":[[[[126.50762123814003,33.38595375014709],[126.50761099087399,33.386855596162015],[126.50868602836576,33.38686418810326],[126.50869626453554,33.385962341795675],[126.50762123814003,33.38595375014709]]]]}},{"type":"Feature","properties":{"fid":91689,"gid":96380,"emd_nm":"노형동","signgu_nm":"제주시","cml_fr_idx":1.0,"rank":48456,"anls_id":"50110"},"geometry":{"type":"MultiPolygon","coordinates":[[[[126.45810372577215,33.481150989959836],[126.45809292835315,33.482052808228936],[126.45916912373426,33.48206185166176],[126.4591799100054,33.48116003308506],[126.45810372577215,33.481150989959836]]]]}},{"type":"Feature","properties":{"fid":91884,"gid":96723,"emd_nm":"노형동","signgu_nm":"제주시","cml_fr_idx":1.0,"rank":48651,"anls_id":"50110"},"geometry":{"type":"MultiPolygon","coordinates":[[[[126.47557744629468,33.459650762890504],[126.47556683858436,33.46055258926834],[126.47664277417047,33.46056147595762],[126.47665337074453,33.459659649277434],[126.47557744629468,33.459650762890504]]]]}},{"type":"Feature","properties":{"fid":92115,"gid":97151,"emd_nm":"노형동","signgu_nm":"제주시","cml_fr_idx":1.0,"rank":48883,"anls_id":"50110"},"geometry":{"type":"MultiPolygon","coordinates":[[[[126.45806053321176,33.48475826222911],[126.45804973386976,33.48566007996012],[126.4591259738472,33.485669124623364],[126.45913676203936,33.48476730658473],[126.45806053321176,33.48475826222911]]]]}},{"type":"Feature","properties":{"fid":92231,"gid":97353,"emd_nm":"노형동","signgu_nm":"제주시","cml_fr_idx":1.0,"rank":48999,"anls_id":"50110"},"geometry":{"type":"MultiPolygon","coordinates":[[[[126.49768720460453,33.40842205032527],[126.49767684594731,33.409323890339046],[126.4987521568766,33.40933257345667],[126.49876250442543,33.40843073314724],[126.49768720460453,33.40842205032527]]]]}},{"type":"Feature","properties":{"fid":92248,"gid":97379,"emd_nm":"노형동","signgu_nm":"제주시","cml_fr_idx":1.0,"rank":49016,"anls_id":"50110"},"geometry":{"type":"MultiPolygon","coordinates":[[[[126.46126768887073,33.48658900443626],[126.46125692201964,33.48749082282016],[126.46233318573776,33.48749984006474],[126.46234394143798,33.48659802137417],[126.46126768887073,33.48658900443626]]]]}},{"type":"Feature","properties":{"fid":92381,"gid":97622,"emd_nm":"노형동","signgu_nm":"제주시","cml_fr_idx":1.0,"rank":49149,"anls_id":"50110"},"geometry":{"type":"MultiPolygon","coordinates":[[[[126.5010782482419,33.39401859820332],[126.5010679302642,33.394920441248864],[126.5021430648979,33.394929091699275],[126.502153371775,33.39402724835912],[126.5010782482419,33.39401859820332]]]]}},{"type":"Feature","properties":{"fid":92542,"gid":97897,"emd_nm":"노형동","signgu_nm":"제주시","cml_fr_idx":1.0,"rank":49310,"anls_id":"50110"},"geometry":{"type":"MultiPolygon","coordinates":[[[[126.51516677028927,33.38420999967425],[126.51515660160311,33.385111847999134],[126.51623162008326,33.38512037419144],[126.51624177767403,33.384218525576124],[126.51516677028927,33.38420999967425]]]]}},{"type":"Feature","properties":{"fid":92599,"gid":98025,"emd_nm":"노형동","signgu_nm":"제주시","cml_fr_idx":1.0,"rank":49367,"anls_id":"50110"},"geometry":{"type":"MultiPolygon","coordinates":[[[[126.48678761304602,33.42096041600629],[126.48677713677655,33.42186225116697],[126.48785259863803,33.42187103164314],[126.48786306379235,33.42096919618354],[126.48678761304602,33.42096041600629]]]]}},{"type":"Feature","properties":{"fid":92741,"gid":98257,"emd_nm":"노형동","signgu_nm":"제주시","cml_fr_idx":1.0,"rank":49509,"anls_id":"50110"},"geometry":{"type":"MultiPolygon","coordinates":[[[[126.4966533796901,33.404805997973554],[126.49664301177137,33.40570783822791],[126.4977182778087,33.405716529479136],[126.497728634621,33.40481468892882],[126.4966533796901,33.404805997973554]]]]}},{"type":"Feature","properties":{"fid":92851,"gid":98457,"emd_nm":"노형동","signgu_nm":"제주시","cml_fr_idx":1.0,"rank":49619,"anls_id":"50110"},"geometry":{"type":"MultiPolygon","coordinates":[[[[126.48649410109817,33.4462117497605],[126.4864836117592,33.44711358116206],[126.48755938504623,33.44712237001049],[126.48756986325618,33.446220538309845],[126.48649410109817,33.4462117497605]]]]}},{"type":"Feature","properties":{"fid":92862,"gid":98470,"emd_nm":"노형동","signgu_nm":"제주시","cml_fr_idx":1.0,"rank":49630,"anls_id":"50110"},"geometry":{"type":"MultiPolygon","coordinates":[[[[126.48774792146118,33.43088937885655],[126.4877374511797,33.43179121283959],[126.48881303580687,33.431799987279],[126.48882349496772,33.430898152997294],[126.48774792146118,33.43088937885655]]]]}},{"type":"Feature","properties":{"fid":93043,"gid":98794,"emd_nm":"노형동","signgu_nm":"제주시","cml_fr_idx":1.0,"rank":49811,"anls_id":"50110"},"geometry":{"type":"MultiPolygon","coordinates":[[[[126.4863367119641,33.4597392066833],[126.48632621561728,33.46064103607042],[126.48740215589913,33.460649829405945],[126.48741264110951,33.459747999719646],[126.4863367119641,33.4597392066833]]]]}},{"type":"Feature","properties":{"fid":93233,"gid":99168,"emd_nm":"노형동","signgu_nm":"제주시","cml_fr_idx":1.0,"rank":50001,"anls_id":"50110"},"geometry":{"type":"MultiPolygon","coordinates":[[[[126.48425847230169,33.453408787329735],[126.48424795695982,33.45431061705775],[126.48532381836199,33.454319426965554],[126.4853343225709,33.45341759693776],[126.48425847230169,33.453408787329735]]]]}},{"type":"Feature","properties":{"fid":93243,"gid":99183,"emd_nm":"노형동","signgu_nm":"제주시","cml_fr_idx":1.0,"rank":50011,"anls_id":"50110"},"geometry":{"type":"MultiPolygon","coordinates":[[[[126.51300656600186,33.38509476768716],[126.51299637467113,33.38599661529623],[126.5140714033409,33.38600516039784],[126.5140815835758,33.38510331249771],[126.51300656600186,33.38509476768716]]]]}},{"type":"Feature","properties":{"fid":93328,"gid":99344,"emd_nm":"노형동","signgu_nm":"제주시","cml_fr_idx":1.0,"rank":50096,"anls_id":"50110"},"geometry":{"type":"MultiPolygon","coordinates":[[[[126.49770792053523,33.40661836989532],[126.4976975628005,33.40752021017737],[126.49877285151344,33.407528892703674],[126.49878319814071,33.40662705212598],[126.49770792053523,33.40661836989532]]]]}},{"type":"Feature","properties":{"fid":93476,"gid":99605,"emd_nm":"노형동","signgu_nm":"제주시","cml_fr_idx":1.0,"rank":50244,"anls_id":"50110"},"geometry":{"type":"MultiPolygon","coordinates":[[[[126.49885561163227,33.40031416432652],[126.49884526822972,33.4012160058431],[126.49992047966154,33.40122467698532],[126.49993081196011,33.400322835173455],[126.49885561163227,33.40031416432652]]]]}},{"type":"Feature","properties":{"fid":93551,"gid":99740,"emd_nm":"노형동","signgu_nm":"제주시","cml_fr_idx":1.0,"rank":50319,"anls_id":"50110"},"geometry":{"type":"MultiPolygon","coordinates":[[[[126.46342019448406,33.48660702896774],[126.46340944993474,33.487508847964655],[126.4644857146101,33.48751784651989],[126.46449644800849,33.48661602721693],[126.46342019448406,33.48660702896774]]]]}},{"type":"Feature","properties":{"fid":93567,"gid":99769,"emd_nm":"노형동","signgu_nm":"제주시","cml_fr_idx":1.0,"rank":50335,"anls_id":"50110"},"geometry":{"type":"MultiPolygon","coordinates":[[[[126.4867142693624,33.42727325931215],[126.486703789827,33.42817509353317],[126.48777932950848,33.42818387610197],[126.48778979792527,33.427282041581975],[126.4867142693624,33.42727325931215]]]]}},{"type":"Feature","properties":{"fid":93813,"gid":100241,"emd_nm":"노형동","signgu_nm":"제주시","cml_fr_idx":1.0,"rank":50581,"anls_id":"50110"},"geometry":{"type":"MultiPolygon","coordinates":[[[[126.48096762481585,33.45879327345423],[126.48095707325683,33.45969510147503],[126.48203300006065,33.45970394118684],[126.4820435404838,33.458802112865285],[126.48096762481585,33.45879327345423]]]]}},{"type":"Feature","properties":{"fid":93814,"gid":100245,"emd_nm":"노형동","signgu_nm":"제주시","cml_fr_idx":1.0,"rank":50582,"anls_id":"50110"},"geometry":{"type":"MultiPolygon","coordinates":[[[[126.4710499562378,33.47855342423712],[126.47103929401842,33.47945524657964],[126.47211546168671,33.47946417698764],[126.47212611275947,33.478562354341385],[126.4710499562378,33.47855342423712]]]]}},{"type":"Feature","properties":{"fid":93835,"gid":100281,"emd_nm":"노형동","signgu_nm":"제주시","cml_fr_idx":1.0,"rank":50603,"anls_id":"50110"},"geometry":{"type":"MultiPolygon","coordinates":[[[[126.49222738584987,33.415593200946866],[126.49221696794017,33.41649503840413],[126.49329236544261,33.416503770487246],[126.49330277224003,33.41560193273268],[126.49222738584987,33.415593200946866]]]]}},{"type":"Feature","properties":{"fid":93863,"gid":100318,"emd_nm":"노형동","signgu_nm":"제주시","cml_fr_idx":1.0,"rank":50631,"anls_id":"50110"},"geometry":{"type":"MultiPolygon","coordinates":[[[[126.49117285657444,33.413780785119556],[126.4911624284812,33.41468262254757],[126.49223780329568,33.414691363355416],[126.49224822027762,33.41378952562979],[126.49117285657444,33.413780785119556]]]]}},{"type":"Feature","properties":{"fid":93933,"gid":100429,"emd_nm":"노형동","signgu_nm":"제주시","cml_fr_idx":1.0,"rank":50701,"anls_id":"50110"},"geometry":{"type":"MultiPolygon","coordinates":[[[[126.49664301177137,33.40570783822791],[126.49663264339095,33.406609678348126],[126.49770792053523,33.40661836989532],[126.4977182778087,33.405716529479136],[126.49664301177137,33.40570783822791]]]]}},{"type":"Feature","properties":{"fid":93959,"gid":100473,"emd_nm":"노형동","signgu_nm":"제주시","cml_fr_idx":1.0,"rank":50727,"anls_id":"50110"},"geometry":{"type":"MultiPolygon","coordinates":[[[[126.47556683858436,33.46055258926834],[126.47555623040172,33.461454415511795],[126.47663217712459,33.46146330250345],[126.47664277417047,33.46056147595762],[126.47556683858436,33.46055258926834]]]]}},{"type":"Feature","properties":{"fid":93979,"gid":100518,"emd_nm":"노형동","signgu_nm":"제주시","cml_fr_idx":1.0,"rank":50747,"anls_id":"50110"},"geometry":{"type":"MultiPolygon","coordinates":[[[[126.48189593184533,33.471427697142005],[126.48188538485003,33.472329523582715],[126.4829614680776,33.47233835816636],[126.48297200393006,33.47143653142511],[126.48189593184533,33.471427697142005]]]]}},{"type":"Feature","properties":{"fid":94123,"gid":100787,"emd_nm":"노형동","signgu_nm":"제주시","cml_fr_idx":1.0,"rank":50891,"anls_id":"50110"},"geometry":{"type":"MultiPolygon","coordinates":[[[[126.46680956572692,33.47310668083492],[126.46679886178107,33.47400850276595],[126.46787496067589,33.47401746871145],[126.46788565347819,33.47311564647544],[126.46680956572692,33.47310668083492]]]]}},{"type":"Feature","properties":{"fid":94135,"gid":100816,"emd_nm":"노형동","signgu_nm":"제주시","cml_fr_idx":1.0,"rank":50903,"anls_id":"50110"},"geometry":{"type":"MultiPolygon","coordinates":[[[[126.5073751777625,33.40759801750611],[126.50736491953866,33.40849986030353],[126.50844022348865,33.40850845927044],[126.50845047060439,33.40760661618022],[126.5073751777625,33.40759801750611]]]]}},{"type":"Feature","properties":{"fid":94324,"gid":101148,"emd_nm":"노형동","signgu_nm":"제주시","cml_fr_idx":1.0,"rank":51092,"anls_id":"50110"},"geometry":{"type":"MultiPolygon","coordinates":[[[[126.50954623455037,33.4058115183697],[126.50953599945436,33.406713362020554],[126.51061128210071,33.406721941768524],[126.51062150608954,33.40582009782551],[126.50954623455037,33.4058115183697]]]]}},{"type":"Feature","properties":{"fid":94345,"gid":101179,"emd_nm":"노형동","signgu_nm":"제주시","cml_fr_idx":1.0,"rank":51113,"anls_id":"50110"},"geometry":{"type":"MultiPolygon","coordinates":[[[[126.50212244976666,33.39673277797733],[126.5021121415125,33.39763462091521],[126.50318730990992,33.397643262936114],[126.503197607062,33.396741419703915],[126.50212244976666,33.39673277797733]]]]}},{"type":"Feature","properties":{"fid":94354,"gid":101196,"emd_nm":"노형동","signgu_nm":"제주시","cml_fr_idx":1.0,"rank":51122,"anls_id":"50110"},"geometry":{"type":"MultiPolygon","coordinates":[[[[126.5151260928274,33.387817392169815],[126.51511592232968,33.38871923995872],[126.51619098519635,33.38872776731279],[126.51620114459668,33.38782591923345],[126.5151260928274,33.387817392169815]]]]}},{"type":"Feature","properties":{"fid":94391,"gid":101256,"emd_nm":"노형동","signgu_nm":"제주시","cml_fr_idx":1.0,"rank":51159,"anls_id":"50110"},"geometry":{"type":"MultiPolygon","coordinates":[[[[126.4656798982345,33.47760681263876],[126.46566918075962,33.47850863359217],[126.46674533490292,33.478517610404275],[126.46675604123182,33.477615789145524],[126.4656798982345,33.47760681263876]]]]}},{"type":"Feature","properties":{"fid":94410,"gid":101291,"emd_nm":"노형동","signgu_nm":"제주시","cml_fr_idx":1.0,"rank":51177,"anls_id":"50110"},"geometry":{"type":"MultiPolygon","coordinates":[[[[126.47195563867872,33.49299150054895],[126.47194498001619,33.49389332104411],[126.47302132657201,33.49390224696608],[126.47303197407999,33.49300042616739],[126.47195563867872,33.49299150054895]]]]}},{"type":"Feature","properties":{"fid":94436,"gid":101338,"emd_nm":"노형동","signgu_nm":"제주시","cml_fr_idx":1.0,"rank":51204,"anls_id":"50110"},"geometry":{"type":"MultiPolygon","coordinates":[[[[126.4720089248741,33.488482396056334],[126.4719982685839,33.48938421722376],[126.47307455937192,33.48939314162809],[126.47308520451003,33.48849132015716],[126.4720089248741,33.488482396056334]]]]}},{"type":"Feature","properties":{"fid":94554,"gid":101558,"emd_nm":"노형동","signgu_nm":"제주시","cml_fr_idx":1.0,"rank":51322,"anls_id":"50110"},"geometry":{"type":"MultiPolygon","coordinates":[[[[126.50427276481591,33.39675005211738],[126.50426247876592,33.3976518956436],[126.50533764808,33.39766051903763],[126.50534792302786,33.39675867521773],[126.50427276481591,33.39675005211738]]]]}},{"type":"Feature","properties":{"fid":94584,"gid":101614,"emd_nm":"노형동","signgu_nm":"제주시","cml_fr_idx":1.0,"rank":51352,"anls_id":"50110"},"geometry":{"type":"MultiPolygon","coordinates":[[[[126.5097508407845,33.38777461720073],[126.50974061480024,33.38867646353259],[126.51081567539728,33.38868503743853],[126.51082589028428,33.38778319081462],[126.5097508407845,33.38777461720073]]]]}},{"type":"Feature","properties":{"fid":94638,"gid":101722,"emd_nm":"노형동","signgu_nm":"제주시","cml_fr_idx":1.0,"rank":51406,"anls_id":"50110"},"geometry":{"type":"MultiPolygon","coordinates":[[[[126.50432418819547,33.392240832475196],[126.50431390443553,33.39314267667178],[126.50538901824395,33.39315129859746],[126.50539929090424,33.39224945410722],[126.50432418819547,33.392240832475196]]]]}},{"type":"Feature","properties":{"fid":94728,"gid":101884,"emd_nm":"노형동","signgu_nm":"제주시","cml_fr_idx":1.0,"rank":51496,"anls_id":"50110"},"geometry":{"type":"MultiPolygon","coordinates":[[[[126.49767684594731,33.409323890339046],[126.49766648682878,33.41022573021866],[126.49874180886704,33.410234413631976],[126.4987521568766,33.40933257345667],[126.49767684594731,33.409323890339046]]]]}},{"type":"Feature","properties":{"fid":94752,"gid":101931,"emd_nm":"노형동","signgu_nm":"제주시","cml_fr_idx":1.0,"rank":51520,"anls_id":"50110"},"geometry":{"type":"MultiPolygon","coordinates":[[[[126.47990227184225,33.45788259685441],[126.47989170961768,33.45878442470847],[126.48096762481585,33.45879327345423],[126.48097817590508,33.45789144529911],[126.47990227184225,33.45788259685441]]]]}},{"type":"Feature","properties":{"fid":94800,"gid":102003,"emd_nm":"노형동","signgu_nm":"제주시","cml_fr_idx":1.0,"rank":51568,"anls_id":"50110"},"geometry":{"type":"MultiPolygon","coordinates":[[[[126.48086208808208,33.46781154761662],[126.48085153182411,33.46871337429392],[126.48192757001385,33.468722217013706],[126.48193811513099,33.46782039003558],[126.48086208808208,33.46781154761662]]]]}},{"type":"Feature","properties":{"fid":94814,"gid":102030,"emd_nm":"노형동","signgu_nm":"제주시","cml_fr_idx":1.0,"rank":51582,"anls_id":"50110"},"geometry":{"type":"MultiPolygon","coordinates":[[[[126.48552331837625,33.43718463347395],[126.48551282258266,33.43808646591887],[126.48658848413486,33.43809526110416],[126.48659896880442,33.437193428359905],[126.48552331837625,33.43718463347395]]]]}},{"type":"Feature","properties":{"fid":94872,"gid":102127,"emd_nm":"노형동","signgu_nm":"제주시","cml_fr_idx":1.0,"rank":51639,"anls_id":"50110"},"geometry":{"type":"MultiPolygon","coordinates":[[[[126.48739167022194,33.46155165895795],[126.48738118407785,33.462453488375644],[126.48845714710103,33.462462272973475],[126.48846762210763,33.461560443256914],[126.48739167022194,33.46155165895795]]]]}},{"type":"Feature","properties":{"fid":94921,"gid":102197,"emd_nm":"노형동","signgu_nm":"제주시","cml_fr_idx":1.0,"rank":51689,"anls_id":"50110"},"geometry":{"type":"MultiPolygon","coordinates":[[[[126.48778979792527,33.427282041581975],[126.48777932950848,33.42818387610197],[126.48885486965614,33.42819264934675],[126.48886532695427,33.42729081452809],[126.48778979792527,33.427282041581975]]]]}},{"type":"Feature","properties":{"fid":94929,"gid":102209,"emd_nm":"노형동","signgu_nm":"제주시","cml_fr_idx":1.0,"rank":51697,"anls_id":"50110"},"geometry":{"type":"MultiPolygon","coordinates":[[[[126.49330277224003,33.41560193273268],[126.49329236544261,33.416503770487246],[126.49436776340848,33.416512493250394],[126.49437815909356,33.415610655198854],[126.49330277224003,33.41560193273268]]]]}},{"type":"Feature","properties":{"fid":94936,"gid":102224,"emd_nm":"노형동","signgu_nm":"제주시","cml_fr_idx":1.0,"rank":51704,"anls_id":"50110"},"geometry":{"type":"MultiPolygon","coordinates":[[[[126.48639968023186,33.454328227540145],[126.4863891866887,33.45523005773308],[126.48746506015925,33.455238849273634],[126.48747554256893,33.45433701878154],[126.48639968023186,33.454328227540145]]]]}},{"type":"Feature","properties":{"fid":94940,"gid":102230,"emd_nm":"노형동","signgu_nm":"제주시","cml_fr_idx":1.0,"rank":51707,"anls_id":"50110"},"geometry":{"type":"MultiPolygon","coordinates":[[[[126.50103697357409,33.39762596958089],[126.50102665375832,33.39852781209005],[126.50210183279927,33.398536463719005],[126.5021121415125,33.39763462091521],[126.50103697357409,33.39762596958089]]]]}},{"type":"Feature","properties":{"fid":94959,"gid":102263,"emd_nm":"노형동","signgu_nm":"제주시","cml_fr_idx":1.0,"rank":51727,"anls_id":"50110"},"geometry":{"type":"MultiPolygon","coordinates":[[[[126.47221130427258,33.47134776833202],[126.47220065699274,33.472249592053664],[126.4732767359762,33.472258510692406],[126.47328737211339,33.47135668666738],[126.47221130427258,33.47134776833202]]]]}},{"type":"Feature","properties":{"fid":95022,"gid":102387,"emd_nm":"노형동","signgu_nm":"제주시","cml_fr_idx":1.0,"rank":51790,"anls_id":"50110"},"geometry":{"type":"MultiPolygon","coordinates":[[[[126.47122048720419,33.46412424847528],[126.47120983257737,33.465026072968506],[126.47228582195964,33.46503499851714],[126.47229646544778,33.464133173720256],[126.47122048720419,33.46412424847528]]]]}},{"type":"Feature","properties":{"fid":95065,"gid":102464,"emd_nm":"노형동","signgu_nm":"제주시","cml_fr_idx":1.0,"rank":51833,"anls_id":"50110"},"geometry":{"type":"MultiPolygon","coordinates":[[[[126.49978611790218,33.41294860833464],[126.49977577916017,33.41385044826875],[126.50085114656034,33.413859114226625],[126.50086147419142,33.41295727399745],[126.49978611790218,33.41294860833464]]]]}},{"type":"Feature","properties":{"fid":95066,"gid":102465,"emd_nm":"노형동","signgu_nm":"제주시","cml_fr_idx":1.0,"rank":51834,"anls_id":"50110"},"geometry":{"type":"MultiPolygon","coordinates":[[[[126.48310892733379,33.45971277156358],[126.4830983975777,33.46061460005125],[126.48417433645605,33.46062342139305],[126.48418485507574,33.45972159260525],[126.48310892733379,33.45971277156358]]]]}},{"type":"Feature","properties":{"fid":95097,"gid":102521,"emd_nm":"노형동","signgu_nm":"제주시","cml_fr_idx":1.0,"rank":51864,"anls_id":"50110"},"geometry":{"type":"MultiPolygon","coordinates":[[[[126.49556774619573,33.40569913766049],[126.4955573667084,33.40660097748443],[126.49663264339095,33.406609678348126],[126.49664301177137,33.40570783822791],[126.49556774619573,33.40569913766049]]]]}},{"type":"Feature","properties":{"fid":95106,"gid":102541,"emd_nm":"노형동","signgu_nm":"제주시","cml_fr_idx":1.0,"rank":51874,"anls_id":"50110"},"geometry":{"type":"MultiPolygon","coordinates":[[[[126.5096178674619,33.399498609059904],[126.50960763555588,33.400400453649205],[126.51068284046248,33.40040903135219],[126.5106930612648,33.39950718647077],[126.5096178674619,33.399498609059904]]]]}},{"type":"Feature","properties":{"fid":95197,"gid":102715,"emd_nm":"노형동","signgu_nm":"제주시","cml_fr_idx":1.0,"rank":51965,"anls_id":"50110"},"geometry":{"type":"MultiPolygon","coordinates":[[[[126.51191114357428,33.38688990806886],[126.51190094023896,33.3877917551185],[126.51297599064803,33.38780031011233],[126.51298618288652,33.38689846277128],[126.51191114357428,33.38688990806886]]]]}},{"type":"Feature","properties":{"fid":95304,"gid":102924,"emd_nm":"노형동","signgu_nm":"제주시","cml_fr_idx":1.0,"rank":52072,"anls_id":"50110"},"geometry":{"type":"MultiPolygon","coordinates":[[[[126.50644360801763,33.39496360037625],[126.50643334508602,33.39586544475764],[126.50750849311092,33.39587404893867],[126.50751874494135,33.39497220426424],[126.50644360801763,33.39496360037625]]]]}},{"type":"Feature","properties":{"fid":95332,"gid":102985,"emd_nm":"노형동","signgu_nm":"제주시","cml_fr_idx":1.0,"rank":52100,"anls_id":"50110"},"geometry":{"type":"MultiPolygon","coordinates":[[[[126.52277254343241,33.377054677869474],[126.52276245600892,33.37795652929229],[126.52383738889486,33.37796498801479],[126.52384746522677,33.3770631363038],[126.52277254343241,33.377054677869474]]]]}},{"type":"Feature","properties":{"fid":95496,"gid":103295,"emd_nm":"노형동","signgu_nm":"제주시","cml_fr_idx":1.0,"rank":52264,"anls_id":"50110"},"geometry":{"type":"MultiPolygon","coordinates":[[[[126.4700911758587,33.46862443349589],[126.47008050771865,33.46952625701306],[126.47115655232717,33.4695351934185],[126.4711672093261,33.46863336959732],[126.4700911758587,33.46862443349589]]]]}},{"type":"Feature","properties":{"fid":95501,"gid":103308,"emd_nm":"노형동","signgu_nm":"제주시","cml_fr_idx":1.0,"rank":52269,"anls_id":"50110"},"geometry":{"type":"MultiPolygon","coordinates":[[[[126.46340944993474,33.487508847964655],[126.46339870490706,33.488410666827086],[126.46447498073384,33.48841966568837],[126.4644857146101,33.48751784651989],[126.46340944993474,33.487508847964655]]]]}},{"type":"Feature","properties":{"fid":95728,"gid":103735,"emd_nm":"노형동","signgu_nm":"제주시","cml_fr_idx":1.0,"rank":52496,"anls_id":"50110"},"geometry":{"type":"MultiPolygon","coordinates":[[[[126.48780026587595,33.426380206927746],[126.48778979792527,33.427282041581975],[126.48886532695427,33.42729081452809],[126.48887578378677,33.42638897957522],[126.48780026587595,33.426380206927746]]]]}},{"type":"Feature","properties":{"fid":95794,"gid":103835,"emd_nm":"노형동","signgu_nm":"제주시","cml_fr_idx":1.0,"rank":52562,"anls_id":"50110"},"geometry":{"type":"MultiPolygon","coordinates":[[[[126.47329800777702,33.47045486250794],[126.47328737211339,33.47135668666738],[126.47436344042771,33.47136559566364],[126.47437406494917,33.47046377120113],[126.47329800777702,33.47045486250794]]]]}},{"type":"Feature","properties":{"fid":95875,"gid":103976,"emd_nm":"노형동","signgu_nm":"제주시","cml_fr_idx":1.0,"rank":52642,"anls_id":"50110"},"geometry":{"type":"MultiPolygon","coordinates":[[[[126.46447498073384,33.48841966568837],[126.46446424637969,33.489321484722346],[126.46554053383628,33.48933047454435],[126.46555125703847,33.48842865520464],[126.46447498073384,33.48841966568837]]]]}},{"type":"Feature","properties":{"fid":95926,"gid":104068,"emd_nm":"노형동","signgu_nm":"제주시","cml_fr_idx":1.0,"rank":52694,"anls_id":"50110"},"geometry":{"type":"MultiPolygon","coordinates":[[[[126.50412871842515,33.40937584928218],[126.50411842596048,33.41027769093107],[126.50519375075616,33.41028631843731],[126.50520403211178,33.40938447649465],[126.50412871842515,33.40937584928218]]]]}},{"type":"Feature","properties":{"fid":95948,"gid":104109,"emd_nm":"노형동","signgu_nm":"제주시","cml_fr_idx":1.0,"rank":52715,"anls_id":"50110"},"geometry":{"type":"MultiPolygon","coordinates":[[[[126.48883395366288,33.42999631858135],[126.48882349496772,33.430898152997294],[126.48989906893998,33.430906917813054],[126.48990951651497,33.43000508309876],[126.48883395366288,33.42999631858135]]]]}},{"type":"Feature","properties":{"fid":96037,"gid":104253,"emd_nm":"노형동","signgu_nm":"제주시","cml_fr_idx":1.0,"rank":52805,"anls_id":"50110"},"geometry":{"type":"MultiPolygon","coordinates":[[[[126.50633069062947,33.40488388119762],[126.50632042266938,33.40578572410419],[126.50739569283976,33.40579433150903],[126.50740594969328,33.40489248830936],[126.50633069062947,33.40488388119762]]]]}},{"type":"Feature","properties":{"fid":96081,"gid":104330,"emd_nm":"노형동","signgu_nm":"제주시","cml_fr_idx":1.0,"rank":52848,"anls_id":"50110"},"geometry":{"type":"MultiPolygon","coordinates":[[[[126.49104768880322,33.42460282539895],[126.4910372551363,33.425504661216564],[126.49211276332478,33.42551340559614],[126.49212318587448,33.42461156948083],[126.49104768880322,33.42460282539895]]]]}},{"type":"Feature","properties":{"fid":96096,"gid":104359,"emd_nm":"노형동","signgu_nm":"제주시","cml_fr_idx":1.0,"rank":52863,"anls_id":"50110"},"geometry":{"type":"MultiPolygon","coordinates":[[[[126.50958717037686,33.40220414242561],[126.50957693710382,33.40310598661273],[126.5106521753245,33.40311456519209],[126.51066239749233,33.40221272071285],[126.50958717037686,33.40220414242561]]]]}},{"type":"Feature","properties":{"fid":96159,"gid":104472,"emd_nm":"노형동","signgu_nm":"제주시","cml_fr_idx":1.0,"rank":52927,"anls_id":"50110"},"geometry":{"type":"MultiPolygon","coordinates":[[[[126.50544037697097,33.388642074805645],[126.50543010614042,33.38954391983213],[126.50650517601056,33.389552531272635],[126.50651543574345,33.38865068595284],[126.50544037697097,33.388642074805645]]]]}},{"type":"Feature","properties":{"fid":96176,"gid":104497,"emd_nm":"노형동","signgu_nm":"제주시","cml_fr_idx":1.0,"rank":52944,"anls_id":"50110"},"geometry":{"type":"MultiPolygon","coordinates":[[[[126.49870041222039,33.41384177299178],[126.49869006190657,33.41474361249638],[126.49976543995777,33.41475228806872],[126.49977577916017,33.41385044826875],[126.49870041222039,33.41384177299178]]]]}},{"type":"Feature","properties":{"fid":96197,"gid":104543,"emd_nm":"노형동","signgu_nm":"제주시","cml_fr_idx":1.0,"rank":52965,"anls_id":"50110"},"geometry":{"type":"MultiPolygon","coordinates":[[[[126.52056203679845,33.382448836145585],[126.52055192449018,33.383350686187384],[126.52162692303672,33.38335916525615],[126.52163702425051,33.382457314925524],[126.52056203679845,33.382448836145585]]]]}},{"type":"Feature","properties":{"fid":96408,"gid":104924,"emd_nm":"노형동","signgu_nm":"제주시","cml_fr_idx":1.0,"rank":53176,"anls_id":"50110"},"geometry":{"type":"MultiPolygon","coordinates":[[[[126.52275236813618,33.37885838058116],[126.52274227981421,33.379760231736086],[126.52381723488477,33.379768691034926],[126.52382731211421,33.37886683959183],[126.52275236813618,33.37885838058116]]]]}},{"type":"Feature","properties":{"fid":96509,"gid":105105,"emd_nm":"노형동","signgu_nm":"제주시","cml_fr_idx":1.0,"rank":53276,"anls_id":"50110"},"geometry":{"type":"MultiPolygon","coordinates":[[[[126.5096690201579,33.39498938410265],[126.50965879052985,33.3958912293622],[126.5107339399229,33.39589980560467],[126.51074415844973,33.39499796005303],[126.5096690201579,33.39498938410265]]]]}},{"type":"Feature","properties":{"fid":96540,"gid":105156,"emd_nm":"노형동","signgu_nm":"제주시","cml_fr_idx":1.0,"rank":53308,"anls_id":"50110"},"geometry":{"type":"MultiPolygon","coordinates":[[[[126.49876250442543,33.40843073314724],[126.4987521568766,33.40933257345667],[126.49982746826673,33.40934124725682],[126.49983780470706,33.40843940665203],[126.49876250442543,33.40843073314724]]]]}},{"type":"Feature","properties":{"fid":96713,"gid":105460,"emd_nm":"노형동","signgu_nm":"제주시","cml_fr_idx":1.0,"rank":53481,"anls_id":"50110"},"geometry":{"type":"MultiPolygon","coordinates":[[[[126.50640255354884,33.39857097709741],[126.50639228878894,33.39947282094252],[126.50746748122347,33.399481426295765],[126.50747773488023,33.398579582157595],[126.50640255354884,33.39857097709741]]]]}},{"type":"Feature","properties":{"fid":96849,"gid":105714,"emd_nm":"노형동","signgu_nm":"제주시","cml_fr_idx":1.0,"rank":53617,"anls_id":"50110"},"geometry":{"type":"MultiPolygon","coordinates":[[[[126.48423744114976,33.45521244665146],[126.48422692487148,33.456114276110846],[126.48530280854101,33.45612308661821],[126.48531331368537,33.45522125685904],[126.48423744114976,33.45521244665146]]]]}},{"type":"Feature","properties":{"fid":96938,"gid":105899,"emd_nm":"노형동","signgu_nm":"제주시","cml_fr_idx":1.0,"rank":53706,"anls_id":"50110"},"geometry":{"type":"MultiPolygon","coordinates":[[[[126.49438855431576,33.414708817013135],[126.49437815909356,33.415610655198854],[126.49545354641,33.41561936834537],[126.49546393052037,33.414717529863005],[126.49438855431576,33.414708817013135]]]]}},{"type":"Feature","properties":{"fid":96954,"gid":105927,"emd_nm":"노형동","signgu_nm":"제주시","cml_fr_idx":1.0,"rank":53722,"anls_id":"50110"},"geometry":{"type":"MultiPolygon","coordinates":[[[[126.50857340040704,33.39678448863996],[126.50856315876567,33.397686333338996],[126.50963832990706,33.39769491947916],[126.50964856044625,33.3967930744877],[126.50857340040704,33.39678448863996]]]]}},{"type":"Feature","properties":{"fid":97089,"gid":106212,"emd_nm":"노형동","signgu_nm":"제주시","cml_fr_idx":1.0,"rank":53857,"anls_id":"50110"},"geometry":{"type":"MultiPolygon","coordinates":[[[[126.47651557847499,33.47138338563886],[126.47650497576588,33.47228521057215],[126.47758105664056,33.47229409185321],[126.47759164820695,33.47139226661779],[126.47651557847499,33.47138338563886]]]]}},{"type":"Feature","properties":{"fid":97117,"gid":106257,"emd_nm":"노형동","signgu_nm":"제주시","cml_fr_idx":1.0,"rank":53885,"anls_id":"50110"},"geometry":{"type":"MultiPolygon","coordinates":[[[[126.487726980432,33.432693046688385],[126.48771650921802,33.43359488040294],[126.48879211608794,33.43360365543971],[126.48880257618026,33.43270182142649],[126.487726980432,33.432693046688385]]]]}},{"type":"Feature","properties":{"fid":97151,"gid":106317,"emd_nm":"노형동","signgu_nm":"제주시","cml_fr_idx":1.0,"rank":53919,"anls_id":"50110"},"geometry":{"type":"MultiPolygon","coordinates":[[[[126.50858364159234,33.39588264380686],[126.50857340040704,33.39678448863996],[126.50964856044625,33.3967930744877],[126.50965879052985,33.3958912293622],[126.50858364159234,33.39588264380686]]]]}},{"type":"Feature","properties":{"fid":97301,"gid":106574,"emd_nm":"노형동","signgu_nm":"제주시","cml_fr_idx":1.0,"rank":54069,"anls_id":"50110"},"geometry":{"type":"MultiPolygon","coordinates":[[[[126.51186012235357,33.39139914197688],[126.51184991674606,33.39230098835641],[126.51292502264666,33.39230954480733],[126.51293521715483,33.39140769813636],[126.51186012235357,33.39139914197688]]]]}},{"type":"Feature","properties":{"fid":97381,"gid":106725,"emd_nm":"노형동","signgu_nm":"제주시","cml_fr_idx":1.0,"rank":54149,"anls_id":"50110"},"geometry":{"type":"MultiPolygon","coordinates":[[[[126.49881423525824,33.40392152958809],[126.49880389001311,33.40482337056818],[126.49987914586589,33.40483204289164],[126.49988948000505,33.40393020161624],[126.49881423525824,33.40392152958809]]]]}},{"type":"Feature","properties":{"fid":97640,"gid":107242,"emd_nm":"노형동","signgu_nm":"제주시","cml_fr_idx":1.0,"rank":54408,"anls_id":"50110"},"geometry":{"type":"MultiPolygon","coordinates":[[[[126.48654654078798,33.44170259073857],[126.48653605378395,33.442604422811506],[126.48761177143084,33.44261321016455],[126.48762224730828,33.44171137779255],[126.48654654078798,33.44170259073857]]]]}},{"type":"Feature","properties":{"fid":97687,"gid":107324,"emd_nm":"노형동","signgu_nm":"제주시","cml_fr_idx":1.0,"rank":54455,"anls_id":"50110"},"geometry":{"type":"MultiPolygon","coordinates":[[[[126.48770603753783,33.43449671398325],[126.48769556539132,33.43539854742931],[126.48877119450596,33.435407323063465],[126.48878165552983,33.43450548931872],[126.48770603753783,33.43449671398325]]]]}},{"type":"Feature","properties":{"fid":97719,"gid":107379,"emd_nm":"노형동","signgu_nm":"제주시","cml_fr_idx":1.0,"rank":54487,"anls_id":"50110"},"geometry":{"type":"MultiPolygon","coordinates":[[[[126.48667234842085,33.430880595390825],[126.48666186701874,33.43178242907487],[126.4877374511797,33.43179121283959],[126.48774792146118,33.43088937885655],[126.48667234842085,33.430880595390825]]]]}},{"type":"Feature","properties":{"fid":97774,"gid":107496,"emd_nm":"노형동","signgu_nm":"제주시","cml_fr_idx":1.0,"rank":54542,"anls_id":"50110"},"geometry":{"type":"MultiPolygon","coordinates":[[[[126.49223780329568,33.414691363355416],[126.49222738584987,33.415593200946866],[126.49330277224003,33.41560193273268],[126.49331317857404,33.41470009484395],[126.49223780329568,33.414691363355416]]]]}},{"type":"Feature","properties":{"fid":97949,"gid":107813,"emd_nm":"노형동","signgu_nm":"제주시","cml_fr_idx":1.0,"rank":54716,"anls_id":"50110"},"geometry":{"type":"MultiPolygon","coordinates":[[[[126.47885808550495,33.45516825561128],[126.47884751355726,33.45607008356698],[126.47992339488064,33.4560789407433],[126.4799339556945,33.45517711248624],[126.47885808550495,33.45516825561128]]]]}},{"type":"Feature","properties":{"fid":98090,"gid":108077,"emd_nm":"노형동","signgu_nm":"제주시","cml_fr_idx":1.0,"rank":54858,"anls_id":"50110"},"geometry":{"type":"MultiPolygon","coordinates":[[[[126.49000352375853,33.42188856463007],[126.48999308036959,33.42279040055236],[126.49106855474334,33.42279915336106],[126.49107898701658,33.421897317140804],[126.49000352375853,33.42188856463007]]]]}},{"type":"Feature","properties":{"fid":98191,"gid":108275,"emd_nm":"노형동","signgu_nm":"제주시","cml_fr_idx":1.0,"rank":54959,"anls_id":"50110"},"geometry":{"type":"MultiPolygon","coordinates":[[[[126.46235469665935,33.4856962025491],[126.46234394143798,33.48659802137417],[126.46342019448406,33.48660702896774],[126.46343093855505,33.48570520983631],[126.46235469665935,33.4856962025491]]]]}},{"type":"Feature","properties":{"fid":98435,"gid":108709,"emd_nm":"노형동","signgu_nm":"제주시","cml_fr_idx":1.0,"rank":55203,"anls_id":"50110"},"geometry":{"type":"MultiPolygon","coordinates":[[[[126.48888624015368,33.42548714448814],[126.48887578378677,33.42638897957522],[126.4899513021632,33.42639774289931],[126.48996174741244,33.42549590751389],[126.48888624015368,33.42548714448814]]]]}},{"type":"Feature","properties":{"fid":98469,"gid":108774,"emd_nm":"노형동","signgu_nm":"제주시","cml_fr_idx":1.0,"rank":55237,"anls_id":"50110"},"geometry":{"type":"MultiPolygon","coordinates":[[[[126.49102682100478,33.426406496899986],[126.49101638640863,33.427308332449186],[126.49209191683302,33.42731707742412],[126.49210234031096,33.42641524157724],[126.49102682100478,33.426406496899986]]]]}},{"type":"Feature","properties":{"fid":98517,"gid":108872,"emd_nm":"노형동","signgu_nm":"제주시","cml_fr_idx":1.0,"rank":55285,"anls_id":"50110"},"geometry":{"type":"MultiPolygon","coordinates":[[[[126.50629988537739,33.40758940951505],[126.50628961604545,33.408491252019346],[126.50736491953866,33.40849986030353],[126.5073751777625,33.40759801750611],[126.50629988537739,33.40758940951505]]]]}},{"type":"Feature","properties":{"fid":98579,"gid":108985,"emd_nm":"노형동","signgu_nm":"제주시","cml_fr_idx":1.0,"rank":55347,"anls_id":"50110"},"geometry":{"type":"MultiPolygon","coordinates":[[[[126.48410069300373,33.46693621914655],[126.48409017063679,33.46783804685972],[126.48516619909269,33.46784686126487],[126.48517671031924,33.46694503325183],[126.48410069300373,33.46693621914655]]]]}},{"type":"Feature","properties":{"fid":98692,"gid":109207,"emd_nm":"노형동","signgu_nm":"제주시","cml_fr_idx":1.0,"rank":55460,"anls_id":"50110"},"geometry":{"type":"MultiPolygon","coordinates":[[[[126.48783166693137,33.423674702159666],[126.48782120037895,33.42457653721658],[126.48889669605498,33.42458530926681],[126.48890715149071,33.42368347391126],[126.48783166693137,33.423674702159666]]]]}},{"type":"Feature","properties":{"fid":98694,"gid":109210,"emd_nm":"노형동","signgu_nm":"제주시","cml_fr_idx":1.0,"rank":55462,"anls_id":"50110"},"geometry":{"type":"MultiPolygon","coordinates":[[[[126.5041595930693,33.40667032353087],[126.50414930197954,33.40757216558208],[126.50522459344955,33.40758079220703],[126.50523487343176,33.406678949862076],[126.5041595930693,33.40667032353087]]]]}},{"type":"Feature","properties":{"fid":98796,"gid":109389,"emd_nm":"노형동","signgu_nm":"제주시","cml_fr_idx":1.0,"rank":55564,"anls_id":"50110"},"geometry":{"type":"MultiPolygon","coordinates":[[[[126.46245147210752,33.477579827071274],[126.46244072119474,33.47848164710677],[126.46351687390504,33.4784906519434],[126.46352761367187,33.47758883160162],[126.46245147210752,33.477579827071274]]]]}},{"type":"Feature","properties":{"fid":98904,"gid":109572,"emd_nm":"노형동","signgu_nm":"제주시","cml_fr_idx":1.0,"rank":55672,"anls_id":"50110"},"geometry":{"type":"MultiPolygon","coordinates":[[[[126.48097817590508,33.45789144529911],[126.48096762481585,33.45879327345423],[126.4820435404838,33.458802112865285],[126.48205408043765,33.4579002844094],[126.48097817590508,33.45789144529911]]]]}},{"type":"Feature","properties":{"fid":98983,"gid":109736,"emd_nm":"노형동","signgu_nm":"제주시","cml_fr_idx":1.0,"rank":55751,"anls_id":"50110"},"geometry":{"type":"MultiPolygon","coordinates":[[[[126.49101638640863,33.427308332449186],[126.49100595134784,33.42821016786417],[126.49208149289095,33.42821891313681],[126.49209191683302,33.42731707742412],[126.49101638640863,33.427308332449186]]]]}},{"type":"Feature","properties":{"fid":99008,"gid":109775,"emd_nm":"노형동","signgu_nm":"제주시","cml_fr_idx":1.0,"rank":55776,"anls_id":"50110"},"geometry":{"type":"MultiPolygon","coordinates":[[[[126.4743528154332,33.47226741999174],[126.47434218996564,33.47316924418543],[126.47541828103887,33.47317814444812],[126.47542889536325,33.47227631995166],[126.4743528154332,33.47226741999174]]]]}},{"type":"Feature","properties":{"fid":99038,"gid":109819,"emd_nm":"노형동","signgu_nm":"제주시","cml_fr_idx":1.0,"rank":55805,"anls_id":"50110"},"geometry":{"type":"MultiPolygon","coordinates":[[[[126.48562825061215,33.42816630164038],[126.485617759491,33.42906813542789],[126.48669330982496,33.429076927619974],[126.486703789827,33.42817509353317],[126.48562825061215,33.42816630164038]]]]}},{"type":"Feature","properties":{"fid":99121,"gid":109984,"emd_nm":"노형동","signgu_nm":"제주시","cml_fr_idx":1.0,"rank":55889,"anls_id":"50110"},"geometry":{"type":"MultiPolygon","coordinates":[[[[126.50095440217888,33.40484070589919],[126.50094407868602,33.40574254733548],[126.5020193465652,33.40575120132178],[126.50202965895157,33.404849359590806],[126.50095440217888,33.40484070589919]]]]}},{"type":"Feature","properties":{"fid":99167,"gid":110085,"emd_nm":"노형동","signgu_nm":"제주시","cml_fr_idx":1.0,"rank":55935,"anls_id":"50110"},"geometry":{"type":"MultiPolygon","coordinates":[[[[126.48902213056158,33.41376327614212],[126.48901168024587,33.414665112974],[126.49008705413111,33.41467387242042],[126.49009749333558,33.41377203529033],[126.48902213056158,33.41376327614212]]]]}},{"type":"Feature","properties":{"fid":99199,"gid":110155,"emd_nm":"노형동","signgu_nm":"제주시","cml_fr_idx":1.0,"rank":55967,"anls_id":"50110"},"geometry":{"type":"MultiPolygon","coordinates":[[[[126.50089245432545,33.41025175250514],[126.50088212807395,33.4111535931367],[126.50195746260262,33.411162248891266],[126.50196777774464,33.41026040796496],[126.50089245432545,33.41025175250514]]]]}},{"type":"Feature","properties":{"fid":99290,"gid":110324,"emd_nm":"노형동","signgu_nm":"제주시","cml_fr_idx":1.0,"rank":56058,"anls_id":"50110"},"geometry":{"type":"MultiPolygon","coordinates":[[[[126.50528626647674,33.40216973612591],[126.50527598878317,33.40307157914132],[126.50635122517802,33.40308019498223],[126.50636149176651,33.40217835167342],[126.50528626647674,33.40216973612591]]]]}},{"type":"Feature","properties":{"fid":99367,"gid":110447,"emd_nm":"노형동","signgu_nm":"제주시","cml_fr_idx":1.0,"rank":56135,"anls_id":"50110"},"geometry":{"type":"MultiPolygon","coordinates":[[[[126.50540956310707,33.39134760948292],[126.50539929090424,33.39224945410722],[126.50647439407044,33.3922580664277],[126.50648465517409,33.39135622151007],[126.50540956310707,33.39134760948292]]]]}},{"type":"Feature","properties":{"fid":99447,"gid":110578,"emd_nm":"노형동","signgu_nm":"제주시","cml_fr_idx":1.0,"rank":56215,"anls_id":"50110"},"geometry":{"type":"MultiPolygon","coordinates":[[[[126.46898310359636,33.47132095729164],[126.46897242288871,33.472222780101184],[126.4700485004485,33.472231726758054],[126.47005917001357,33.471329903644154],[126.46898310359636,33.47132095729164]]]]}},{"type":"Feature","properties":{"fid":99481,"gid":110644,"emd_nm":"노형동","signgu_nm":"제주시","cml_fr_idx":1.0,"rank":56249,"anls_id":"50110"},"geometry":{"type":"MultiPolygon","coordinates":[[[[126.50519375075616,33.41028631843731],[126.50518346894269,33.41118816024587],[126.50625880530576,33.411196778727685],[126.50626907600969,33.41029493662566],[126.50519375075616,33.41028631843731]]]]}},{"type":"Feature","properties":{"fid":99551,"gid":110777,"emd_nm":"노형동","signgu_nm":"제주시","cml_fr_idx":1.0,"rank":56319,"anls_id":"50110"},"geometry":{"type":"MultiPolygon","coordinates":[[[[126.48422692487148,33.456114276110846],[126.48421640812496,33.45701610543592],[126.48529230292893,33.45702491624307],[126.48530280854101,33.45612308661821],[126.48422692487148,33.456114276110846]]]]}},{"type":"Feature","properties":{"fid":99563,"gid":110792,"emd_nm":"노형동","signgu_nm":"제주시","cml_fr_idx":1.0,"rank":56331,"anls_id":"50110"},"geometry":{"type":"MultiPolygon","coordinates":[[[[126.47212611275947,33.478562354341385],[126.47211546168671,33.47946417698764],[126.47319162982917,33.47947309805373],[126.47320226975535,33.478571275104024],[126.47212611275947,33.478562354341385]]]]}},{"type":"Feature","properties":{"fid":99586,"gid":110839,"emd_nm":"노형동","signgu_nm":"제주시","cml_fr_idx":1.0,"rank":56354,"anls_id":"50110"},"geometry":{"type":"MultiPolygon","coordinates":[[[[126.5019884066507,33.40845672571004],[126.50197809242734,33.40935856690456],[126.50305340519682,33.40936721275214],[126.50306370831171,33.408465371263226],[126.5019884066507,33.40845672571004]]]]}},{"type":"Feature","properties":{"fid":99714,"gid":111081,"emd_nm":"노형동","signgu_nm":"제주시","cml_fr_idx":1.0,"rank":56482,"anls_id":"50110"},"geometry":{"type":"MultiPolygon","coordinates":[[[[126.52167742460745,33.3788499122635],[126.52166732519291,33.379751763129924],[126.52274227981421,33.379760231736086],[126.52275236813618,33.37885838058116],[126.52167742460745,33.3788499122635]]]]}},{"type":"Feature","properties":{"fid":99802,"gid":111227,"emd_nm":"노형동","signgu_nm":"제주시","cml_fr_idx":1.0,"rank":56570,"anls_id":"50110"},"geometry":{"type":"MultiPolygon","coordinates":[[[[126.48668282935623,33.42997876157252],[126.48667234842085,33.430880595390825],[126.48774792146118,33.43088937885655],[126.48775839127646,33.42998754473926],[126.48668282935623,33.42997876157252]]]]}},{"type":"Feature","properties":{"fid":99817,"gid":111254,"emd_nm":"노형동","signgu_nm":"제주시","cml_fr_idx":1.0,"rank":56585,"anls_id":"50110"},"geometry":{"type":"MultiPolygon","coordinates":[[[[126.50968947804738,33.3931856931814],[126.50967924933039,33.394087538709044],[126.51075437652149,33.39409611436735],[126.51076459413824,33.393194268547624],[126.50968947804738,33.3931856931814]]]]}},{"type":"Feature","properties":{"fid":99918,"gid":111430,"emd_nm":"노형동","signgu_nm":"제주시","cml_fr_idx":1.0,"rank":56686,"anls_id":"50110"},"geometry":{"type":"MultiPolygon","coordinates":[[[[126.47441655830511,33.46685647200717],[126.47440593567559,33.467758297007265],[126.47548195989714,33.46776719545346],[126.47549257138645,33.46686537015066],[126.47441655830511,33.46685647200717]]]]}},{"type":"Feature","properties":{"fid":99976,"gid":111532,"emd_nm":"노형동","signgu_nm":"제주시","cml_fr_idx":1.0,"rank":56743,"anls_id":"50110"},"geometry":{"type":"MultiPolygon","coordinates":[[[[126.48219105714145,33.4461765022597],[126.48218052328654,33.44707833246171],[126.4832562947024,33.447087158632755],[126.48326681742833,33.44618532813038],[126.48219105714145,33.4461765022597]]]]}},{"type":"Feature","properties":{"fid":100003,"gid":111576,"emd_nm":"노형동","signgu_nm":"제주시","cml_fr_idx":1.0,"rank":56771,"anls_id":"50110"},"geometry":{"type":"MultiPolygon","coordinates":[[[[126.486703789827,33.42817509353317],[126.48669330982496,33.429076927619974],[126.48776886062555,33.42908571048774],[126.48777932950848,33.42818387610197],[126.486703789827,33.42817509353317]]]]}},{"type":"Feature","properties":{"fid":100108,"gid":111752,"emd_nm":"노형동","signgu_nm":"제주시","cml_fr_idx":1.0,"rank":56876,"anls_id":"50110"},"geometry":{"type":"MultiPolygon","coordinates":[[[[126.47014450943495,33.46411531389379],[126.4701338436695,33.46501713808305],[126.47120983257737,33.465026072968506],[126.47122048720419,33.46412424847528],[126.47014450943495,33.46411531389379]]]]}},{"type":"Feature","properties":{"fid":100425,"gid":112331,"emd_nm":"노형동","signgu_nm":"제주시","cml_fr_idx":1.0,"rank":57193,"anls_id":"50110"},"geometry":{"type":"MultiPolygon","coordinates":[[[[126.46556197976331,33.48752683573045],[126.46555125703847,33.48842865520464],[126.46662753382053,33.488437635375895],[126.46663824539388,33.487535815596296],[126.46556197976331,33.48752683573045]]]]}},{"type":"Feature","properties":{"fid":100576,"gid":112594,"emd_nm":"노형동","signgu_nm":"제주시","cml_fr_idx":1.0,"rank":57344,"anls_id":"50110"},"geometry":{"type":"MultiPolygon","coordinates":[[[[126.51625193481246,33.38331667682682],[126.51624177767403,33.384218525576124],[126.51731678551113,33.38422704216917],[126.51732693155462,33.38332519312976],[126.51625193481246,33.38331667682682]]]]}},{"type":"Feature","properties":{"fid":100586,"gid":112611,"emd_nm":"노형동","signgu_nm":"제주시","cml_fr_idx":1.0,"rank":57354,"anls_id":"50110"},"geometry":{"type":"MultiPolygon","coordinates":[[[[126.47866771841045,33.4714011382576],[126.47865713798681,33.4723029637948],[126.47973321980415,33.472311826396925],[126.47974378908503,33.47141000055823],[126.47866771841045,33.4714011382576]]]]}},{"type":"Feature","properties":{"fid":100587,"gid":112613,"emd_nm":"노형동","signgu_nm":"제주시","cml_fr_idx":1.0,"rank":57355,"anls_id":"50110"},"geometry":{"type":"MultiPolygon","coordinates":[[[[126.4899513021632,33.42639774289931],[126.48994085644888,33.4272995781505],[126.49101638640863,33.427308332449186],[126.49102682100478,33.426406496899986],[126.4899513021632,33.42639774289931]]]]}},{"type":"Feature","properties":{"fid":100633,"gid":112701,"emd_nm":"노형동","signgu_nm":"제주시","cml_fr_idx":1.0,"rank":57401,"anls_id":"50110"},"geometry":{"type":"MultiPolygon","coordinates":[[[[126.50321819999056,33.39493773283725],[126.50320790375555,33.395839576337615],[126.50428305040784,33.3958482084571],[126.50429333554175,33.394946364662744],[126.50321819999056,33.39493773283725]]]]}},{"type":"Feature","properties":{"fid":100830,"gid":113076,"emd_nm":"노형동","signgu_nm":"제주시","cml_fr_idx":1.0,"rank":57598,"anls_id":"50110"},"geometry":{"type":"MultiPolygon","coordinates":[[[[126.51406122265267,33.38690700816398],[126.51405104151101,33.3878088557961],[126.5151260928274,33.387817392169815],[126.51513626287218,33.386915544246925],[126.51406122265267,33.38690700816398]]]]}},{"type":"Feature","properties":{"fid":100878,"gid":113170,"emd_nm":"노형동","signgu_nm":"제주시","cml_fr_idx":1.0,"rank":57646,"anls_id":"50110"},"geometry":{"type":"MultiPolygon","coordinates":[[[[126.50864507912777,33.390471571993224],[126.5086348406785,33.39137341763061],[126.50970993411488,33.39138200172399],[126.50972016146544,33.390480155794236],[126.50864507912777,33.390471571993224]]]]}},{"type":"Feature","properties":{"fid":100909,"gid":113228,"emd_nm":"노형동","signgu_nm":"제주시","cml_fr_idx":1.0,"rank":57677,"anls_id":"50110"},"geometry":{"type":"MultiPolygon","coordinates":[[[[126.50761099087399,33.386855596162015],[126.50760074315158,33.38775744204289],[126.5086757917401,33.38776603427681],[126.50868602836576,33.38686418810326],[126.50761099087399,33.386855596162015]]]]}},{"type":"Feature","properties":{"fid":100918,"gid":113241,"emd_nm":"노형동","signgu_nm":"제주시","cml_fr_idx":1.0,"rank":57685,"anls_id":"50110"},"geometry":{"type":"MultiPolygon","coordinates":[[[[126.50953599945436,33.406713362020554],[126.50952576390257,33.407615205537326],[126.51060105765659,33.407623785577464],[126.51061128210071,33.406721941768524],[126.50953599945436,33.406713362020554]]]]}},{"type":"Feature","properties":{"fid":100997,"gid":113382,"emd_nm":"노형동","signgu_nm":"제주시","cml_fr_idx":1.0,"rank":57765,"anls_id":"50110"},"geometry":{"type":"MultiPolygon","coordinates":[[[[126.503197607062,33.396741419703915],[126.50318730990992,33.397643262936114],[126.50426247876592,33.3976518956436],[126.50427276481591,33.39675005211738],[126.503197607062,33.396741419703915]]]]}},{"type":"Feature","properties":{"fid":101047,"gid":113472,"emd_nm":"노형동","signgu_nm":"제주시","cml_fr_idx":1.0,"rank":57814,"anls_id":"50110"},"geometry":{"type":"MultiPolygon","coordinates":[[[[126.47449090347057,33.46054369324376],[126.47448028415118,33.46144551918454],[126.47555623040172,33.461454415511795],[126.47556683858436,33.46055258926834],[126.47449090347057,33.46054369324376]]]]}},{"type":"Feature","properties":{"fid":101663,"gid":114684,"emd_nm":"노형동","signgu_nm":"제주시","cml_fr_idx":1.0,"rank":58431,"anls_id":"50110"},"geometry":{"type":"MultiPolygon","coordinates":[[[[126.48741264110951,33.459747999719646],[126.48740215589913,33.460649829405945],[126.48847809664788,33.46065861340604],[126.48848857072176,33.45975678342086],[126.48741264110951,33.459747999719646]]]]}},{"type":"Feature","properties":{"fid":101878,"gid":115112,"emd_nm":"노형동","signgu_nm":"제주시","cml_fr_idx":1.0,"rank":58645,"anls_id":"50110"},"geometry":{"type":"MultiPolygon","coordinates":[[[[126.50844022348865,33.40850845927044],[126.50842997591663,33.409410302226576],[126.50950529143158,33.40941889216868],[126.50951552789499,33.40851704892005],[126.50844022348865,33.40850845927044]]]]}},{"type":"Feature","properties":{"fid":101946,"gid":115250,"emd_nm":"노형동","signgu_nm":"제주시","cml_fr_idx":1.0,"rank":58714,"anls_id":"50110"},"geometry":{"type":"MultiPolygon","coordinates":[[[[126.4797649262351,33.46960634847771],[126.47975435789535,33.47050817458516],[126.48083041789816,33.47051702724547],[126.48084097509614,33.46961520083688],[126.4797649262351,33.46960634847771]]]]}},{"type":"Feature","properties":{"fid":102166,"gid":115668,"emd_nm":"노형동","signgu_nm":"제주시","cml_fr_idx":1.0,"rank":58934,"anls_id":"50110"},"geometry":{"type":"MultiPolygon","coordinates":[[[[126.50541983485245,33.390445764724554],[126.50540956310707,33.39134760948292],[126.50648465517409,33.39135622151007],[126.5064949158208,33.39045437645837],[126.50541983485245,33.390445764724554]]]]}},{"type":"Feature","properties":{"fid":102246,"gid":115817,"emd_nm":"노형동","signgu_nm":"제주시","cml_fr_idx":1.0,"rank":59014,"anls_id":"50110"},"geometry":{"type":"MultiPolygon","coordinates":[[[[126.48196974766556,33.46511490829508],[126.48195920395682,33.46601673567626],[126.48303520919501,33.4660255681563],[126.48304574176441,33.46512374047463],[126.48196974766556,33.46511490829508]]]]}},{"type":"Feature","properties":{"fid":102301,"gid":115919,"emd_nm":"노형동","signgu_nm":"제주시","cml_fr_idx":1.0,"rank":59069,"anls_id":"50110"},"geometry":{"type":"MultiPolygon","coordinates":[[[[126.4700485004485,33.472231726758054],[126.47003783040842,33.47313354973752],[126.47111391958637,33.47314248735904],[126.47112457848337,33.472240664075535],[126.4700485004485,33.472231726758054]]]]}},{"type":"Feature","properties":{"fid":102672,"gid":116680,"emd_nm":"노형동","signgu_nm":"제주시","cml_fr_idx":1.0,"rank":59440,"anls_id":"50110"},"geometry":{"type":"MultiPolygon","coordinates":[[[[126.5032387910851,33.393134045434245],[126.50322849576706,33.39403588920279],[126.50430362021764,33.39404452073429],[126.50431390443553,33.39314267667178],[126.5032387910851,33.393134045434245]]]]}},{"type":"Feature","properties":{"fid":102896,"gid":117070,"emd_nm":"노형동","signgu_nm":"제주시","cml_fr_idx":1.0,"rank":59664,"anls_id":"50110"},"geometry":{"type":"MultiPolygon","coordinates":[[[[126.48636819820068,33.45703371771609],[126.48635770325578,33.457935547506125],[126.48743361012977,33.457944339944135],[126.48744409393969,33.45704250985493],[126.48636819820068,33.45703371771609]]]]}},{"type":"Feature","properties":{"fid":102934,"gid":117120,"emd_nm":"노형동","signgu_nm":"제주시","cml_fr_idx":1.0,"rank":59701,"anls_id":"50110"},"geometry":{"type":"MultiPolygon","coordinates":[[[[126.46036381957124,33.47215087063107],[126.46035304924412,33.47305269085995],[126.46142913412866,33.47306171253807],[126.46143989331286,33.472159892002296],[126.46036381957124,33.47215087063107]]]]}},{"type":"Feature","properties":{"fid":102946,"gid":117143,"emd_nm":"노형동","signgu_nm":"제주시","cml_fr_idx":1.0,"rank":59714,"anls_id":"50110"},"geometry":{"type":"MultiPolygon","coordinates":[[[[126.50972016146544,33.390480155794236],[126.50970993411488,33.39138200172399],[126.51078502800674,33.39139057650609],[126.51079524425855,33.39048873028427],[126.50972016146544,33.390480155794236]]]]}},{"type":"Feature","properties":{"fid":103022,"gid":117291,"emd_nm":"노형동","signgu_nm":"제주시","cml_fr_idx":1.0,"rank":59790,"anls_id":"50110"},"geometry":{"type":"MultiPolygon","coordinates":[[[[126.48892806096553,33.42187980279751],[126.48891760646087,33.4227816384215],[126.48999308036959,33.42279040055236],[126.49000352375853,33.42188856463007],[126.48892806096553,33.42187980279751]]]]}},{"type":"Feature","properties":{"fid":103032,"gid":117305,"emd_nm":"노형동","signgu_nm":"제주시","cml_fr_idx":1.0,"rank":59800,"anls_id":"50110"},"geometry":{"type":"MultiPolygon","coordinates":[[[[126.47888979852392,33.452462770938155],[126.47887922798826,33.45336459929687],[126.47995507591162,33.45337345556909],[126.47996563531491,33.45247162690903],[126.47888979852392,33.452462770938155]]]]}},{"type":"Feature","properties":{"fid":103094,"gid":117399,"emd_nm":"노형동","signgu_nm":"제주시","cml_fr_idx":1.0,"rank":59862,"anls_id":"50110"},"geometry":{"type":"MultiPolygon","coordinates":[[[[126.4855652968775,33.433577302351615],[126.48555480295312,33.434479135333596],[126.48663042001206,33.434487929321534],[126.48664090281439,33.43358609604024],[126.4855652968775,33.433577302351615]]]]}},{"type":"Feature","properties":{"fid":103149,"gid":117499,"emd_nm":"노형동","signgu_nm":"제주시","cml_fr_idx":1.0,"rank":59917,"anls_id":"50110"},"geometry":{"type":"MultiPolygon","coordinates":[[[[126.4843530893127,33.44529231373404],[126.48434257818376,33.44619414467076],[126.48541833940722,33.4462029518808],[126.48542883940767,33.445301120644366],[126.4843530893127,33.44529231373404]]]]}},{"type":"Feature","properties":{"fid":103201,"gid":117580,"emd_nm":"노형동","signgu_nm":"제주시","cml_fr_idx":1.0,"rank":59969,"anls_id":"50110"},"geometry":{"type":"MultiPolygon","coordinates":[[[[126.5216572253286,33.38065361386241],[126.52164712501447,33.381555464460945],[126.52272210182232,33.38156393364411],[126.5227321910429,33.38066208275707],[126.5216572253286,33.38065361386241]]]]}},{"type":"Feature","properties":{"fid":103219,"gid":117612,"emd_nm":"노형동","signgu_nm":"제주시","cml_fr_idx":1.0,"rank":59987,"anls_id":"50110"},"geometry":{"type":"MultiPolygon","coordinates":[[[[126.50735466085801,33.40940170296686],[126.50734440172054,33.41030354549611],[126.50841972788827,33.41031214504863],[126.50842997591663,33.409410302226576],[126.50735466085801,33.40940170296686]]]]}},{"type":"Feature","properties":{"fid":103248,"gid":117668,"emd_nm":"노형동","signgu_nm":"제주시","cml_fr_idx":1.0,"rank":60016,"anls_id":"50110"},"geometry":{"type":"MultiPolygon","coordinates":[[[[126.48651507837505,33.44440808655456],[126.48650458997014,33.44530991822466],[126.4875803409996,33.44531870647492],[126.4875908182765,33.444416874505734],[126.48651507837505,33.44440808655456]]]]}},{"type":"Feature","properties":{"fid":103258,"gid":117687,"emd_nm":"노형동","signgu_nm":"제주시","cml_fr_idx":1.0,"rank":60026,"anls_id":"50110"},"geometry":{"type":"MultiPolygon","coordinates":[[[[126.4851977313684,33.46514137682278],[126.48518722107781,33.46604320510446],[126.48626322772138,33.466052009572564],[126.48627372687258,33.465150180991344],[126.4851977313684,33.46514137682278]]]]}},{"type":"Feature","properties":{"fid":103320,"gid":117778,"emd_nm":"노형동","signgu_nm":"제주시","cml_fr_idx":1.0,"rank":60088,"anls_id":"50110"},"geometry":{"type":"MultiPolygon","coordinates":[[[[126.50428305040784,33.3958482084571],[126.50427276481591,33.39675005211738],[126.50534792302786,33.39675867521773],[126.50535819751815,33.39585683126378],[126.50428305040784,33.3958482084571]]]]}},{"type":"Feature","properties":{"fid":103378,"gid":117905,"emd_nm":"노형동","signgu_nm":"제주시","cml_fr_idx":1.0,"rank":60146,"anls_id":"50110"},"geometry":{"type":"MultiPolygon","coordinates":[[[[126.50322849576706,33.39403588920279],[126.50321819999056,33.39493773283725],[126.50429333554175,33.394946364662744],[126.50430362021764,33.39404452073429],[126.50322849576706,33.39403588920279]]]]}},{"type":"Feature","properties":{"fid":103423,"gid":117982,"emd_nm":"노형동","signgu_nm":"제주시","cml_fr_idx":1.0,"rank":60191,"anls_id":"50110"},"geometry":{"type":"MultiPolygon","coordinates":[[[[126.48081986023014,33.47141885351971],[126.48080930209206,33.472320679659575],[126.48188538485003,33.472329523582715],[126.48189593184533,33.471427697142005],[126.48081986023014,33.47141885351971]]]]}},{"type":"Feature","properties":{"fid":103492,"gid":118123,"emd_nm":"노형동","signgu_nm":"제주시","cml_fr_idx":1.0,"rank":60260,"anls_id":"50110"},"geometry":{"type":"MultiPolygon","coordinates":[[[[126.47869945685514,33.46869566083969],[126.47868887784459,33.469597486780025],[126.4797649262351,33.46960634847771],[126.47977549410439,33.46870452223592],[126.47869945685514,33.46869566083969]]]]}},{"type":"Feature","properties":{"fid":103515,"gid":118169,"emd_nm":"노형동","signgu_nm":"제주시","cml_fr_idx":1.0,"rank":60283,"anls_id":"50110"},"geometry":{"type":"MultiPolygon","coordinates":[[[[126.48782120037895,33.42457653721658],[126.48781073336048,33.42547837213927],[126.48888624015368,33.42548714448814],[126.48889669605498,33.42458530926681],[126.48782120037895,33.42457653721658]]]]}},{"type":"Feature","properties":{"fid":103638,"gid":118394,"emd_nm":"노형동","signgu_nm":"제주시","cml_fr_idx":1.0,"rank":60406,"anls_id":"50110"},"geometry":{"type":"MultiPolygon","coordinates":[[[[126.48752794761697,33.449827864306755],[126.48751746754064,33.45072969547028],[126.48859328581538,33.45073847618318],[126.48860375476066,33.44983664472086],[126.48752794761697,33.449827864306755]]]]}},{"type":"Feature","properties":{"fid":103671,"gid":118443,"emd_nm":"노형동","signgu_nm":"제주시","cml_fr_idx":1.0,"rank":60439,"anls_id":"50110"},"geometry":{"type":"MultiPolygon","coordinates":[[[[126.46900446358511,33.469517311269215],[126.46899378382848,33.47041913434764],[126.47006983910362,33.470428080395806],[126.47008050771865,33.46952625701306],[126.46900446358511,33.469517311269215]]]]}},{"type":"Feature","properties":{"fid":103720,"gid":118537,"emd_nm":"노형동","signgu_nm":"제주시","cml_fr_idx":1.0,"rank":60488,"anls_id":"50110"},"geometry":{"type":"MultiPolygon","coordinates":[[[[126.47657918481741,33.46597243321702],[126.47656858494028,33.46687425895662],[126.47764459896604,33.46688313842504],[126.47765518770342,33.46598131238336],[126.47657918481741,33.46597243321702]]]]}},{"type":"Feature","properties":{"fid":103980,"gid":119006,"emd_nm":"노형동","signgu_nm":"제주시","cml_fr_idx":1.0,"rank":60748,"anls_id":"50110"},"geometry":{"type":"MultiPolygon","coordinates":[[[[126.52169762208727,33.37704621012877],[126.52168752357225,33.3779480612631],[126.52276245600892,33.37795652929229],[126.52277254343241,33.377054677869474],[126.52169762208727,33.37704621012877]]]]}},{"type":"Feature","properties":{"fid":104079,"gid":119200,"emd_nm":"노형동","signgu_nm":"제주시","cml_fr_idx":1.0,"rank":60847,"anls_id":"50110"},"geometry":{"type":"MultiPolygon","coordinates":[[[[126.50862460177326,33.39227526313397],[126.50861436241205,33.39317710850326],[126.50968947804738,33.3931856931814],[126.50969970630888,33.39228384751972],[126.50862460177326,33.39227526313397]]]]}},{"type":"Feature","properties":{"fid":104152,"gid":119330,"emd_nm":"노형동","signgu_nm":"제주시","cml_fr_idx":1.0,"rank":60920,"anls_id":"50110"},"geometry":{"type":"MultiPolygon","coordinates":[[[[126.49874180886704,33.410234413631976],[126.49873146039663,33.411136253673135],[126.49980679400514,33.41114492806399],[126.49981713136607,33.410243087727466],[126.49874180886704,33.410234413631976]]]]}},{"type":"Feature","properties":{"fid":104485,"gid":119939,"emd_nm":"노형동","signgu_nm":"제주시","cml_fr_idx":1.0,"rank":61253,"anls_id":"50110"},"geometry":{"type":"MultiPolygon","coordinates":[[[[126.47337244416525,33.46414208962869],[126.47336181181579,33.46504391472892],[126.47443780214535,33.46505282160384],[126.47444842335611,33.464150996200594],[126.47337244416525,33.46414208962869]]]]}},{"type":"Feature","properties":{"fid":104544,"gid":120033,"emd_nm":"노형동","signgu_nm":"제주시","cml_fr_idx":1.0,"rank":61312,"anls_id":"50110"},"geometry":{"type":"MultiPolygon","coordinates":[[[[126.51950729524982,33.38063664815022],[126.51949717274869,33.38153849817079],[126.52057214865641,33.381546985969834],[126.52058226006406,33.38064513566012],[126.51950729524982,33.38063664815022]]]]}},{"type":"Feature","properties":{"fid":104662,"gid":120234,"emd_nm":"노형동","signgu_nm":"제주시","cml_fr_idx":1.0,"rank":61430,"anls_id":"50110"},"geometry":{"type":"MultiPolygon","coordinates":[[[[126.49122499007568,33.409271595966636],[126.49121456430402,33.410173434065584],[126.49228988356701,33.41018217338546],[126.49230029822988,33.40928033498895],[126.49122499007568,33.409271595966636]]]]}},{"type":"Feature","properties":{"fid":104720,"gid":120325,"emd_nm":"노형동","signgu_nm":"제주시","cml_fr_idx":1.0,"rank":61488,"anls_id":"50110"},"geometry":{"type":"MultiPolygon","coordinates":[[[[126.4864836117592,33.44711358116206],[126.48647312195317,33.44801541242932],[126.48754890636974,33.44802420157685],[126.48755938504623,33.44712237001049],[126.4864836117592,33.44711358116206]]]]}},{"type":"Feature","properties":{"fid":104985,"gid":120809,"emd_nm":"노형동","signgu_nm":"제주시","cml_fr_idx":1.0,"rank":61753,"anls_id":"50110"},"geometry":{"type":"MultiPolygon","coordinates":[[[[126.49991014690286,33.402126518663074],[126.49989981368402,33.403028360206704],[126.50097504778553,33.40303702262426],[126.50098536989934,33.402135180785635],[126.49991014690286,33.402126518663074]]]]}},{"type":"Feature","properties":{"fid":105159,"gid":121127,"emd_nm":"노형동","signgu_nm":"제주시","cml_fr_idx":1.0,"rank":61927,"anls_id":"50110"},"geometry":{"type":"MultiPolygon","coordinates":[[[[126.4776128299251,33.46958861574381],[126.47760223930179,33.47049044124799],[126.47867829836304,33.47049931258599],[126.47868887784459,33.469597486780025],[126.4776128299251,33.46958861574381]]]]}},{"type":"Feature","properties":{"fid":105213,"gid":121226,"emd_nm":"노형동","signgu_nm":"제주시","cml_fr_idx":1.0,"rank":61980,"anls_id":"50110"},"geometry":{"type":"MultiPolygon","coordinates":[[[[126.5096280989123,33.39859676433655],[126.5096178674619,33.399498609059904],[126.5106930612648,33.39950718647077],[126.51070328161198,33.39860534145532],[126.5096280989123,33.39859676433655]]]]}},{"type":"Feature","properties":{"fid":105314,"gid":121402,"emd_nm":"노형동","signgu_nm":"제주시","cml_fr_idx":1.0,"rank":62082,"anls_id":"50110"},"geometry":{"type":"MultiPolygon","coordinates":[[[[126.49214402958162,33.42280789684761],[126.49213360796008,33.42370973323132],[126.49320909437867,33.42371846769304],[126.49321950488397,33.422816631012],[126.49214402958162,33.42280789684761]]]]}},{"type":"Feature","properties":{"fid":105354,"gid":121465,"emd_nm":"노형동","signgu_nm":"제주시","cml_fr_idx":1.0,"rank":62121,"anls_id":"50110"},"geometry":{"type":"MultiPolygon","coordinates":[[[[126.51946680254038,33.38424404742873],[126.51945667823591,33.38514589691343],[126.52053169852256,33.38515438586908],[126.52054181173156,33.38425253609522],[126.51946680254038,33.38424404742873]]]]}},{"type":"Feature","properties":{"fid":105390,"gid":121533,"emd_nm":"노형동","signgu_nm":"제주시","cml_fr_idx":1.0,"rank":62158,"anls_id":"50110"},"geometry":{"type":"MultiPolygon","coordinates":[[[[126.48460521605158,33.42364833097031],[126.48459471614929,33.42455016512945],[126.48567021042562,33.424558965147895],[126.4856806992113,33.42365713068917],[126.48460521605158,33.42364833097031]]]]}},{"type":"Feature","properties":{"fid":105461,"gid":121656,"emd_nm":"노형동","signgu_nm":"제주시","cml_fr_idx":1.0,"rank":62229,"anls_id":"50110"},"geometry":{"type":"MultiPolygon","coordinates":[[[[126.46901514286625,33.46861548805637],[126.46900446358511,33.469517311269215],[126.47008050771865,33.46952625701306],[126.4700911758587,33.46862443349589],[126.46901514286625,33.46861548805637]]]]}},{"type":"Feature","properties":{"fid":105506,"gid":121745,"emd_nm":"노형동","signgu_nm":"제주시","cml_fr_idx":1.0,"rank":62273,"anls_id":"50110"},"geometry":{"type":"MultiPolygon","coordinates":[[[[126.48548133239773,33.440791962447996],[126.48547083473461,33.44169379435582],[126.48654654078798,33.44170259073857],[126.48655702732505,33.44080075853138],[126.48548133239773,33.440791962447996]]]]}},{"type":"Feature","properties":{"fid":105541,"gid":121812,"emd_nm":"노형동","signgu_nm":"제주시","cml_fr_idx":1.0,"rank":62309,"anls_id":"50110"},"geometry":{"type":"MultiPolygon","coordinates":[[[[126.49013924550529,33.41016468542798],[126.49012880816005,33.411066523094846],[126.49120413806808,33.41107527203035],[126.49121456430402,33.410173434065584],[126.49013924550529,33.41016468542798]]]]}},{"type":"Feature","properties":{"fid":105585,"gid":121895,"emd_nm":"노형동","signgu_nm":"제주시","cml_fr_idx":1.0,"rank":62353,"anls_id":"50110"},"geometry":{"type":"MultiPolygon","coordinates":[[[[126.47772929566617,33.45966852632935],[126.47771871022837,33.46057035331159],[126.4787946467576,33.46057922133023],[126.47880522105909,33.459677394046274],[126.47772929566617,33.45966852632935]]]]}},{"type":"Feature","properties":{"fid":105624,"gid":121962,"emd_nm":"노형동","signgu_nm":"제주시","cml_fr_idx":1.0,"rank":62392,"anls_id":"50110"},"geometry":{"type":"MultiPolygon","coordinates":[[[[126.49003485113536,33.41918305605798],[126.4900244091414,33.42008489238288],[126.49109985016948,33.42009364429769],[126.49111028104922,33.41919180767482],[126.49003485113536,33.41918305605798]]]]}},{"type":"Feature","properties":{"fid":105633,"gid":121970,"emd_nm":"노형동","signgu_nm":"제주시","cml_fr_idx":1.0,"rank":62401,"anls_id":"50110"},"geometry":{"type":"MultiPolygon","coordinates":[[[[126.50419046358915,33.40396479657266],[126.50418017387409,33.40486663902616],[126.50525543202292,33.40487526476989],[126.50526571063189,33.403973422022645],[126.50419046358915,33.40396479657266]]]]}},{"type":"Feature","properties":{"fid":105681,"gid":122065,"emd_nm":"노형동","signgu_nm":"제주시","cml_fr_idx":1.0,"rank":62449,"anls_id":"50110"},"geometry":{"type":"MultiPolygon","coordinates":[[[[126.5021121415125,33.39763462091521],[126.50210183279927,33.398536463719005],[126.50317701229929,33.39854510603423],[126.50318730990992,33.397643262936114],[126.5021121415125,33.39763462091521]]]]}},{"type":"Feature","properties":{"fid":105688,"gid":122077,"emd_nm":"노형동","signgu_nm":"제주시","cml_fr_idx":1.0,"rank":62456,"anls_id":"50110"},"geometry":{"type":"MultiPolygon","coordinates":[[[[126.50756999724608,33.39046297888128],[126.50755974769807,33.391364824225974],[126.5086348406785,33.39137341763061],[126.50864507912777,33.390471571993224],[126.50756999724608,33.39046297888128]]]]}},{"type":"Feature","properties":{"fid":105713,"gid":122140,"emd_nm":"노형동","signgu_nm":"제주시","cml_fr_idx":1.0,"rank":62481,"anls_id":"50110"},"geometry":{"type":"MultiPolygon","coordinates":[[[[126.47012317742917,33.46591896213788],[126.47011251071393,33.4668207860583],[126.47118852190059,33.46682972155174],[126.47119917747618,33.465927897327326],[126.47012317742917,33.46591896213788]]]]}},{"type":"Feature","properties":{"fid":106053,"gid":122760,"emd_nm":"노형동","signgu_nm":"제주시","cml_fr_idx":1.0,"rank":62821,"anls_id":"50110"},"geometry":{"type":"MultiPolygon","coordinates":[[[[126.49228988356701,33.41018217338546],[126.49227946844039,33.411084011647816],[126.49335479927649,33.411092741947236],[126.49336520329379,33.41019090338762],[126.49228988356701,33.41018217338546]]]]}},{"type":"Feature","properties":{"fid":106158,"gid":122949,"emd_nm":"노형동","signgu_nm":"제주시","cml_fr_idx":1.0,"rank":62925,"anls_id":"50110"},"geometry":{"type":"MultiPolygon","coordinates":[[[[126.48560726790268,33.42996996908114],[126.48559677584718,33.43087180260014],[126.48667234842085,33.430880595390825],[126.48668282935623,33.42997876157252],[126.48560726790268,33.42996996908114]]]]}},{"type":"Feature","properties":{"fid":106232,"gid":123085,"emd_nm":"노형동","signgu_nm":"제주시","cml_fr_idx":1.0,"rank":62999,"anls_id":"50110"},"geometry":{"type":"MultiPolygon","coordinates":[[[[126.46137533102178,33.47757081319975],[126.46136456896309,33.478472632928636],[126.46244072119474,33.47848164710677],[126.46245147210752,33.477579827071274],[126.46137533102178,33.47757081319975]]]]}},{"type":"Feature","properties":{"fid":106259,"gid":123138,"emd_nm":"노형동","signgu_nm":"제주시","cml_fr_idx":1.0,"rank":63027,"anls_id":"50110"},"geometry":{"type":"MultiPolygon","coordinates":[[[[126.48098872652454,33.45698961700967],[126.48097817590508,33.45789144529911],[126.48205408043765,33.4579002844094],[126.48206461992226,33.4569984558192],[126.48098872652454,33.45698961700967]]]]}},{"type":"Feature","properties":{"fid":106485,"gid":123593,"emd_nm":"노형동","signgu_nm":"제주시","cml_fr_idx":1.0,"rank":63253,"anls_id":"50110"},"geometry":{"type":"MultiPolygon","coordinates":[[[[126.50213275756177,33.39583093490535],[126.50212244976666,33.39673277797733],[126.503197607062,33.396741419703915],[126.50320790375555,33.395839576337615],[126.50213275756177,33.39583093490535]]]]}},{"type":"Feature","properties":{"fid":106521,"gid":123668,"emd_nm":"노형동","signgu_nm":"제주시","cml_fr_idx":1.0,"rank":63289,"anls_id":"50110"},"geometry":{"type":"MultiPolygon","coordinates":[[[[126.48996174741244,33.42549590751389],[126.4899513021632,33.42639774289931],[126.49102682100478,33.426406496899986],[126.4910372551363,33.425504661216564],[126.48996174741244,33.42549590751389]]]]}},{"type":"Feature","properties":{"fid":106590,"gid":123786,"emd_nm":"노형동","signgu_nm":"제주시","cml_fr_idx":1.0,"rank":63358,"anls_id":"50110"},"geometry":{"type":"MultiPolygon","coordinates":[[[[126.48569118752994,33.42275529609621],[126.4856806992113,33.42365713068917],[126.48675618283805,33.42366592108563],[126.48676666004057,33.42276408619341],[126.48569118752994,33.42275529609621]]]]}},{"type":"Feature","properties":{"fid":106620,"gid":123843,"emd_nm":"노형동","signgu_nm":"제주시","cml_fr_idx":1.0,"rank":63387,"anls_id":"50110"},"geometry":{"type":"MultiPolygon","coordinates":[[[[126.49651856072848,33.41652991081676],[126.49650818680611,33.41743174932715],[126.49758359727211,33.417440444426376],[126.49759396008159,33.416538605619955],[126.49651856072848,33.41652991081676]]]]}},{"type":"Feature","properties":{"fid":106667,"gid":123939,"emd_nm":"노형동","signgu_nm":"제주시","cml_fr_idx":1.0,"rank":63435,"anls_id":"50110"},"geometry":{"type":"MultiPolygon","coordinates":[[[[126.47225388865179,33.467740472101376],[126.47224324326797,33.46864229636065],[126.47331927768379,33.46865121378586],[126.47332991192697,33.46774938922323],[126.47225388865179,33.467740472101376]]]]}},{"type":"Feature","properties":{"fid":106762,"gid":124096,"emd_nm":"노형동","signgu_nm":"제주시","cml_fr_idx":1.0,"rank":63529,"anls_id":"50110"},"geometry":{"type":"MultiPolygon","coordinates":[[[[126.52163702425051,33.382457314925524],[126.52162692303672,33.38335916525615],[126.52270192203315,33.38336763501635],[126.5227120121524,33.3824657843972],[126.52163702425051,33.382457314925524]]]]}},{"type":"Feature","properties":{"fid":106822,"gid":124222,"emd_nm":"노형동","signgu_nm":"제주시","cml_fr_idx":1.0,"rank":63590,"anls_id":"50110"},"geometry":{"type":"MultiPolygon","coordinates":[[[[126.47003783040842,33.47313354973752],[126.47002715989325,33.47403537258255],[126.4711032602148,33.47404431050812],[126.47111391958637,33.47314248735904],[126.47003783040842,33.47313354973752]]]]}},{"type":"Feature","properties":{"fid":106926,"gid":124427,"emd_nm":"노형동","signgu_nm":"제주시","cml_fr_idx":1.0,"rank":63694,"anls_id":"50110"},"geometry":{"type":"MultiPolygon","coordinates":[[[[126.48092541576088,33.46240058473134],[126.48091486232252,33.46330241221476],[126.48199083367476,33.46331125312968],[126.48200137597527,33.46240942534548],[126.48092541576088,33.46240058473134]]]]}},{"type":"Feature","properties":{"fid":107027,"gid":124600,"emd_nm":"노형동","signgu_nm":"제주시","cml_fr_idx":1.0,"rank":63795,"anls_id":"50110"},"geometry":{"type":"MultiPolygon","coordinates":[[[[126.46040689608492,33.4685435883707],[126.4603961276757,33.4694454091375],[126.46147216799152,33.469454429588104],[126.46148292525982,33.46855260851442],[126.46040689608492,33.4685435883707]]]]}},{"type":"Feature","properties":{"fid":107035,"gid":124612,"emd_nm":"노형동","signgu_nm":"제주시","cml_fr_idx":1.0,"rank":63803,"anls_id":"50110"},"geometry":{"type":"MultiPolygon","coordinates":[[[[126.50632042266938,33.40578572410419],[126.506310154252,33.40668756687666],[126.50738543552951,33.40669617457461],[126.50739569283976,33.40579433150903],[126.50632042266938,33.40578572410419]]]]}},{"type":"Feature","properties":{"fid":107112,"gid":124739,"emd_nm":"노형동","signgu_nm":"제주시","cml_fr_idx":1.0,"rank":63880,"anls_id":"50110"},"geometry":{"type":"MultiPolygon","coordinates":[[[[126.50203997087871,33.403947517725705],[126.50202965895157,33.404849359590806],[126.50310491618346,33.40485800396646],[126.50311521700459,33.403956161807],[126.50203997087871,33.403947517725705]]]]}},{"type":"Feature","properties":{"fid":107203,"gid":124885,"emd_nm":"노형동","signgu_nm":"제주시","cml_fr_idx":1.0,"rank":63971,"anls_id":"50110"},"geometry":{"type":"MultiPolygon","coordinates":[[[[126.49435736726045,33.41741433116777],[126.49434697064949,33.41831616895096],[126.49542239130442,33.418324882987484],[126.49543277680206,33.417423044907615],[126.49435736726045,33.41741433116777]]]]}},{"type":"Feature","properties":{"fid":107254,"gid":124966,"emd_nm":"노형동","signgu_nm":"제주시","cml_fr_idx":1.0,"rank":64022,"anls_id":"50110"},"geometry":{"type":"MultiPolygon","coordinates":[[[[126.47224324326797,33.46864229636065],[126.47223259741017,33.469544120485516],[126.47330864296717,33.4695530382141],[126.47331927768379,33.46865121378586],[126.47224324326797,33.46864229636065]]]]}},{"type":"Feature","properties":{"fid":107267,"gid":124992,"emd_nm":"노형동","signgu_nm":"제주시","cml_fr_idx":1.0,"rank":64034,"anls_id":"50110"},"geometry":{"type":"MultiPolygon","coordinates":[[[[126.51076459413824,33.393194268547624],[126.51075437652149,33.39409611436735],[126.51182950416761,33.39410468071339],[126.51183971068409,33.39320283460191],[126.51076459413824,33.393194268547624]]]]}},{"type":"Feature","properties":{"fid":107271,"gid":125009,"emd_nm":"노형동","signgu_nm":"제주시","cml_fr_idx":1.0,"rank":64039,"anls_id":"50110"},"geometry":{"type":"MultiPolygon","coordinates":[[[[126.49448209048806,33.40659226730422],[126.49447169943112,33.40749410669741],[126.49554698675884,33.407502817174226],[126.4955573667084,33.40660097748443],[126.49448209048806,33.40659226730422]]]]}},{"type":"Feature","properties":{"fid":107363,"gid":125150,"emd_nm":"노형동","signgu_nm":"제주시","cml_fr_idx":1.0,"rank":64131,"anls_id":"50110"},"geometry":{"type":"MultiPolygon","coordinates":[[[[126.46792841992705,33.469508356186985],[126.46791772902885,33.470410178960755],[126.46899378382848,33.47041913434764],[126.46900446358511,33.469517311269215],[126.46792841992705,33.469508356186985]]]]}},{"type":"Feature","properties":{"fid":107423,"gid":125259,"emd_nm":"노형동","signgu_nm":"제주시","cml_fr_idx":1.0,"rank":64191,"anls_id":"50110"},"geometry":{"type":"MultiPolygon","coordinates":[[[[126.48895942168646,33.41917429512026],[126.4889489685783,33.420076131146885],[126.4900244091414,33.42008489238288],[126.49003485113536,33.41918305605798],[126.48895942168646,33.41917429512026]]]]}},{"type":"Feature","properties":{"fid":107443,"gid":125291,"emd_nm":"노형동","signgu_nm":"제주시","cml_fr_idx":1.0,"rank":64211,"anls_id":"50110"},"geometry":{"type":"MultiPolygon","coordinates":[[[[126.4853343225709,33.45341759693776],[126.48532381836199,33.454319426965554],[126.48639968023186,33.454328227540145],[126.48641017330779,33.453426397212894],[126.4853343225709,33.45341759693776]]]]}},{"type":"Feature","properties":{"fid":107487,"gid":125389,"emd_nm":"노형동","signgu_nm":"제주시","cml_fr_idx":1.0,"rank":64255,"anls_id":"50110"},"geometry":{"type":"MultiPolygon","coordinates":[[[[126.47112457848337,33.472240664075535],[126.47111391958637,33.47314248735904],[126.47219000923887,33.473151415640885],[126.47220065699274,33.472249592053664],[126.47112457848337,33.472240664075535]]]]}},{"type":"Feature","properties":{"fid":107680,"gid":125735,"emd_nm":"노형동","signgu_nm":"제주시","cml_fr_idx":1.0,"rank":64447,"anls_id":"50110"},"geometry":{"type":"MultiPolygon","coordinates":[[[[126.5227321910429,33.38066208275707],[126.52272210182232,33.38156393364411],[126.5237970790795,33.38157239351933],[126.52380715720653,33.38067054234409],[126.5227321910429,33.38066208275707]]]]}},{"type":"Feature","properties":{"fid":107720,"gid":125815,"emd_nm":"노형동","signgu_nm":"제주시","cml_fr_idx":1.0,"rank":64488,"anls_id":"50110"},"geometry":{"type":"MultiPolygon","coordinates":[[[[126.47550318240333,33.46596354471347],[126.47549257138645,33.46686537015066],[126.47656858494028,33.46687425895662],[126.47657918481741,33.46597243321702],[126.47550318240333,33.46596354471347]]]]}},{"type":"Feature","properties":{"fid":107737,"gid":125843,"emd_nm":"노형동","signgu_nm":"제주시","cml_fr_idx":1.0,"rank":64504,"anls_id":"50110"},"geometry":{"type":"MultiPolygon","coordinates":[[[[126.49433657357557,33.419218006599955],[126.49432617603867,33.420119844114794],[126.49540161892172,33.42012855874469],[126.49541200534432,33.419226720933175],[126.49433657357557,33.419218006599955]]]]}},{"type":"Feature","properties":{"fid":107906,"gid":126149,"emd_nm":"노형동","signgu_nm":"제주시","cml_fr_idx":1.0,"rank":64674,"anls_id":"50110"},"geometry":{"type":"MultiPolygon","coordinates":[[[[126.48867702432727,33.44352382072496],[126.48866655864444,33.44442565312719],[126.48974229947838,33.44443442241888],[126.48975275403365,33.44353258971823],[126.48867702432727,33.44352382072496]]]]}},{"type":"Feature","properties":{"fid":107962,"gid":126238,"emd_nm":"노형동","signgu_nm":"제주시","cml_fr_idx":1.0,"rank":64730,"anls_id":"50110"},"geometry":{"type":"MultiPolygon","coordinates":[[[[126.47873119106087,33.46599018221247],[126.47872061346325,33.46689200855592],[126.47979662843143,33.46690086934922],[126.47980719488925,33.46599904270433],[126.47873119106087,33.46599018221247]]]]}},{"type":"Feature","properties":{"fid":107970,"gid":126258,"emd_nm":"노형동","signgu_nm":"제주시","cml_fr_idx":1.0,"rank":64738,"anls_id":"50110"},"geometry":{"type":"MultiPolygon","coordinates":[[[[126.51728634466943,33.3869325884835],[126.51727619681841,33.38783443698697],[126.51835124949206,33.3878429454304],[126.51836138624616,33.38694109663711],[126.51728634466943,33.3869325884835]]]]}},{"type":"Feature","properties":{"fid":108126,"gid":126522,"emd_nm":"노형동","signgu_nm":"제주시","cml_fr_idx":1.0,"rank":64894,"anls_id":"50110"},"geometry":{"type":"MultiPolygon","coordinates":[[[[126.48525027580276,33.460632233399444],[126.48523976785165,33.46153406235275],[126.4863157188031,33.46154286532323],[126.48632621561728,33.46064103607042],[126.48525027580276,33.460632233399444]]]]}},{"type":"Feature","properties":{"fid":108315,"gid":126856,"emd_nm":"노형동","signgu_nm":"제주시","cml_fr_idx":1.0,"rank":65083,"anls_id":"50110"},"geometry":{"type":"MultiPolygon","coordinates":[[[[126.47857247763736,33.47951756325476],[126.47856189297333,33.4804193875825],[126.47963807509787,33.48042825289828],[126.47964864861467,33.47952642826899],[126.47857247763736,33.47951756325476]]]]}},{"type":"Feature","properties":{"fid":108316,"gid":126859,"emd_nm":"노형동","signgu_nm":"제주시","cml_fr_idx":1.0,"rank":65084,"anls_id":"50110"},"geometry":{"type":"MultiPolygon","coordinates":[[[[126.48786306379235,33.42096919618354],[126.48785259863803,33.42187103164314],[126.48892806096553,33.42187980279751],[126.48893851500468,33.420977967039306],[126.48786306379235,33.42096919618354]]]]}},{"type":"Feature","properties":{"fid":108326,"gid":126878,"emd_nm":"노형동","signgu_nm":"제주시","cml_fr_idx":1.0,"rank":65094,"anls_id":"50110"},"geometry":{"type":"MultiPolygon","coordinates":[[[[126.4863157188031,33.46154286532323],[126.48630522152158,33.46244469444172],[126.48738118407785,33.462453488375644],[126.48739167022194,33.46155165895795],[126.4863157188031,33.46154286532323]]]]}},{"type":"Feature","properties":{"fid":108341,"gid":126911,"emd_nm":"노형동","signgu_nm":"제주시","cml_fr_idx":1.0,"rank":65109,"anls_id":"50110"},"geometry":{"type":"MultiPolygon","coordinates":[[[[126.4754076662419,33.474079968810166],[126.47539705097235,33.47498179303783],[126.47647316480605,33.474990684565675],[126.47648376893144,33.47408886003556],[126.4754076662419,33.474079968810166]]]]}},{"type":"Feature","properties":{"fid":108389,"gid":126990,"emd_nm":"노형동","signgu_nm":"제주시","cml_fr_idx":1.0,"rank":65157,"anls_id":"50110"},"geometry":{"type":"MultiPolygon","coordinates":[[[[126.48646263168007,33.448917243562306],[126.48645214093987,33.449819074561],[126.48752794761697,33.449827864306755],[126.48753842722664,33.448926033008945],[126.48646263168007,33.448917243562306]]]]}},{"type":"Feature","properties":{"fid":108425,"gid":127058,"emd_nm":"노형동","signgu_nm":"제주시","cml_fr_idx":1.0,"rank":65193,"anls_id":"50110"},"geometry":{"type":"MultiPolygon","coordinates":[[[[126.50976106631339,33.38687277073483],[126.5097508407845,33.38777461720073],[126.51082589028428,33.38778319081462],[126.51083610471639,33.3868813440567],[126.50976106631339,33.38687277073483]]]]}},{"type":"Feature","properties":{"fid":108459,"gid":127112,"emd_nm":"노형동","signgu_nm":"제주시","cml_fr_idx":1.0,"rank":65227,"anls_id":"50110"},"geometry":{"type":"MultiPolygon","coordinates":[[[[126.5009234303211,33.4075462298057],[126.50091310544899,33.40844807083964],[126.5019884066507,33.40845672571004],[126.5019987204148,33.4075548843814],[126.5009234303211,33.4075462298057]]]]}},{"type":"Feature","properties":{"fid":108648,"gid":127480,"emd_nm":"노형동","signgu_nm":"제주시","cml_fr_idx":1.0,"rank":65416,"anls_id":"50110"},"geometry":{"type":"MultiPolygon","coordinates":[[[[126.48891760646087,33.4227816384215],[126.48890715149071,33.42368347391126],[126.4899826365156,33.42369223634041],[126.48999308036959,33.42279040055236],[126.48891760646087,33.4227816384215]]]]}},{"type":"Feature","properties":{"fid":108799,"gid":127784,"emd_nm":"노형동","signgu_nm":"제주시","cml_fr_idx":1.0,"rank":65567,"anls_id":"50110"},"geometry":{"type":"MultiPolygon","coordinates":[[[[126.4899826365156,33.42369223634041],[126.48997219219656,33.424594071994264],[126.49104768880322,33.42460282539895],[126.49105812200557,33.423700989447106],[126.4899826365156,33.42369223634041]]]]}},{"type":"Feature","properties":{"fid":109015,"gid":128168,"emd_nm":"노형동","signgu_nm":"제주시","cml_fr_idx":1.0,"rank":65783,"anls_id":"50110"},"geometry":{"type":"MultiPolygon","coordinates":[[[[126.48753842722664,33.448926033008945],[126.48752794761697,33.449827864306755],[126.48860375476066,33.44983664472086],[126.48861422323981,33.44893481312426],[126.48753842722664,33.448926033008945]]]]}},{"type":"Feature","properties":{"fid":109072,"gid":128286,"emd_nm":"노형동","signgu_nm":"제주시","cml_fr_idx":1.0,"rank":65840,"anls_id":"50110"},"geometry":{"type":"MultiPolygon","coordinates":[[[[126.48093596872936,33.461498757113574],[126.48092541576088,33.46240058473134],[126.48200137597527,33.46240942534548],[126.48201191780642,33.46150759742693],[126.48093596872936,33.461498757113574]]]]}},{"type":"Feature","properties":{"fid":109099,"gid":128335,"emd_nm":"노형동","signgu_nm":"제주시","cml_fr_idx":1.0,"rank":65867,"anls_id":"50110"},"geometry":{"type":"MultiPolygon","coordinates":[[[[126.49553660634706,33.408404656729864],[126.49552622547301,33.40930649615135],[126.49660153547927,33.40931519790392],[126.49661190524492,33.40841335818614],[126.49553660634706,33.408404656729864]]]]}},{"type":"Feature","properties":{"fid":109113,"gid":128365,"emd_nm":"노형동","signgu_nm":"제주시","cml_fr_idx":1.0,"rank":65881,"anls_id":"50110"},"geometry":{"type":"MultiPolygon","coordinates":[[[[126.46769311018116,33.489348426152326],[126.46768240880648,33.49025024596807],[126.46875870884628,33.4902592080588],[126.46876939906846,33.48935738793827],[126.46769311018116,33.489348426152326]]]]}},{"type":"Feature","properties":{"fid":109157,"gid":128454,"emd_nm":"노형동","signgu_nm":"제주시","cml_fr_idx":1.0,"rank":65924,"anls_id":"50110"},"geometry":{"type":"MultiPolygon","coordinates":[[[[126.48765367214212,33.439005879871],[126.4876431976639,33.43990771264578],[126.48871888239901,33.43991648977351],[126.48872934575213,33.4390146567],[126.48765367214212,33.439005879871]]]]}},{"type":"Feature","properties":{"fid":109222,"gid":128576,"emd_nm":"노형동","signgu_nm":"제주시","cml_fr_idx":1.0,"rank":65990,"anls_id":"50110"},"geometry":{"type":"MultiPolygon","coordinates":[[[[126.4766215796069,33.4623651289149],[126.47661098161734,33.46326695519199],[126.47768695108708,33.463275833452116],[126.47769753793887,33.46237400687296],[126.4766215796069,33.4623651289149]]]]}},{"type":"Feature","properties":{"fid":109328,"gid":128763,"emd_nm":"노형동","signgu_nm":"제주시","cml_fr_idx":1.0,"rank":66096,"anls_id":"50110"},"geometry":{"type":"MultiPolygon","coordinates":[[[[126.50647439407044,33.3922580664277],[126.50646413250983,33.39315991121127],[126.50753924723269,33.39316851451321],[126.50754949769363,33.39226666943661],[126.50647439407044,33.3922580664277]]]]}},{"type":"Feature","properties":{"fid":109364,"gid":128825,"emd_nm":"노형동","signgu_nm":"제주시","cml_fr_idx":1.0,"rank":66131,"anls_id":"50110"},"geometry":{"type":"MultiPolygon","coordinates":[[[[126.51513626287218,33.386915544246925],[126.5151260928274,33.387817392169815],[126.51620114459668,33.38782591923345],[126.51621130354461,33.386924071020104],[126.51513626287218,33.386915544246925]]]]}},{"type":"Feature","properties":{"fid":109377,"gid":128847,"emd_nm":"노형동","signgu_nm":"제주시","cml_fr_idx":1.0,"rank":66145,"anls_id":"50110"},"geometry":{"type":"MultiPolygon","coordinates":[[[[126.46023454399256,33.48297270450131],[126.4602237679098,33.48387452311625],[126.46129998654811,33.48388354847756],[126.461310751482,33.48298172955565],[126.46023454399256,33.48297270450131]]]]}},{"type":"Feature","properties":{"fid":109467,"gid":129015,"emd_nm":"노형동","signgu_nm":"제주시","cml_fr_idx":1.0,"rank":66234,"anls_id":"50110"},"geometry":{"type":"MultiPolygon","coordinates":[[[[126.5106419527014,33.4040164095373],[126.5106317296231,33.404918253748434],[126.51170699051087,33.40492682359604],[126.511717202483,33.40402497909308],[126.5106419527014,33.4040164095373]]]]}},{"type":"Feature","properties":{"fid":109485,"gid":129044,"emd_nm":"노형동","signgu_nm":"제주시","cml_fr_idx":1.0,"rank":66253,"anls_id":"50110"},"geometry":{"type":"MultiPolygon","coordinates":[[[[126.49653930718739,33.414726233393495],[126.49652893418889,33.415628072172204],[126.49760432242965,33.41563676667936],[126.49761468431629,33.41473492760462],[126.49653930718739,33.414726233393495]]]]}},{"type":"Feature","properties":{"fid":109713,"gid":129436,"emd_nm":"노형동","signgu_nm":"제주시","cml_fr_idx":1.0,"rank":66481,"anls_id":"50110"},"geometry":{"type":"MultiPolygon","coordinates":[[[[126.48634720784361,33.458837377161856],[126.4863367119641,33.4597392066833],[126.48741264110951,33.459747999719646],[126.48742312585306,33.45884616989903],[126.48634720784361,33.458837377161856]]]]}},{"type":"Feature","properties":{"fid":109768,"gid":129547,"emd_nm":"노형동","signgu_nm":"제주시","cml_fr_idx":1.0,"rank":66536,"anls_id":"50110"},"geometry":{"type":"MultiPolygon","coordinates":[[[[126.46678815735865,33.474910324562515],[126.46677745245965,33.47581214622464],[126.46785357364304,33.47582111278016],[126.4678642673975,33.47491929081302],[126.46678815735865,33.474910324562515]]]]}},{"type":"Feature","properties":{"fid":109905,"gid":129771,"emd_nm":"노형동","signgu_nm":"제주시","cml_fr_idx":1.0,"rank":66673,"anls_id":"50110"},"geometry":{"type":"MultiPolygon","coordinates":[[[[126.49333398985195,33.41289641866394],[126.49332358444467,33.41379825682103],[126.49439894907508,33.41380697869325],[126.49440934337152,33.4129051402392],[126.49333398985195,33.41289641866394]]]]}},{"type":"Feature","properties":{"fid":109917,"gid":129802,"emd_nm":"노형동","signgu_nm":"제주시","cml_fr_idx":1.0,"rank":66685,"anls_id":"50110"},"geometry":{"type":"MultiPolygon","coordinates":[[[[126.49100595134784,33.42821016786417],[126.49099551582239,33.42911200314495],[126.4920710684847,33.42912074871528],[126.49208149289095,33.42821891313681],[126.49100595134784,33.42821016786417]]]]}},{"type":"Feature","properties":{"fid":109949,"gid":129872,"emd_nm":"노형동","signgu_nm":"제주시","cml_fr_idx":1.0,"rank":66717,"anls_id":"50110"},"geometry":{"type":"MultiPolygon","coordinates":[[[[126.46246222254165,33.4766780069013],[126.46245147210752,33.477579827071274],[126.46352761367187,33.47758883160162],[126.46353835296057,33.476687011125364],[126.46246222254165,33.4766780069013]]]]}},{"type":"Feature","properties":{"fid":110042,"gid":130048,"emd_nm":"노형동","signgu_nm":"제주시","cml_fr_idx":1.0,"rank":66810,"anls_id":"50110"},"geometry":{"type":"MultiPolygon","coordinates":[[[[126.4863891866887,33.45523005773308],[126.48637869267831,33.456131887791734],[126.48745457728285,33.456140679631424],[126.48746506015925,33.455238849273634],[126.4863891866887,33.45523005773308]]]]}},{"type":"Feature","properties":{"fid":110066,"gid":130091,"emd_nm":"노형동","signgu_nm":"제주시","cml_fr_idx":1.0,"rank":66834,"anls_id":"50110"},"geometry":{"type":"MultiPolygon","coordinates":[[[[126.48418485507574,33.45972159260525],[126.48417433645605,33.46062342139305],[126.48525027580276,33.460632233399444],[126.485260783286,33.45973040431183],[126.48418485507574,33.45972159260525]]]]}},{"type":"Feature","properties":{"fid":110090,"gid":130127,"emd_nm":"노형동","signgu_nm":"제주시","cml_fr_idx":1.0,"rank":66858,"anls_id":"50110"},"geometry":{"type":"MultiPolygon","coordinates":[[[[126.47006983910362,33.470428080395806],[126.47005917001357,33.471329903644154],[126.47113523690581,33.47133884065762],[126.47114589485373,33.470437017105276],[126.47006983910362,33.470428080395806]]]]}},{"type":"Feature","properties":{"fid":110147,"gid":130228,"emd_nm":"노형동","signgu_nm":"제주시","cml_fr_idx":1.0,"rank":66915,"anls_id":"50110"},"geometry":{"type":"MultiPolygon","coordinates":[[[[126.5053068204909,33.40036604969284],[126.50529654371266,33.40126789297643],[126.50637175789781,33.40127650823054],[126.50638202357194,33.40037466465356],[126.5053068204909,33.40036604969284]]]]}},{"type":"Feature","properties":{"fid":110180,"gid":130284,"emd_nm":"노형동","signgu_nm":"제주시","cml_fr_idx":1.0,"rank":66948,"anls_id":"50110"},"geometry":{"type":"MultiPolygon","coordinates":[[[[126.47881579488977,33.45877556662798],[126.47880522105909,33.459677394046274],[126.4798811469228,33.45968625242818],[126.47989170961768,33.45878442470847],[126.47881579488977,33.45877556662798]]]]}},{"type":"Feature","properties":{"fid":110198,"gid":130317,"emd_nm":"노형동","signgu_nm":"제주시","cml_fr_idx":1.0,"rank":66966,"anls_id":"50110"},"geometry":{"type":"MultiPolygon","coordinates":[[[[126.47769753793887,33.46237400687296],[126.47768695108708,33.463275833452116],[126.47876292102816,33.463284702375965],[126.47877349674216,33.462382875495074],[126.47769753793887,33.46237400687296]]]]}},{"type":"Feature","properties":{"fid":110239,"gid":130387,"emd_nm":"노형동","signgu_nm":"제주시","cml_fr_idx":1.0,"rank":67007,"anls_id":"50110"},"geometry":{"type":"MultiPolygon","coordinates":[[[[126.48530280854101,33.45612308661821],[126.48529230292893,33.45702491624307],[126.48636819820068,33.45703371771609],[126.48637869267831,33.456131887791734],[126.48530280854101,33.45612308661821]]]]}},{"type":"Feature","properties":{"fid":110369,"gid":130642,"emd_nm":"노형동","signgu_nm":"제주시","cml_fr_idx":1.0,"rank":67136,"anls_id":"50110"},"geometry":{"type":"MultiPolygon","coordinates":[[[[126.47231775100249,33.46232952372329],[126.47230710846206,33.46323134878898],[126.47338307604136,33.46324026439407],[126.47339370744409,33.46233843902506],[126.47231775100249,33.46232952372329]]]]}},{"type":"Feature","properties":{"fid":110383,"gid":130663,"emd_nm":"노형동","signgu_nm":"제주시","cml_fr_idx":1.0,"rank":67150,"anls_id":"50110"},"geometry":{"type":"MultiPolygon","coordinates":[[[[126.46446424637969,33.489321484722346],[126.46445351154766,33.490223303621825],[126.46552981015667,33.490232293749564],[126.46554053383628,33.48933047454435],[126.46446424637969,33.489321484722346]]]]}},{"type":"Feature","properties":{"fid":110462,"gid":130820,"emd_nm":"노형동","signgu_nm":"제주시","cml_fr_idx":1.0,"rank":67230,"anls_id":"50110"},"geometry":{"type":"MultiPolygon","coordinates":[[[[126.47868887784459,33.469597486780025],[126.47867829836304,33.47049931258599],[126.47975435789535,33.47050817458516],[126.4797649262351,33.46960634847771],[126.47868887784459,33.469597486780025]]]]}},{"type":"Feature","properties":{"fid":110469,"gid":130830,"emd_nm":"노형동","signgu_nm":"제주시","cml_fr_idx":1.0,"rank":67237,"anls_id":"50110"},"geometry":{"type":"MultiPolygon","coordinates":[[[[126.51947692639399,33.38334219781006],[126.51946680254038,33.38424404742873],[126.52054181173156,33.38425253609522],[126.52055192449018,33.383350686187384],[126.51947692639399,33.38334219781006]]]]}},{"type":"Feature","properties":{"fid":110715,"gid":131301,"emd_nm":"노형동","signgu_nm":"제주시","cml_fr_idx":1.0,"rank":67482,"anls_id":"50110"},"geometry":{"type":"MultiPolygon","coordinates":[[[[126.49215445073914,33.421906060329704],[126.49214402958162,33.42280789684761],[126.49321950488397,33.422816631012],[126.4932299149257,33.42191479419674],[126.49215445073914,33.421906060329704]]]]}},{"type":"Feature","properties":{"fid":110949,"gid":131718,"emd_nm":"노형동","signgu_nm":"제주시","cml_fr_idx":1.0,"rank":67716,"anls_id":"50110"},"geometry":{"type":"MultiPolygon","coordinates":[[[[126.45926618288904,33.473945479629464],[126.45925540045893,33.47484729928217],[126.46033150715125,33.474856330914264],[126.46034227843747,33.47395451095436],[126.45926618288904,33.473945479629464]]]]}},{"type":"Feature","properties":{"fid":110999,"gid":131802,"emd_nm":"노형동","signgu_nm":"제주시","cml_fr_idx":1.0,"rank":67767,"anls_id":"50110"},"geometry":{"type":"MultiPolygon","coordinates":[[[[126.47649437258471,33.47318703537105],[126.47648376893144,33.47408886003556],[126.47755987209304,33.47409774192087],[126.4775704646026,33.47319591695423],[126.47649437258471,33.47318703537105]]]]}},{"type":"Feature","properties":{"fid":111178,"gid":132156,"emd_nm":"노형동","signgu_nm":"제주시","cml_fr_idx":1.0,"rank":67946,"anls_id":"50110"},"geometry":{"type":"MultiPolygon","coordinates":[[[[126.47984945601634,33.4623917347812],[126.47983889144015,33.463293561963525],[126.48091486232252,33.46330241221476],[126.48092541576088,33.46240058473134],[126.47984945601634,33.4623917347812]]]]}},{"type":"Feature","properties":{"fid":111181,"gid":132167,"emd_nm":"노형동","signgu_nm":"제주시","cml_fr_idx":1.0,"rank":67949,"anls_id":"50110"},"geometry":{"type":"MultiPolygon","coordinates":[[[[126.47973321980415,33.472311826396925],[126.4797226500527,33.47321365210126],[126.48079874348389,33.47322250566507],[126.48080930209206,33.472320679659575],[126.47973321980415,33.472311826396925]]]]}},{"type":"Feature","properties":{"fid":111273,"gid":132347,"emd_nm":"노형동","signgu_nm":"제주시","cml_fr_idx":1.0,"rank":68040,"anls_id":"50110"},"geometry":{"type":"MultiPolygon","coordinates":[[[[126.49778041176504,33.40030548416526],[126.49777005725849,33.401207325386224],[126.49884526822972,33.4012160058431],[126.49885561163227,33.40031416432652],[126.49778041176504,33.40030548416526]]]]}},{"type":"Feature","properties":{"fid":111338,"gid":132463,"emd_nm":"노형동","signgu_nm":"제주시","cml_fr_idx":1.0,"rank":68106,"anls_id":"50110"},"geometry":{"type":"MultiPolygon","coordinates":[[[[126.50091310544899,33.40844807083964],[126.50090278011712,33.40934991173945],[126.50197809242734,33.40935856690456],[126.5019884066507,33.40845672571004],[126.50091310544899,33.40844807083964]]]]}},{"type":"Feature","properties":{"fid":111362,"gid":132502,"emd_nm":"노형동","signgu_nm":"제주시","cml_fr_idx":1.0,"rank":68130,"anls_id":"50110"},"geometry":{"type":"MultiPolygon","coordinates":[[[[126.50859388232162,33.394980798839725],[126.50858364159234,33.39588264380686],[126.50965879052985,33.3958912293622],[126.5096690201579,33.39498938410265],[126.50859388232162,33.394980798839725]]]]}},{"type":"Feature","properties":{"fid":111385,"gid":132530,"emd_nm":"노형동","signgu_nm":"제주시","cml_fr_idx":1.0,"rank":68152,"anls_id":"50110"},"geometry":{"type":"MultiPolygon","coordinates":[[[[126.48743361012977,33.457944339944135],[126.48742312585306,33.45884616989903],[126.48849904432932,33.4588549533014],[126.48850951747055,33.45795312304764],[126.48743361012977,33.457944339944135]]]]}},{"type":"Feature","properties":{"fid":111409,"gid":132576,"emd_nm":"노형동","signgu_nm":"제주시","cml_fr_idx":1.0,"rank":68177,"anls_id":"50110"},"geometry":{"type":"MultiPolygon","coordinates":[[[[126.48669330982496,33.429076927619974],[126.48668282935623,33.42997876157252],[126.48775839127646,33.42998754473926],[126.48776886062555,33.42908571048774],[126.48669330982496,33.429076927619974]]]]}},{"type":"Feature","properties":{"fid":111664,"gid":133035,"emd_nm":"노형동","signgu_nm":"제주시","cml_fr_idx":1.0,"rank":68432,"anls_id":"50110"},"geometry":{"type":"MultiPolygon","coordinates":[[[[126.48898032650646,33.41737062266437],[126.48896987432917,33.41827245895942],[126.49004529266436,33.418281219598875],[126.4900557337284,33.41737938300556],[126.48898032650646,33.41737062266437]]]]}},{"type":"Feature","properties":{"fid":111676,"gid":133068,"emd_nm":"노형동","signgu_nm":"제주시","cml_fr_idx":1.0,"rank":68444,"anls_id":"50110"},"geometry":{"type":"MultiPolygon","coordinates":[[[[126.49983780470706,33.40843940665203],[126.49982746826673,33.40934124725682],[126.50090278011712,33.40934991173945],[126.50091310544899,33.40844807083964],[126.49983780470706,33.40843940665203]]]]}},{"type":"Feature","properties":{"fid":111689,"gid":133094,"emd_nm":"노형동","signgu_nm":"제주시","cml_fr_idx":1.0,"rank":68457,"anls_id":"50110"},"geometry":{"type":"MultiPolygon","coordinates":[[[[126.50421104164467,33.40216111126336],[126.50420075284597,33.40306295398505],[126.50527598878317,33.40307157914132],[126.50528626647674,33.40216973612591],[126.50421104164467,33.40216111126336]]]]}},{"type":"Feature","properties":{"fid":111731,"gid":133185,"emd_nm":"노형동","signgu_nm":"제주시","cml_fr_idx":1.0,"rank":68499,"anls_id":"50110"},"geometry":{"type":"MultiPolygon","coordinates":[[[[126.49340681473043,33.406583547807536],[126.49339641256613,33.4074853869038],[126.49447169943112,33.40749410669741],[126.49448209048806,33.40659226730422],[126.49340681473043,33.406583547807536]]]]}},{"type":"Feature","properties":{"fid":111936,"gid":133556,"emd_nm":"노형동","signgu_nm":"제주시","cml_fr_idx":1.0,"rank":68704,"anls_id":"50110"},"geometry":{"type":"MultiPolygon","coordinates":[[[[126.49010793207522,33.41287019802603],[126.49009749333558,33.41377203529033],[126.49117285657444,33.413780785119556],[126.49118328420332,33.41287894755734],[126.49010793207522,33.41287019802603]]]]}},{"type":"Feature","properties":{"fid":111939,"gid":133559,"emd_nm":"노형동","signgu_nm":"제주시","cml_fr_idx":1.0,"rank":68707,"anls_id":"50110"},"geometry":{"type":"MultiPolygon","coordinates":[[[[126.50957693710382,33.40310598661273],[126.50956670337507,33.40400783066579],[126.5106419527014,33.4040164095373],[126.5106521753245,33.40311456519209],[126.50957693710382,33.40310598661273]]]]}},{"type":"Feature","properties":{"fid":112221,"gid":134072,"emd_nm":"노형동","signgu_nm":"제주시","cml_fr_idx":1.0,"rank":68989,"anls_id":"50110"},"geometry":{"type":"MultiPolygon","coordinates":[[[[126.48437411016661,33.44348865145776],[126.48436359997365,33.44439048266304],[126.48543933894062,33.444399289273655],[126.48544983800608,33.44349745776867],[126.48437411016661,33.44348865145776]]]]}},{"type":"Feature","properties":{"fid":112261,"gid":134139,"emd_nm":"노형동","signgu_nm":"제주시","cml_fr_idx":1.0,"rank":69028,"anls_id":"50110"},"geometry":{"type":"MultiPolygon","coordinates":[[[[126.50736491953866,33.40849986030353],[126.50735466085801,33.40940170296686],[126.50842997591663,33.409410302226576],[126.50844022348865,33.40850845927044],[126.50736491953866,33.40849986030353]]]]}},{"type":"Feature","properties":{"fid":112299,"gid":134225,"emd_nm":"노형동","signgu_nm":"제주시","cml_fr_idx":1.0,"rank":69067,"anls_id":"50110"},"geometry":{"type":"MultiPolygon","coordinates":[[[[126.49006617432752,33.416477546278045],[126.4900557337284,33.41737938300556],[126.49113114141527,33.41738813402652],[126.49114157090166,33.41648629700106],[126.49006617432752,33.416477546278045]]]]}},{"type":"Feature","properties":{"fid":112300,"gid":134226,"emd_nm":"노형동","signgu_nm":"제주시","cml_fr_idx":1.0,"rank":69068,"anls_id":"50110"},"geometry":{"type":"MultiPolygon","coordinates":[[[[126.48656751339522,33.4398989261899],[126.48655702732505,33.44080075853138],[126.4876327227193,33.4408095452863],[126.4876431976639,33.43990771264578],[126.48656751339522,33.4398989261899]]]]}},{"type":"Feature","properties":{"fid":112357,"gid":134318,"emd_nm":"노형동","signgu_nm":"제주시","cml_fr_idx":1.0,"rank":69125,"anls_id":"50110"},"geometry":{"type":"MultiPolygon","coordinates":[[[[126.50088212807395,33.4111535931367],[126.5008718013626,33.41205543363415],[126.50194714700125,33.41206408968344],[126.50195746260262,33.411162248891266],[126.50088212807395,33.4111535931367]]]]}},{"type":"Feature","properties":{"fid":112393,"gid":134397,"emd_nm":"노형동","signgu_nm":"제주시","cml_fr_idx":1.0,"rank":69161,"anls_id":"50110"},"geometry":{"type":"MultiPolygon","coordinates":[[[[126.4635598301036,33.474883369769415],[126.46354909177113,33.47578519051463],[126.46462521152321,33.47579418509186],[126.4646359387112,33.4748923640407],[126.4635598301036,33.474883369769415]]]]}},{"type":"Feature","properties":{"fid":112628,"gid":134807,"emd_nm":"노형동","signgu_nm":"제주시","cml_fr_idx":1.0,"rank":69395,"anls_id":"50110"},"geometry":{"type":"MultiPolygon","coordinates":[[[[126.51078502800674,33.39139057650609],[126.51077481129998,33.39229242259387],[126.51184991674606,33.39230098835641],[126.51186012235357,33.39139914197688],[126.51078502800674,33.39139057650609]]]]}},{"type":"Feature","properties":{"fid":112779,"gid":135080,"emd_nm":"노형동","signgu_nm":"제주시","cml_fr_idx":1.0,"rank":69547,"anls_id":"50110"},"geometry":{"type":"MultiPolygon","coordinates":[[[[126.46682026919619,33.47220485876946],[126.46680956572692,33.47310668083492],[126.46788565347819,33.47311564647544],[126.46789634580443,33.47221382410498],[126.46682026919619,33.47220485876946]]]]}},{"type":"Feature","properties":{"fid":113047,"gid":135619,"emd_nm":"노형동","signgu_nm":"제주시","cml_fr_idx":1.0,"rank":69815,"anls_id":"50110"},"geometry":{"type":"MultiPolygon","coordinates":[[[[126.5086348406785,33.39137341763061],[126.50862460177326,33.39227526313397],[126.50969970630888,33.39228384751972],[126.50970993411488,33.39138200172399],[126.5086348406785,33.39137341763061]]]]}},{"type":"Feature","properties":{"fid":113202,"gid":135906,"emd_nm":"노형동","signgu_nm":"제주시","cml_fr_idx":1.0,"rank":69970,"anls_id":"50110"},"geometry":{"type":"MultiPolygon","coordinates":[[[[126.50869626453554,33.385962341795675],[126.50868602836576,33.38686418810326],[126.50976106631339,33.38687277073483],[126.50977129138693,33.385970924134895],[126.50869626453554,33.385962341795675]]]]}},{"type":"Feature","properties":{"fid":113220,"gid":135944,"emd_nm":"노형동","signgu_nm":"제주시","cml_fr_idx":1.0,"rank":69988,"anls_id":"50110"},"geometry":{"type":"MultiPolygon","coordinates":[[[[126.48846762210763,33.461560443256914],[126.48845714710103,33.462462272973475],[126.48953311059059,33.46247104823521],[126.48954357445972,33.461569218220085],[126.48846762210763,33.461560443256914]]]]}},{"type":"Feature","properties":{"fid":113259,"gid":136019,"emd_nm":"노형동","signgu_nm":"제주시","cml_fr_idx":1.0,"rank":70027,"anls_id":"50110"},"geometry":{"type":"MultiPolygon","coordinates":[[[[126.47339370744409,33.46233843902506],[126.47338307604136,33.46324026439407],[126.47445904409398,33.463249170662955],[126.474469664359,33.46234734499094],[126.47339370744409,33.46233843902506]]]]}},{"type":"Feature","properties":{"fid":113339,"gid":136178,"emd_nm":"노형동","signgu_nm":"제주시","cml_fr_idx":1.0,"rank":70107,"anls_id":"50110"},"geometry":{"type":"MultiPolygon","coordinates":[[[[126.50316671423006,33.39944694899826],[126.50315641570224,33.4003487918282],[126.5042316178675,33.40035742541772],[126.50424190529176,33.39945558229375],[126.50316671423006,33.39944694899826]]]]}},{"type":"Feature","properties":{"fid":113420,"gid":136314,"emd_nm":"노형동","signgu_nm":"제주시","cml_fr_idx":1.0,"rank":70188,"anls_id":"50110"},"geometry":{"type":"MultiPolygon","coordinates":[[[[126.52272210182232,33.38156393364411],[126.5227120121524,33.3824657843972],[126.52378700050363,33.382474244560605],[126.5237970790795,33.38157239351933],[126.52272210182232,33.38156393364411]]]]}},{"type":"Feature","properties":{"fid":113438,"gid":136344,"emd_nm":"노형동","signgu_nm":"제주시","cml_fr_idx":1.0,"rank":70206,"anls_id":"50110"},"geometry":{"type":"MultiPolygon","coordinates":[[[[126.49544316183724,33.41652120669358],[126.49543277680206,33.417423044907615],[126.49650818680611,33.41743174932715],[126.49651856072848,33.41652991081676],[126.49544316183724,33.41652120669358]]]]}},{"type":"Feature","properties":{"fid":113538,"gid":136533,"emd_nm":"노형동","signgu_nm":"제주시","cml_fr_idx":1.0,"rank":70306,"anls_id":"50110"},"geometry":{"type":"MultiPolygon","coordinates":[[[[126.4602237679098,33.48387452311625],[126.46021299134726,33.484776341596685],[126.46128922113493,33.48478536726496],[126.46129998654811,33.48388354847756],[126.4602237679098,33.48387452311625]]]]}},{"type":"Feature","properties":{"fid":113541,"gid":136536,"emd_nm":"노형동","signgu_nm":"제주시","cml_fr_idx":1.0,"rank":70309,"anls_id":"50110"},"geometry":{"type":"MultiPolygon","coordinates":[[[[126.49331317857404,33.41470009484395],[126.49330277224003,33.41560193273268],[126.49437815909356,33.415610655198854],[126.49438855431576,33.414708817013135],[126.49331317857404,33.41470009484395]]]]}},{"type":"Feature","properties":{"fid":113795,"gid":137016,"emd_nm":"노형동","signgu_nm":"제주시","cml_fr_idx":1.0,"rank":70563,"anls_id":"50110"},"geometry":{"type":"MultiPolygon","coordinates":[[[[126.48673522703339,33.42546959046736],[126.4867247484312,33.42637142495686],[126.48780026587595,33.426380206927746],[126.48781073336048,33.42547837213927],[126.48673522703339,33.42546959046736]]]]}},{"type":"Feature","properties":{"fid":113817,"gid":137047,"emd_nm":"노형동","signgu_nm":"제주시","cml_fr_idx":1.0,"rank":70585,"anls_id":"50110"},"geometry":{"type":"MultiPolygon","coordinates":[[[[126.46354909177113,33.47578519051463],[126.46353835296057,33.476687011125364],[126.4646144838576,33.47669600600856],[126.46462521152321,33.47579418509186],[126.46354909177113,33.47578519051463]]]]}},{"type":"Feature","properties":{"fid":113851,"gid":137105,"emd_nm":"노형동","signgu_nm":"제주시","cml_fr_idx":1.0,"rank":70619,"anls_id":"50110"},"geometry":{"type":"MultiPolygon","coordinates":[[[[126.50847096346693,33.405802929597535],[126.50846071726379,33.40670477295591],[126.50953599945436,33.406713362020554],[126.50954623455037,33.4058115183697],[126.50847096346693,33.405802929597535]]]]}},{"type":"Feature","properties":{"fid":113879,"gid":137157,"emd_nm":"노형동","signgu_nm":"제주시","cml_fr_idx":1.0,"rank":70647,"anls_id":"50110"},"geometry":{"type":"MultiPolygon","coordinates":[[[[126.49985847620697,33.40663572504009],[126.49984814068713,33.407537565913124],[126.5009234303211,33.4075462298057],[126.50093375473344,33.40664438863765],[126.49985847620697,33.40663572504009]]]]}},{"type":"Feature","properties":{"fid":114056,"gid":137477,"emd_nm":"노형동","signgu_nm":"제주시","cml_fr_idx":1.0,"rank":70823,"anls_id":"50110"},"geometry":{"type":"MultiPolygon","coordinates":[[[[126.47667456247733,33.45785599551395],[126.47666396684683,33.45875782246287],[126.47773988063265,33.45876669921277],[126.47775046512788,33.457864871961824],[126.47667456247733,33.45785599551395]]]]}},{"type":"Feature","properties":{"fid":114161,"gid":137678,"emd_nm":"노형동","signgu_nm":"제주시","cml_fr_idx":1.0,"rank":70929,"anls_id":"50110"},"geometry":{"type":"MultiPolygon","coordinates":[[[[126.51079524425855,33.39048873028427],[126.51078502800674,33.39139057650609],[126.51186012235357,33.39139914197688],[126.51187032750656,33.39049729546333],[126.51079524425855,33.39048873028427]]]]}},{"type":"Feature","properties":{"fid":114246,"gid":137828,"emd_nm":"노형동","signgu_nm":"제주시","cml_fr_idx":1.0,"rank":71014,"anls_id":"50110"},"geometry":{"type":"MultiPolygon","coordinates":[[[[126.49007661446176,33.41557570941633],[126.49006617432752,33.416477546278045],[126.49114157090166,33.41648629700106],[126.49115199992363,33.41558445984141],[126.49007661446176,33.41557570941633]]]]}},{"type":"Feature","properties":{"fid":114279,"gid":137887,"emd_nm":"노형동","signgu_nm":"제주시","cml_fr_idx":1.0,"rank":71047,"anls_id":"50110"},"geometry":{"type":"MultiPolygon","coordinates":[[[[126.4876327227193,33.4408095452863],[126.48762224730828,33.44171137779255],[126.48869795429503,33.44172015551775],[126.48870841857998,33.44081832271276],[126.4876327227193,33.4408095452863]]]]}},{"type":"Feature","properties":{"fid":114363,"gid":138053,"emd_nm":"노형동","signgu_nm":"제주시","cml_fr_idx":1.0,"rank":71131,"anls_id":"50110"},"geometry":{"type":"MultiPolygon","coordinates":[[[[126.48899077821832,33.41646878623513],[126.48898032650646,33.41737062266437],[126.4900557337284,33.41737938300556],[126.49006617432752,33.416477546278045],[126.48899077821832,33.41646878623513]]]]}},{"type":"Feature","properties":{"fid":114367,"gid":138061,"emd_nm":"노형동","signgu_nm":"제주시","cml_fr_idx":1.0,"rank":71135,"anls_id":"50110"},"geometry":{"type":"MultiPolygon","coordinates":[[[[126.50436531865589,33.388633454348174],[126.50435503672763,33.38953529908103],[126.50543010614042,33.38954391983213],[126.50544037697097,33.388642074805645],[126.50436531865589,33.388633454348174]]]]}},{"type":"Feature","properties":{"fid":114415,"gid":138143,"emd_nm":"노형동","signgu_nm":"제주시","cml_fr_idx":1.0,"rank":71183,"anls_id":"50110"},"geometry":{"type":"MultiPolygon","coordinates":[[[[126.50001345378655,33.39310809585067],[126.50000312516826,33.39400993873539],[126.5010782482419,33.39401859820332],[126.50108856576011,33.39311675502369],[126.50001345378655,33.39310809585067]]]]}},{"type":"Feature","properties":{"fid":114486,"gid":138262,"emd_nm":"노형동","signgu_nm":"제주시","cml_fr_idx":1.0,"rank":71254,"anls_id":"50110"},"geometry":{"type":"MultiPolygon","coordinates":[[[[126.50741620609006,33.403990644975615],[126.50740594969328,33.40489248830936],[126.5084812092138,33.404901086105085],[126.50849145450445,33.40399924247855],[126.50741620609006,33.403990644975615]]]]}},{"type":"Feature","properties":{"fid":114513,"gid":138309,"emd_nm":"노형동","signgu_nm":"제주시","cml_fr_idx":1.0,"rank":71280,"anls_id":"50110"},"geometry":{"type":"MultiPolygon","coordinates":[[[[126.48563874126619,33.42726446771863],[126.48562825061215,33.42816630164038],[126.486703789827,33.42817509353317],[126.4867142693624,33.42727325931215],[126.48563874126619,33.42726446771863]]]]}},{"type":"Feature","properties":{"fid":114785,"gid":138851,"emd_nm":"노형동","signgu_nm":"제주시","cml_fr_idx":1.0,"rank":71552,"anls_id":"50110"},"geometry":{"type":"MultiPolygon","coordinates":[[[[126.48905347871683,33.41105776484134],[126.48904302979705,33.4119596020758],[126.49011837035005,33.41196836062754],[126.49012880816005,33.411066523094846],[126.48905347871683,33.41105776484134]]]]}},{"type":"Feature","properties":{"fid":114834,"gid":138934,"emd_nm":"노형동","signgu_nm":"제주시","cml_fr_idx":1.0,"rank":71601,"anls_id":"50110"},"geometry":{"type":"MultiPolygon","coordinates":[[[[126.50967924933039,33.394087538709044],[126.5096690201579,33.39498938410265],[126.51074415844973,33.39499796005303],[126.51075437652149,33.39409611436735],[126.50967924933039,33.394087538709044]]]]}},{"type":"Feature","properties":{"fid":114965,"gid":139171,"emd_nm":"노형동","signgu_nm":"제주시","cml_fr_idx":1.0,"rank":71733,"anls_id":"50110"},"geometry":{"type":"MultiPolygon","coordinates":[[[[126.51732693155462,33.38332519312976],[126.51731678551113,33.38422704216917],[126.51839179380008,33.38423554945337],[126.51840192874864,33.383333700124176],[126.51732693155462,33.38332519312976]]]]}},{"type":"Feature","properties":{"fid":115216,"gid":139654,"emd_nm":"노형동","signgu_nm":"제주시","cml_fr_idx":1.0,"rank":71984,"anls_id":"50110"},"geometry":{"type":"MultiPolygon","coordinates":[[[[126.46791772902885,33.470410178960755],[126.46790703765465,33.4713120016001],[126.46898310359636,33.47132095729164],[126.46899378382848,33.47041913434764],[126.46791772902885,33.470410178960755]]]]}},{"type":"Feature","properties":{"fid":115245,"gid":139707,"emd_nm":"노형동","signgu_nm":"제주시","cml_fr_idx":1.0,"rank":72013,"anls_id":"50110"},"geometry":{"type":"MultiPolygon","coordinates":[[[[126.50850169933885,33.40309739871796],[126.50849145450445,33.40399924247855],[126.50956670337507,33.40400783066579],[126.50957693710382,33.40310598661273],[126.50850169933885,33.40309739871796]]]]}},{"type":"Feature","properties":{"fid":115304,"gid":139819,"emd_nm":"노형동","signgu_nm":"제주시","cml_fr_idx":1.0,"rank":72072,"anls_id":"50110"},"geometry":{"type":"MultiPolygon","coordinates":[[[[126.46026686936247,33.48026724784945],[126.46025609471887,33.4811690668679],[126.46133227991204,33.48117809130832],[126.46134304340825,33.48027627198293],[126.46026686936247,33.48026724784945]]]]}},{"type":"Feature","properties":{"fid":115340,"gid":139899,"emd_nm":"노형동","signgu_nm":"제주시","cml_fr_idx":1.0,"rank":72108,"anls_id":"50110"},"geometry":{"type":"MultiPolygon","coordinates":[[[[126.50639228878894,33.39947282094252],[126.50638202357194,33.40037466465356],[126.50745722711012,33.40038327029988],[126.50746748122347,33.399481426295765],[126.50639228878894,33.39947282094252]]]]}},{"type":"Feature","properties":{"fid":115363,"gid":139946,"emd_nm":"노형동","signgu_nm":"제주시","cml_fr_idx":1.0,"rank":72131,"anls_id":"50110"},"geometry":{"type":"MultiPolygon","coordinates":[[[[126.50217398415231,33.39222356127656],[126.50216367819313,33.39312540488488],[126.5032387910851,33.393134045434245],[126.50324908594466,33.39223220153163],[126.50217398415231,33.39222356127656]]]]}},{"type":"Feature","properties":{"fid":115418,"gid":140052,"emd_nm":"노형동","signgu_nm":"제주시","cml_fr_idx":1.0,"rank":72185,"anls_id":"50110"},"geometry":{"type":"MultiPolygon","coordinates":[[[[126.50871673550763,33.38415864877841],[126.50870650024952,33.38506049535406],[126.50978151600509,33.38506907740095],[126.50979174016796,33.38416723053297],[126.50871673550763,33.38415864877841]]]]}},{"type":"Feature","properties":{"fid":115496,"gid":140196,"emd_nm":"노형동","signgu_nm":"제주시","cml_fr_idx":1.0,"rank":72264,"anls_id":"50110"},"geometry":{"type":"MultiPolygon","coordinates":[[[[126.47996563531491,33.45247162690903],[126.47995507591162,33.45337345556909],[126.48103092430514,33.453382302508516],[126.48104147257607,33.4524804735474],[126.47996563531491,33.45247162690903]]]]}},{"type":"Feature","properties":{"fid":115589,"gid":140359,"emd_nm":"노형동","signgu_nm":"제주시","cml_fr_idx":1.0,"rank":72357,"anls_id":"50110"},"geometry":{"type":"MultiPolygon","coordinates":[[[[126.48210677316831,33.4533911401151],[126.48209623556059,33.454292969242616],[126.48317209602588,33.454301797816775],[126.48318262250066,33.45339996838884],[126.48210677316831,33.4533911401151]]]]}},{"type":"Feature","properties":{"fid":115644,"gid":140459,"emd_nm":"노형동","signgu_nm":"제주시","cml_fr_idx":1.0,"rank":72411,"anls_id":"50110"},"geometry":{"type":"MultiPolygon","coordinates":[[[[126.5106317296231,33.404918253748434],[126.51062150608954,33.40582009782551],[126.51169677808402,33.40582866796494],[126.51170699051087,33.40492682359604],[126.5106317296231,33.404918253748434]]]]}},{"type":"Feature","properties":{"fid":115683,"gid":140525,"emd_nm":"노형동","signgu_nm":"제주시","cml_fr_idx":1.0,"rank":72451,"anls_id":"50110"},"geometry":{"type":"MultiPolygon","coordinates":[[[[126.48793630682597,33.41465634420828],[126.48792584493316,33.415558180607384],[126.48900122946478,33.41556694967166],[126.48901168024587,33.414665112974],[126.48793630682597,33.41465634420828]]]]}},{"type":"Feature","properties":{"fid":115718,"gid":140598,"emd_nm":"노형동","signgu_nm":"제주시","cml_fr_idx":1.0,"rank":72486,"anls_id":"50110"},"geometry":{"type":"MultiPolygon","coordinates":[[[[126.50749824082392,33.39677589347904],[126.50748798808036,33.39767773788535],[126.50856315876567,33.397686333338996],[126.50857340040704,33.39678448863996],[126.50749824082392,33.39677589347904]]]]}},{"type":"Feature","properties":{"fid":115750,"gid":140667,"emd_nm":"노형동","signgu_nm":"제주시","cml_fr_idx":1.0,"rank":72518,"anls_id":"50110"},"geometry":{"type":"MultiPolygon","coordinates":[[[[126.48785259863803,33.42187103164314],[126.48784213301771,33.422772866968515],[126.48891760646087,33.4227816384215],[126.48892806096553,33.42187980279751],[126.48785259863803,33.42187103164314]]]]}},{"type":"Feature","properties":{"fid":115763,"gid":140688,"emd_nm":"노형동","signgu_nm":"제주시","cml_fr_idx":1.0,"rank":72531,"anls_id":"50110"},"geometry":{"type":"MultiPolygon","coordinates":[[[[126.47768695108708,33.463275833452116],[126.47767636376392,33.4641776598969],[126.47875234484331,33.46418652912249],[126.47876292102816,33.463284702375965],[126.47768695108708,33.463275833452116]]]]}},{"type":"Feature","properties":{"fid":115849,"gid":140836,"emd_nm":"노형동","signgu_nm":"제주시","cml_fr_idx":1.0,"rank":72617,"anls_id":"50110"},"geometry":{"type":"MultiPolygon","coordinates":[[[[126.47652618071207,33.47048156057118],[126.47651557847499,33.47138338563886],[126.47759164820695,33.47139226661779],[126.47760223930179,33.47049044124799],[126.47652618071207,33.47048156057118]]]]}},{"type":"Feature","properties":{"fid":116047,"gid":141191,"emd_nm":"노형동","signgu_nm":"제주시","cml_fr_idx":1.0,"rank":72815,"anls_id":"50110"},"geometry":{"type":"MultiPolygon","coordinates":[[[[126.50865531712114,33.3895697262218],[126.50864507912777,33.390471571993224],[126.50972016146544,33.390480155794236],[126.50973038836055,33.38957830973044],[126.50865531712114,33.3895697262218]]]]}},{"type":"Feature","properties":{"fid":116280,"gid":141607,"emd_nm":"노형동","signgu_nm":"제주시","cml_fr_idx":1.0,"rank":73048,"anls_id":"50110"},"geometry":{"type":"MultiPolygon","coordinates":[[[[126.47117786585056,33.46773154564173],[126.4711672093261,33.46863336959732],[126.47224324326797,33.46864229636065],[126.47225388865179,33.467740472101376],[126.47117786585056,33.46773154564173]]]]}},{"type":"Feature","properties":{"fid":116381,"gid":141778,"emd_nm":"노형동","signgu_nm":"제주시","cml_fr_idx":1.0,"rank":73149,"anls_id":"50110"},"geometry":{"type":"MultiPolygon","coordinates":[[[[126.50194714700125,33.41206408968344],[126.50193683094054,33.41296593034148],[126.50301218814901,33.4129745773667],[126.50302249309927,33.41207273641423],[126.50194714700125,33.41206408968344]]]]}},{"type":"Feature","properties":{"fid":116555,"gid":142100,"emd_nm":"노형동","signgu_nm":"제주시","cml_fr_idx":1.0,"rank":73323,"anls_id":"50110"},"geometry":{"type":"MultiPolygon","coordinates":[[[[126.4900557337284,33.41737938300556],[126.49004529266436,33.418281219598875],[126.49112071146446,33.41828997091777],[126.49113114141527,33.41738813402652],[126.4900557337284,33.41737938300556]]]]}},{"type":"Feature","properties":{"fid":116709,"gid":142384,"emd_nm":"노형동","signgu_nm":"제주시","cml_fr_idx":1.0,"rank":73477,"anls_id":"50110"},"geometry":{"type":"MultiPolygon","coordinates":[[[[126.5084812092138,33.404901086105085],[126.50847096346693,33.405802929597535],[126.50954623455037,33.4058115183697],[126.50955646919058,33.40490967458478],[126.5084812092138,33.404901086105085]]]]}},{"type":"Feature","properties":{"fid":116711,"gid":142387,"emd_nm":"노형동","signgu_nm":"제주시","cml_fr_idx":1.0,"rank":73479,"anls_id":"50110"},"geometry":{"type":"MultiPolygon","coordinates":[[[[126.47542889536325,33.47227631995166],[126.47541828103887,33.47317814444812],[126.47649437258471,33.47318703537105],[126.47650497576588,33.47228521057215],[126.47542889536325,33.47227631995166]]]]}},{"type":"Feature","properties":{"fid":116770,"gid":142513,"emd_nm":"노형동","signgu_nm":"제주시","cml_fr_idx":1.0,"rank":73538,"anls_id":"50110"},"geometry":{"type":"MultiPolygon","coordinates":[[[[126.50851194371704,33.402195554823294],[126.50850169933885,33.40309739871796],[126.50957693710382,33.40310598661273],[126.50958717037686,33.40220414242561],[126.50851194371704,33.402195554823294]]]]}},{"type":"Feature","properties":{"fid":116800,"gid":142569,"emd_nm":"노형동","signgu_nm":"제주시","cml_fr_idx":1.0,"rank":73568,"anls_id":"50110"},"geometry":{"type":"MultiPolygon","coordinates":[[[[126.49226905284996,33.41198584977599],[126.49225863679571,33.41288768776998],[126.49333398985195,33.41289641866394],[126.49334439479588,33.41199458037268],[126.49226905284996,33.41198584977599]]]]}},{"type":"Feature","properties":{"fid":116824,"gid":142615,"emd_nm":"노형동","signgu_nm":"제주시","cml_fr_idx":1.0,"rank":73592,"anls_id":"50110"},"geometry":{"type":"MultiPolygon","coordinates":[[[[126.47545012259437,33.47047267055555],[126.47543950921508,33.47137449532081],[126.47651557847499,33.47138338563886],[126.47652618071207,33.47048156057118],[126.47545012259437,33.47047267055555]]]]}},{"type":"Feature","properties":{"fid":116844,"gid":142658,"emd_nm":"노형동","signgu_nm":"제주시","cml_fr_idx":1.0,"rank":73612,"anls_id":"50110"},"geometry":{"type":"MultiPolygon","coordinates":[[[[126.47878407198532,33.461481048479826],[126.47877349674216,33.462382875495074],[126.47984945601634,33.4623917347812],[126.47986002012215,33.46148990746453],[126.47878407198532,33.461481048479826]]]]}},{"type":"Feature","properties":{"fid":116954,"gid":142885,"emd_nm":"노형동","signgu_nm":"제주시","cml_fr_idx":1.0,"rank":73722,"anls_id":"50110"},"geometry":{"type":"MultiPolygon","coordinates":[[[[126.48751746754064,33.45072969547028],[126.48750698699773,33.45163152649952],[126.48858281640398,33.451640307511234],[126.48859328581538,33.45073847618318],[126.48751746754064,33.45072969547028]]]]}},{"type":"Feature","properties":{"fid":116986,"gid":142945,"emd_nm":"노형동","signgu_nm":"제주시","cml_fr_idx":1.0,"rank":73754,"anls_id":"50110"},"geometry":{"type":"MultiPolygon","coordinates":[[[[126.45915833698287,33.48296367010393],[126.45914754975125,33.48386548841159],[126.4602237679098,33.48387452311625],[126.46023454399256,33.48297270450131],[126.45915833698287,33.48296367010393]]]]}},{"type":"Feature","properties":{"fid":117098,"gid":143144,"emd_nm":"노형동","signgu_nm":"제주시","cml_fr_idx":1.0,"rank":73866,"anls_id":"50110"},"geometry":{"type":"MultiPolygon","coordinates":[[[[126.47773988063265,33.45876669921277],[126.47772929566617,33.45966852632935],[126.47880522105909,33.459677394046274],[126.47881579488977,33.45877556662798],[126.47773988063265,33.45876669921277]]]]}},{"type":"Feature","properties":{"fid":117105,"gid":143154,"emd_nm":"노형동","signgu_nm":"제주시","cml_fr_idx":1.0,"rank":73873,"anls_id":"50110"},"geometry":{"type":"MultiPolygon","coordinates":[[[[126.47991283359657,33.45698076886603],[126.47990227184225,33.45788259685441],[126.48097817590508,33.45789144529911],[126.48098872652454,33.45698961700967],[126.47991283359657,33.45698076886603]]]]}},{"type":"Feature","properties":{"fid":117166,"gid":143253,"emd_nm":"노형동","signgu_nm":"제주시","cml_fr_idx":1.0,"rank":73934,"anls_id":"50110"},"geometry":{"type":"MultiPolygon","coordinates":[[[[126.47867829836304,33.47049931258599],[126.47866771841045,33.4714011382576],[126.47974378908503,33.47141000055823],[126.47975435789535,33.47050817458516],[126.47867829836304,33.47049931258599]]]]}},{"type":"Feature","properties":{"fid":117220,"gid":143355,"emd_nm":"노형동","signgu_nm":"제주시","cml_fr_idx":1.0,"rank":73987,"anls_id":"50110"},"geometry":{"type":"MultiPolygon","coordinates":[[[[126.45702754201959,33.481141937492225],[126.45701673345276,33.48204375545342],[126.45809292835315,33.482052808228936],[126.45810372577215,33.481150989959836],[126.45702754201959,33.481141937492225]]]]}},{"type":"Feature","properties":{"fid":117226,"gid":143367,"emd_nm":"노형동","signgu_nm":"제주시","cml_fr_idx":1.0,"rank":73994,"anls_id":"50110"},"geometry":{"type":"MultiPolygon","coordinates":[[[[126.50743671751343,33.40218695790588],[126.50742646203008,33.403088801507785],[126.50850169933885,33.40309739871796],[126.50851194371704,33.402195554823294],[126.50743671751343,33.40218695790588]]]]}},{"type":"Feature","properties":{"fid":117250,"gid":143422,"emd_nm":"노형동","signgu_nm":"제주시","cml_fr_idx":1.0,"rank":74018,"anls_id":"50110"},"geometry":{"type":"MultiPolygon","coordinates":[[[[126.47763400975721,33.46778496433234],[126.47762342007688,33.46868679010527],[126.47869945685514,33.46869566083969],[126.47871003539467,33.46779383476498],[126.47763400975721,33.46778496433234]]]]}},{"type":"Feature","properties":{"fid":117258,"gid":143429,"emd_nm":"노형동","signgu_nm":"제주시","cml_fr_idx":1.0,"rank":74026,"anls_id":"50110"},"geometry":{"type":"MultiPolygon","coordinates":[[[[126.46799255532156,33.46409741672134],[126.4679818672789,33.46499924030168],[126.4690578552365,33.46500819386077],[126.46906853214058,33.46410636997581],[126.46799255532156,33.46409741672134]]]]}},{"type":"Feature","properties":{"fid":117310,"gid":143544,"emd_nm":"노형동","signgu_nm":"제주시","cml_fr_idx":1.0,"rank":74078,"anls_id":"50110"},"geometry":{"type":"MultiPolygon","coordinates":[[[[126.47775046512788,33.457864871961824],[126.47773988063265,33.45876669921277],[126.47881579488977,33.45877556662798],[126.4788263682497,33.45787373907532],[126.47775046512788,33.457864871961824]]]]}},{"type":"Feature","properties":{"fid":117376,"gid":143670,"emd_nm":"노형동","signgu_nm":"제주시","cml_fr_idx":1.0,"rank":74144,"anls_id":"50110"},"geometry":{"type":"MultiPolygon","coordinates":[[[[126.46024531959559,33.48207088575185],[126.46023454399256,33.48297270450131],[126.461310751482,33.48298172955565],[126.46132151593663,33.48207991049923],[126.46024531959559,33.48207088575185]]]]}},{"type":"Feature","properties":{"fid":117398,"gid":143703,"emd_nm":"노형동","signgu_nm":"제주시","cml_fr_idx":1.0,"rank":74166,"anls_id":"50110"},"geometry":{"type":"MultiPolygon","coordinates":[[[[126.49001396668247,33.42098672857359],[126.49000352375853,33.42188856463007],[126.49107898701658,33.421897317140804],[126.49108941882528,33.420995480786345],[126.49001396668247,33.42098672857359]]]]}},{"type":"Feature","properties":{"fid":117510,"gid":143901,"emd_nm":"노형동","signgu_nm":"제주시","cml_fr_idx":1.0,"rank":74278,"anls_id":"50110"},"geometry":{"type":"MultiPolygon","coordinates":[[[[126.48788399270305,33.41916552486169],[126.48787352848066,33.42006736058972],[126.4889489685783,33.420076131146885],[126.48895942168646,33.41917429512026],[126.48788399270305,33.41916552486169]]]]}},{"type":"Feature","properties":{"fid":117595,"gid":144065,"emd_nm":"노형동","signgu_nm":"제주시","cml_fr_idx":1.0,"rank":74363,"anls_id":"50110"},"geometry":{"type":"MultiPolygon","coordinates":[[[[126.49880389001311,33.40482337056818],[126.49879354430726,33.40572521141415],[126.49986881126654,33.40573388403293],[126.49987914586589,33.40483204289164],[126.49880389001311,33.40482337056818]]]]}},{"type":"Feature","properties":{"fid":118009,"gid":144842,"emd_nm":"노형동","signgu_nm":"제주시","cml_fr_idx":1.0,"rank":74777,"anls_id":"50110"},"geometry":{"type":"MultiPolygon","coordinates":[[[[126.50648465517409,33.39135622151007],[126.50647439407044,33.3922580664277],[126.50754949769363,33.39226666943661],[126.50755974769807,33.391364824225974],[126.50648465517409,33.39135622151007]]]]}},{"type":"Feature","properties":{"fid":118052,"gid":144918,"emd_nm":"노형동","signgu_nm":"제주시","cml_fr_idx":1.0,"rank":74820,"anls_id":"50110"},"geometry":{"type":"MultiPolygon","coordinates":[[[[126.52055192449018,33.383350686187384],[126.52054181173156,33.38425253609522],[126.5216168213731,33.384261015452815],[126.52162692303672,33.38335916525615],[126.52055192449018,33.383350686187384]]]]}},{"type":"Feature","properties":{"fid":118200,"gid":145211,"emd_nm":"노형동","signgu_nm":"제주시","cml_fr_idx":1.0,"rank":74968,"anls_id":"50110"},"geometry":{"type":"MultiPolygon","coordinates":[[[[126.49327155045754,33.41830744559381],[126.49326114226982,33.41920928294582],[126.49433657357557,33.419218006599955],[126.49434697064949,33.41831616895096],[126.49327155045754,33.41830744559381]]]]}},{"type":"Feature","properties":{"fid":118648,"gid":145998,"emd_nm":"노형동","signgu_nm":"제주시","cml_fr_idx":1.0,"rank":75416,"anls_id":"50110"},"geometry":{"type":"MultiPolygon","coordinates":[[[[126.46787496067589,33.47401746871145],[126.4678642673975,33.47491929081302],[126.46894037791246,33.47492824772324],[126.46895106004678,33.474026425317],[126.46787496067589,33.47401746871145]]]]}},{"type":"Feature","properties":{"fid":118725,"gid":146146,"emd_nm":"노형동","signgu_nm":"제주시","cml_fr_idx":1.0,"rank":75493,"anls_id":"50110"},"geometry":{"type":"MultiPolygon","coordinates":[[[[126.50758024633764,33.38956113340253],[126.50756999724608,33.39046297888128],[126.50864507912777,33.390471571993224],[126.50865531712114,33.3895697262218],[126.50758024633764,33.38956113340253]]]]}},{"type":"Feature","properties":{"fid":118842,"gid":146355,"emd_nm":"노형동","signgu_nm":"제주시","cml_fr_idx":1.0,"rank":75609,"anls_id":"50110"},"geometry":{"type":"MultiPolygon","coordinates":[[[[126.4857331361345,33.419147956381984],[126.48572264968381,33.420049791511886],[126.48679808884903,33.420058580711384],[126.48680856418557,33.41915674528225],[126.4857331361345,33.419147956381984]]]]}},{"type":"Feature","properties":{"fid":118904,"gid":146462,"emd_nm":"노형동","signgu_nm":"제주시","cml_fr_idx":1.0,"rank":75672,"anls_id":"50110"},"geometry":{"type":"MultiPolygon","coordinates":[[[[126.49113114141527,33.41738813402652],[126.49112071146446,33.41828997091777],[126.49219613072901,33.41829871291608],[126.49220654956656,33.417396875727206],[126.49113114141527,33.41738813402652]]]]}},{"type":"Feature","properties":{"fid":118909,"gid":146474,"emd_nm":"노형동","signgu_nm":"제주시","cml_fr_idx":1.0,"rank":75677,"anls_id":"50110"},"geometry":{"type":"MultiPolygon","coordinates":[[[[126.48513466260495,33.470552344497975],[126.48512414950628,33.47145417197369],[126.48620022299676,33.47146297823913],[126.48621072495304,33.47056115046385],[126.48513466260495,33.470552344497975]]]]}},{"type":"Feature","properties":{"fid":118950,"gid":146536,"emd_nm":"노형동","signgu_nm":"제주시","cml_fr_idx":1.0,"rank":75718,"anls_id":"50110"},"geometry":{"type":"MultiPolygon","coordinates":[[[[126.48424795695982,33.45431061705775],[126.48423744114976,33.45521244665146],[126.48531331368537,33.45522125685904],[126.48532381836199,33.454319426965554],[126.48424795695982,33.45431061705775]]]]}},{"type":"Feature","properties":{"fid":118951,"gid":146537,"emd_nm":"노형동","signgu_nm":"제주시","cml_fr_idx":1.0,"rank":75719,"anls_id":"50110"},"geometry":{"type":"MultiPolygon","coordinates":[[[[126.48750698699773,33.45163152649952],[126.48749650598812,33.45253335739448],[126.4885723465264,33.45254213870499],[126.48858281640398,33.451640307511234],[126.48750698699773,33.45163152649952]]]]}},{"type":"Feature","properties":{"fid":119153,"gid":146927,"emd_nm":"노형동","signgu_nm":"제주시","cml_fr_idx":1.0,"rank":75920,"anls_id":"50110"},"geometry":{"type":"MultiPolygon","coordinates":[[[[126.48559677584718,33.43087180260014],[126.48558628332452,33.43177363598488],[126.48666186701874,33.43178242907487],[126.48667234842085,33.430880595390825],[126.48559677584718,33.43087180260014]]]]}},{"type":"Feature","properties":{"fid":119197,"gid":147006,"emd_nm":"노형동","signgu_nm":"제주시","cml_fr_idx":1.0,"rank":75965,"anls_id":"50110"},"geometry":{"type":"MultiPolygon","coordinates":[[[[126.50653595383856,33.3868469949111],[126.50652569501943,33.387748840498986],[126.50760074315158,33.38775744204289],[126.50761099087399,33.386855596162015],[126.50653595383856,33.3868469949111]]]]}},{"type":"Feature","properties":{"fid":119223,"gid":147045,"emd_nm":"노형동","signgu_nm":"제주시","cml_fr_idx":1.0,"rank":75991,"anls_id":"50110"},"geometry":{"type":"MultiPolygon","coordinates":[[[[126.52059237102142,33.379743285216456],[126.52058226006406,33.38064513566012],[126.5216572253286,33.38065361386241],[126.52166732519291,33.379751763129924],[126.52059237102142,33.379743285216456]]]]}},{"type":"Feature","properties":{"fid":119424,"gid":147397,"emd_nm":"노형동","signgu_nm":"제주시","cml_fr_idx":1.0,"rank":76192,"anls_id":"50110"},"geometry":{"type":"MultiPolygon","coordinates":[[[[126.48099927667427,33.45608778858587],[126.48098872652454,33.45698961700967],[126.48206461992226,33.4569984558192],[126.48207515893759,33.45609662709466],[126.48099927667427,33.45608778858587]]]]}},{"type":"Feature","properties":{"fid":119434,"gid":147417,"emd_nm":"노형동","signgu_nm":"제주시","cml_fr_idx":1.0,"rank":76202,"anls_id":"50110"},"geometry":{"type":"MultiPolygon","coordinates":[[[[126.51081567539728,33.38868503743853],[126.51080546005538,33.38958688392842],[126.51188053220514,33.38959544881573],[126.51189073644926,33.388693602034124],[126.51081567539728,33.38868503743853]]]]}},{"type":"Feature","properties":{"fid":119474,"gid":147492,"emd_nm":"노형동","signgu_nm":"제주시","cml_fr_idx":1.0,"rank":76242,"anls_id":"50110"},"geometry":{"type":"MultiPolygon","coordinates":[[[[126.49871076207333,33.412939933353044],[126.49870041222039,33.41384177299178],[126.49977577916017,33.41385044826875],[126.49978611790218,33.41294860833464],[126.49871076207333,33.412939933353044]]]]}},{"type":"Feature","properties":{"fid":119475,"gid":147493,"emd_nm":"노형동","signgu_nm":"제주시","cml_fr_idx":1.0,"rank":76243,"anls_id":"50110"},"geometry":{"type":"MultiPolygon","coordinates":[[[[126.49557812522087,33.40479729770241],[126.49556774619573,33.40569913766049],[126.49664301177137,33.40570783822791],[126.4966533796901,33.404805997973554],[126.49557812522087,33.40479729770241]]]]}},{"type":"Feature","properties":{"fid":119504,"gid":147537,"emd_nm":"노형동","signgu_nm":"제주시","cml_fr_idx":1.0,"rank":76272,"anls_id":"50110"},"geometry":{"type":"MultiPolygon","coordinates":[[[[126.48327733968576,33.44528349749371],[126.48326681742833,33.44618532813038],[126.48434257818376,33.44619414467076],[126.4843530893127,33.44529231373404],[126.48327733968576,33.44528349749371]]]]}},{"type":"Feature","properties":{"fid":119607,"gid":147729,"emd_nm":"노형동","signgu_nm":"제주시","cml_fr_idx":1.0,"rank":76375,"anls_id":"50110"},"geometry":{"type":"MultiPolygon","coordinates":[[[[126.49993081196011,33.400322835173455],[126.49992047966154,33.40122467698532],[126.50099569155351,33.4012333388129],[126.50100601274805,33.40033149670606],[126.49993081196011,33.400322835173455]]]]}},{"type":"Feature","properties":{"fid":119740,"gid":147965,"emd_nm":"노형동","signgu_nm":"제주시","cml_fr_idx":1.0,"rank":76507,"anls_id":"50110"},"geometry":{"type":"MultiPolygon","coordinates":[[[[126.50327996777276,33.389526669019354],[126.50326967428848,33.39042851332419],[126.50434475434152,33.39043714367982],[126.50435503672763,33.38953529908103],[126.50327996777276,33.389526669019354]]]]}},{"type":"Feature","properties":{"fid":120110,"gid":148704,"emd_nm":"노형동","signgu_nm":"제주시","cml_fr_idx":1.0,"rank":76878,"anls_id":"50110"},"geometry":{"type":"MultiPolygon","coordinates":[[[[126.49105812200557,33.423700989447106],[126.49104768880322,33.42460282539895],[126.49212318587448,33.42461156948083],[126.49213360796008,33.42370973323132],[126.49105812200557,33.423700989447106]]]]}},{"type":"Feature","properties":{"fid":120146,"gid":148758,"emd_nm":"노형동","signgu_nm":"제주시","cml_fr_idx":1.0,"rank":76913,"anls_id":"50110"},"geometry":{"type":"MultiPolygon","coordinates":[[[[126.50108856576011,33.39311675502369],[126.5010782482419,33.39401859820332],[126.502153371775,33.39402724835912],[126.50216367819313,33.39312540488488],[126.50108856576011,33.39311675502369]]]]}},{"type":"Feature","properties":{"fid":120207,"gid":148879,"emd_nm":"노형동","signgu_nm":"제주시","cml_fr_idx":1.0,"rank":76975,"anls_id":"50110"},"geometry":{"type":"MultiPolygon","coordinates":[[[[126.48322472371328,33.449792649334064],[126.48321419911306,33.45069447929922],[126.4842900155183,33.45070329733988],[126.48430052898755,33.44980146707465],[126.48322472371328,33.449792649334064]]]]}},{"type":"Feature","properties":{"fid":120208,"gid":148880,"emd_nm":"노형동","signgu_nm":"제주시","cml_fr_idx":1.0,"rank":76976,"anls_id":"50110"},"geometry":{"type":"MultiPolygon","coordinates":[[[[126.4987521568766,33.40933257345667],[126.49874180886704,33.410234413631976],[126.49981713136607,33.410243087727466],[126.49982746826673,33.40934124725682],[126.4987521568766,33.40933257345667]]]]}},{"type":"Feature","properties":{"fid":120321,"gid":149095,"emd_nm":"노형동","signgu_nm":"제주시","cml_fr_idx":1.0,"rank":77088,"anls_id":"50110"},"geometry":{"type":"MultiPolygon","coordinates":[[[[126.49869006190657,33.41474361249638],[126.49867971113184,33.415645451866816],[126.49975510029496,33.41565412773456],[126.49976543995777,33.41475228806872],[126.49869006190657,33.41474361249638]]]]}},{"type":"Feature","properties":{"fid":120332,"gid":149114,"emd_nm":"노형동","signgu_nm":"제주시","cml_fr_idx":1.0,"rank":77100,"anls_id":"50110"},"geometry":{"type":"MultiPolygon","coordinates":[[[[126.45809292835315,33.482052808228936],[126.45808213045342,33.48295462636351],[126.45915833698287,33.48296367010393],[126.45916912373426,33.48206185166176],[126.45809292835315,33.482052808228936]]]]}},{"type":"Feature","properties":{"fid":120404,"gid":149217,"emd_nm":"노형동","signgu_nm":"제주시","cml_fr_idx":1.0,"rank":77172,"anls_id":"50110"},"geometry":{"type":"MultiPolygon","coordinates":[[[[126.49546393052037,33.414717529863005],[126.49545354641,33.41561936834537],[126.49652893418889,33.415628072172204],[126.49653930718739,33.414726233393495],[126.49546393052037,33.414717529863005]]]]}},{"type":"Feature","properties":{"fid":120450,"gid":149314,"emd_nm":"노형동","signgu_nm":"제주시","cml_fr_idx":1.0,"rank":77218,"anls_id":"50110"},"geometry":{"type":"MultiPolygon","coordinates":[[[[126.50197809242734,33.40935856690456],[126.50196777774464,33.41026040796496],[126.50304310162313,33.41026905410696],[126.50305340519682,33.40936721275214],[126.50197809242734,33.40935856690456]]]]}},{"type":"Feature","properties":{"fid":120463,"gid":149332,"emd_nm":"노형동","signgu_nm":"제주시","cml_fr_idx":1.0,"rank":77231,"anls_id":"50110"},"geometry":{"type":"MultiPolygon","coordinates":[[[[126.4658191819951,33.46588312800888],[126.46580847072154,33.46678495071018],[126.46688448000553,33.46679392355335],[126.46689518013955,33.46589210054679],[126.4658191819951,33.46588312800888]]]]}},{"type":"Feature","properties":{"fid":120723,"gid":149825,"emd_nm":"노형동","signgu_nm":"제주시","cml_fr_idx":1.0,"rank":77491,"anls_id":"50110"},"geometry":{"type":"MultiPolygon","coordinates":[[[[126.46350613366005,33.479392472150714],[126.46349539293689,33.48029429222354],[126.46457156841876,33.480303288330646],[126.46458229799497,33.47940146795183],[126.46350613366005,33.479392472150714]]]]}},{"type":"Feature","properties":{"fid":120769,"gid":149905,"emd_nm":"노형동","signgu_nm":"제주시","cml_fr_idx":1.0,"rank":77537,"anls_id":"50110"},"geometry":{"type":"MultiPolygon","coordinates":[[[[126.47227517799762,33.46593682317962],[126.47226453356166,33.4668386477077],[126.47334054569667,33.466847564526184],[126.47335117899293,33.46594573969475],[126.47227517799762,33.46593682317962]]]]}},{"type":"Feature","properties":{"fid":121025,"gid":150351,"emd_nm":"노형동","signgu_nm":"제주시","cml_fr_idx":1.0,"rank":77793,"anls_id":"50110"},"geometry":{"type":"MultiPolygon","coordinates":[[[[126.47439531257311,33.46866012187294],[126.47438468899763,33.46956194660424],[126.47546073550112,33.469570845655916],[126.47547134793538,33.46866902062188],[126.47439531257311,33.46866012187294]]]]}},{"type":"Feature","properties":{"fid":121062,"gid":150417,"emd_nm":"노형동","signgu_nm":"제주시","cml_fr_idx":1.0,"rank":77830,"anls_id":"50110"},"geometry":{"type":"MultiPolygon","coordinates":[[[[126.5140714033409,33.38600516039784],[126.51406122265267,33.38690700816398],[126.51513626287218,33.386915544246925],[126.51514643246408,33.38601369619003],[126.5140714033409,33.38600516039784]]]]}},{"type":"Feature","properties":{"fid":121076,"gid":150462,"emd_nm":"노형동","signgu_nm":"제주시","cml_fr_idx":1.0,"rank":77844,"anls_id":"50110"},"geometry":{"type":"MultiPolygon","coordinates":[[[[126.50305340519682,33.40936721275214],[126.50304310162313,33.41026905410696],[126.50411842596048,33.41027769093107],[126.50412871842515,33.40937584928218],[126.50305340519682,33.40936721275214]]]]}},{"type":"Feature","properties":{"fid":121084,"gid":150478,"emd_nm":"노형동","signgu_nm":"제주시","cml_fr_idx":1.0,"rank":77851,"anls_id":"50110"},"geometry":{"type":"MultiPolygon","coordinates":[[[[126.46138609260132,33.47666899333639],[126.46137533102178,33.47757081319975],[126.46245147210752,33.477579827071274],[126.46246222254165,33.4766780069013],[126.46138609260132,33.47666899333639]]]]}},{"type":"Feature","properties":{"fid":121092,"gid":150491,"emd_nm":"노형동","signgu_nm":"제주시","cml_fr_idx":1.0,"rank":77860,"anls_id":"50110"},"geometry":{"type":"MultiPolygon","coordinates":[[[[126.50099569155351,33.4012333388129],[126.50098536989934,33.402135180785635],[126.50206059335545,33.4021438335932],[126.50207090390508,33.40124199132581],[126.50099569155351,33.4012333388129]]]]}},{"type":"Feature","properties":{"fid":121140,"gid":150570,"emd_nm":"노형동","signgu_nm":"제주시","cml_fr_idx":1.0,"rank":77908,"anls_id":"50110"},"geometry":{"type":"MultiPolygon","coordinates":[[[[126.4732767359762,33.472258510692406],[126.47326609936547,33.47316033458301],[126.47434218996564,33.47316924418543],[126.4743528154332,33.47226741999174],[126.4732767359762,33.472258510692406]]]]}},{"type":"Feature","properties":{"fid":121324,"gid":150936,"emd_nm":"노형동","signgu_nm":"제주시","cml_fr_idx":1.0,"rank":78091,"anls_id":"50110"},"geometry":{"type":"MultiPolygon","coordinates":[[[[126.48866655864444,33.44442565312719],[126.48865609249559,33.44532748539513],[126.4897318444576,33.445336254985264],[126.48974229947838,33.44443442241888],[126.48866655864444,33.44442565312719]]]]}},{"type":"Feature","properties":{"fid":121369,"gid":151027,"emd_nm":"노형동","signgu_nm":"제주시","cml_fr_idx":1.0,"rank":78137,"anls_id":"50110"},"geometry":{"type":"MultiPolygon","coordinates":[[[[126.50527598878317,33.40307157914132],[126.50526571063189,33.403973422022645],[126.50634095813236,33.40398203815697],[126.50635122517802,33.40308019498223],[126.50527598878317,33.40307157914132]]]]}},{"type":"Feature","properties":{"fid":121443,"gid":151163,"emd_nm":"노형동","signgu_nm":"제주시","cml_fr_idx":1.0,"rank":78211,"anls_id":"50110"},"geometry":{"type":"MultiPolygon","coordinates":[[[[126.50520403211178,33.40938447649465],[126.50519375075616,33.41028631843731],[126.50626907600969,33.41029493662566],[126.50627934625624,33.40939309438954],[126.50520403211178,33.40938447649465]]]]}},{"type":"Feature","properties":{"fid":121527,"gid":151339,"emd_nm":"노형동","signgu_nm":"제주시","cml_fr_idx":1.0,"rank":78295,"anls_id":"50110"},"geometry":{"type":"MultiPolygon","coordinates":[[[[126.49980679400514,33.41114492806399],[126.49979645618383,33.412046768266386],[126.5008718013626,33.41205543363415],[126.50088212807395,33.4111535931367],[126.49980679400514,33.41114492806399]]]]}},{"type":"Feature","properties":{"fid":121537,"gid":151366,"emd_nm":"노형동","signgu_nm":"제주시","cml_fr_idx":1.0,"rank":78305,"anls_id":"50110"},"geometry":{"type":"MultiPolygon","coordinates":[[[[126.48647312195317,33.44801541242932],[126.48646263168007,33.448917243562306],[126.48753842722664,33.448926033008945],[126.48754890636974,33.44802420157685],[126.48647312195317,33.44801541242932]]]]}},{"type":"Feature","properties":{"fid":121594,"gid":151458,"emd_nm":"노형동","signgu_nm":"제주시","cml_fr_idx":1.0,"rank":78362,"anls_id":"50110"},"geometry":{"type":"MultiPolygon","coordinates":[[[[126.49656005179872,33.412922555433596],[126.49654967972398,33.41382439448062],[126.49762504574151,33.41383308839574],[126.49763540670534,33.4129312490527],[126.49656005179872,33.412922555433596]]]]}},{"type":"Feature","properties":{"fid":121632,"gid":151539,"emd_nm":"노형동","signgu_nm":"제주시","cml_fr_idx":1.0,"rank":78399,"anls_id":"50110"},"geometry":{"type":"MultiPolygon","coordinates":[[[[126.49995147517693,33.39851915114739],[126.49994114379857,33.39942099322747],[126.50101633348298,33.3994296544651],[126.50102665375832,33.39852781209005],[126.49995147517693,33.39851915114739]]]]}},{"type":"Feature","properties":{"fid":121745,"gid":151777,"emd_nm":"노형동","signgu_nm":"제주시","cml_fr_idx":1.0,"rank":78513,"anls_id":"50110"},"geometry":{"type":"MultiPolygon","coordinates":[[[[126.49764576720783,33.4120294095755],[126.49763540670534,33.4129312490527],[126.49871076207333,33.412939933353044],[126.49872111146541,33.41203809358018],[126.49764576720783,33.4120294095755]]]]}},{"type":"Feature","properties":{"fid":121958,"gid":152156,"emd_nm":"노형동","signgu_nm":"제주시","cml_fr_idx":1.0,"rank":78726,"anls_id":"50110"},"geometry":{"type":"MultiPolygon","coordinates":[[[[126.47438468899763,33.46956194660424],[126.47437406494917,33.47046377120113],[126.47545012259437,33.47047267055555],[126.47546073550112,33.469570845655916],[126.47438468899763,33.46956194660424]]]]}},{"type":"Feature","properties":{"fid":122006,"gid":152236,"emd_nm":"노형동","signgu_nm":"제주시","cml_fr_idx":1.0,"rank":78774,"anls_id":"50110"},"geometry":{"type":"MultiPolygon","coordinates":[[[[126.50751874494135,33.39497220426424],[126.50750849311092,33.39587404893867],[126.50858364159234,33.39588264380686],[126.50859388232162,33.394980798839725],[126.50751874494135,33.39497220426424]]]]}},{"type":"Feature","properties":{"fid":122030,"gid":152273,"emd_nm":"노형동","signgu_nm":"제주시","cml_fr_idx":1.0,"rank":78798,"anls_id":"50110"},"geometry":{"type":"MultiPolygon","coordinates":[[[[126.49886595457424,33.39941232267582],[126.49885561163227,33.40031416432652],[126.49993081196011,33.400322835173455],[126.49994114379857,33.39942099322747],[126.49886595457424,33.39941232267582]]]]}},{"type":"Feature","properties":{"fid":122073,"gid":152355,"emd_nm":"노형동","signgu_nm":"제주시","cml_fr_idx":1.0,"rank":78840,"anls_id":"50110"},"geometry":{"type":"MultiPolygon","coordinates":[[[[126.48558628332452,33.43177363598488],[126.48557579033461,33.432675469235384],[126.48665138514994,33.43268426262469],[126.48666186701874,33.43178242907487],[126.48558628332452,33.43177363598488]]]]}},{"type":"Feature","properties":{"fid":122088,"gid":152380,"emd_nm":"노형동","signgu_nm":"제주시","cml_fr_idx":1.0,"rank":78856,"anls_id":"50110"},"geometry":{"type":"MultiPolygon","coordinates":[[[[126.47777163270457,33.456061217056885],[126.47776104915184,33.456963044576526],[126.47883694113882,33.45697191138831],[126.47884751355726,33.45607008356698],[126.47777163270457,33.456061217056885]]]]}},{"type":"Feature","properties":{"fid":122146,"gid":152488,"emd_nm":"노형동","signgu_nm":"제주시","cml_fr_idx":1.0,"rank":78913,"anls_id":"50110"},"geometry":{"type":"MultiPolygon","coordinates":[[[[126.49326114226982,33.41920928294582],[126.49325073361862,33.420111120163654],[126.49432617603867,33.420119844114794],[126.49433657357557,33.419218006599955],[126.49326114226982,33.41920928294582]]]]}},{"type":"Feature","properties":{"fid":122164,"gid":152528,"emd_nm":"노형동","signgu_nm":"제주시","cml_fr_idx":1.0,"rank":78932,"anls_id":"50110"},"geometry":{"type":"MultiPolygon","coordinates":[[[[126.46793911034928,33.46860653327879],[126.46792841992705,33.469508356186985],[126.46900446358511,33.469517311269215],[126.46901514286625,33.46861548805637],[126.46793911034928,33.46860653327879]]]]}},{"type":"Feature","properties":{"fid":122213,"gid":152625,"emd_nm":"노형동","signgu_nm":"제주시","cml_fr_idx":1.0,"rank":78981,"anls_id":"50110"},"geometry":{"type":"MultiPolygon","coordinates":[[[[126.49109985016948,33.42009364429769],[126.49108941882528,33.420995480786345],[126.49216487143259,33.421004223677585],[126.49217529166205,33.420102386891266],[126.49109985016948,33.42009364429769]]]]}},{"type":"Feature","properties":{"fid":122220,"gid":152640,"emd_nm":"노형동","signgu_nm":"제주시","cml_fr_idx":1.0,"rank":78988,"anls_id":"50110"},"geometry":{"type":"MultiPolygon","coordinates":[[[[126.52164712501447,33.381555464460945],[126.52163702425051,33.382457314925524],[126.5227120121524,33.3824657843972],[126.52272210182232,33.38156393364411],[126.52164712501447,33.381555464460945]]]]}},{"type":"Feature","properties":{"fid":122294,"gid":152777,"emd_nm":"노형동","signgu_nm":"제주시","cml_fr_idx":1.0,"rank":79062,"anls_id":"50110"},"geometry":{"type":"MultiPolygon","coordinates":[[[[126.50533764808,33.39766051903763],[126.50532737267456,33.39856236272344],[126.50640255354884,33.39857097709741],[126.50641281785165,33.39766913311822],[126.50533764808,33.39766051903763]]]]}},{"type":"Feature","properties":{"fid":122327,"gid":152831,"emd_nm":"노형동","signgu_nm":"제주시","cml_fr_idx":1.0,"rank":79095,"anls_id":"50110"},"geometry":{"type":"MultiPolygon","coordinates":[[[[126.4889489685783,33.420076131146885],[126.48893851500468,33.420977967039306],[126.49001396668247,33.42098672857359],[126.4900244091414,33.42008489238288],[126.4889489685783,33.420076131146885]]]]}},{"type":"Feature","properties":{"fid":122371,"gid":152910,"emd_nm":"노형동","signgu_nm":"제주시","cml_fr_idx":1.0,"rank":79139,"anls_id":"50110"},"geometry":{"type":"MultiPolygon","coordinates":[[[[126.4820435404838,33.458802112865285],[126.48203300006065,33.45970394118684],[126.48310892733379,33.45971277156358],[126.48311945662105,33.45881094294158],[126.4820435404838,33.458802112865285]]]]}},{"type":"Feature","properties":{"fid":122379,"gid":152926,"emd_nm":"노형동","signgu_nm":"제주시","cml_fr_idx":1.0,"rank":79147,"anls_id":"50110"},"geometry":{"type":"MultiPolygon","coordinates":[[[[126.49987914586589,33.40483204289164],[126.49986881126654,33.40573388403293],[126.50094407868602,33.40574254733548],[126.50095440217888,33.40484070589919],[126.49987914586589,33.40483204289164]]]]}},{"type":"Feature","properties":{"fid":122614,"gid":153373,"emd_nm":"노형동","signgu_nm":"제주시","cml_fr_idx":1.0,"rank":79381,"anls_id":"50110"},"geometry":{"type":"MultiPolygon","coordinates":[[[[126.51295560480932,33.38960400439239],[126.51294541120906,33.39050585133138],[126.51402049536553,33.39051439788844],[126.51403067786745,33.38961255065834],[126.51295560480932,33.38960400439239]]]]}},{"type":"Feature","properties":{"fid":122623,"gid":153393,"emd_nm":"노형동","signgu_nm":"제주시","cml_fr_idx":1.0,"rank":79391,"anls_id":"50110"},"geometry":{"type":"MultiPolygon","coordinates":[[[[126.4592769648391,33.473043659842276],[126.45926618288904,33.473945479629464],[126.46034227843747,33.47395451095436],[126.46035304924412,33.47305269085995],[126.4592769648391,33.473043659842276]]]]}},{"type":"Feature","properties":{"fid":122717,"gid":153560,"emd_nm":"노형동","signgu_nm":"제주시","cml_fr_idx":1.0,"rank":79485,"anls_id":"50110"},"geometry":{"type":"MultiPolygon","coordinates":[[[[126.49654967972398,33.41382439448062],[126.49653930718739,33.414726233393495],[126.49761468431629,33.41473492760462],[126.49762504574151,33.41383308839574],[126.49654967972398,33.41382439448062]]]]}},{"type":"Feature","properties":{"fid":122861,"gid":153851,"emd_nm":"노형동","signgu_nm":"제주시","cml_fr_idx":1.0,"rank":79629,"anls_id":"50110"},"geometry":{"type":"MultiPolygon","coordinates":[[[[126.47986002012215,33.46148990746453],[126.47984945601634,33.4623917347812],[126.48092541576088,33.46240058473134],[126.48093596872936,33.461498757113574],[126.47986002012215,33.46148990746453]]]]}},{"type":"Feature","properties":{"fid":122905,"gid":153919,"emd_nm":"노형동","signgu_nm":"제주시","cml_fr_idx":1.0,"rank":79673,"anls_id":"50110"},"geometry":{"type":"MultiPolygon","coordinates":[[[[126.50306370831171,33.408465371263226],[126.50305340519682,33.40936721275214],[126.50412871842515,33.40937584928218],[126.50413901043149,33.40847400749917],[126.50306370831171,33.408465371263226]]]]}},{"type":"Feature","properties":{"fid":123058,"gid":154208,"emd_nm":"노형동","signgu_nm":"제주시","cml_fr_idx":1.0,"rank":79826,"anls_id":"50110"},"geometry":{"type":"MultiPolygon","coordinates":[[[[126.49992047966154,33.40122467698532],[126.49991014690286,33.402126518663074],[126.50098536989934,33.402135180785635],[126.50099569155351,33.4012333388129],[126.49992047966154,33.40122467698532]]]]}},{"type":"Feature","properties":{"fid":123082,"gid":154251,"emd_nm":"노형동","signgu_nm":"제주시","cml_fr_idx":1.0,"rank":79850,"anls_id":"50110"},"geometry":{"type":"MultiPolygon","coordinates":[[[[126.49982746826673,33.40934124725682],[126.49981713136607,33.410243087727466],[126.50089245432545,33.41025175250514],[126.50090278011712,33.40934991173945],[126.49982746826673,33.40934124725682]]]]}},{"type":"Feature","properties":{"fid":123112,"gid":154308,"emd_nm":"노형동","signgu_nm":"제주시","cml_fr_idx":1.0,"rank":79879,"anls_id":"50110"},"geometry":{"type":"MultiPolygon","coordinates":[[[[126.48574362211826,33.41824612111785],[126.4857331361345,33.419147956381984],[126.48680856418557,33.41915674528225],[126.48681903905565,33.418254909718904],[126.48574362211826,33.41824612111785]]]]}},{"type":"Feature","properties":{"fid":123131,"gid":154342,"emd_nm":"노형동","signgu_nm":"제주시","cml_fr_idx":1.0,"rank":79899,"anls_id":"50110"},"geometry":{"type":"MultiPolygon","coordinates":[[[[126.50196777774464,33.41026040796496],[126.50195746260262,33.411162248891266],[126.50303279759062,33.41117089532765],[126.50304310162313,33.41026905410696],[126.50196777774464,33.41026040796496]]]]}},{"type":"Feature","properties":{"fid":123143,"gid":154363,"emd_nm":"노형동","signgu_nm":"제주시","cml_fr_idx":1.0,"rank":79911,"anls_id":"50110"},"geometry":{"type":"MultiPolygon","coordinates":[[[[126.50646413250983,33.39315991121127],[126.50645387049224,33.3940617558608],[126.50752899631529,33.39407035945576],[126.50753924723269,33.39316851451321],[126.50646413250983,33.39315991121127]]]]}},{"type":"Feature","properties":{"fid":123181,"gid":154448,"emd_nm":"노형동","signgu_nm":"제주시","cml_fr_idx":1.0,"rank":79949,"anls_id":"50110"},"geometry":{"type":"MultiPolygon","coordinates":[[[[126.4765367824771,33.4695797353691],[126.47652618071207,33.47048156057118],[126.47760223930179,33.47049044124799],[126.4776128299251,33.46958861574381],[126.4765367824771,33.4695797353691]]]]}},{"type":"Feature","properties":{"fid":123269,"gid":154608,"emd_nm":"노형동","signgu_nm":"제주시","cml_fr_idx":1.0,"rank":80036,"anls_id":"50110"},"geometry":{"type":"MultiPolygon","coordinates":[[[[126.48438461989161,33.44258682011818],[126.48437411016661,33.44348865145776],[126.48544983800608,33.44349745776867],[126.48546033660406,33.44259562612938],[126.48438461989161,33.44258682011818]]]]}},{"type":"Feature","properties":{"fid":123281,"gid":154631,"emd_nm":"노형동","signgu_nm":"제주시","cml_fr_idx":1.0,"rank":80049,"anls_id":"50110"},"geometry":{"type":"MultiPolygon","coordinates":[[[[126.50429333554175,33.394946364662744],[126.50428305040784,33.3958482084571],[126.50535819751815,33.39585683126378],[126.50536847155092,33.394954987175744],[126.50429333554175,33.394946364662744]]]]}},{"type":"Feature","properties":{"fid":123286,"gid":154637,"emd_nm":"노형동","signgu_nm":"제주시","cml_fr_idx":1.0,"rank":80054,"anls_id":"50110"},"geometry":{"type":"MultiPolygon","coordinates":[[[[126.50746748122347,33.399481426295765],[126.50745722711012,33.40038327029988],[126.50853243110491,33.400391866631765],[126.50854267411462,33.399490022334895],[126.50746748122347,33.399481426295765]]]]}},{"type":"Feature","properties":{"fid":123358,"gid":154769,"emd_nm":"노형동","signgu_nm":"제주시","cml_fr_idx":1.0,"rank":80125,"anls_id":"50110"},"geometry":{"type":"MultiPolygon","coordinates":[[[[126.52276245600892,33.37795652929229],[126.52275236813618,33.37885838058116],[126.52382731211421,33.37886683959183],[126.52383738889486,33.37796498801479],[126.52276245600892,33.37795652929229]]]]}},{"type":"Feature","properties":{"fid":123359,"gid":154771,"emd_nm":"노형동","signgu_nm":"제주시","cml_fr_idx":1.0,"rank":80127,"anls_id":"50110"},"geometry":{"type":"MultiPolygon","coordinates":[[[[126.49329236544261,33.416503770487246],[126.49328195818178,33.41740560810763],[126.49435736726045,33.41741433116777],[126.49436776340848,33.416512493250394],[126.49329236544261,33.416503770487246]]]]}},{"type":"Feature","properties":{"fid":123444,"gid":154943,"emd_nm":"노형동","signgu_nm":"제주시","cml_fr_idx":1.0,"rank":80212,"anls_id":"50110"},"geometry":{"type":"MultiPolygon","coordinates":[[[[126.48527129030144,33.45882857508989],[126.485260783286,33.45973040431183],[126.4863367119641,33.4597392066833],[126.48634720784361,33.458837377161856],[126.48527129030144,33.45882857508989]]]]}},{"type":"Feature","properties":{"fid":123470,"gid":154986,"emd_nm":"노형동","signgu_nm":"제주시","cml_fr_idx":1.0,"rank":80238,"anls_id":"50110"},"geometry":{"type":"MultiPolygon","coordinates":[[[[126.5140815835758,33.38510331249771],[126.5140714033409,33.38600516039784],[126.51514643246408,33.38601369619003],[126.51515660160311,33.385111847999134],[126.5140815835758,33.38510331249771]]]]}},{"type":"Feature","properties":{"fid":123472,"gid":154990,"emd_nm":"노형동","signgu_nm":"제주시","cml_fr_idx":1.0,"rank":80240,"anls_id":"50110"},"geometry":{"type":"MultiPolygon","coordinates":[[[[126.48083041789816,33.47051702724547],[126.48081986023014,33.47141885351971],[126.48189593184533,33.471427697142005],[126.48190647837104,33.47052587056693],[126.48083041789816,33.47051702724547]]]]}},{"type":"Feature","properties":{"fid":123483,"gid":155004,"emd_nm":"노형동","signgu_nm":"제주시","cml_fr_idx":1.0,"rank":80251,"anls_id":"50110"},"geometry":{"type":"MultiPolygon","coordinates":[[[[126.49986881126654,33.40573388403293],[126.49985847620697,33.40663572504009],[126.50093375473344,33.40664438863765],[126.50094407868602,33.40574254733548],[126.49986881126654,33.40573388403293]]]]}},{"type":"Feature","properties":{"fid":123527,"gid":155080,"emd_nm":"노형동","signgu_nm":"제주시","cml_fr_idx":1.0,"rank":80294,"anls_id":"50110"},"geometry":{"type":"MultiPolygon","coordinates":[[[[126.47450152231714,33.4596418671686],[126.47449090347057,33.46054369324376],[126.47556683858436,33.46055258926834],[126.47557744629468,33.459650762890504],[126.47450152231714,33.4596418671686]]]]}},{"type":"Feature","properties":{"fid":123759,"gid":155506,"emd_nm":"노형동","signgu_nm":"제주시","cml_fr_idx":1.0,"rank":80527,"anls_id":"50110"},"geometry":{"type":"MultiPolygon","coordinates":[[[[126.47443780214535,33.46505282160384],[126.47442718046166,33.4659546468727],[126.47550318240333,33.46596354471347],[126.4755137929478,33.46506171914189],[126.47443780214535,33.46505282160384]]]]}},{"type":"Feature","properties":{"fid":123851,"gid":155674,"emd_nm":"노형동","signgu_nm":"제주시","cml_fr_idx":1.0,"rank":80619,"anls_id":"50110"},"geometry":{"type":"MultiPolygon","coordinates":[[[[126.49231071242897,33.40837849645826],[126.49230029822988,33.40928033498895],[126.49337560684783,33.409289064693844],[126.49338600993859,33.40838722586591],[126.49231071242897,33.40837849645826]]]]}},{"type":"Feature","properties":{"fid":123916,"gid":155785,"emd_nm":"노형동","signgu_nm":"제주시","cml_fr_idx":1.0,"rank":80684,"anls_id":"50110"},"geometry":{"type":"MultiPolygon","coordinates":[[[[126.48901168024587,33.414665112974],[126.48900122946478,33.41556694967166],[126.49007661446176,33.41557570941633],[126.49008705413111,33.41467387242042],[126.48901168024587,33.414665112974]]]]}},{"type":"Feature","properties":{"fid":124024,"gid":155979,"emd_nm":"노형동","signgu_nm":"제주시","cml_fr_idx":1.0,"rank":80792,"anls_id":"50110"},"geometry":{"type":"MultiPolygon","coordinates":[[[[126.50426247876592,33.3976518956436],[126.50425219225788,33.39855373903571],[126.50532737267456,33.39856236272344],[126.50533764808,33.39766051903763],[126.50426247876592,33.3976518956436]]]]}},{"type":"Feature","properties":{"fid":124055,"gid":156034,"emd_nm":"노형동","signgu_nm":"제주시","cml_fr_idx":1.0,"rank":80823,"anls_id":"50110"},"geometry":{"type":"MultiPolygon","coordinates":[[[[126.51296579795563,33.38870215731936],[126.51295560480932,33.38960400439239],[126.51403067786745,33.38961255065834],[126.51404085991595,33.38871070329422],[126.51296579795563,33.38870215731936]]]]}},{"type":"Feature","properties":{"fid":124283,"gid":156468,"emd_nm":"노형동","signgu_nm":"제주시","cml_fr_idx":1.0,"rank":81051,"anls_id":"50110"},"geometry":{"type":"MultiPolygon","coordinates":[[[[126.48549182959341,33.43989013040589],[126.48548133239773,33.440791962447996],[126.48655702732505,33.44080075853138],[126.48656751339522,33.4398989261899],[126.48549182959341,33.43989013040589]]]]}},{"type":"Feature","properties":{"fid":124331,"gid":156564,"emd_nm":"노형동","signgu_nm":"제주시","cml_fr_idx":1.0,"rank":81099,"anls_id":"50110"},"geometry":{"type":"MultiPolygon","coordinates":[[[[126.49659116525186,33.41021703748756],[126.49658079456265,33.41111887693707],[126.49765612724897,33.411127569964165],[126.49766648682878,33.41022573021866],[126.49659116525186,33.41021703748756]]]]}},{"type":"Feature","properties":{"fid":124366,"gid":156633,"emd_nm":"노형동","signgu_nm":"제주시","cml_fr_idx":1.0,"rank":81134,"anls_id":"50110"},"geometry":{"type":"MultiPolygon","coordinates":[[[[126.51621130354461,33.386924071020104],[126.51620114459668,33.38782591923345],[126.51727619681841,33.38783443698697],[126.51728634466943,33.3869325884835],[126.51621130354461,33.386924071020104]]]]}},{"type":"Feature","properties":{"fid":124402,"gid":156697,"emd_nm":"노형동","signgu_nm":"제주시","cml_fr_idx":1.0,"rank":81170,"anls_id":"50110"},"geometry":{"type":"MultiPolygon","coordinates":[[[[126.48564923145308,33.42636263366261],[126.48563874126619,33.42726446771863],[126.4867142693624,33.42727325931215],[126.4867247484312,33.42637142495686],[126.48564923145308,33.42636263366261]]]]}},{"type":"Feature","properties":{"fid":124622,"gid":157113,"emd_nm":"노형동","signgu_nm":"제주시","cml_fr_idx":1.0,"rank":81390,"anls_id":"50110"},"geometry":{"type":"MultiPolygon","coordinates":[[[[126.486745705169,33.42456775584361],[126.48673522703339,33.42546959046736],[126.48781073336048,33.42547837213927],[126.48782120037895,33.42457653721658],[126.486745705169,33.42456775584361]]]]}},{"type":"Feature","properties":{"fid":124658,"gid":157193,"emd_nm":"노형동","signgu_nm":"제주시","cml_fr_idx":1.0,"rank":81426,"anls_id":"50110"},"geometry":{"type":"MultiPolygon","coordinates":[[[[126.50745722711012,33.40038327029988],[126.50744697254011,33.40128511416992],[126.50852218763906,33.40129371079457],[126.50853243110491,33.400391866631765],[126.50745722711012,33.40038327029988]]]]}},{"type":"Feature","properties":{"fid":124718,"gid":157314,"emd_nm":"노형동","signgu_nm":"제주시","cml_fr_idx":1.0,"rank":81486,"anls_id":"50110"},"geometry":{"type":"MultiPolygon","coordinates":[[[[126.49219613072901,33.41829871291608],[126.49218571142752,33.419200549970775],[126.49326114226982,33.41920928294582],[126.49327155045754,33.41830744559381],[126.49219613072901,33.41829871291608]]]]}},{"type":"Feature","properties":{"fid":124828,"gid":157500,"emd_nm":"노형동","signgu_nm":"제주시","cml_fr_idx":1.0,"rank":81596,"anls_id":"50110"},"geometry":{"type":"MultiPolygon","coordinates":[[[[126.50531709681155,33.399464206275184],[126.5053068204909,33.40036604969284],[126.50638202357194,33.40037466465356],[126.50639228878894,33.39947282094252],[126.50531709681155,33.399464206275184]]]]}},{"type":"Feature","properties":{"fid":125108,"gid":158024,"emd_nm":"노형동","signgu_nm":"제주시","cml_fr_idx":1.0,"rank":81876,"anls_id":"50110"},"geometry":{"type":"MultiPolygon","coordinates":[[[[126.503125517367,33.40305431951344],[126.50311521700459,33.403956161807],[126.50419046358915,33.40396479657266],[126.50420075284597,33.40306295398505],[126.503125517367,33.40305431951344]]]]}},{"type":"Feature","properties":{"fid":125209,"gid":158203,"emd_nm":"노형동","signgu_nm":"제주시","cml_fr_idx":1.0,"rank":81977,"anls_id":"50110"},"geometry":{"type":"MultiPolygon","coordinates":[[[[126.49762504574151,33.41383308839574],[126.49761468431629,33.41473492760462],[126.49869006190657,33.41474361249638],[126.49870041222039,33.41384177299178],[126.49762504574151,33.41383308839574]]]]}},{"type":"Feature","properties":{"fid":125249,"gid":158270,"emd_nm":"노형동","signgu_nm":"제주시","cml_fr_idx":1.0,"rank":82017,"anls_id":"50110"},"geometry":{"type":"MultiPolygon","coordinates":[[[[126.46133227991204,33.48117809130832],[126.46132151593663,33.48207991049923],[126.46239771275692,33.482088925903874],[126.46240846558443,33.48118710640632],[126.46133227991204,33.48117809130832]]]]}},{"type":"Feature","properties":{"fid":125292,"gid":158346,"emd_nm":"노형동","signgu_nm":"제주시","cml_fr_idx":1.0,"rank":82060,"anls_id":"50110"},"geometry":{"type":"MultiPolygon","coordinates":[[[[126.50302249309927,33.41207273641423],[126.50301218814901,33.4129745773667],[126.5040875458164,33.412983215073105],[126.50409783965611,33.412081373826545],[126.50302249309927,33.41207273641423]]]]}},{"type":"Feature","properties":{"fid":125300,"gid":158363,"emd_nm":"노형동","signgu_nm":"제주시","cml_fr_idx":1.0,"rank":82068,"anls_id":"50110"},"geometry":{"type":"MultiPolygon","coordinates":[[[[126.50094407868602,33.40574254733548],[126.50093375473344,33.40664438863765],[126.50200903371963,33.40665304291865],[126.5020193465652,33.40575120132178],[126.50094407868602,33.40574254733548]]]]}},{"type":"Feature","properties":{"fid":125411,"gid":158561,"emd_nm":"노형동","signgu_nm":"제주시","cml_fr_idx":1.0,"rank":82179,"anls_id":"50110"},"geometry":{"type":"MultiPolygon","coordinates":[[[[126.48522925943267,33.46243589117174],[126.48521875054584,33.463337719856405],[126.48629472377264,33.46334652342591],[126.48630522152158,33.46244469444172],[126.48522925943267,33.46243589117174]]]]}},{"type":"Feature","properties":{"fid":125488,"gid":158709,"emd_nm":"노형동","signgu_nm":"제주시","cml_fr_idx":1.0,"rank":82255,"anls_id":"50110"},"geometry":{"type":"MultiPolygon","coordinates":[[[[126.48553381370252,33.43628280089475],[126.48552331837625,33.43718463347395],[126.48659896880442,33.437193428359905],[126.4866094530071,33.436291595481364],[126.48553381370252,33.43628280089475]]]]}},{"type":"Feature","properties":{"fid":125576,"gid":158877,"emd_nm":"노형동","signgu_nm":"제주시","cml_fr_idx":1.0,"rank":82344,"anls_id":"50110"},"geometry":{"type":"MultiPolygon","coordinates":[[[[126.47000581743765,33.475839017869355],[126.4699951454972,33.476740840311095],[126.47107127925253,33.47674977914882],[126.4710819400479,33.47584795640302],[126.47000581743765,33.475839017869355]]]]}},{"type":"Feature","properties":{"fid":125657,"gid":159025,"emd_nm":"노형동","signgu_nm":"제주시","cml_fr_idx":1.0,"rank":82425,"anls_id":"50110"},"geometry":{"type":"MultiPolygon","coordinates":[[[[126.48790491974992,33.417361853002966],[126.48789445645946,33.41826368899943],[126.48896987432917,33.41827245895942],[126.48898032650646,33.41737062266437],[126.48790491974992,33.417361853002966]]]]}},{"type":"Feature","properties":{"fid":125738,"gid":159174,"emd_nm":"노형동","signgu_nm":"제주시","cml_fr_idx":1.0,"rank":82506,"anls_id":"50110"},"geometry":{"type":"MultiPolygon","coordinates":[[[[126.47767636376392,33.4641776598969],[126.47766577596938,33.465079486207316],[126.47874176818755,33.46508835573467],[126.47875234484331,33.46418652912249],[126.47767636376392,33.4641776598969]]]]}},{"type":"Feature","properties":{"fid":125977,"gid":159614,"emd_nm":"노형동","signgu_nm":"제주시","cml_fr_idx":1.0,"rank":82745,"anls_id":"50110"},"geometry":{"type":"MultiPolygon","coordinates":[[[[126.49115199992363,33.41558445984141],[126.49114157090166,33.41648629700106],[126.49221696794017,33.41649503840413],[126.49222738584987,33.415593200946866],[126.49115199992363,33.41558445984141]]]]}},{"type":"Feature","properties":{"fid":126060,"gid":159775,"emd_nm":"노형동","signgu_nm":"제주시","cml_fr_idx":1.0,"rank":82828,"anls_id":"50110"},"geometry":{"type":"MultiPolygon","coordinates":[[[[126.49884526822972,33.4012160058431],[126.49883492436653,33.40211784722554],[126.49991014690286,33.402126518663074],[126.49992047966154,33.40122467698532],[126.49884526822972,33.4012160058431]]]]}},{"type":"Feature","properties":{"fid":126139,"gid":159907,"emd_nm":"노형동","signgu_nm":"제주시","cml_fr_idx":1.0,"rank":82907,"anls_id":"50110"},"geometry":{"type":"MultiPolygon","coordinates":[[[[126.4690792085693,33.463204545956444],[126.46906853214058,33.46410636997581],[126.47014450943495,33.46411531389379],[126.47015517472552,33.46321348957014],[126.4690792085693,33.463204545956444]]]]}},{"type":"Feature","properties":{"fid":126190,"gid":159986,"emd_nm":"노형동","signgu_nm":"제주시","cml_fr_idx":1.0,"rank":82958,"anls_id":"50110"},"geometry":{"type":"MultiPolygon","coordinates":[[[[126.49217529166205,33.420102386891266],[126.49216487143259,33.421004223677585],[126.49324032450392,33.421012957247285],[126.49325073361862,33.420111120163654],[126.49217529166205,33.420102386891266]]]]}},{"type":"Feature","properties":{"fid":126217,"gid":160036,"emd_nm":"노형동","signgu_nm":"제주시","cml_fr_idx":1.0,"rank":82985,"anls_id":"50110"},"geometry":{"type":"MultiPolygon","coordinates":[[[[126.50422132998516,33.40125926840758],[126.50421104164467,33.40216111126336],[126.50528626647674,33.40216973612591],[126.50529654371266,33.40126789297643],[126.50422132998516,33.40125926840758]]]]}},{"type":"Feature","properties":{"fid":126331,"gid":160236,"emd_nm":"노형동","signgu_nm":"제주시","cml_fr_idx":1.0,"rank":83098,"anls_id":"50110"},"geometry":{"type":"MultiPolygon","coordinates":[[[[126.4910372551363,33.425504661216564],[126.49102682100478,33.426406496899986],[126.49210234031096,33.42641524157724],[126.49211276332478,33.42551340559614],[126.4910372551363,33.425504661216564]]]]}},{"type":"Feature","properties":{"fid":126387,"gid":160345,"emd_nm":"노형동","signgu_nm":"제주시","cml_fr_idx":1.0,"rank":83155,"anls_id":"50110"},"geometry":{"type":"MultiPolygon","coordinates":[[[[126.45807133207296,33.483856444363575],[126.45806053321176,33.48475826222911],[126.45913676203936,33.48476730658473],[126.45914754975125,33.48386548841159],[126.45807133207296,33.483856444363575]]]]}},{"type":"Feature","properties":{"fid":126403,"gid":160370,"emd_nm":"노형동","signgu_nm":"제주시","cml_fr_idx":1.0,"rank":83171,"anls_id":"50110"},"geometry":{"type":"MultiPolygon","coordinates":[[[[126.48304574176441,33.46512374047463],[126.48303520919501,33.4660255681563],[126.48411121490219,33.46603439129904],[126.48412173633218,33.4651325633172],[126.48304574176441,33.46512374047463]]]]}},{"type":"Feature","properties":{"fid":126440,"gid":160437,"emd_nm":"노형동","signgu_nm":"제주시","cml_fr_idx":1.0,"rank":83208,"anls_id":"50110"},"geometry":{"type":"MultiPolygon","coordinates":[[[[126.50315641570224,33.4003487918282],[126.50314611671581,33.40125063452404],[126.50422132998516,33.40125926840758],[126.5042316178675,33.40035742541772],[126.50315641570224,33.4003487918282]]]]}},{"type":"Feature","properties":{"fid":126495,"gid":160561,"emd_nm":"노형동","signgu_nm":"제주시","cml_fr_idx":1.0,"rank":83263,"anls_id":"50110"},"geometry":{"type":"MultiPolygon","coordinates":[[[[126.46253746218052,33.470365261946164],[126.46252671509626,33.471267083057455],[126.46360277865293,33.47127608544393],[126.46361351459524,33.4703742640264],[126.46253746218052,33.470365261946164]]]]}},{"type":"Feature","properties":{"fid":126555,"gid":160655,"emd_nm":"노형동","signgu_nm":"제주시","cml_fr_idx":1.0,"rank":83323,"anls_id":"50110"},"geometry":{"type":"MultiPolygon","coordinates":[[[[126.5010679302642,33.394920441248864],[126.50105761182702,33.395822284160296],[126.50213275756177,33.39583093490535],[126.5021430648979,33.394929091699275],[126.5010679302642,33.394920441248864]]]]}},{"type":"Feature","properties":{"fid":126573,"gid":160685,"emd_nm":"노형동","signgu_nm":"제주시","cml_fr_idx":1.0,"rank":83341,"anls_id":"50110"},"geometry":{"type":"MultiPolygon","coordinates":[[[[126.48532381836199,33.454319426965554],[126.48531331368537,33.45522125685904],[126.4863891866887,33.45523005773308],[126.48639968023186,33.454328227540145],[126.48532381836199,33.454319426965554]]]]}},{"type":"Feature","properties":{"fid":126597,"gid":160717,"emd_nm":"노형동","signgu_nm":"제주시","cml_fr_idx":1.0,"rank":83365,"anls_id":"50110"},"geometry":{"type":"MultiPolygon","coordinates":[[[[126.4788263682497,33.45787373907532],[126.47881579488977,33.45877556662798],[126.47989170961768,33.45878442470847],[126.47990227184225,33.45788259685441],[126.4788263682497,33.45787373907532]]]]}},{"type":"Feature","properties":{"fid":126694,"gid":160869,"emd_nm":"노형동","signgu_nm":"제주시","cml_fr_idx":1.0,"rank":83462,"anls_id":"50110"},"geometry":{"type":"MultiPolygon","coordinates":[[[[126.50207090390508,33.40124199132581],[126.50206059335545,33.4021438335932],[126.50313581727072,33.40215247708579],[126.50314611671581,33.40125063452404],[126.50207090390508,33.40124199132581]]]]}},{"type":"Feature","properties":{"fid":127052,"gid":161501,"emd_nm":"노형동","signgu_nm":"제주시","cml_fr_idx":1.0,"rank":83820,"anls_id":"50110"},"geometry":{"type":"MultiPolygon","coordinates":[[[[126.46790703765465,33.4713120016001],[126.46789634580443,33.47221382410498],[126.46897242288871,33.472222780101184],[126.46898310359636,33.47132095729164],[126.46790703765465,33.4713120016001]]]]}},{"type":"Feature","properties":{"fid":127150,"gid":161668,"emd_nm":"노형동","signgu_nm":"제주시","cml_fr_idx":1.0,"rank":83918,"anls_id":"50110"},"geometry":{"type":"MultiPolygon","coordinates":[[[[126.48417433645605,33.46062342139305],[126.48416381736804,33.46152525004653],[126.48523976785165,33.46153406235275],[126.48525027580276,33.460632233399444],[126.48417433645605,33.46062342139305]]]]}},{"type":"Feature","properties":{"fid":127217,"gid":161800,"emd_nm":"노형동","signgu_nm":"제주시","cml_fr_idx":1.0,"rank":83985,"anls_id":"50110"},"geometry":{"type":"MultiPolygon","coordinates":[[[[126.47124179503473,33.46232059908562],[126.47123114135663,33.46322242384765],[126.47230710846206,33.46323134878898],[126.47231775100249,33.46232952372329],[126.47124179503473,33.46232059908562]]]]}},{"type":"Feature","properties":{"fid":127385,"gid":162097,"emd_nm":"노형동","signgu_nm":"제주시","cml_fr_idx":1.0,"rank":84153,"anls_id":"50110"},"geometry":{"type":"MultiPolygon","coordinates":[[[[126.50525543202292,33.40487526476989],[126.50524515295623,33.405777107383024],[126.50632042266938,33.40578572410419],[126.50633069062947,33.40488388119762],[126.50525543202292,33.40487526476989]]]]}},{"type":"Feature","properties":{"fid":127452,"gid":162213,"emd_nm":"노형동","signgu_nm":"제주시","cml_fr_idx":1.0,"rank":84220,"anls_id":"50110"},"geometry":{"type":"MultiPolygon","coordinates":[[[[126.49106855474334,33.42279915336106],[126.49105812200557,33.423700989447106],[126.49213360796008,33.42370973323132],[126.49214402958162,33.42280789684761],[126.49106855474334,33.42279915336106]]]]}},{"type":"Feature","properties":{"fid":127479,"gid":162253,"emd_nm":"노형동","signgu_nm":"제주시","cml_fr_idx":1.0,"rank":84247,"anls_id":"50110"},"geometry":{"type":"MultiPolygon","coordinates":[[[[126.48084097509614,33.46961520083688],[126.48083041789816,33.47051702724547],[126.48190647837104,33.47052587056693],[126.48191702442722,33.469624043857486],[126.48084097509614,33.46961520083688]]]]}},{"type":"Feature","properties":{"fid":127685,"gid":162621,"emd_nm":"노형동","signgu_nm":"제주시","cml_fr_idx":1.0,"rank":84453,"anls_id":"50110"},"geometry":{"type":"MultiPolygon","coordinates":[[[[126.48620022299676,33.47146297823913],[126.4861897205729,33.47236480588007],[126.48726580567386,33.47237360310553],[126.48727629695482,33.47147177516533],[126.48620022299676,33.47146297823913]]]]}},{"type":"Feature","properties":{"fid":128001,"gid":163184,"emd_nm":"노형동","signgu_nm":"제주시","cml_fr_idx":1.0,"rank":84768,"anls_id":"50110"},"geometry":{"type":"MultiPolygon","coordinates":[[[[126.51729649206854,33.386030739846035],[126.51728634466943,33.3869325884835],[126.51836138624616,33.38694109663711],[126.51837152254886,33.38603924770984],[126.51729649206854,33.386030739846035]]]]}},{"type":"Feature","properties":{"fid":128016,"gid":163214,"emd_nm":"노형동","signgu_nm":"제주시","cml_fr_idx":1.0,"rank":84784,"anls_id":"50110"},"geometry":{"type":"MultiPolygon","coordinates":[[[[126.49328195818178,33.41740560810763],[126.49327155045754,33.41830744559381],[126.49434697064949,33.41831616895096],[126.49435736726045,33.41741433116777],[126.49328195818178,33.41740560810763]]]]}},{"type":"Feature","properties":{"fid":128179,"gid":163515,"emd_nm":"노형동","signgu_nm":"제주시","cml_fr_idx":1.0,"rank":84947,"anls_id":"50110"},"geometry":{"type":"MultiPolygon","coordinates":[[[[126.50325938034577,33.391330357494944],[126.50324908594466,33.39223220153163],[126.50432418819547,33.392240832475196],[126.50433447149744,33.39133898814454],[126.50325938034577,33.391330357494944]]]]}},{"type":"Feature","properties":{"fid":128294,"gid":163731,"emd_nm":"노형동","signgu_nm":"제주시","cml_fr_idx":1.0,"rank":85062,"anls_id":"50110"},"geometry":{"type":"MultiPolygon","coordinates":[[[[126.4679818672789,33.46499924030168],[126.46797117876037,33.4659010637476],[126.46904717785706,33.4659100176113],[126.4690578552365,33.46500819386077],[126.4679818672789,33.46499924030168]]]]}},{"type":"Feature","properties":{"fid":128468,"gid":164063,"emd_nm":"노형동","signgu_nm":"제주시","cml_fr_idx":1.0,"rank":85236,"anls_id":"50110"},"geometry":{"type":"MultiPolygon","coordinates":[[[[126.4636564535848,33.466766977011666],[126.4636457195543,33.467668798967026],[126.46472173902397,33.46767779079088],[126.46473246191448,33.4667759685296],[126.4636564535848,33.466766977011666]]]]}},{"type":"Feature","properties":{"fid":128550,"gid":164198,"emd_nm":"노형동","signgu_nm":"제주시","cml_fr_idx":1.0,"rank":85318,"anls_id":"50110"},"geometry":{"type":"MultiPolygon","coordinates":[[[[126.47335117899293,33.46594573969475],[126.47334054569667,33.466847564526184],[126.47441655830511,33.46685647200717],[126.47442718046166,33.4659546468727],[126.47335117899293,33.46594573969475]]]]}},{"type":"Feature","properties":{"fid":128589,"gid":164276,"emd_nm":"노형동","signgu_nm":"제주시","cml_fr_idx":1.0,"rank":85357,"anls_id":"50110"},"geometry":{"type":"MultiPolygon","coordinates":[[[[126.4955054623381,33.41111017459187],[126.4954950800772,33.4120120136109],[126.49657042341158,33.412020716252414],[126.49658079456265,33.41111887693707],[126.4955054623381,33.41111017459187]]]]}},{"type":"Feature","properties":{"fid":128734,"gid":164536,"emd_nm":"노형동","signgu_nm":"제주시","cml_fr_idx":1.0,"rank":85501,"anls_id":"50110"},"geometry":{"type":"MultiPolygon","coordinates":[[[[126.48555480295312,33.434479135333596],[126.48554430856147,33.43538096818131],[126.48661993674298,33.43538976246858],[126.48663042001206,33.434487929321534],[126.48555480295312,33.434479135333596]]]]}},{"type":"Feature","properties":{"fid":128775,"gid":164612,"emd_nm":"노형동","signgu_nm":"제주시","cml_fr_idx":1.0,"rank":85543,"anls_id":"50110"},"geometry":{"type":"MultiPolygon","coordinates":[[[[126.48529230292893,33.45702491624307],[126.48528179684908,33.45792674573363],[126.48635770325578,33.457935547506125],[126.48636819820068,33.45703371771609],[126.48529230292893,33.45702491624307]]]]}},{"type":"Feature","properties":{"fid":128784,"gid":164630,"emd_nm":"노형동","signgu_nm":"제주시","cml_fr_idx":1.0,"rank":85551,"anls_id":"50110"},"geometry":{"type":"MultiPolygon","coordinates":[[[[126.4669272776833,33.46318663072055],[126.4669165789784,33.46408845413039],[126.46799255532156,33.46409741672134],[126.46800324288839,33.463195593006574],[126.4669272776833,33.46318663072055]]]]}},{"type":"Feature","properties":{"fid":128826,"gid":164711,"emd_nm":"노형동","signgu_nm":"제주시","cml_fr_idx":1.0,"rank":85593,"anls_id":"50110"},"geometry":{"type":"MultiPolygon","coordinates":[[[[126.46125692201964,33.48749082282016],[126.46124615468919,33.488392641069545],[126.46232242955868,33.48840165862081],[126.46233318573776,33.48749984006474],[126.46125692201964,33.48749082282016]]]]}},{"type":"Feature","properties":{"fid":128870,"gid":164800,"emd_nm":"노형동","signgu_nm":"제주시","cml_fr_idx":1.0,"rank":85638,"anls_id":"50110"},"geometry":{"type":"MultiPolygon","coordinates":[[[[126.51297599064803,33.38780031011233],[126.51296579795563,33.38870215731936],[126.51404085991595,33.38871070329422],[126.51405104151101,33.3878088557961],[126.51297599064803,33.38780031011233]]]]}},{"type":"Feature","properties":{"fid":128879,"gid":164810,"emd_nm":"노형동","signgu_nm":"제주시","cml_fr_idx":1.0,"rank":85647,"anls_id":"50110"},"geometry":{"type":"MultiPolygon","coordinates":[[[[126.48761177143084,33.44261321016455],[126.4876012950869,33.44351504240228],[126.48867702432727,33.44352382072496],[126.48868748954412,33.44262198818848],[126.48761177143084,33.44261321016455]]]]}},{"type":"Feature","properties":{"fid":128964,"gid":164961,"emd_nm":"노형동","signgu_nm":"제주시","cml_fr_idx":1.0,"rank":85732,"anls_id":"50110"},"geometry":{"type":"MultiPolygon","coordinates":[[[[126.51083610471639,33.3868813440567],[126.51082589028428,33.38778319081462],[126.51190094023896,33.3877917551185],[126.51191114357428,33.38688990806886],[126.51083610471639,33.3868813440567]]]]}},{"type":"Feature","properties":{"fid":129003,"gid":165031,"emd_nm":"노형동","signgu_nm":"제주시","cml_fr_idx":1.0,"rank":85771,"anls_id":"50110"},"geometry":{"type":"MultiPolygon","coordinates":[[[[126.49118328420332,33.41287894755734],[126.49117285657444,33.413780785119556],[126.49224822027762,33.41378952562979],[126.49225863679571,33.41288768776998],[126.49118328420332,33.41287894755734]]]]}},{"type":"Feature","properties":{"fid":129030,"gid":165070,"emd_nm":"노형동","signgu_nm":"제주시","cml_fr_idx":1.0,"rank":85798,"anls_id":"50110"},"geometry":{"type":"MultiPolygon","coordinates":[[[[126.47113523690581,33.47133884065762],[126.47112457848337,33.472240664075535],[126.47220065699274,33.472249592053664],[126.47221130427258,33.47134776833202],[126.47113523690581,33.47133884065762]]]]}},{"type":"Feature","properties":{"fid":129061,"gid":165125,"emd_nm":"노형동","signgu_nm":"제주시","cml_fr_idx":1.0,"rank":85829,"anls_id":"50110"},"geometry":{"type":"MultiPolygon","coordinates":[[[[126.50434475434152,33.39043714367982],[126.50433447149744,33.39133898814454],[126.50540956310707,33.39134760948292],[126.50541983485245,33.390445764724554],[126.50434475434152,33.39043714367982]]]]}},{"type":"Feature","properties":{"fid":129125,"gid":165241,"emd_nm":"노형동","signgu_nm":"제주시","cml_fr_idx":1.0,"rank":85893,"anls_id":"50110"},"geometry":{"type":"MultiPolygon","coordinates":[[[[126.48195920395682,33.46601673567626],[126.48194865977862,33.4669185629231],[126.48302467615669,33.466927395703635],[126.48303520919501,33.4660255681563],[126.48195920395682,33.46601673567626]]]]}},{"type":"Feature","properties":{"fid":129155,"gid":165285,"emd_nm":"노형동","signgu_nm":"제주시","cml_fr_idx":1.0,"rank":85923,"anls_id":"50110"},"geometry":{"type":"MultiPolygon","coordinates":[[[[126.51844246402972,33.379726301467635],[126.51843233088638,33.38062815133273],[126.51950729524982,33.38063664815022],[126.51951741730016,33.37973479799569],[126.51844246402972,33.379726301467635]]]]}},{"type":"Feature","properties":{"fid":129405,"gid":165764,"emd_nm":"노형동","signgu_nm":"제주시","cml_fr_idx":1.0,"rank":86172,"anls_id":"50110"},"geometry":{"type":"MultiPolygon","coordinates":[[[[126.48882349496772,33.430898152997294],[126.48881303580687,33.431799987279],[126.48988862089978,33.431808752393124],[126.48989906893998,33.430906917813054],[126.48882349496772,33.430898152997294]]]]}},{"type":"Feature","properties":{"fid":129447,"gid":165838,"emd_nm":"노형동","signgu_nm":"제주시","cml_fr_idx":1.0,"rank":86215,"anls_id":"50110"},"geometry":{"type":"MultiPolygon","coordinates":[[[[126.48865609249559,33.44532748539513],[126.48864562588072,33.446229317528825],[126.48972138897132,33.44623808741742],[126.4897318444576,33.445336254985264],[126.48865609249559,33.44532748539513]]]]}},{"type":"Feature","properties":{"fid":129479,"gid":165905,"emd_nm":"노형동","signgu_nm":"제주시","cml_fr_idx":1.0,"rank":86247,"anls_id":"50110"},"geometry":{"type":"MultiPolygon","coordinates":[[[[126.47995507591162,33.45337345556909],[126.47994451603816,33.454275284094834],[126.48102037556454,33.4542841313353],[126.48103092430514,33.453382302508516],[126.47995507591162,33.45337345556909]]]]}},{"type":"Feature","properties":{"fid":129483,"gid":165914,"emd_nm":"노형동","signgu_nm":"제주시","cml_fr_idx":1.0,"rank":86251,"anls_id":"50110"},"geometry":{"type":"MultiPolygon","coordinates":[[[[126.48459471614929,33.42455016512945],[126.48458421577945,33.42545199915436],[126.4856597211729,33.42546079947238],[126.48567021042562,33.424558965147895],[126.48459471614929,33.42455016512945]]]]}},{"type":"Feature","properties":{"fid":129514,"gid":165973,"emd_nm":"노형동","signgu_nm":"제주시","cml_fr_idx":1.0,"rank":86282,"anls_id":"50110"},"geometry":{"type":"MultiPolygon","coordinates":[[[[126.49325073361862,33.420111120163654],[126.49324032450392,33.421012957247285],[126.49431577803874,33.421021681495446],[126.49432617603867,33.420119844114794],[126.49325073361862,33.420111120163654]]]]}},{"type":"Feature","properties":{"fid":129533,"gid":166005,"emd_nm":"노형동","signgu_nm":"제주시","cml_fr_idx":1.0,"rank":86301,"anls_id":"50110"},"geometry":{"type":"MultiPolygon","coordinates":[[[[126.48314051378921,33.457007285294615],[126.48312998543953,33.45790911418526],[126.48420589091016,33.45791793462667],[126.48421640812496,33.45701610543592],[126.48314051378921,33.457007285294615]]]]}},{"type":"Feature","properties":{"fid":129600,"gid":166141,"emd_nm":"노형동","signgu_nm":"제주시","cml_fr_idx":1.0,"rank":86368,"anls_id":"50110"},"geometry":{"type":"MultiPolygon","coordinates":[[[[126.49332358444467,33.41379825682103],[126.49331317857404,33.41470009484395],[126.49438855431576,33.414708817013135],[126.49439894907508,33.41380697869325],[126.49332358444467,33.41379825682103]]]]}},{"type":"Feature","properties":{"fid":129642,"gid":166233,"emd_nm":"노형동","signgu_nm":"제주시","cml_fr_idx":1.0,"rank":86410,"anls_id":"50110"},"geometry":{"type":"MultiPolygon","coordinates":[[[[126.50534792302786,33.39675867521773],[126.50533764808,33.39766051903763],[126.50641281785165,33.39766913311822],[126.50642308169735,33.39676728900496],[126.50534792302786,33.39675867521773]]]]}},{"type":"Feature","properties":{"fid":129682,"gid":166295,"emd_nm":"노형동","signgu_nm":"제주시","cml_fr_idx":1.0,"rank":86450,"anls_id":"50110"},"geometry":{"type":"MultiPolygon","coordinates":[[[[126.47230710846206,33.46323134878898],[126.47229646544778,33.464133173720256],[126.47337244416525,33.46414208962869],[126.47338307604136,33.46324026439407],[126.47230710846206,33.46323134878898]]]]}},{"type":"Feature","properties":{"fid":129754,"gid":166437,"emd_nm":"노형동","signgu_nm":"제주시","cml_fr_idx":1.0,"rank":86522,"anls_id":"50110"},"geometry":{"type":"MultiPolygon","coordinates":[[[[126.50969970630888,33.39228384751972],[126.50968947804738,33.3931856931814],[126.51076459413824,33.393194268547624],[126.51077481129998,33.39229242259387],[126.50969970630888,33.39228384751972]]]]}},{"type":"Feature","properties":{"fid":129803,"gid":166529,"emd_nm":"노형동","signgu_nm":"제주시","cml_fr_idx":1.0,"rank":86571,"anls_id":"50110"},"geometry":{"type":"MultiPolygon","coordinates":[[[[126.50208121399558,33.400340148924315],[126.50207090390508,33.40124199132581],[126.50314611671581,33.40125063452404],[126.50315641570224,33.4003487918282],[126.50208121399558,33.400340148924315]]]]}},{"type":"Feature","properties":{"fid":129840,"gid":166590,"emd_nm":"노형동","signgu_nm":"제주시","cml_fr_idx":1.0,"rank":86608,"anls_id":"50110"},"geometry":{"type":"MultiPolygon","coordinates":[[[[126.48777932950848,33.42818387610197],[126.48776886062555,33.42908571048774],[126.48884441189234,33.42909448403116],[126.48885486965614,33.42819264934675],[126.48777932950848,33.42818387610197]]]]}},{"type":"Feature","properties":{"fid":129920,"gid":166751,"emd_nm":"노형동","signgu_nm":"제주시","cml_fr_idx":1.0,"rank":86687,"anls_id":"50110"},"geometry":{"type":"MultiPolygon","coordinates":[[[[126.52274227981421,33.379760231736086],[126.5227321910429,33.38066208275707],[126.52380715720653,33.38067054234409],[126.52381723488477,33.379768691034926],[126.52274227981421,33.379760231736086]]]]}},{"type":"Feature","properties":{"fid":129936,"gid":166779,"emd_nm":"노형동","signgu_nm":"제주시","cml_fr_idx":1.0,"rank":86704,"anls_id":"50110"},"geometry":{"type":"MultiPolygon","coordinates":[[[[126.50760074315158,33.38775744204289],[126.50759049497282,33.38865928778973],[126.50866555465856,33.38866788031632],[126.5086757917401,33.38776603427681],[126.50760074315158,33.38775744204289]]]]}},{"type":"Feature","properties":{"fid":130010,"gid":166906,"emd_nm":"노형동","signgu_nm":"제주시","cml_fr_idx":1.0,"rank":86778,"anls_id":"50110"},"geometry":{"type":"MultiPolygon","coordinates":[[[[126.47658978422263,33.465070607343065],[126.47657918481741,33.46597243321702],[126.47765518770342,33.46598131238336],[126.47766577596938,33.465079486207316],[126.47658978422263,33.465070607343065]]]]}},{"type":"Feature","properties":{"fid":130308,"gid":167476,"emd_nm":"노형동","signgu_nm":"제주시","cml_fr_idx":1.0,"rank":87076,"anls_id":"50110"},"geometry":{"type":"MultiPolygon","coordinates":[[[[126.48324577150794,33.44798898900083],[126.48323524784489,33.448890819234606],[126.4843110419887,33.44889963667512],[126.48432155452177,33.44799780614128],[126.48324577150794,33.44798898900083]]]]}},{"type":"Feature","properties":{"fid":130548,"gid":167951,"emd_nm":"노형동","signgu_nm":"제주시","cml_fr_idx":1.0,"rank":87316,"anls_id":"50110"},"geometry":{"type":"MultiPolygon","coordinates":[[[[126.48416381736804,33.46152525004653],[126.48415329781164,33.46242707856569],[126.48522925943267,33.46243589117174],[126.48523976785165,33.46153406235275],[126.48416381736804,33.46152525004653]]]]}},{"type":"Feature","properties":{"fid":130567,"gid":167989,"emd_nm":"노형동","signgu_nm":"제주시","cml_fr_idx":1.0,"rank":87334,"anls_id":"50110"},"geometry":{"type":"MultiPolygon","coordinates":[[[[126.45698430486492,33.484749208529834],[126.45697349437312,33.48565102595291],[126.45804973386976,33.48566007996012],[126.45806053321176,33.48475826222911],[126.45698430486492,33.484749208529834]]]]}},{"type":"Feature","properties":{"fid":130575,"gid":168002,"emd_nm":"노형동","signgu_nm":"제주시","cml_fr_idx":1.0,"rank":87343,"anls_id":"50110"},"geometry":{"type":"MultiPolygon","coordinates":[[[[126.50852218763906,33.40129371079457],[126.50851194371704,33.402195554823294],[126.50958717037686,33.40220414242561],[126.50959740319419,33.40130229810445],[126.50852218763906,33.40129371079457]]]]}},{"type":"Feature","properties":{"fid":130582,"gid":168018,"emd_nm":"노형동","signgu_nm":"제주시","cml_fr_idx":1.0,"rank":87350,"anls_id":"50110"},"geometry":{"type":"MultiPolygon","coordinates":[[[[126.48889669605498,33.42458530926681],[126.48888624015368,33.42548714448814],[126.48996174741244,33.42549590751389],[126.48997219219656,33.424594071994264],[126.48889669605498,33.42458530926681]]]]}},{"type":"Feature","properties":{"fid":130619,"gid":168088,"emd_nm":"노형동","signgu_nm":"제주시","cml_fr_idx":1.0,"rank":87387,"anls_id":"50110"},"geometry":{"type":"MultiPolygon","coordinates":[[[[126.48664090281439,33.43358609604024],[126.48663042001206,33.434487929321534],[126.48770603753783,33.43449671398325],[126.48771650921802,33.43359488040294],[126.48664090281439,33.43358609604024]]]]}},{"type":"Feature","properties":{"fid":130748,"gid":168354,"emd_nm":"노형동","signgu_nm":"제주시","cml_fr_idx":1.0,"rank":87516,"anls_id":"50110"},"geometry":{"type":"MultiPolygon","coordinates":[[[[126.48795722921403,33.412852671007464],[126.48794676825293,33.41375450767497],[126.48902213056158,33.41376327614212],[126.48903258041197,33.41286143917606],[126.48795722921403,33.412852671007464]]]]}},{"type":"Feature","properties":{"fid":130780,"gid":168409,"emd_nm":"노형동","signgu_nm":"제주시","cml_fr_idx":1.0,"rank":87548,"anls_id":"50110"},"geometry":{"type":"MultiPolygon","coordinates":[[[[126.48104147257607,33.4524804735474],[126.48103092430514,33.453382302508516],[126.48210677316831,33.4533911401151],[126.48211731030685,33.45248931085327],[126.48104147257607,33.4524804735474]]]]}},{"type":"Feature","properties":{"fid":130798,"gid":168440,"emd_nm":"노형동","signgu_nm":"제주시","cml_fr_idx":1.0,"rank":87566,"anls_id":"50110"},"geometry":{"type":"MultiPolygon","coordinates":[[[[126.48094652122799,33.46059692936148],[126.48093596872936,33.461498757113574],[126.48201191780642,33.46150759742693],[126.48202245916818,33.460605769374055],[126.48094652122799,33.46059692936148]]]]}},{"type":"Feature","properties":{"fid":131075,"gid":169006,"emd_nm":"노형동","signgu_nm":"제주시","cml_fr_idx":1.0,"rank":87843,"anls_id":"50110"},"geometry":{"type":"MultiPolygon","coordinates":[[[[126.48787352848066,33.42006736058972],[126.48786306379235,33.42096919618354],[126.48893851500468,33.420977967039306],[126.4889489685783,33.420076131146885],[126.48787352848066,33.42006736058972]]]]}},{"type":"Feature","properties":{"fid":131123,"gid":169096,"emd_nm":"노형동","signgu_nm":"제주시","cml_fr_idx":1.0,"rank":87891,"anls_id":"50110"},"geometry":{"type":"MultiPolygon","coordinates":[[[[126.49658079456265,33.41111887693707],[126.49657042341158,33.412020716252414],[126.49764576720783,33.4120294095755],[126.49765612724897,33.411127569964165],[126.49658079456265,33.41111887693707]]]]}},{"type":"Feature","properties":{"fid":131125,"gid":169099,"emd_nm":"노형동","signgu_nm":"제주시","cml_fr_idx":1.0,"rank":87893,"anls_id":"50110"},"geometry":{"type":"MultiPolygon","coordinates":[[[[126.50861436241205,33.39317710850326],[126.50860412259483,33.39407895373851],[126.50967924933039,33.394087538709044],[126.50968947804738,33.3931856931814],[126.50861436241205,33.39317710850326]]]]}},{"type":"Feature","properties":{"fid":131227,"gid":169298,"emd_nm":"노형동","signgu_nm":"제주시","cml_fr_idx":1.0,"rank":87995,"anls_id":"50110"},"geometry":{"type":"MultiPolygon","coordinates":[[[[126.4766851576361,33.45695416843069],[126.47667456247733,33.45785599551395],[126.47775046512788,33.457864871961824],[126.47776104915184,33.456963044576526],[126.4766851576361,33.45695416843069]]]]}},{"type":"Feature","properties":{"fid":131230,"gid":169305,"emd_nm":"노형동","signgu_nm":"제주시","cml_fr_idx":1.0,"rank":87998,"anls_id":"50110"},"geometry":{"type":"MultiPolygon","coordinates":[[[[126.49335479927649,33.411092741947236],[126.49334439479588,33.41199458037268],[126.4944197372051,33.412003301650984],[126.49443013057589,33.41110146292859],[126.49335479927649,33.411092741947236]]]]}},{"type":"Feature","properties":{"fid":131317,"gid":169462,"emd_nm":"노형동","signgu_nm":"제주시","cml_fr_idx":1.0,"rank":88085,"anls_id":"50110"},"geometry":{"type":"MultiPolygon","coordinates":[[[[126.47661098161734,33.46326695519199],[126.47660038315594,33.464168781334706],[126.47767636376392,33.4641776598969],[126.47768695108708,33.463275833452116],[126.47661098161734,33.46326695519199]]]]}},{"type":"Feature","properties":{"fid":131384,"gid":169609,"emd_nm":"노형동","signgu_nm":"제주시","cml_fr_idx":1.0,"rank":88152,"anls_id":"50110"},"geometry":{"type":"MultiPolygon","coordinates":[[[[126.51188053220514,33.38959544881573],[126.51187032750656,33.39049729546333],[126.51294541120906,33.39050585133138],[126.51295560480932,33.38960400439239],[126.51188053220514,33.38959544881573]]]]}},{"type":"Feature","properties":{"fid":131431,"gid":169707,"emd_nm":"노형동","signgu_nm":"제주시","cml_fr_idx":1.0,"rank":88199,"anls_id":"50110"},"geometry":{"type":"MultiPolygon","coordinates":[[[[126.48436359997365,33.44439048266304],[126.4843530893127,33.44529231373404],[126.48542883940767,33.445301120644366],[126.48543933894062,33.444399289273655],[126.48436359997365,33.44439048266304]]]]}},{"type":"Feature","properties":{"fid":131485,"gid":169794,"emd_nm":"노형동","signgu_nm":"제주시","cml_fr_idx":1.0,"rank":88252,"anls_id":"50110"},"geometry":{"type":"MultiPolygon","coordinates":[[[[126.49434697064949,33.41831616895096],[126.49433657357557,33.419218006599955],[126.49541200534432,33.419226720933175],[126.49542239130442,33.418324882987484],[126.49434697064949,33.41831616895096]]]]}},{"type":"Feature","properties":{"fid":131548,"gid":169911,"emd_nm":"노형동","signgu_nm":"제주시","cml_fr_idx":1.0,"rank":88316,"anls_id":"50110"},"geometry":{"type":"MultiPolygon","coordinates":[[[[126.49657042341158,33.412020716252414],[126.49656005179872,33.412922555433596],[126.49763540670534,33.4129312490527],[126.49764576720783,33.4120294095755],[126.49657042341158,33.412020716252414]]]]}},{"type":"Feature","properties":{"fid":131550,"gid":169914,"emd_nm":"노형동","signgu_nm":"제주시","cml_fr_idx":1.0,"rank":88318,"anls_id":"50110"},"geometry":{"type":"MultiPolygon","coordinates":[[[[126.52057214865641,33.381546985969834],[126.52056203679845,33.382448836145585],[126.52163702425051,33.382457314925524],[126.52164712501447,33.381555464460945],[126.52057214865641,33.381546985969834]]]]}},{"type":"Feature","properties":{"fid":131623,"gid":170032,"emd_nm":"노형동","signgu_nm":"제주시","cml_fr_idx":1.0,"rank":88391,"anls_id":"50110"},"geometry":{"type":"MultiPolygon","coordinates":[[[[126.49666374714714,33.40390415758504],[126.4966533796901,33.404805997973554],[126.497728634621,33.40481468892882],[126.49773899097212,33.40391284824435],[126.49666374714714,33.40390415758504]]]]}},{"type":"Feature","properties":{"fid":131642,"gid":170064,"emd_nm":"노형동","signgu_nm":"제주시","cml_fr_idx":1.0,"rank":88410,"anls_id":"50110"},"geometry":{"type":"MultiPolygon","coordinates":[[[[126.50965879052985,33.3958912293622],[126.50964856044625,33.3967930744877],[126.51072372094102,33.396801651022265],[126.5107339399229,33.39589980560467],[126.50965879052985,33.3958912293622]]]]}},{"type":"Feature","properties":{"fid":131706,"gid":170176,"emd_nm":"노형동","signgu_nm":"제주시","cml_fr_idx":1.0,"rank":88474,"anls_id":"50110"},"geometry":{"type":"MultiPolygon","coordinates":[[[[126.50860412259483,33.39407895373851],[126.50859388232162,33.394980798839725],[126.5096690201579,33.39498938410265],[126.50967924933039,33.394087538709044],[126.50860412259483,33.39407895373851]]]]}},{"type":"Feature","properties":{"fid":131849,"gid":170428,"emd_nm":"노형동","signgu_nm":"제주시","cml_fr_idx":1.0,"rank":88616,"anls_id":"50110"},"geometry":{"type":"MultiPolygon","coordinates":[[[[126.50410813303749,33.41117953244586],[126.50409783965611,33.412081373826545],[126.50517318667137,33.41209000192034],[126.50518346894269,33.41118816024587],[126.50410813303749,33.41117953244586]]]]}},{"type":"Feature","properties":{"fid":131908,"gid":170533,"emd_nm":"노형동","signgu_nm":"제주시","cml_fr_idx":1.0,"rank":88676,"anls_id":"50110"},"geometry":{"type":"MultiPolygon","coordinates":[[[[126.49867971113184,33.415645451866816],[126.4986693598962,33.41654729110312],[126.49974476017171,33.41655596726625],[126.49975510029496,33.41565412773456],[126.49867971113184,33.415645451866816]]]]}},{"type":"Feature","properties":{"fid":131934,"gid":170578,"emd_nm":"노형동","signgu_nm":"제주시","cml_fr_idx":1.0,"rank":88702,"anls_id":"50110"},"geometry":{"type":"MultiPolygon","coordinates":[[[[126.49548469735394,33.41291385249576],[126.49547431416836,33.41381569124646],[126.49654967972398,33.41382439448062],[126.49656005179872,33.412922555433596],[126.49548469735394,33.41291385249576]]]]}},{"type":"Feature","properties":{"fid":131958,"gid":170621,"emd_nm":"노형동","signgu_nm":"제주시","cml_fr_idx":1.0,"rank":88725,"anls_id":"50110"},"geometry":{"type":"MultiPolygon","coordinates":[[[[126.50870650024952,33.38506049535406],[126.50869626453554,33.385962341795675],[126.50977129138693,33.385970924134895],[126.50978151600509,33.38506907740095],[126.50870650024952,33.38506049535406]]]]}},{"type":"Feature","properties":{"fid":131989,"gid":170698,"emd_nm":"노형동","signgu_nm":"제주시","cml_fr_idx":1.0,"rank":88757,"anls_id":"50110"},"geometry":{"type":"MultiPolygon","coordinates":[[[[126.50650517601056,33.389552531272635],[126.5064949158208,33.39045437645837],[126.50756999724608,33.39046297888128],[126.50758024633764,33.38956113340253],[126.50650517601056,33.389552531272635]]]]}},{"type":"Feature","properties":{"fid":132013,"gid":170732,"emd_nm":"노형동","signgu_nm":"제주시","cml_fr_idx":1.0,"rank":88780,"anls_id":"50110"},"geometry":{"type":"MultiPolygon","coordinates":[[[[126.52168752357225,33.3779480612631],[126.52167742460745,33.3788499122635],[126.52275236813618,33.37885838058116],[126.52276245600892,33.37795652929229],[126.52168752357225,33.3779480612631]]]]}},{"type":"Feature","properties":{"fid":132031,"gid":170762,"emd_nm":"노형동","signgu_nm":"제주시","cml_fr_idx":1.0,"rank":88799,"anls_id":"50110"},"geometry":{"type":"MultiPolygon","coordinates":[[[[126.49227946844039,33.411084011647816],[126.49226905284996,33.41198584977599],[126.49334439479588,33.41199458037268],[126.49335479927649,33.411092741947236],[126.49227946844039,33.411084011647816]]]]}},{"type":"Feature","properties":{"fid":132232,"gid":171116,"emd_nm":"노형동","signgu_nm":"제주시","cml_fr_idx":1.0,"rank":89000,"anls_id":"50110"},"geometry":{"type":"MultiPolygon","coordinates":[[[[126.50205028234667,33.40304567572651],[126.50203997087871,33.403947517725705],[126.50311521700459,33.403956161807],[126.503125517367,33.40305431951344],[126.50205028234667,33.40304567572651]]]]}},{"type":"Feature","properties":{"fid":132241,"gid":171135,"emd_nm":"노형동","signgu_nm":"제주시","cml_fr_idx":1.0,"rank":89009,"anls_id":"50110"},"geometry":{"type":"MultiPolygon","coordinates":[[[[126.4944197372051,33.412003301650984],[126.49440934337152,33.4129051402392],[126.49548469735394,33.41291385249576],[126.4954950800772,33.4120120136109],[126.4944197372051,33.412003301650984]]]]}},{"type":"Feature","properties":{"fid":132335,"gid":171307,"emd_nm":"노형동","signgu_nm":"제주시","cml_fr_idx":1.0,"rank":89103,"anls_id":"50110"},"geometry":{"type":"MultiPolygon","coordinates":[[[[126.49661190524492,33.40841335818614],[126.49660153547927,33.40931519790392],[126.49767684594731,33.409323890339046],[126.49768720460453,33.40842205032527],[126.49661190524492,33.40841335818614]]]]}},{"type":"Feature","properties":{"fid":132365,"gid":171352,"emd_nm":"노형동","signgu_nm":"제주시","cml_fr_idx":1.0,"rank":89133,"anls_id":"50110"},"geometry":{"type":"MultiPolygon","coordinates":[[[[126.5064949158208,33.39045437645837],[126.50648465517409,33.39135622151007],[126.50755974769807,33.391364824225974],[126.50756999724608,33.39046297888128],[126.5064949158208,33.39045437645837]]]]}},{"type":"Feature","properties":{"fid":132497,"gid":171577,"emd_nm":"노형동","signgu_nm":"제주시","cml_fr_idx":1.0,"rank":89265,"anls_id":"50110"},"geometry":{"type":"MultiPolygon","coordinates":[[[[126.4842900155183,33.45070329733988],[126.4842795015809,33.4516051274708],[126.48535532958569,33.45161393647929],[126.48536583239161,33.450712106048606],[126.4842900155183,33.45070329733988]]]]}},{"type":"Feature","properties":{"fid":132542,"gid":171678,"emd_nm":"노형동","signgu_nm":"제주시","cml_fr_idx":1.0,"rank":89310,"anls_id":"50110"},"geometry":{"type":"MultiPolygon","coordinates":[[[[126.47115655232717,33.4695351934185],[126.47114589485373,33.470437017105276],[126.4722219510784,33.47044594447598],[126.47223259741017,33.469544120485516],[126.47115655232717,33.4695351934185]]]]}},{"type":"Feature","properties":{"fid":132663,"gid":171914,"emd_nm":"노형동","signgu_nm":"제주시","cml_fr_idx":1.0,"rank":89431,"anls_id":"50110"},"geometry":{"type":"MultiPolygon","coordinates":[[[[126.4832562947024,33.447087158632755],[126.48324577150794,33.44798898900083],[126.48432155452177,33.44799780614128],[126.48433206658679,33.44709597547317],[126.4832562947024,33.447087158632755]]]]}},{"type":"Feature","properties":{"fid":132752,"gid":172081,"emd_nm":"노형동","signgu_nm":"제주시","cml_fr_idx":1.0,"rank":89520,"anls_id":"50110"},"geometry":{"type":"MultiPolygon","coordinates":[[[[126.46233318573776,33.48749984006474],[126.46232242955868,33.48840165862081],[126.46339870490706,33.488410666827086],[126.46340944993474,33.487508847964655],[126.46233318573776,33.48749984006474]]]]}},{"type":"Feature","properties":{"fid":132879,"gid":172326,"emd_nm":"노형동","signgu_nm":"제주시","cml_fr_idx":1.0,"rank":89647,"anls_id":"50110"},"geometry":{"type":"MultiPolygon","coordinates":[[[[126.50645387049224,33.3940617558608],[126.50644360801763,33.39496360037625],[126.50751874494135,33.39497220426424],[126.50752899631529,33.39407035945576],[126.50645387049224,33.3940617558608]]]]}},{"type":"Feature","properties":{"fid":132917,"gid":172399,"emd_nm":"노형동","signgu_nm":"제주시","cml_fr_idx":1.0,"rank":89685,"anls_id":"50110"},"geometry":{"type":"MultiPolygon","coordinates":[[[[126.48542883940767,33.445301120644366],[126.48541833940722,33.4462029518808],[126.48649410109817,33.4462117497605],[126.48650458997014,33.44530991822466],[126.48542883940767,33.445301120644366]]]]}},{"type":"Feature","properties":{"fid":132944,"gid":172446,"emd_nm":"노형동","signgu_nm":"제주시","cml_fr_idx":1.0,"rank":89711,"anls_id":"50110"},"geometry":{"type":"MultiPolygon","coordinates":[[[[126.48637869267831,33.456131887791734],[126.48636819820068,33.45703371771609],[126.48744409393969,33.45704250985493],[126.48745457728285,33.456140679631424],[126.48637869267831,33.456131887791734]]]]}},{"type":"Feature","properties":{"fid":133053,"gid":172649,"emd_nm":"노형동","signgu_nm":"제주시","cml_fr_idx":1.0,"rank":89821,"anls_id":"50110"},"geometry":{"type":"MultiPolygon","coordinates":[[[[126.49111028104922,33.41919180767482],[126.49109985016948,33.42009364429769],[126.49217529166205,33.420102386891266],[126.49218571142752,33.419200549970775],[126.49111028104922,33.41919180767482]]]]}},{"type":"Feature","properties":{"fid":133202,"gid":172912,"emd_nm":"노형동","signgu_nm":"제주시","cml_fr_idx":1.0,"rank":89970,"anls_id":"50110"},"geometry":{"type":"MultiPolygon","coordinates":[[[[126.48188538485003,33.472329523582715],[126.48187483738516,33.47323134988908],[126.48295093175606,33.47324018477324],[126.4829614680776,33.47233835816636],[126.48188538485003,33.472329523582715]]]]}},{"type":"Feature","properties":{"fid":133400,"gid":173274,"emd_nm":"노형동","signgu_nm":"제주시","cml_fr_idx":1.0,"rank":90168,"anls_id":"50110"},"geometry":{"type":"MultiPolygon","coordinates":[[[[126.50320790375555,33.395839576337615],[126.503197607062,33.396741419703915],[126.50427276481591,33.39675005211738],[126.50428305040784,33.3958482084571],[126.50320790375555,33.395839576337615]]]]}},{"type":"Feature","properties":{"fid":133447,"gid":173358,"emd_nm":"노형동","signgu_nm":"제주시","cml_fr_idx":1.0,"rank":90215,"anls_id":"50110"},"geometry":{"type":"MultiPolygon","coordinates":[[[[126.50314611671581,33.40125063452404],[126.50313581727072,33.40215247708579],[126.50421104164467,33.40216111126336],[126.50422132998516,33.40125926840758],[126.50314611671581,33.40125063452404]]]]}},{"type":"Feature","properties":{"fid":133476,"gid":173405,"emd_nm":"노형동","signgu_nm":"제주시","cml_fr_idx":1.0,"rank":90244,"anls_id":"50110"},"geometry":{"type":"MultiPolygon","coordinates":[[[[126.50532737267456,33.39856236272344],[126.50531709681155,33.399464206275184],[126.50639228878894,33.39947282094252],[126.50640255354884,33.39857097709741],[126.50532737267456,33.39856236272344]]]]}},{"type":"Feature","properties":{"fid":133572,"gid":173597,"emd_nm":"노형동","signgu_nm":"제주시","cml_fr_idx":1.0,"rank":90340,"anls_id":"50110"},"geometry":{"type":"MultiPolygon","coordinates":[[[[126.49225863679571,33.41288768776998],[126.49224822027762,33.41378952562979],[126.49332358444467,33.41379825682103],[126.49333398985195,33.41289641866394],[126.49225863679571,33.41288768776998]]]]}},{"type":"Feature","properties":{"fid":133587,"gid":173622,"emd_nm":"노형동","signgu_nm":"제주시","cml_fr_idx":1.0,"rank":90355,"anls_id":"50110"},"geometry":{"type":"MultiPolygon","coordinates":[[[[126.46247297249717,33.47577618659685],[126.46246222254165,33.4766780069013],[126.46353835296057,33.476687011125364],[126.46354909177113,33.47578519051463],[126.46247297249717,33.47577618659685]]]]}},{"type":"Feature","properties":{"fid":133608,"gid":173666,"emd_nm":"노형동","signgu_nm":"제주시","cml_fr_idx":1.0,"rank":90376,"anls_id":"50110"},"geometry":{"type":"MultiPolygon","coordinates":[[[[126.47432093761124,33.47497289216961],[126.47431031072438,33.47587471596008],[126.47538643523015,33.475883617131096],[126.47539705097235,33.47498179303783],[126.47432093761124,33.47497289216961]]]]}},{"type":"Feature","properties":{"fid":133881,"gid":174181,"emd_nm":"노형동","signgu_nm":"제주시","cml_fr_idx":1.0,"rank":90648,"anls_id":"50110"},"geometry":{"type":"MultiPolygon","coordinates":[[[[126.5010988828189,33.392214911709964],[126.50108856576011,33.39311675502369],[126.50216367819313,33.39312540488488],[126.50217398415231,33.39222356127656],[126.5010988828189,33.392214911709964]]]]}},{"type":"Feature","properties":{"fid":134006,"gid":174413,"emd_nm":"노형동","signgu_nm":"제주시","cml_fr_idx":1.0,"rank":90774,"anls_id":"50110"},"geometry":{"type":"MultiPolygon","coordinates":[[[[126.50522459344955,33.40758079220703],[126.50521431300959,33.408482634417894],[126.50628961604545,33.408491252019346],[126.50629988537739,33.40758940951505],[126.50522459344955,33.40758079220703]]]]}},{"type":"Feature","properties":{"fid":134077,"gid":174527,"emd_nm":"노형동","signgu_nm":"제주시","cml_fr_idx":1.0,"rank":90844,"anls_id":"50110"},"geometry":{"type":"MultiPolygon","coordinates":[[[[126.51951741730016,33.37973479799569],[126.51950729524982,33.38063664815022],[126.52058226006406,33.38064513566012],[126.52059237102142,33.379743285216456],[126.51951741730016,33.37973479799569]]]]}},{"type":"Feature","properties":{"fid":134111,"gid":174594,"emd_nm":"노형동","signgu_nm":"제주시","cml_fr_idx":1.0,"rank":90879,"anls_id":"50110"},"geometry":{"type":"MultiPolygon","coordinates":[[[[126.49883492436653,33.40211784722554],[126.49882458004272,33.403019688473876],[126.49989981368402,33.403028360206704],[126.49991014690286,33.402126518663074],[126.49883492436653,33.40211784722554]]]]}},{"type":"Feature","properties":{"fid":134141,"gid":174658,"emd_nm":"노형동","signgu_nm":"제주시","cml_fr_idx":1.0,"rank":90909,"anls_id":"50110"},"geometry":{"type":"MultiPolygon","coordinates":[[[[126.50435503672763,33.38953529908103],[126.50434475434152,33.39043714367982],[126.50541983485245,33.390445764724554],[126.50543010614042,33.38954391983213],[126.50435503672763,33.38953529908103]]]]}},{"type":"Feature","properties":{"fid":134266,"gid":174893,"emd_nm":"노형동","signgu_nm":"제주시","cml_fr_idx":1.0,"rank":91034,"anls_id":"50110"},"geometry":{"type":"MultiPolygon","coordinates":[[[[126.50098536989934,33.402135180785635],[126.50097504778553,33.40303702262426],[126.50205028234667,33.40304567572651],[126.50206059335545,33.4021438335932],[126.50098536989934,33.402135180785635]]]]}},{"type":"Feature","properties":{"fid":134338,"gid":175007,"emd_nm":"노형동","signgu_nm":"제주시","cml_fr_idx":1.0,"rank":91105,"anls_id":"50110"},"geometry":{"type":"MultiPolygon","coordinates":[[[[126.52061259158528,33.37793958392725],[126.52060248152848,33.37884143463883],[126.52167742460745,33.3788499122635],[126.52168752357225,33.3779480612631],[126.52061259158528,33.37793958392725]]]]}},{"type":"Feature","properties":{"fid":134359,"gid":175041,"emd_nm":"노형동","signgu_nm":"제주시","cml_fr_idx":1.0,"rank":91126,"anls_id":"50110"},"geometry":{"type":"MultiPolygon","coordinates":[[[[126.485617759491,33.42906813542789],[126.48560726790268,33.42996996908114],[126.48668282935623,33.42997876157252],[126.48669330982496,33.429076927619974],[126.485617759491,33.42906813542789]]]]}},{"type":"Feature","properties":{"fid":134659,"gid":175581,"emd_nm":"노형동","signgu_nm":"제주시","cml_fr_idx":1.0,"rank":91427,"anls_id":"50110"},"geometry":{"type":"MultiPolygon","coordinates":[[[[126.51945667823591,33.38514589691343],[126.51944655348055,33.38604774626416],[126.52052158486316,33.386056235508974],[126.52053169852256,33.38515438586908],[126.51945667823591,33.38514589691343]]]]}},{"type":"Feature","properties":{"fid":134975,"gid":176171,"emd_nm":"노형동","signgu_nm":"제주시","cml_fr_idx":1.0,"rank":91743,"anls_id":"50110"},"geometry":{"type":"MultiPolygon","coordinates":[[[[126.51410194268554,33.38329961629544],[126.51409176335736,33.38420146446357],[126.51516677028927,33.38420999967425],[126.51517693852259,33.383308151215374],[126.51410194268554,33.38329961629544]]]]}},{"type":"Feature","properties":{"fid":135083,"gid":176355,"emd_nm":"노형동","signgu_nm":"제주시","cml_fr_idx":1.0,"rank":91851,"anls_id":"50110"},"geometry":{"type":"MultiPolygon","coordinates":[[[[126.51080546005538,33.38958688392842],[126.51079524425855,33.39048873028427],[126.51187032750656,33.39049729546333],[126.51188053220514,33.38959544881573],[126.51080546005538,33.38958688392842]]]]}},{"type":"Feature","properties":{"fid":135160,"gid":176513,"emd_nm":"노형동","signgu_nm":"제주시","cml_fr_idx":1.0,"rank":91927,"anls_id":"50110"},"geometry":{"type":"MultiPolygon","coordinates":[[[[126.48685046086742,33.415549402223526],[126.48683998739655,33.41645123818954],[126.48791538257449,33.41646001687228],[126.48792584493316,33.415558180607384],[126.48685046086742,33.415549402223526]]]]}},{"type":"Feature","properties":{"fid":135172,"gid":176529,"emd_nm":"노형동","signgu_nm":"제주시","cml_fr_idx":1.0,"rank":91940,"anls_id":"50110"},"geometry":{"type":"MultiPolygon","coordinates":[[[[126.48893851500468,33.420977967039306],[126.48892806096553,33.42187980279751],[126.49000352375853,33.42188856463007],[126.49001396668247,33.42098672857359],[126.48893851500468,33.420977967039306]]]]}},{"type":"Feature","properties":{"fid":135303,"gid":176799,"emd_nm":"노형동","signgu_nm":"제주시","cml_fr_idx":1.0,"rank":92071,"anls_id":"50110"},"geometry":{"type":"MultiPolygon","coordinates":[[[[126.48789445645946,33.41826368899943],[126.48788399270305,33.41916552486169],[126.48895942168646,33.41917429512026],[126.48896987432917,33.41827245895942],[126.48789445645946,33.41826368899943]]]]}},{"type":"Feature","properties":{"fid":135307,"gid":176807,"emd_nm":"노형동","signgu_nm":"제주시","cml_fr_idx":1.0,"rank":92075,"anls_id":"50110"},"geometry":{"type":"MultiPolygon","coordinates":[[[[126.48316156908237,33.45520362711037],[126.48315104167017,33.456105456269654],[126.48422692487148,33.456114276110846],[126.48423744114976,33.45521244665146],[126.48316156908237,33.45520362711037]]]]}},{"type":"Feature","properties":{"fid":135399,"gid":176981,"emd_nm":"노형동","signgu_nm":"제주시","cml_fr_idx":1.0,"rank":92167,"anls_id":"50110"},"geometry":{"type":"MultiPolygon","coordinates":[[[[126.48665138514994,33.43268426262469],[126.48664090281439,33.43358609604024],[126.48771650921802,33.43359488040294],[126.487726980432,33.432693046688385],[126.48665138514994,33.43268426262469]]]]}},{"type":"Feature","properties":{"fid":135604,"gid":177368,"emd_nm":"노형동","signgu_nm":"제주시","cml_fr_idx":1.0,"rank":92372,"anls_id":"50110"},"geometry":{"type":"MultiPolygon","coordinates":[[[[126.48686093387194,33.41464756612331],[126.48685046086742,33.415549402223526],[126.48792584493316,33.415558180607384],[126.48793630682597,33.41465634420828],[126.48686093387194,33.41464756612331]]]]}},{"type":"Feature","properties":{"fid":135685,"gid":177521,"emd_nm":"노형동","signgu_nm":"제주시","cml_fr_idx":1.0,"rank":92453,"anls_id":"50110"},"geometry":{"type":"MultiPolygon","coordinates":[[[[126.51193154888178,33.38508621356751],[126.51192134645521,33.38598806088519],[126.51299637467113,33.38599661529623],[126.51300656600186,33.38509476768716],[126.51193154888178,33.38508621356751]]]]}},{"type":"Feature","properties":{"fid":135721,"gid":177593,"emd_nm":"노형동","signgu_nm":"제주시","cml_fr_idx":1.0,"rank":92489,"anls_id":"50110"},"geometry":{"type":"MultiPolygon","coordinates":[[[[126.48791538257449,33.41646001687228],[126.48790491974992,33.417361853002966],[126.48898032650646,33.41737062266437],[126.48899077821832,33.41646878623513],[126.48791538257449,33.41646001687228]]]]}},{"type":"Feature","properties":{"fid":135754,"gid":177656,"emd_nm":"노형동","signgu_nm":"제주시","cml_fr_idx":1.0,"rank":92522,"anls_id":"50110"},"geometry":{"type":"MultiPolygon","coordinates":[[[[126.50093375473344,33.40664438863765],[126.5009234303211,33.4075462298057],[126.5019987204148,33.4075548843814],[126.50200903371963,33.40665304291865],[126.50093375473344,33.40664438863765]]]]}},{"type":"Feature","properties":{"fid":135768,"gid":177677,"emd_nm":"노형동","signgu_nm":"제주시","cml_fr_idx":1.0,"rank":92536,"anls_id":"50110"},"geometry":{"type":"MultiPolygon","coordinates":[[[[126.51626209149855,33.38241482794353],[126.51625193481246,33.38331667682682],[126.51732693155462,33.38332519312976],[126.51733707714631,33.38242334395636],[126.51626209149855,33.38241482794353]]]]}},{"type":"Feature","properties":{"fid":135786,"gid":177716,"emd_nm":"노형동","signgu_nm":"제주시","cml_fr_idx":1.0,"rank":92554,"anls_id":"50110"},"geometry":{"type":"MultiPolygon","coordinates":[[[[126.47977549410439,33.46870452223592],[126.4797649262351,33.46960634847771],[126.48084097509614,33.46961520083688],[126.48085153182411,33.46871337429392],[126.47977549410439,33.46870452223592]]]]}},{"type":"Feature","properties":{"fid":135974,"gid":178067,"emd_nm":"노형동","signgu_nm":"제주시","cml_fr_idx":1.0,"rank":92742,"anls_id":"50110"},"geometry":{"type":"MultiPolygon","coordinates":[[[[126.48885486965614,33.42819264934675],[126.48884441189234,33.42909448403116],[126.48991996362477,33.429103248250236],[126.48993041026941,33.42820141326748],[126.48885486965614,33.42819264934675]]]]}},{"type":"Feature","properties":{"fid":135975,"gid":178068,"emd_nm":"노형동","signgu_nm":"제주시","cml_fr_idx":1.0,"rank":92743,"anls_id":"50110"},"geometry":{"type":"MultiPolygon","coordinates":[[[[126.50521431300959,33.408482634417894],[126.50520403211178,33.40938447649465],[126.50627934625624,33.40939309438954],[126.50628961604545,33.408491252019346],[126.50521431300959,33.408482634417894]]]]}},{"type":"Feature","properties":{"fid":136179,"gid":178477,"emd_nm":"노형동","signgu_nm":"제주시","cml_fr_idx":1.0,"rank":92947,"anls_id":"50110"},"geometry":{"type":"MultiPolygon","coordinates":[[[[126.49552622547301,33.40930649615135],[126.49551584413672,33.41020833543868],[126.49659116525186,33.41021703748756],[126.49660153547927,33.40931519790392],[126.49552622547301,33.40930649615135]]]]}},{"type":"Feature","properties":{"fid":136250,"gid":178594,"emd_nm":"노형동","signgu_nm":"제주시","cml_fr_idx":1.0,"rank":93018,"anls_id":"50110"},"geometry":{"type":"MultiPolygon","coordinates":[[[[126.4799339556945,33.45517711248624],[126.47992339488064,33.4560789407433],[126.48099927667427,33.45608778858587],[126.48100982635425,33.455185960027755],[126.4799339556945,33.45517711248624]]]]}},{"type":"Feature","properties":{"fid":136270,"gid":178626,"emd_nm":"노형동","signgu_nm":"제주시","cml_fr_idx":1.0,"rank":93037,"anls_id":"50110"},"geometry":{"type":"MultiPolygon","coordinates":[[[[126.45699511487545,33.48384739097222],[126.45698430486492,33.484749208529834],[126.45806053321176,33.48475826222911],[126.45807133207296,33.483856444363575],[126.45699511487545,33.48384739097222]]]]}},{"type":"Feature","properties":{"fid":136281,"gid":178649,"emd_nm":"노형동","signgu_nm":"제주시","cml_fr_idx":1.0,"rank":93049,"anls_id":"50110"},"geometry":{"type":"MultiPolygon","coordinates":[[[[126.48571216276616,33.420951626507566],[126.48570167538156,33.42185346136901],[126.48677713677655,33.42186225116697],[126.48678761304602,33.42096041600629],[126.48571216276616,33.420951626507566]]]]}},{"type":"Feature","properties":{"fid":136303,"gid":178694,"emd_nm":"노형동","signgu_nm":"제주시","cml_fr_idx":1.0,"rank":93071,"anls_id":"50110"},"geometry":{"type":"MultiPolygon","coordinates":[[[[126.46899378382848,33.47041913434764],[126.46898310359636,33.47132095729164],[126.47005917001357,33.471329903644154],[126.47006983910362,33.470428080395806],[126.46899378382848,33.47041913434764]]]]}},{"type":"Feature","properties":{"fid":136398,"gid":178846,"emd_nm":"노형동","signgu_nm":"제주시","cml_fr_idx":1.0,"rank":93165,"anls_id":"50110"},"geometry":{"type":"MultiPolygon","coordinates":[[[[126.50627934625624,33.40939309438954],[126.50626907600969,33.41029493662566],[126.50734440172054,33.41030354549611],[126.50735466085801,33.40940170296686],[126.50627934625624,33.40939309438954]]]]}},{"type":"Feature","properties":{"fid":136477,"gid":179001,"emd_nm":"노형동","signgu_nm":"제주시","cml_fr_idx":1.0,"rank":93245,"anls_id":"50110"},"geometry":{"type":"MultiPolygon","coordinates":[[[[126.50424190529176,33.39945558229375],[126.5042316178675,33.40035742541772],[126.5053068204909,33.40036604969284],[126.50531709681155,33.399464206275184],[126.50424190529176,33.39945558229375]]]]}},{"type":"Feature","properties":{"fid":136606,"gid":179240,"emd_nm":"노형동","signgu_nm":"제주시","cml_fr_idx":1.0,"rank":93374,"anls_id":"50110"},"geometry":{"type":"MultiPolygon","coordinates":[[[[126.48781073336048,33.42547837213927],[126.48780026587595,33.426380206927746],[126.48887578378677,33.42638897957522],[126.48888624015368,33.42548714448814],[126.48781073336048,33.42547837213927]]]]}},{"type":"Feature","properties":{"fid":136804,"gid":179593,"emd_nm":"노형동","signgu_nm":"제주시","cml_fr_idx":1.0,"rank":93572,"anls_id":"50110"},"geometry":{"type":"MultiPolygon","coordinates":[[[[126.47336181181579,33.46504391472892],[126.47335117899293,33.46594573969475],[126.47442718046166,33.4659546468727],[126.47443780214535,33.46505282160384],[126.47336181181579,33.46504391472892]]]]}},{"type":"Feature","properties":{"fid":136830,"gid":179646,"emd_nm":"노형동","signgu_nm":"제주시","cml_fr_idx":1.0,"rank":93598,"anls_id":"50110"},"geometry":{"type":"MultiPolygon","coordinates":[[[[126.47223259741017,33.469544120485516],[126.4722219510784,33.47044594447598],[126.47329800777702,33.47045486250794],[126.47330864296717,33.4695530382141],[126.47223259741017,33.469544120485516]]]]}},{"type":"Feature","properties":{"fid":136842,"gid":179670,"emd_nm":"노형동","signgu_nm":"제주시","cml_fr_idx":1.0,"rank":93610,"anls_id":"50110"},"geometry":{"type":"MultiPolygon","coordinates":[[[[126.49221696794017,33.41649503840413],[126.49220654956656,33.417396875727206],[126.49328195818178,33.41740560810763],[126.49329236544261,33.416503770487246],[126.49221696794017,33.41649503840413]]]]}},{"type":"Feature","properties":{"fid":136926,"gid":179833,"emd_nm":"노형동","signgu_nm":"제주시","cml_fr_idx":1.0,"rank":93694,"anls_id":"50110"},"geometry":{"type":"MultiPolygon","coordinates":[[[[126.50856315876567,33.397686333338996],[126.5085529166682,33.398588177903974],[126.5096280989123,33.39859676433655],[126.50963832990706,33.39769491947916],[126.50856315876567,33.397686333338996]]]]}},{"type":"Feature","properties":{"fid":137227,"gid":180357,"emd_nm":"노형동","signgu_nm":"제주시","cml_fr_idx":1.0,"rank":93995,"anls_id":"50110"},"geometry":{"type":"MultiPolygon","coordinates":[[[[126.511941750854,33.38418436611582],[126.51193154888178,33.38508621356751],[126.51300656600186,33.38509476768716],[126.51301675687877,33.384192919944084],[126.511941750854,33.38418436611582]]]]}},{"type":"Feature","properties":{"fid":137286,"gid":180452,"emd_nm":"노형동","signgu_nm":"제주시","cml_fr_idx":1.0,"rank":94053,"anls_id":"50110"},"geometry":{"type":"MultiPolygon","coordinates":[[[[126.4912354153831,33.408369757733524],[126.49122499007568,33.409271595966636],[126.49230029822988,33.40928033498895],[126.49231071242897,33.40837849645826],[126.4912354153831,33.408369757733524]]]]}},{"type":"Feature","properties":{"fid":137393,"gid":180671,"emd_nm":"노형동","signgu_nm":"제주시","cml_fr_idx":1.0,"rank":94160,"anls_id":"50110"},"geometry":{"type":"MultiPolygon","coordinates":[[[[126.47666396684683,33.45875782246287],[126.47665337074453,33.459659649277434],[126.47772929566617,33.45966852632935],[126.47773988063265,33.45876669921277],[126.47666396684683,33.45875782246287]]]]}},{"type":"Feature","properties":{"fid":137472,"gid":180810,"emd_nm":"노형동","signgu_nm":"제주시","cml_fr_idx":1.0,"rank":94240,"anls_id":"50110"},"geometry":{"type":"MultiPolygon","coordinates":[[[[126.49119371136786,33.41197710986094],[126.49118328420332,33.41287894755734],[126.49225863679571,33.41288768776998],[126.49226905284996,33.41198584977599],[126.49119371136786,33.41197710986094]]]]}},{"type":"Feature","properties":{"fid":137526,"gid":180918,"emd_nm":"노형동","signgu_nm":"제주시","cml_fr_idx":1.0,"rank":94294,"anls_id":"50110"},"geometry":{"type":"MultiPolygon","coordinates":[[[[126.49004529266436,33.418281219598875],[126.49003485113536,33.41918305605798],[126.49111028104922,33.41919180767482],[126.49112071146446,33.41828997091777],[126.49004529266436,33.418281219598875]]]]}},{"type":"Feature","properties":{"fid":137612,"gid":181063,"emd_nm":"노형동","signgu_nm":"제주시","cml_fr_idx":1.0,"rank":94380,"anls_id":"50110"},"geometry":{"type":"MultiPolygon","coordinates":[[[[126.48677713677655,33.42186225116697],[126.48676666004057,33.42276408619341],[126.48784213301771,33.422772866968515],[126.48785259863803,33.42187103164314],[126.48677713677655,33.42186225116697]]]]}},{"type":"Feature","properties":{"fid":137622,"gid":181080,"emd_nm":"노형동","signgu_nm":"제주시","cml_fr_idx":1.0,"rank":94390,"anls_id":"50110"},"geometry":{"type":"MultiPolygon","coordinates":[[[[126.46465739165448,33.47308872153499],[126.46464666542163,33.473990542855084],[126.46572276336282,33.47399952748049],[126.46573347845218,33.47309770585477],[126.46465739165448,33.47308872153499]]]]}},{"type":"Feature","properties":{"fid":137632,"gid":181098,"emd_nm":"노형동","signgu_nm":"제주시","cml_fr_idx":1.0,"rank":94400,"anls_id":"50110"},"geometry":{"type":"MultiPolygon","coordinates":[[[[126.50978151600509,33.38506907740095],[126.50977129138693,33.385970924134895],[126.51084631869365,33.38597949716474],[126.51085653221602,33.385077650138776],[126.50978151600509,33.38506907740095]]]]}},{"type":"Feature","properties":{"fid":137658,"gid":181152,"emd_nm":"노형동","signgu_nm":"제주시","cml_fr_idx":1.0,"rank":94426,"anls_id":"50110"},"geometry":{"type":"MultiPolygon","coordinates":[[[[126.50307401096778,33.40756352964019],[126.50306370831171,33.408465371263226],[126.50413901043149,33.40847400749917],[126.50414930197954,33.40757216558208],[126.50307401096778,33.40756352964019]]]]}},{"type":"Feature","properties":{"fid":137683,"gid":181199,"emd_nm":"노형동","signgu_nm":"제주시","cml_fr_idx":1.0,"rank":94451,"anls_id":"50110"},"geometry":{"type":"MultiPolygon","coordinates":[[[[126.49545354641,33.41561936834537],[126.49544316183724,33.41652120669358],[126.49651856072848,33.41652991081676],[126.49652893418889,33.415628072172204],[126.49545354641,33.41561936834537]]]]}},{"type":"Feature","properties":{"fid":137809,"gid":181419,"emd_nm":"노형동","signgu_nm":"제주시","cml_fr_idx":1.0,"rank":94577,"anls_id":"50110"},"geometry":{"type":"MultiPolygon","coordinates":[[[[126.51839179380008,33.38423554945337],[126.51838165840014,33.3851373986486],[126.51945667823591,33.38514589691343],[126.51946680254038,33.38424404742873],[126.51839179380008,33.38423554945337]]]]}},{"type":"Feature","properties":{"fid":137921,"gid":181603,"emd_nm":"노형동","signgu_nm":"제주시","cml_fr_idx":1.0,"rank":94689,"anls_id":"50110"},"geometry":{"type":"MultiPolygon","coordinates":[[[[126.46789634580443,33.47221382410498],[126.46788565347819,33.47311564647544],[126.46896174170551,33.47312460277631],[126.46897242288871,33.472222780101184],[126.46789634580443,33.47221382410498]]]]}},{"type":"Feature","properties":{"fid":137949,"gid":181669,"emd_nm":"노형동","signgu_nm":"제주시","cml_fr_idx":1.0,"rank":94717,"anls_id":"50110"},"geometry":{"type":"MultiPolygon","coordinates":[[[[126.49444052348385,33.410199624072035],[126.49443013057589,33.41110146292859],[126.4955054623381,33.41111017459187],[126.49551584413672,33.41020833543868],[126.49444052348385,33.410199624072035]]]]}},{"type":"Feature","properties":{"fid":138038,"gid":181836,"emd_nm":"노형동","signgu_nm":"제주시","cml_fr_idx":1.0,"rank":94805,"anls_id":"50110"},"geometry":{"type":"MultiPolygon","coordinates":[[[[126.48550232632172,33.43898829822952],[126.48549182959341,33.43989013040589],[126.48656751339522,33.4398989261899],[126.48657799899848,33.43899709371417],[126.48550232632172,33.43898829822952]]]]}},{"type":"Feature","properties":{"fid":138070,"gid":181895,"emd_nm":"노형동","signgu_nm":"제주시","cml_fr_idx":1.0,"rank":94838,"anls_id":"50110"},"geometry":{"type":"MultiPolygon","coordinates":[[[[126.48738118407785,33.462453488375644],[126.48737069746687,33.46335531765903],[126.48844667162803,33.463364102555744],[126.48845714710103,33.462462272973475],[126.48738118407785,33.462453488375644]]]]}},{"type":"Feature","properties":{"fid":138150,"gid":182055,"emd_nm":"노형동","signgu_nm":"제주시","cml_fr_idx":1.0,"rank":94918,"anls_id":"50110"},"geometry":{"type":"MultiPolygon","coordinates":[[[[126.47558805353273,33.4587489363783],[126.47557744629468,33.459650762890504],[126.47665337074453,33.459659649277434],[126.47666396684683,33.45875782246287],[126.47558805353273,33.4587489363783]]]]}},{"type":"Feature","properties":{"fid":138243,"gid":182223,"emd_nm":"노형동","signgu_nm":"제주시","cml_fr_idx":1.0,"rank":95010,"anls_id":"50110"},"geometry":{"type":"MultiPolygon","coordinates":[[[[126.51077481129998,33.39229242259387],[126.51076459413824,33.393194268547624],[126.51183971068409,33.39320283460191],[126.51184991674606,33.39230098835641],[126.51077481129998,33.39229242259387]]]]}},{"type":"Feature","properties":{"fid":138272,"gid":182270,"emd_nm":"노형동","signgu_nm":"제주시","cml_fr_idx":1.0,"rank":95040,"anls_id":"50110"},"geometry":{"type":"MultiPolygon","coordinates":[[[[126.51622146204011,33.386022222672764],[126.51621130354461,33.386924071020104],[126.51728634466943,33.3869325884835],[126.51729649206854,33.386030739846035],[126.51622146204011,33.386022222672764]]]]}},{"type":"Feature","properties":{"fid":139120,"gid":183815,"emd_nm":"노형동","signgu_nm":"제주시","cml_fr_idx":1.0,"rank":95888,"anls_id":"50110"},"geometry":{"type":"MultiPolygon","coordinates":[[[[126.50635122517802,33.40308019498223],[126.50634095813236,33.40398203815697],[126.50741620609006,33.403990644975615],[126.50742646203008,33.403088801507785],[126.50635122517802,33.40308019498223]]]]}},{"type":"Feature","properties":{"fid":139187,"gid":183945,"emd_nm":"노형동","signgu_nm":"제주시","cml_fr_idx":1.0,"rank":95955,"anls_id":"50110"},"geometry":{"type":"MultiPolygon","coordinates":[[[[126.50536847155092,33.394954987175744],[126.50535819751815,33.39585683126378],[126.50643334508602,33.39586544475764],[126.50644360801763,33.39496360037625],[126.50536847155092,33.394954987175744]]]]}},{"type":"Feature","properties":{"fid":139201,"gid":183964,"emd_nm":"노형동","signgu_nm":"제주시","cml_fr_idx":1.0,"rank":95968,"anls_id":"50110"},"geometry":{"type":"MultiPolygon","coordinates":[[[[126.49558850378384,33.40389545761016],[126.49557812522087,33.40479729770241],[126.4966533796901,33.404805997973554],[126.49666374714714,33.40390415758504],[126.49558850378384,33.40389545761016]]]]}},{"type":"Feature","properties":{"fid":139277,"gid":184090,"emd_nm":"노형동","signgu_nm":"제주시","cml_fr_idx":1.0,"rank":96045,"anls_id":"50110"},"geometry":{"type":"MultiPolygon","coordinates":[[[[126.46573347845218,33.47309770585477],[126.46572276336282,33.47399952748049],[126.46679886178107,33.47400850276595],[126.46680956572692,33.47310668083492],[126.46573347845218,33.47309770585477]]]]}},{"type":"Feature","properties":{"fid":139525,"gid":184556,"emd_nm":"노형동","signgu_nm":"제주시","cml_fr_idx":1.0,"rank":96293,"anls_id":"50110"},"geometry":{"type":"MultiPolygon","coordinates":[[[[126.48632621561728,33.46064103607042],[126.4863157188031,33.46154286532323],[126.48739167022194,33.46155165895795],[126.48740215589913,33.460649829405945],[126.48632621561728,33.46064103607042]]]]}},{"type":"Feature","properties":{"fid":139540,"gid":184581,"emd_nm":"노형동","signgu_nm":"제주시","cml_fr_idx":1.0,"rank":96308,"anls_id":"50110"},"geometry":{"type":"MultiPolygon","coordinates":[[[[126.47877349674216,33.462382875495074],[126.47876292102816,33.463284702375965],[126.47983889144015,33.463293561963525],[126.47984945601634,33.4623917347812],[126.47877349674216,33.462382875495074]]]]}},{"type":"Feature","properties":{"fid":139581,"gid":184654,"emd_nm":"노형동","signgu_nm":"제주시","cml_fr_idx":1.0,"rank":96349,"anls_id":"50110"},"geometry":{"type":"MultiPolygon","coordinates":[[[[126.50752899631529,33.39407035945576],[126.50751874494135,33.39497220426424],[126.50859388232162,33.394980798839725],[126.50860412259483,33.39407895373851],[126.50752899631529,33.39407035945576]]]]}},{"type":"Feature","properties":{"fid":139657,"gid":184793,"emd_nm":"노형동","signgu_nm":"제주시","cml_fr_idx":1.0,"rank":96425,"anls_id":"50110"},"geometry":{"type":"MultiPolygon","coordinates":[[[[126.51949717274869,33.38153849817079],[126.51948704979675,33.3824403480574],[126.52056203679845,33.382448836145585],[126.52057214865641,33.381546985969834],[126.51949717274869,33.38153849817079]]]]}},{"type":"Feature","properties":{"fid":139666,"gid":184811,"emd_nm":"노형동","signgu_nm":"제주시","cml_fr_idx":1.0,"rank":96434,"anls_id":"50110"},"geometry":{"type":"MultiPolygon","coordinates":[[[[126.5019987204148,33.4075548843814],[126.5019884066507,33.40845672571004],[126.50306370831171,33.408465371263226],[126.50307401096778,33.40756352964019],[126.5019987204148,33.4075548843814]]]]}},{"type":"Feature","properties":{"fid":139805,"gid":185079,"emd_nm":"노형동","signgu_nm":"제주시","cml_fr_idx":1.0,"rank":96573,"anls_id":"50110"},"geometry":{"type":"MultiPolygon","coordinates":[[[[126.51842219729178,33.38153000106385],[126.51841206324586,33.382431850660986],[126.51948704979675,33.3824403480574],[126.51949717274869,33.38153849817079],[126.51842219729178,33.38153000106385]]]]}},{"type":"Feature","properties":{"fid":139913,"gid":185306,"emd_nm":"노형동","signgu_nm":"제주시","cml_fr_idx":1.0,"rank":96681,"anls_id":"50110"},"geometry":{"type":"MultiPolygon","coordinates":[[[[126.45701673345276,33.48204375545342],[126.45700592440473,33.48294557328008],[126.45808213045342,33.48295462636351],[126.45809292835315,33.482052808228936],[126.45701673345276,33.48204375545342]]]]}},{"type":"Feature","properties":{"fid":139916,"gid":185309,"emd_nm":"노형동","signgu_nm":"제주시","cml_fr_idx":1.0,"rank":96684,"anls_id":"50110"},"geometry":{"type":"MultiPolygon","coordinates":[[[[126.49012880816005,33.411066523094846],[126.49011837035005,33.41196836062754],[126.49119371136786,33.41197710986094],[126.49120413806808,33.41107527203035],[126.49012880816005,33.411066523094846]]]]}},{"type":"Feature","properties":{"fid":139983,"gid":185409,"emd_nm":"노형동","signgu_nm":"제주시","cml_fr_idx":1.0,"rank":96751,"anls_id":"50110"},"geometry":{"type":"MultiPolygon","coordinates":[[[[126.48756986325618,33.446220538309845],[126.48755938504623,33.44712237001049],[126.48863515879982,33.44713114952823],[126.48864562588072,33.446229317528825],[126.48756986325618,33.446220538309845]]]]}},{"type":"Feature","properties":{"fid":140247,"gid":185941,"emd_nm":"노형동","signgu_nm":"제주시","cml_fr_idx":1.0,"rank":97015,"anls_id":"50110"},"geometry":{"type":"MultiPolygon","coordinates":[[[[126.48762224730828,33.44171137779255],[126.48761177143084,33.44261321016455],[126.48868748954412,33.44262198818848],[126.48869795429503,33.44172015551775],[126.48762224730828,33.44171137779255]]]]}},{"type":"Feature","properties":{"fid":140275,"gid":186001,"emd_nm":"노형동","signgu_nm":"제주시","cml_fr_idx":1.0,"rank":97043,"anls_id":"50110"},"geometry":{"type":"MultiPolygon","coordinates":[[[[126.4911624284812,33.41468262254757],[126.49115199992363,33.41558445984141],[126.49222738584987,33.415593200946866],[126.49223780329568,33.414691363355416],[126.4911624284812,33.41468262254757]]]]}},{"type":"Feature","properties":{"fid":140343,"gid":186131,"emd_nm":"노형동","signgu_nm":"제주시","cml_fr_idx":1.0,"rank":97111,"anls_id":"50110"},"geometry":{"type":"MultiPolygon","coordinates":[[[[126.50086147419142,33.41295727399745],[126.50085114656034,33.413859114226625],[126.50192651442042,33.41386777086538],[126.50193683094054,33.41296593034148],[126.50086147419142,33.41295727399745]]]]}},{"type":"Feature","properties":{"fid":140504,"gid":186427,"emd_nm":"노형동","signgu_nm":"제주시","cml_fr_idx":1.0,"rank":97272,"anls_id":"50110"},"geometry":{"type":"MultiPolygon","coordinates":[[[[126.50411842596048,33.41027769093107],[126.50410813303749,33.41117953244586],[126.50518346894269,33.41118816024587],[126.50519375075616,33.41028631843731],[126.50411842596048,33.41027769093107]]]]}},{"type":"Feature","properties":{"fid":140541,"gid":186489,"emd_nm":"노형동","signgu_nm":"제주시","cml_fr_idx":1.0,"rank":97309,"anls_id":"50110"},"geometry":{"type":"MultiPolygon","coordinates":[[[[126.50845047060439,33.40760661618022],[126.50844022348865,33.40850845927044],[126.50951552789499,33.40851704892005],[126.50952576390257,33.407615205537326],[126.50845047060439,33.40760661618022]]]]}},{"type":"Feature","properties":{"fid":140578,"gid":186544,"emd_nm":"노형동","signgu_nm":"제주시","cml_fr_idx":1.0,"rank":97346,"anls_id":"50110"},"geometry":{"type":"MultiPolygon","coordinates":[[[[126.50085114656034,33.413859114226625],[126.5008408184694,33.41476095432166],[126.5019161974409,33.41476961125518],[126.50192651442042,33.41386777086538],[126.50085114656034,33.413859114226625]]]]}},{"type":"Feature","properties":{"fid":140748,"gid":186871,"emd_nm":"노형동","signgu_nm":"제주시","cml_fr_idx":1.0,"rank":97516,"anls_id":"50110"},"geometry":{"type":"MultiPolygon","coordinates":[[[[126.47732671753064,33.493937857183546],[126.47731611416906,33.494839679058785],[126.47839247424523,33.494848558547446],[126.47840306645165,33.49394673637023],[126.47732671753064,33.493937857183546]]]]}},{"type":"Feature","properties":{"fid":140759,"gid":186893,"emd_nm":"노형동","signgu_nm":"제주시","cml_fr_idx":1.0,"rank":97527,"anls_id":"50110"},"geometry":{"type":"MultiPolygon","coordinates":[[[[126.50973038836055,33.38957830973044],[126.50972016146544,33.390480155794236],[126.51079524425855,33.39048873028427],[126.51080546005538,33.38958688392842],[126.50973038836055,33.38957830973044]]]]}},{"type":"Feature","properties":{"fid":140841,"gid":187049,"emd_nm":"노형동","signgu_nm":"제주시","cml_fr_idx":1.0,"rank":97609,"anls_id":"50110"},"geometry":{"type":"MultiPolygon","coordinates":[[[[126.4976975628005,33.40752021017737],[126.49768720460453,33.40842205032527],[126.49876250442543,33.40843073314724],[126.49877285151344,33.407528892703674],[126.4976975628005,33.40752021017737]]]]}},{"type":"Feature","properties":{"fid":140998,"gid":187340,"emd_nm":"노형동","signgu_nm":"제주시","cml_fr_idx":1.0,"rank":97766,"anls_id":"50110"},"geometry":{"type":"MultiPolygon","coordinates":[[[[126.49766648682878,33.41022573021866],[126.49765612724897,33.411127569964165],[126.49873146039663,33.411136253673135],[126.49874180886704,33.410234413631976],[126.49766648682878,33.41022573021866]]]]}},{"type":"Feature","properties":{"fid":141068,"gid":331,"emd_nm":"노형동","signgu_nm":"제주시","cml_fr_idx":2.0,"rank":97836,"anls_id":"50110"},"geometry":{"type":"MultiPolygon","coordinates":[[[[126.46244072119474,33.47848164710677],[126.46242996980331,33.479383467007764],[126.46350613366005,33.479392472150714],[126.46351687390504,33.4784906519434],[126.46244072119474,33.47848164710677]]]]}},{"type":"Feature","properties":{"fid":141086,"gid":542,"emd_nm":"노형동","signgu_nm":"제주시","cml_fr_idx":2.0,"rank":97854,"anls_id":"50110"},"geometry":{"type":"MultiPolygon","coordinates":[[[[126.48623172746294,33.468757494510314],[126.48622122644174,33.46965932255425],[126.48729727811548,33.46966811888194],[126.48730776799523,33.46876629053877],[126.48623172746294,33.468757494510314]]]]}},{"type":"Feature","properties":{"fid":141104,"gid":725,"emd_nm":"노형동","signgu_nm":"제주시","cml_fr_idx":2.0,"rank":97872,"anls_id":"50110"},"geometry":{"type":"MultiPolygon","coordinates":[[[[126.46664895649037,33.486633995682205],[126.46663824539388,33.487535815596296],[126.46771451150133,33.48754478611741],[126.46772521144682,33.48664296589825],[126.46664895649037,33.486633995682205]]]]}},{"type":"Feature","properties":{"fid":141109,"gid":743,"emd_nm":"노형동","signgu_nm":"제주시","cml_fr_idx":2.0,"rank":97877,"anls_id":"50110"},"geometry":{"type":"MultiPolygon","coordinates":[[[[126.48395333722635,33.47956179490551],[126.48394280829866,33.48046362073778],[126.48501899277204,33.480472439341696],[126.4850295105524,33.479570613209475],[126.48395333722635,33.47956179490551]]]]}},{"type":"Feature","properties":{"fid":141119,"gid":914,"emd_nm":"노형동","signgu_nm":"제주시","cml_fr_idx":2.0,"rank":97887,"anls_id":"50110"},"geometry":{"type":"MultiPolygon","coordinates":[[[[126.48616871432233,33.47416846075894],[126.48615821049562,33.475070287996864],[126.48723432902825,33.47507908612015],[126.48724482171059,33.474177258582934],[126.48616871432233,33.47416846075894]]]]}},{"type":"Feature","properties":{"fid":141147,"gid":1210,"emd_nm":"노형동","signgu_nm":"제주시","cml_fr_idx":2.0,"rank":97914,"anls_id":"50110"},"geometry":{"type":"MultiPolygon","coordinates":[[[[126.46139685370179,33.47576717333853],[126.46138609260132,33.47666899333639],[126.46246222254165,33.4766780069013],[126.46247297249717,33.47577618659685],[126.46139685370179,33.47576717333853]]]]}},{"type":"Feature","properties":{"fid":141170,"gid":1449,"emd_nm":"노형동","signgu_nm":"제주시","cml_fr_idx":2.0,"rank":97938,"anls_id":"50110"},"geometry":{"type":"MultiPolygon","coordinates":[[[[126.46143989331286,33.472159892002296],[126.46142913412866,33.47306171253807],[126.46250521949224,33.47307072487662],[126.4625159675335,33.472168904034284],[126.46143989331286,33.472159892002296]]]]}},{"type":"Feature","properties":{"fid":141212,"gid":1829,"emd_nm":"노형동","signgu_nm":"제주시","cml_fr_idx":2.0,"rank":97980,"anls_id":"50110"},"geometry":{"type":"MultiPolygon","coordinates":[[[[126.47411894583513,33.49210752120273],[126.47410830995526,33.493009342439095],[126.47518464630404,33.4930182493641],[126.47519527102982,33.49211642782483],[126.47411894583513,33.49210752120273]]]]}},{"type":"Feature","properties":{"fid":141242,"gid":2150,"emd_nm":"노형동","signgu_nm":"제주시","cml_fr_idx":2.0,"rank":98010,"anls_id":"50110"},"geometry":{"type":"MultiPolygon","coordinates":[[[[126.46132151593663,33.48207991049923],[126.461310751482,33.48298172955565],[126.4623869594507,33.48299074526692],[126.46239771275692,33.482088925903874],[126.46132151593663,33.48207991049923]]]]}},{"type":"Feature","properties":{"fid":141326,"gid":3117,"emd_nm":"노형동","signgu_nm":"제주시","cml_fr_idx":2.0,"rank":98094,"anls_id":"50110"},"geometry":{"type":"MultiPolygon","coordinates":[[[[126.48185374104659,33.4750350020987],[126.48184319217286,33.47593682800197],[126.48291931997669,33.4759456637878],[126.48292985770563,33.47504383758397],[126.48185374104659,33.4750350020987]]]]}},{"type":"Feature","properties":{"fid":141355,"gid":3377,"emd_nm":"노형동","signgu_nm":"제주시","cml_fr_idx":2.0,"rank":98123,"anls_id":"50110"},"geometry":{"type":"MultiPolygon","coordinates":[[[[126.46995245298372,33.48034812873369],[126.46994177866733,33.48124995050323],[126.47101796815555,33.481258890861334],[126.47102863132434,33.480357068787704],[126.46995245298372,33.48034812873369]]]]}},{"type":"Feature","properties":{"fid":141380,"gid":3638,"emd_nm":"노형동","signgu_nm":"제주시","cml_fr_idx":2.0,"rank":98148,"anls_id":"50110"},"geometry":{"type":"MultiPolygon","coordinates":[[[[126.4721687123089,33.474955062412064],[126.47215806313277,33.47585688559604],[126.47323418669176,33.47586580544839],[126.47324482472327,33.47496398196101],[126.4721687123089,33.474955062412064]]]]}},{"type":"Feature","properties":{"fid":141386,"gid":3718,"emd_nm":"노형동","signgu_nm":"제주시","cml_fr_idx":2.0,"rank":98154,"anls_id":"50110"},"geometry":{"type":"MultiPolygon","coordinates":[[[[126.4656048658891,33.483919556488836],[126.46559414507362,33.48482137650096],[126.4666703772528,33.48483035545061],[126.46668108691881,33.4839285351331],[126.4656048658891,33.483919556488836]]]]}},{"type":"Feature","properties":{"fid":141391,"gid":3749,"emd_nm":"노형동","signgu_nm":"제주시","cml_fr_idx":2.0,"rank":98159,"anls_id":"50110"},"geometry":{"type":"MultiPolygon","coordinates":[[[[126.46777870402946,33.48213386278541],[126.4677680064655,33.48303568367691],[126.46884421729929,33.48304464332952],[126.46885490371471,33.4821428221333],[126.46777870402946,33.48213386278541]]]]}},{"type":"Feature","properties":{"fid":141403,"gid":3828,"emd_nm":"노형동","signgu_nm":"제주시","cml_fr_idx":2.0,"rank":98171,"anls_id":"50110"},"geometry":{"type":"MultiPolygon","coordinates":[[[[126.46570133175287,33.47580317032854],[126.46569061523225,33.47670499155088],[126.46676674708404,33.47671396775231],[126.46677745245965,33.47581214622464],[126.46570133175287,33.47580317032854]]]]}},{"type":"Feature","properties":{"fid":141415,"gid":4000,"emd_nm":"노형동","signgu_nm":"제주시","cml_fr_idx":2.0,"rank":98183,"anls_id":"50110"},"geometry":{"type":"MultiPolygon","coordinates":[[[[126.4625159675335,33.472168904034284],[126.46250521949224,33.47307072487662],[126.46358130533436,33.47307972787561],[126.46359204223265,33.472177906727005],[126.4625159675335,33.472168904034284]]]]}},{"type":"Feature","properties":{"fid":141449,"gid":4227,"emd_nm":"노형동","signgu_nm":"제주시","cml_fr_idx":2.0,"rank":98217,"anls_id":"50110"},"geometry":{"type":"MultiPolygon","coordinates":[[[[126.46142913412866,33.47306171253807],[126.46141837446544,33.47396353293938],[126.46249447097243,33.4739725455845],[126.46250521949224,33.47307072487662],[126.46142913412866,33.47306171253807]]]]}},{"type":"Feature","properties":{"fid":141450,"gid":4247,"emd_nm":"노형동","signgu_nm":"제주시","cml_fr_idx":2.0,"rank":98218,"anls_id":"50110"},"geometry":{"type":"MultiPolygon","coordinates":[[[[126.48079874348389,33.47322250566507],[126.48078818440561,33.4741243315362],[126.48186428945068,33.474133176061066],[126.48187483738516,33.47323134988908],[126.48079874348389,33.47322250566507]]]]}},{"type":"Feature","properties":{"fid":141468,"gid":4454,"emd_nm":"노형동","signgu_nm":"제주시","cml_fr_idx":2.0,"rank":98236,"anls_id":"50110"},"geometry":{"type":"MultiPolygon","coordinates":[[[[126.47518464630404,33.4930182493641],[126.47517402110525,33.493920070768915],[126.47625036908167,33.49392896864977],[126.47626098312585,33.49302714694235],[126.47518464630404,33.4930182493641]]]]}},{"type":"Feature","properties":{"fid":141477,"gid":4557,"emd_nm":"노형동","signgu_nm":"제주시","cml_fr_idx":2.0,"rank":98244,"anls_id":"50110"},"geometry":{"type":"MultiPolygon","coordinates":[[[[126.46038535878702,33.47034722976984],[126.46037458941886,33.4712490502677],[126.46145065201806,33.471258071332045],[126.46146141024427,33.4703562505273],[126.46038535878702,33.47034722976984]]]]}},{"type":"Feature","properties":{"fid":141493,"gid":4718,"emd_nm":"노형동","signgu_nm":"제주시","cml_fr_idx":2.0,"rank":98261,"anls_id":"50110"},"geometry":{"type":"MultiPolygon","coordinates":[[[[126.48077762485721,33.475026157272964],[126.48076706483869,33.47592798287536],[126.48184319217286,33.47593682800197],[126.48185374104659,33.4750350020987],[126.48077762485721,33.475026157272964]]]]}},{"type":"Feature","properties":{"fid":141497,"gid":4757,"emd_nm":"노형동","signgu_nm":"제주시","cml_fr_idx":2.0,"rank":98265,"anls_id":"50110"},"geometry":{"type":"MultiPolygon","coordinates":[[[[126.4797226500527,33.47321365210126],[126.47971207983065,33.4741154776712],[126.48078818440561,33.4741243315362],[126.48079874348389,33.47322250566507],[126.4797226500527,33.47321365210126]]]]}},{"type":"Feature","properties":{"fid":141508,"gid":4812,"emd_nm":"노형동","signgu_nm":"제주시","cml_fr_idx":2.0,"rank":98276,"anls_id":"50110"},"geometry":{"type":"MultiPolygon","coordinates":[[[[126.4775704646026,33.47319591695423],[126.47755987209304,33.47409774192087],[126.47863597572628,33.47410661446609],[126.4786465570921,33.47320478919764],[126.4775704646026,33.47319591695423]]]]}},{"type":"Feature","properties":{"fid":141545,"gid":5273,"emd_nm":"노형동","signgu_nm":"제주시","cml_fr_idx":2.0,"rank":98313,"anls_id":"50110"},"geometry":{"type":"MultiPolygon","coordinates":[[[[126.48182209301633,33.4777404794054],[126.48181154273355,33.47864230490556],[126.4828877039748,33.47865114159308],[126.4828982431113,33.47774931579235],[126.48182209301633,33.4777404794054]]]]}},{"type":"Feature","properties":{"fid":141560,"gid":5405,"emd_nm":"노형동","signgu_nm":"제주시","cml_fr_idx":2.0,"rank":98328,"anls_id":"50110"},"geometry":{"type":"MultiPolygon","coordinates":[[[[126.48402702659607,33.47324901031758],[126.48401650094924,33.47415083709034],[126.48509260740173,33.47415965359473],[126.4851031219047,33.47325782652205],[126.48402702659607,33.47324901031758]]]]}},{"type":"Feature","properties":{"fid":141603,"gid":5802,"emd_nm":"노형동","signgu_nm":"제주시","cml_fr_idx":2.0,"rank":98371,"anls_id":"50110"},"geometry":{"type":"MultiPolygon","coordinates":[[[[126.46988839995645,33.48575905733422],[126.46987772278833,33.48666087829707],[126.47095397917235,33.486669820479825],[126.47096464518994,33.485767999212854],[126.46988839995645,33.48575905733422]]]]}},{"type":"Feature","properties":{"fid":141634,"gid":6049,"emd_nm":"노형동","signgu_nm":"제주시","cml_fr_idx":2.0,"rank":98402,"anls_id":"50110"},"geometry":{"type":"MultiPolygon","coordinates":[[[[126.47109260036866,33.47494613352277],[126.4710819400479,33.47584795640302],[126.47215806313277,33.47585688559604],[126.4721687123089,33.474955062412064],[126.47109260036866,33.47494613352277]]]]}},{"type":"Feature","properties":{"fid":141641,"gid":6131,"emd_nm":"노형동","signgu_nm":"제주시","cml_fr_idx":2.0,"rank":98409,"anls_id":"50110"},"geometry":{"type":"MultiPolygon","coordinates":[[[[126.46141837446544,33.47396353293938],[126.46140761432314,33.47486535320619],[126.46248372197407,33.47487436615792],[126.46249447097243,33.4739725455845],[126.46141837446544,33.47396353293938]]]]}},{"type":"Feature","properties":{"fid":141644,"gid":6218,"emd_nm":"노형동","signgu_nm":"제주시","cml_fr_idx":2.0,"rank":98412,"anls_id":"50110"},"geometry":{"type":"MultiPolygon","coordinates":[[[[126.46775730842532,33.48393750443394],[126.4677466099088,33.484839325056505],[126.4688228430411,33.48484828531861],[126.46883353040809,33.483946464391295],[126.46775730842532,33.48393750443394]]]]}},{"type":"Feature","properties":{"fid":141724,"gid":7183,"emd_nm":"노형동","signgu_nm":"제주시","cml_fr_idx":2.0,"rank":98492,"anls_id":"50110"},"geometry":{"type":"MultiPolygon","coordinates":[[[[126.47304262111392,33.492098605234226],[126.47303197407999,33.49300042616739],[126.47410830995526,33.493009342439095],[126.47411894583513,33.49210752120273],[126.47304262111392,33.492098605234226]]]]}},{"type":"Feature","properties":{"fid":141755,"gid":7549,"emd_nm":"노형동","signgu_nm":"제주시","cml_fr_idx":2.0,"rank":98523,"anls_id":"50110"},"geometry":{"type":"MultiPolygon","coordinates":[[[[126.48198029090487,33.46421308077955],[126.48196974766556,33.46511490829508],[126.48304574176441,33.46512374047463],[126.48305627386486,33.46422191265862],[126.48198029090487,33.46421308077955]]]]}},{"type":"Feature","properties":{"fid":141819,"gid":8228,"emd_nm":"노형동","signgu_nm":"제주시","cml_fr_idx":2.0,"rank":98587,"anls_id":"50110"},"geometry":{"type":"MultiPolygon","coordinates":[[[[126.46343093855505,33.48570520983631],[126.46342019448406,33.48660702896774],[126.46449644800849,33.48661602721693],[126.46450718092903,33.48571420777948],[126.46343093855505,33.48570520983631]]]]}},{"type":"Feature","properties":{"fid":141873,"gid":8747,"emd_nm":"노형동","signgu_nm":"제주시","cml_fr_idx":2.0,"rank":98641,"anls_id":"50110"},"geometry":{"type":"MultiPolygon","coordinates":[[[[126.4634416821477,33.484803390570406],[126.46343093855505,33.48570520983631],[126.46450718092903,33.48571420777948],[126.46451791337176,33.48481238820756],[126.4634416821477,33.484803390570406]]]]}},{"type":"Feature","properties":{"fid":141878,"gid":8779,"emd_nm":"노형동","signgu_nm":"제주시","cml_fr_idx":2.0,"rank":98646,"anls_id":"50110"},"geometry":{"type":"MultiPolygon","coordinates":[[[[126.468897644619,33.47853553600384],[126.4688869601065,33.479437357737886],[126.46996312682485,33.4794463068297],[126.4699738001908,33.478544484791264],[126.468897644619,33.47853553600384]]]]}},{"type":"Feature","properties":{"fid":141898,"gid":9074,"emd_nm":"노형동","signgu_nm":"제주시","cml_fr_idx":2.0,"rank":98666,"anls_id":"50110"},"geometry":{"type":"MultiPolygon","coordinates":[[[[126.46890832865583,33.47763371413535],[126.468897644619,33.47853553600384],[126.4699738001908,33.478544484791264],[126.4699844730816,33.4776426626184],[126.46890832865583,33.47763371413535]]]]}},{"type":"Feature","properties":{"fid":141900,"gid":9094,"emd_nm":"노형동","signgu_nm":"제주시","cml_fr_idx":2.0,"rank":98668,"anls_id":"50110"},"geometry":{"type":"MultiPolygon","coordinates":[[[[126.48184319217286,33.47593682800197],[126.48183264282943,33.476838653770876],[126.48290878177858,33.47684748985726],[126.48291931997669,33.4759456637878],[126.48184319217286,33.47593682800197]]]]}},{"type":"Feature","properties":{"fid":141916,"gid":9489,"emd_nm":"노형동","signgu_nm":"제주시","cml_fr_idx":2.0,"rank":98684,"anls_id":"50110"},"geometry":{"type":"MultiPolygon","coordinates":[[[[126.46034227843747,33.47395451095436],[126.46033150715125,33.474856330914264],[126.46140761432314,33.47486535320619],[126.46141837446544,33.47396353293938],[126.46034227843747,33.47395451095436]]]]}},{"type":"Feature","properties":{"fid":141918,"gid":9490,"emd_nm":"노형동","signgu_nm":"제주시","cml_fr_idx":2.0,"rank":98686,"anls_id":"50110"},"geometry":{"type":"MultiPolygon","coordinates":[[[[126.46140761432314,33.47486535320619],[126.46139685370179,33.47576717333853],[126.46247297249717,33.47577618659685],[126.46248372197407,33.47487436615792],[126.46140761432314,33.47486535320619]]]]}},{"type":"Feature","properties":{"fid":141940,"gid":9724,"emd_nm":"노형동","signgu_nm":"제주시","cml_fr_idx":2.0,"rank":98708,"anls_id":"50110"},"geometry":{"type":"MultiPolygon","coordinates":[[[[126.4623869594507,33.48299074526692],[126.46237620566569,33.48389256449547],[126.46345242526205,33.48390157117],[126.46346316789813,33.48299975163513],[126.4623869594507,33.48299074526692]]]]}},{"type":"Feature","properties":{"fid":141969,"gid":10065,"emd_nm":"노형동","signgu_nm":"제주시","cml_fr_idx":2.0,"rank":98737,"anls_id":"50110"},"geometry":{"type":"MultiPolygon","coordinates":[[[[126.47747511503707,33.48131233681589],[126.47746451828232,33.48221416057297],[126.47854072223153,33.48222303583481],[126.47855130783806,33.48132121177585],[126.47747511503707,33.48131233681589]]]]}},{"type":"Feature","properties":{"fid":141970,"gid":10069,"emd_nm":"노형동","signgu_nm":"제주시","cml_fr_idx":2.0,"rank":98738,"anls_id":"50110"},"geometry":{"type":"MultiPolygon","coordinates":[[[[126.46250521949224,33.47307072487662],[126.46249447097243,33.4739725455845],[126.463570567958,33.47398154888975],[126.46358130533436,33.47307972787561],[126.46250521949224,33.47307072487662]]]]}},{"type":"Feature","properties":{"fid":141986,"gid":10206,"emd_nm":"노형동","signgu_nm":"제주시","cml_fr_idx":2.0,"rank":98754,"anls_id":"50110"},"geometry":{"type":"MultiPolygon","coordinates":[[[[126.46455010783322,33.48210692868486],[126.46453937682382,33.48300874866023],[126.46561558622729,33.48301773634224],[126.46562630608821,33.482115916061176],[126.46455010783322,33.48210692868486]]]]}},{"type":"Feature","properties":{"fid":142168,"gid":12246,"emd_nm":"노형동","signgu_nm":"제주시","cml_fr_idx":2.0,"rank":98936,"anls_id":"50110"},"geometry":{"type":"MultiPolygon","coordinates":[[[[126.48183264282943,33.476838653770876],[126.48182209301633,33.4777404794054],[126.4828982431113,33.47774931579235],[126.48290878177858,33.47684748985726],[126.48183264282943,33.476838653770876]]]]}},{"type":"Feature","properties":{"fid":142169,"gid":12261,"emd_nm":"노형동","signgu_nm":"제주시","cml_fr_idx":2.0,"rank":98937,"anls_id":"50110"},"geometry":{"type":"MultiPolygon","coordinates":[[[[126.46986704514482,33.487562699125455],[126.46985636702597,33.488464519819374],[126.4709326457126,33.4884734626104],[126.4709433126799,33.48757164161233],[126.46986704514482,33.487562699125455]]]]}},{"type":"Feature","properties":{"fid":142194,"gid":12515,"emd_nm":"노형동","signgu_nm":"제주시","cml_fr_idx":2.0,"rank":98962,"anls_id":"50110"},"geometry":{"type":"MultiPolygon","coordinates":[[[[126.4688869601065,33.479437357737886],[126.46887627511829,33.48033917933746],[126.46995245298372,33.48034812873369],[126.46996312682485,33.4794463068297],[126.4688869601065,33.479437357737886]]]]}},{"type":"Feature","properties":{"fid":142199,"gid":12533,"emd_nm":"노형동","signgu_nm":"제주시","cml_fr_idx":2.0,"rank":98967,"anls_id":"50110"},"geometry":{"type":"MultiPolygon","coordinates":[[[[126.47748571132004,33.48041051292441],[126.47747511503707,33.48131233681589],[126.47855130783806,33.48132121177585],[126.47856189297333,33.4804193875825],[126.47748571132004,33.48041051292441]]]]}},{"type":"Feature","properties":{"fid":142206,"gid":12610,"emd_nm":"노형동","signgu_nm":"제주시","cml_fr_idx":2.0,"rank":98974,"anls_id":"50110"},"geometry":{"type":"MultiPolygon","coordinates":[[[[126.46985636702597,33.488464519819374],[126.46984568843169,33.48936634037884],[126.47092197827035,33.489375283474004],[126.4709326457126,33.4884734626104],[126.46985636702597,33.488464519819374]]]]}},{"type":"Feature","properties":{"fid":142225,"gid":12787,"emd_nm":"노형동","signgu_nm":"제주시","cml_fr_idx":2.0,"rank":98993,"anls_id":"50110"},"geometry":{"type":"MultiPolygon","coordinates":[[[[126.4677680064655,33.48303568367691],[126.46775730842532,33.48393750443394],[126.46883353040809,33.483946464391295],[126.46884421729929,33.48304464332952],[126.4677680064655,33.48303568367691]]]]}},{"type":"Feature","properties":{"fid":142276,"gid":13484,"emd_nm":"노형동","signgu_nm":"제주시","cml_fr_idx":2.0,"rank":99044,"anls_id":"50110"},"geometry":{"type":"MultiPolygon","coordinates":[[[[126.48186428945068,33.474133176061066],[126.48185374104659,33.4750350020987],[126.48292985770563,33.47504383758397],[126.48294039496542,33.474142011245796],[126.48186428945068,33.474133176061066]]]]}},{"type":"Feature","properties":{"fid":142362,"gid":14387,"emd_nm":"노형동","signgu_nm":"제주시","cml_fr_idx":2.0,"rank":99130,"anls_id":"50110"},"geometry":{"type":"MultiPolygon","coordinates":[[[[126.46242996980331,33.479383467007764],[126.46241921793323,33.48028528677428],[126.46349539293689,33.48029429222354],[126.46350613366005,33.479392472150714],[126.46242996980331,33.479383467007764]]]]}},{"type":"Feature","properties":{"fid":142368,"gid":14421,"emd_nm":"노형동","signgu_nm":"제주시","cml_fr_idx":2.0,"rank":99136,"anls_id":"50110"},"geometry":{"type":"MultiPolygon","coordinates":[[[[126.47535458516765,33.47858908860443],[126.47534396753478,33.47949091216006],[126.47642013709691,33.47949980520028],[126.4764307435831,33.47859798134216],[126.47535458516765,33.47858908860443]]]]}},{"type":"Feature","properties":{"fid":142373,"gid":14502,"emd_nm":"노형동","signgu_nm":"제주시","cml_fr_idx":2.0,"rank":99141,"anls_id":"50110"},"geometry":{"type":"MultiPolygon","coordinates":[[[[126.46027764352635,33.47936542869649],[126.46026686936247,33.48026724784945],[126.46134304340825,33.48027627198293],[126.46135380642527,33.479374452523025],[126.46027764352635,33.47936542869649]]]]}},{"type":"Feature","properties":{"fid":142403,"gid":14909,"emd_nm":"노형동","signgu_nm":"제주시","cml_fr_idx":2.0,"rank":99170,"anls_id":"50110"},"geometry":{"type":"MultiPolygon","coordinates":[[[[126.46032073538551,33.4757581507397],[126.46030996314015,33.47665997043064],[126.46138609260132,33.47666899333639],[126.46139685370179,33.47576717333853],[126.46032073538551,33.4757581507397]]]]}},{"type":"Feature","properties":{"fid":142409,"gid":14993,"emd_nm":"노형동","signgu_nm":"제주시","cml_fr_idx":2.0,"rank":99177,"anls_id":"50110"},"geometry":{"type":"MultiPolygon","coordinates":[[[[126.48509260740173,33.47415965359473],[126.48508209243062,33.475061480533064],[126.48615821049562,33.475070287996864],[126.48616871432233,33.47416846075894],[126.48509260740173,33.47415965359473]]]]}},{"type":"Feature","properties":{"fid":142515,"gid":15888,"emd_nm":"노형동","signgu_nm":"제주시","cml_fr_idx":2.0,"rank":99283,"anls_id":"50110"},"geometry":{"type":"MultiPolygon","coordinates":[[[[126.46665966711001,33.48573217563364],[126.46664895649037,33.486633995682205],[126.46772521144682,33.48664296589825],[126.46773591091598,33.4857411455446],[126.46665966711001,33.48573217563364]]]]}},{"type":"Feature","properties":{"fid":142526,"gid":15943,"emd_nm":"노형동","signgu_nm":"제주시","cml_fr_idx":2.0,"rank":99294,"anls_id":"50110"},"geometry":{"type":"MultiPolygon","coordinates":[[[[126.46449644800849,33.48661602721693],[126.4644857146101,33.48751784651989],[126.46556197976331,33.48752683573045],[126.46557270201075,33.486625016121764],[126.46449644800849,33.48661602721693]]]]}},{"type":"Feature","properties":{"fid":142528,"gid":15955,"emd_nm":"노형동","signgu_nm":"제주시","cml_fr_idx":2.0,"rank":99296,"anls_id":"50110"},"geometry":{"type":"MultiPolygon","coordinates":[[[[126.4678000977286,33.48033022059903],[126.46778940111713,33.48123204175945],[126.46886558965437,33.481241000802605],[126.46887627511829,33.48033917933746],[126.4678000977286,33.48033022059903]]]]}},{"type":"Feature","properties":{"fid":142535,"gid":16001,"emd_nm":"노형동","signgu_nm":"제주시","cml_fr_idx":2.0,"rank":99303,"anls_id":"50110"},"geometry":{"type":"MultiPolygon","coordinates":[[[[126.47647316480605,33.474990684565675],[126.47646256020855,33.4758925089614],[126.4775386856591,33.475901391451],[126.47754927911188,33.47499956675313],[126.47647316480605,33.474990684565675]]]]}},{"type":"Feature","properties":{"fid":142542,"gid":16054,"emd_nm":"노형동","signgu_nm":"제주시","cml_fr_idx":2.0,"rank":99310,"anls_id":"50110"},"geometry":{"type":"MultiPolygon","coordinates":[[[[126.4861161905119,33.47867759560514],[126.48610568434668,33.47957942217135],[126.48718185860872,33.479588221791126],[126.48719235362708,33.47868639492561],[126.4861161905119,33.47867759560514]]]]}},{"type":"Feature","properties":{"fid":142587,"gid":16520,"emd_nm":"노형동","signgu_nm":"제주시","cml_fr_idx":2.0,"rank":99355,"anls_id":"50110"},"geometry":{"type":"MultiPolygon","coordinates":[[[[126.4646359387112,33.4748923640407],[126.46462521152321,33.47579418509186],[126.46570133175287,33.47580317032854],[126.4657120477964,33.474901348971734],[126.4646359387112,33.4748923640407]]]]}},{"type":"Feature","properties":{"fid":142602,"gid":16672,"emd_nm":"노형동","signgu_nm":"제주시","cml_fr_idx":2.0,"rank":99370,"anls_id":"50110"},"geometry":{"type":"MultiPolygon","coordinates":[[[[126.48515568739812,33.46874868914357],[126.48514517523557,33.46965051688794],[126.48622122644174,33.46965932255425],[126.48623172746294,33.468757494510314],[126.48515568739812,33.46874868914357]]]]}},{"type":"Feature","properties":{"fid":142613,"gid":16809,"emd_nm":"노형동","signgu_nm":"제주시","cml_fr_idx":2.0,"rank":99381,"anls_id":"50110"},"geometry":{"type":"MultiPolygon","coordinates":[[[[126.46557270201075,33.486625016121764],[126.46556197976331,33.48752683573045],[126.46663824539388,33.487535815596296],[126.46664895649037,33.486633995682205],[126.46557270201075,33.486625016121764]]]]}},{"type":"Feature","properties":{"fid":142614,"gid":16811,"emd_nm":"노형동","signgu_nm":"제주시","cml_fr_idx":2.0,"rank":99382,"anls_id":"50110"},"geometry":{"type":"MultiPolygon","coordinates":[[[[126.46457156841876,33.480303288330646],[126.46456083836483,33.48120510857499],[126.46563702547189,33.481214095645626],[126.46564774437833,33.480312275095606],[126.46457156841876,33.480303288330646]]]]}},{"type":"Feature","properties":{"fid":142627,"gid":16950,"emd_nm":"노형동","signgu_nm":"제주시","cml_fr_idx":2.0,"rank":99395,"anls_id":"50110"},"geometry":{"type":"MultiPolygon","coordinates":[[[[126.48403755177428,33.47234718341047],[126.48402702659607,33.47324901031758],[126.4851031219047,33.47325782652205],[126.48511363593953,33.47235599931504],[126.48403755177428,33.47234718341047]]]]}},{"type":"Feature","properties":{"fid":142632,"gid":17013,"emd_nm":"노형동","signgu_nm":"제주시","cml_fr_idx":2.0,"rank":99400,"anls_id":"50110"},"geometry":{"type":"MultiPolygon","coordinates":[[[[126.46453937682382,33.48300874866023],[126.4645286453367,33.48391056850114],[126.4656048658891,33.483919556488836],[126.46561558622729,33.48301773634224],[126.46453937682382,33.48300874866023]]]]}},{"type":"Feature","properties":{"fid":142647,"gid":17111,"emd_nm":"노형동","signgu_nm":"제주시","cml_fr_idx":2.0,"rank":99415,"anls_id":"50110"},"geometry":{"type":"MultiPolygon","coordinates":[[[[126.46561558622729,33.48301773634224],[126.4656048658891,33.483919556488836],[126.46668108691881,33.4839285351331],[126.46669179610802,33.483026714681145],[126.46561558622729,33.48301773634224]]]]}},{"type":"Feature","properties":{"fid":142690,"gid":17591,"emd_nm":"노형동","signgu_nm":"제주시","cml_fr_idx":2.0,"rank":99458,"anls_id":"50110"},"geometry":{"type":"MultiPolygon","coordinates":[[[[126.46669179610802,33.483026714681145],[126.46668108691881,33.4839285351331],[126.46775730842532,33.48393750443394],[126.4677680064655,33.48303568367691],[126.46669179610802,33.483026714681145]]]]}},{"type":"Feature","properties":{"fid":142711,"gid":17878,"emd_nm":"노형동","signgu_nm":"제주시","cml_fr_idx":2.0,"rank":99479,"anls_id":"50110"},"geometry":{"type":"MultiPolygon","coordinates":[[[[126.4786465570921,33.47320478919764],[126.47863597572628,33.47410661446609],[126.47971207983065,33.4741154776712],[126.4797226500527,33.47321365210126],[126.4786465570921,33.47320478919764]]]]}},{"type":"Feature","properties":{"fid":142732,"gid":18126,"emd_nm":"노형동","signgu_nm":"제주시","cml_fr_idx":2.0,"rank":99500,"anls_id":"50110"},"geometry":{"type":"MultiPolygon","coordinates":[[[[126.47107127925253,33.47674977914882],[126.4710606179825,33.477651601760186],[126.47213676335808,33.477660531560694],[126.4721474134825,33.476758708645576],[126.47107127925253,33.47674977914882]]]]}},{"type":"Feature","properties":{"fid":142737,"gid":18190,"emd_nm":"노형동","signgu_nm":"제주시","cml_fr_idx":2.0,"rank":99505,"anls_id":"50110"},"geometry":{"type":"MultiPolygon","coordinates":[[[[126.4645286453367,33.48391056850114],[126.46451791337176,33.48481238820756],[126.46559414507362,33.48482137650096],[126.4656048658891,33.483919556488836],[126.4645286453367,33.48391056850114]]]]}},{"type":"Feature","properties":{"fid":142810,"gid":18772,"emd_nm":"노형동","signgu_nm":"제주시","cml_fr_idx":2.0,"rank":99578,"anls_id":"50110"},"geometry":{"type":"MultiPolygon","coordinates":[[[[126.46464666542163,33.473990542855084],[126.4646359387112,33.4748923640407],[126.4657120477964,33.474901348971734],[126.46572276336282,33.47399952748049],[126.46464666542163,33.473990542855084]]]]}},{"type":"Feature","properties":{"fid":142823,"gid":18951,"emd_nm":"노형동","signgu_nm":"제주시","cml_fr_idx":2.0,"rank":99591,"anls_id":"50110"},"geometry":{"type":"MultiPolygon","coordinates":[[[[126.48301414264938,33.4678292231166],[126.48300360867309,33.468731050395256],[126.48407964780135,33.46873987443855],[126.48409017063679,33.46783804685972],[126.48301414264938,33.4678292231166]]]]}},{"type":"Feature","properties":{"fid":142872,"gid":19541,"emd_nm":"노형동","signgu_nm":"제주시","cml_fr_idx":2.0,"rank":99640,"anls_id":"50110"},"geometry":{"type":"MultiPolygon","coordinates":[[[[126.4721474134825,33.476758708645576],[126.47213676335808,33.477660531560694],[126.47321290920782,33.4776694520199],[126.47322354818661,33.47676762880137],[126.4721474134825,33.476758708645576]]]]}},{"type":"Feature","properties":{"fid":142881,"gid":19610,"emd_nm":"노형동","signgu_nm":"제주시","cml_fr_idx":2.0,"rank":99649,"anls_id":"50110"},"geometry":{"type":"MultiPolygon","coordinates":[[[[126.47534396753478,33.47949091216006],[126.47533334942919,33.48039273558128],[126.47640953013848,33.480401628924],[126.47642013709691,33.47949980520028],[126.47534396753478,33.47949091216006]]]]}},{"type":"Feature","properties":{"fid":142929,"gid":20057,"emd_nm":"노형동","signgu_nm":"제주시","cml_fr_idx":2.0,"rank":99697,"anls_id":"50110"},"geometry":{"type":"MultiPolygon","coordinates":[[[[126.46450718092903,33.48571420777948],[126.46449644800849,33.48661602721693],[126.46557270201075,33.486625016121764],[126.46558342378086,33.4857231963786],[126.46450718092903,33.48571420777948]]]]}},{"type":"Feature","properties":{"fid":142939,"gid":20134,"emd_nm":"노형동","signgu_nm":"제주시","cml_fr_idx":2.0,"rank":99707,"anls_id":"50110"},"geometry":{"type":"MultiPolygon","coordinates":[[[[126.461310751482,33.48298172955565],[126.46129998654811,33.48388354847756],[126.46237620566569,33.48389256449547],[126.4623869594507,33.48299074526692],[126.461310751482,33.48298172955565]]]]}},{"type":"Feature","properties":{"fid":142949,"gid":20244,"emd_nm":"노형동","signgu_nm":"제주시","cml_fr_idx":2.0,"rank":99716,"anls_id":"50110"},"geometry":{"type":"MultiPolygon","coordinates":[[[[126.47840306645165,33.49394673637023],[126.47839247424523,33.494848558547446],[126.47946883479297,33.49485742868869],[126.47947941584421,33.49395560620985],[126.47840306645165,33.49394673637023]]]]}},{"type":"Feature","properties":{"fid":142960,"gid":20380,"emd_nm":"노형동","signgu_nm":"제주시","cml_fr_idx":2.0,"rank":99728,"anls_id":"50110"},"geometry":{"type":"MultiPolygon","coordinates":[[[[126.4645930270935,33.47849964743854],[126.46458229799497,33.47940146795183],[126.46565846280758,33.47941045441113],[126.46566918075962,33.47850863359217],[126.4645930270935,33.47849964743854]]]]}},{"type":"Feature","properties":{"fid":142966,"gid":20454,"emd_nm":"노형동","signgu_nm":"제주시","cml_fr_idx":2.0,"rank":99734,"anls_id":"50110"},"geometry":{"type":"MultiPolygon","coordinates":[[[[126.47971207983065,33.4741154776712],[126.47970150913795,33.47501730310679],[126.48077762485721,33.475026157272964],[126.48078818440561,33.4741243315362],[126.47971207983065,33.4741154776712]]]]}},{"type":"Feature","properties":{"fid":142976,"gid":20545,"emd_nm":"노형동","signgu_nm":"제주시","cml_fr_idx":2.0,"rank":99744,"anls_id":"50110"},"geometry":{"type":"MultiPolygon","coordinates":[[[[126.46239771275692,33.482088925903874],[126.4623869594507,33.48299074526692],[126.46346316789813,33.48299975163513],[126.46347391005594,33.482097931965754],[126.46239771275692,33.482088925903874]]]]}},{"type":"Feature","properties":{"fid":142984,"gid":20602,"emd_nm":"노형동","signgu_nm":"제주시","cml_fr_idx":2.0,"rank":99751,"anls_id":"50110"},"geometry":{"type":"MultiPolygon","coordinates":[[[[126.4861897205729,33.47236480588007],[126.48617921768144,33.47326663338667],[126.48725531392579,33.47327543091141],[126.48726580567386,33.47237360310553],[126.4861897205729,33.47236480588007]]]]}},{"type":"Feature","properties":{"fid":142985,"gid":20609,"emd_nm":"노형동","signgu_nm":"제주시","cml_fr_idx":2.0,"rank":99753,"anls_id":"50110"},"geometry":{"type":"MultiPolygon","coordinates":[[[[126.47648376893144,33.47408886003556],[126.47647316480605,33.474990684565675],[126.47754927911188,33.47499956675313],[126.47755987209304,33.47409774192087],[126.47648376893144,33.47408886003556]]]]}},{"type":"Feature","properties":{"fid":143007,"gid":20792,"emd_nm":"노형동","signgu_nm":"제주시","cml_fr_idx":2.0,"rank":99775,"anls_id":"50110"},"geometry":{"type":"MultiPolygon","coordinates":[[[[126.48621072495304,33.47056115046385],[126.48620022299676,33.47146297823913],[126.48727629695482,33.47147177516533],[126.48728678776867,33.4705699470908],[126.48621072495304,33.47056115046385]]]]}},{"type":"Feature","properties":{"fid":143019,"gid":20916,"emd_nm":"노형동","signgu_nm":"제주시","cml_fr_idx":2.0,"rank":99787,"anls_id":"50110"},"geometry":{"type":"MultiPolygon","coordinates":[[[[126.46349539293689,33.48029429222354],[126.46348465173553,33.48119611216188],[126.46456083836483,33.48120510857499],[126.46457156841876,33.480303288330646],[126.46349539293689,33.48029429222354]]]]}},{"type":"Feature","properties":{"fid":143070,"gid":21353,"emd_nm":"노형동","signgu_nm":"제주시","cml_fr_idx":2.0,"rank":99838,"anls_id":"50110"},"geometry":{"type":"MultiPolygon","coordinates":[[[[126.46346316789813,33.48299975163513],[126.46345242526205,33.48390157117],[126.4645286453367,33.48391056850114],[126.46453937682382,33.48300874866023],[126.46346316789813,33.48299975163513]]]]}},{"type":"Feature","properties":{"fid":143102,"gid":21708,"emd_nm":"노형동","signgu_nm":"제주시","cml_fr_idx":2.0,"rank":99870,"anls_id":"50110"},"geometry":{"type":"MultiPolygon","coordinates":[[[[126.47970150913795,33.47501730310679],[126.47969093797468,33.475919128407995],[126.48076706483869,33.47592798287536],[126.48077762485721,33.475026157272964],[126.47970150913795,33.47501730310679]]]]}},{"type":"Feature","properties":{"fid":143108,"gid":21760,"emd_nm":"노형동","signgu_nm":"제주시","cml_fr_idx":2.0,"rank":99876,"anls_id":"50110"},"geometry":{"type":"MultiPolygon","coordinates":[[[[126.46674533490292,33.478517610404275],[126.46673462809734,33.47941943152857],[126.46781079386382,33.47942839930416],[126.46782148952286,33.47852657787483],[126.46674533490292,33.478517610404275]]]]}},{"type":"Feature","properties":{"fid":143151,"gid":22217,"emd_nm":"노형동","signgu_nm":"제주시","cml_fr_idx":2.0,"rank":99919,"anls_id":"50110"},"geometry":{"type":"MultiPolygon","coordinates":[[[[126.47427842722489,33.47858018652504],[126.47426779844538,33.479482009777875],[126.47534396753478,33.47949091216006],[126.47535458516765,33.47858908860443],[126.47427842722489,33.47858018652504]]]]}},{"type":"Feature","properties":{"fid":143196,"gid":22617,"emd_nm":"노형동","signgu_nm":"제주시","cml_fr_idx":2.0,"rank":99964,"anls_id":"50110"},"geometry":{"type":"MultiPolygon","coordinates":[[[[126.48078818440561,33.4741243315362],[126.48077762485721,33.475026157272964],[126.48185374104659,33.4750350020987],[126.48186428945068,33.474133176061066],[126.48078818440561,33.4741243315362]]]]}},{"type":"Feature","properties":{"fid":143201,"gid":22654,"emd_nm":"노형동","signgu_nm":"제주시","cml_fr_idx":2.0,"rank":99968,"anls_id":"50110"},"geometry":{"type":"MultiPolygon","coordinates":[[[[126.46875870884628,33.4902592080588],[126.46874801814812,33.49116102804486],[126.46982432981689,33.491169981094366],[126.469835009362,33.49026816080383],[126.46875870884628,33.4902592080588]]]]}},{"type":"Feature","properties":{"fid":143204,"gid":22698,"emd_nm":"노형동","signgu_nm":"제주시","cml_fr_idx":2.0,"rank":99972,"anls_id":"50110"},"geometry":{"type":"MultiPolygon","coordinates":[[[[126.48520824119109,33.46423954840675],[126.4851977313684,33.46514137682278],[126.48627372687258,33.465150180991344],[126.48628422555632,33.46424835227578],[126.48520824119109,33.46423954840675]]]]}},{"type":"Feature","properties":{"fid":143219,"gid":22807,"emd_nm":"노형동","signgu_nm":"제주시","cml_fr_idx":2.0,"rank":99987,"anls_id":"50110"},"geometry":{"type":"MultiPolygon","coordinates":[[[[126.48306680549639,33.46332008470828],[126.48305627386486,33.46422191265862],[126.48413225729377,33.46423073520102],[126.4841427777869,33.46332890695053],[126.48306680549639,33.46332008470828]]]]}},{"type":"Feature","properties":{"fid":143262,"gid":23193,"emd_nm":"노형동","signgu_nm":"제주시","cml_fr_idx":2.0,"rank":100030,"anls_id":"50110"},"geometry":{"type":"MultiPolygon","coordinates":[[[[126.46876939906846,33.48935738793827],[126.46875870884628,33.4902592080588],[126.469835009362,33.49026816080383],[126.46984568843169,33.48936634037884],[126.46876939906846,33.48935738793827]]]]}},{"type":"Feature","properties":{"fid":143306,"gid":23688,"emd_nm":"노형동","signgu_nm":"제주시","cml_fr_idx":2.0,"rank":100074,"anls_id":"50110"},"geometry":{"type":"MultiPolygon","coordinates":[[[[126.46451791337176,33.48481238820756],[126.46450718092903,33.48571420777948],[126.46558342378086,33.4857231963786],[126.46559414507362,33.48482137650096],[126.46451791337176,33.48481238820756]]]]}},{"type":"Feature","properties":{"fid":143336,"gid":24083,"emd_nm":"노형동","signgu_nm":"제주시","cml_fr_idx":2.0,"rank":100104,"anls_id":"50110"},"geometry":{"type":"MultiPolygon","coordinates":[[[[126.46033150715125,33.474856330914264],[126.46032073538551,33.4757581507397],[126.46139685370179,33.47576717333853],[126.46140761432314,33.47486535320619],[126.46033150715125,33.474856330914264]]]]}},{"type":"Feature","properties":{"fid":143341,"gid":24121,"emd_nm":"노형동","signgu_nm":"제주시","cml_fr_idx":2.0,"rank":100109,"anls_id":"50110"},"geometry":{"type":"MultiPolygon","coordinates":[[[[126.48534482631213,33.45251576677568],[126.4853343225709,33.45341759693776],[126.48641017330779,33.453426397212894],[126.48642066591654,33.452524566751364],[126.48534482631213,33.45251576677568]]]]}},{"type":"Feature","properties":{"fid":143346,"gid":24152,"emd_nm":"노형동","signgu_nm":"제주시","cml_fr_idx":2.0,"rank":100114,"anls_id":"50110"},"geometry":{"type":"MultiPolygon","coordinates":[[[[126.48514517523557,33.46965051688794],[126.48513466260495,33.470552344497975],[126.48621072495304,33.47056115046385],[126.48622122644174,33.46965932255425],[126.48514517523557,33.46965051688794]]]]}},{"type":"Feature","properties":{"fid":143362,"gid":24441,"emd_nm":"노형동","signgu_nm":"제주시","cml_fr_idx":2.0,"rank":100130,"anls_id":"50110"},"geometry":{"type":"MultiPolygon","coordinates":[[[[126.48719235362708,33.47868639492561],[126.48718185860872,33.479588221791126],[126.48825803333804,33.47959701206878],[126.4882685172095,33.47869518490426],[126.48719235362708,33.47868639492561]]]]}},{"type":"Feature","properties":{"fid":143401,"gid":24995,"emd_nm":"노형동","signgu_nm":"제주시","cml_fr_idx":2.0,"rank":100169,"anls_id":"50110"},"geometry":{"type":"MultiPolygon","coordinates":[[[[126.48300360867309,33.468731050395256],[126.48299307422778,33.469632877539546],[126.4840691244974,33.46964170188304],[126.48407964780135,33.46873987443855],[126.48300360867309,33.468731050395256]]]]}},{"type":"Feature","properties":{"fid":143431,"gid":25242,"emd_nm":"노형동","signgu_nm":"제주시","cml_fr_idx":2.0,"rank":100199,"anls_id":"50110"},"geometry":{"type":"MultiPolygon","coordinates":[[[[126.47536520232782,33.477687264914394],[126.47535458516765,33.47858908860443],[126.4764307435831,33.47859798134216],[126.4764413495971,33.47769615734964],[126.47536520232782,33.477687264914394]]]]}},{"type":"Feature","properties":{"fid":143459,"gid":25521,"emd_nm":"노형동","signgu_nm":"제주시","cml_fr_idx":2.0,"rank":100227,"anls_id":"50110"},"geometry":{"type":"MultiPolygon","coordinates":[[[[126.48511363593953,33.47235599931504],[126.4851031219047,33.47325782652205],[126.48617921768144,33.47326663338667],[126.4861897205729,33.47236480588007],[126.48511363593953,33.47235599931504]]]]}},{"type":"Feature","properties":{"fid":143474,"gid":25698,"emd_nm":"노형동","signgu_nm":"제주시","cml_fr_idx":2.0,"rank":100242,"anls_id":"50110"},"geometry":{"type":"MultiPolygon","coordinates":[[[[126.46881215519831,33.48575010611147],[126.46880146687964,33.48665192676987],[126.46987772278833,33.48666087829707],[126.46988839995645,33.48575905733422],[126.46881215519831,33.48575010611147]]]]}},{"type":"Feature","properties":{"fid":143476,"gid":25700,"emd_nm":"노형동","signgu_nm":"제주시","cml_fr_idx":2.0,"rank":100243,"anls_id":"50110"},"geometry":{"type":"MultiPolygon","coordinates":[[[[126.46136456896309,33.478472632928636],[126.46135380642527,33.479374452523025],[126.46242996980331,33.479383467007764],[126.46244072119474,33.47848164710677],[126.46136456896309,33.478472632928636]]]]}},{"type":"Feature","properties":{"fid":143560,"gid":26494,"emd_nm":"노형동","signgu_nm":"제주시","cml_fr_idx":2.0,"rank":100328,"anls_id":"50110"},"geometry":{"type":"MultiPolygon","coordinates":[[[[126.4741295812415,33.49120569983192],[126.47411894583513,33.49210752120273],[126.47519527102982,33.49211642782483],[126.4752058952826,33.49121460615114],[126.4741295812415,33.49120569983192]]]]}},{"type":"Feature","properties":{"fid":143578,"gid":27970,"emd_nm":"노형동","signgu_nm":"제주시","cml_fr_idx":2.0,"rank":100346,"anls_id":"50110"},"geometry":{"type":"MultiPolygon","coordinates":[[[[126.47549257138645,33.46686537015066],[126.47548195989714,33.46776719545346],[126.47655798459121,33.46777608456182],[126.47656858494028,33.46687425895662],[126.47549257138645,33.46686537015066]]]]}},{"type":"Feature","properties":{"fid":143593,"gid":28835,"emd_nm":"노형동","signgu_nm":"제주시","cml_fr_idx":2.0,"rank":100360,"anls_id":"50110"},"geometry":{"type":"MultiPolygon","coordinates":[[[[126.48658848413486,33.43809526110416],[126.48657799899848,33.43899709371417],[126.48765367214212,33.439005879871],[126.48766414615393,33.43810404696196],[126.48658848413486,33.43809526110416]]]]}},{"type":"Feature","properties":{"fid":143645,"gid":34040,"emd_nm":"노형동","signgu_nm":"제주시","cml_fr_idx":2.0,"rank":100413,"anls_id":"50110"},"geometry":{"type":"MultiPolygon","coordinates":[[[[126.4840691244974,33.46964170188304],[126.48405860072494,33.470543529193186],[126.48513466260495,33.470552344497975],[126.48514517523557,33.46965051688794],[126.4840691244974,33.46964170188304]]]]}},{"type":"Feature","properties":{"fid":143658,"gid":35247,"emd_nm":"노형동","signgu_nm":"제주시","cml_fr_idx":2.0,"rank":100426,"anls_id":"50110"},"geometry":{"type":"MultiPolygon","coordinates":[[[[126.46348465173553,33.48119611216188],[126.46347391005594,33.482097931965754],[126.46455010783322,33.48210692868486],[126.46456083836483,33.48120510857499],[126.46348465173553,33.48119611216188]]]]}},{"type":"Feature","properties":{"fid":143663,"gid":35568,"emd_nm":"노형동","signgu_nm":"제주시","cml_fr_idx":2.0,"rank":100431,"anls_id":"50110"},"geometry":{"type":"MultiPolygon","coordinates":[[[[126.46037458941886,33.4712490502677],[126.46036381957124,33.47215087063107],[126.46143989331286,33.472159892002296],[126.46145065201806,33.471258071332045],[126.46037458941886,33.4712490502677]]]]}},{"type":"Feature","properties":{"fid":143665,"gid":35786,"emd_nm":"노형동","signgu_nm":"제주시","cml_fr_idx":2.0,"rank":100433,"anls_id":"50110"},"geometry":{"type":"MultiPolygon","coordinates":[[[[126.48290878177858,33.47684748985726],[126.4828982431113,33.47774931579235],[126.48397439367542,33.47775814283789],[126.48398492119692,33.47685631660253],[126.48290878177858,33.47684748985726]]]]}},{"type":"Feature","properties":{"fid":143754,"gid":45825,"emd_nm":"노형동","signgu_nm":"제주시","cml_fr_idx":2.0,"rank":100522,"anls_id":"50110"},"geometry":{"type":"MultiPolygon","coordinates":[[[[126.48617921768144,33.47326663338667],[126.48616871432233,33.47416846075894],[126.48724482171059,33.474177258582934],[126.48725531392579,33.47327543091141],[126.48617921768144,33.47326663338667]]]]}},{"type":"Feature","properties":{"fid":143765,"gid":46640,"emd_nm":"노형동","signgu_nm":"제주시","cml_fr_idx":2.0,"rank":100533,"anls_id":"50110"},"geometry":{"type":"MultiPolygon","coordinates":[[[[126.46676674708404,33.47671396775231],[126.46675604123182,33.477615789145524],[126.46783218470576,33.47762475631105],[126.46784287941247,33.47672293461282],[126.46676674708404,33.47671396775231]]]]}},{"type":"Feature","properties":{"fid":143856,"gid":55452,"emd_nm":"노형동","signgu_nm":"제주시","cml_fr_idx":2.0,"rank":100624,"anls_id":"50110"},"geometry":{"type":"MultiPolygon","coordinates":[[[[126.46146141024427,33.4703562505273],[126.46145065201806,33.471258071332045],[126.46252671509626,33.471267083057455],[126.46253746218052,33.470365261946164],[126.46146141024427,33.4703562505273]]]]}},{"type":"Feature","properties":{"fid":143883,"gid":59128,"emd_nm":"노형동","signgu_nm":"제주시","cml_fr_idx":2.0,"rank":100651,"anls_id":"50110"},"geometry":{"type":"MultiPolygon","coordinates":[[[[126.4866094530071,33.436291595481364],[126.48659896880442,33.437193428359905],[126.4876746196994,33.43720221391865],[126.4876850927785,33.436300380741095],[126.4866094530071,33.436291595481364]]]]}},{"type":"Feature","properties":{"fid":143902,"gid":61613,"emd_nm":"노형동","signgu_nm":"제주시","cml_fr_idx":2.0,"rank":100670,"anls_id":"50110"},"geometry":{"type":"MultiPolygon","coordinates":[[[[126.48512414950628,33.47145417197369],[126.48511363593953,33.47235599931504],[126.4861897205729,33.47236480588007],[126.48620022299676,33.47146297823913],[126.48512414950628,33.47145417197369]]]]}},{"type":"Feature","properties":{"fid":143904,"gid":61750,"emd_nm":"노형동","signgu_nm":"제주시","cml_fr_idx":2.0,"rank":100671,"anls_id":"50110"},"geometry":{"type":"MultiPolygon","coordinates":[[[[126.48754890636974,33.44802420157685],[126.48753842722664,33.448926033008945],[126.48861422323981,33.44893481312426],[126.48862469125285,33.44803298139339],[126.48754890636974,33.44802420157685]]]]}},{"type":"Feature","properties":{"fid":143940,"gid":66032,"emd_nm":"노형동","signgu_nm":"제주시","cml_fr_idx":2.0,"rank":100708,"anls_id":"50110"},"geometry":{"type":"MultiPolygon","coordinates":[[[[126.48295093175606,33.47324018477324],[126.48294039496542,33.474142011245796],[126.48401650094924,33.47415083709034],[126.48402702659607,33.47324901031758],[126.48295093175606,33.47324018477324]]]]}},{"type":"Feature","properties":{"fid":143984,"gid":71374,"emd_nm":"노형동","signgu_nm":"제주시","cml_fr_idx":2.0,"rank":100752,"anls_id":"50110"},"geometry":{"type":"MultiPolygon","coordinates":[[[[126.48199083367476,33.46331125312968],[126.48198029090487,33.46421308077955],[126.48305627386486,33.46422191265862],[126.48306680549639,33.46332008470828],[126.48199083367476,33.46331125312968]]]]}},{"type":"Feature","properties":{"fid":144013,"gid":75345,"emd_nm":"노형동","signgu_nm":"제주시","cml_fr_idx":2.0,"rank":100781,"anls_id":"50110"},"geometry":{"type":"MultiPolygon","coordinates":[[[[126.48409017063679,33.46783804685972],[126.48407964780135,33.46873987443855],[126.48515568739812,33.46874868914357],[126.48516619909269,33.46784686126487],[126.48409017063679,33.46783804685972]]]]}},{"type":"Feature","properties":{"fid":144037,"gid":78713,"emd_nm":"노형동","signgu_nm":"제주시","cml_fr_idx":2.0,"rank":100805,"anls_id":"50110"},"geometry":{"type":"MultiPolygon","coordinates":[[[[126.46663824539388,33.487535815596296],[126.46662753382053,33.488437635375895],[126.46770381107943,33.48844660620211],[126.46771451150133,33.48754478611741],[126.46663824539388,33.487535815596296]]]]}},{"type":"Feature","properties":{"fid":144065,"gid":83112,"emd_nm":"노형동","signgu_nm":"제주시","cml_fr_idx":2.0,"rank":100833,"anls_id":"50110"},"geometry":{"type":"MultiPolygon","coordinates":[[[[126.48291931997669,33.4759456637878],[126.48290878177858,33.47684748985726],[126.48398492119692,33.47685631660253],[126.48399544824969,33.47595449023283],[126.48291931997669,33.4759456637878]]]]}},{"type":"Feature","properties":{"fid":144068,"gid":83422,"emd_nm":"노형동","signgu_nm":"제주시","cml_fr_idx":2.0,"rank":100836,"anls_id":"50110"},"geometry":{"type":"MultiPolygon","coordinates":[[[[126.4764413495971,33.47769615734964],[126.4764307435831,33.47859798134216],[126.47750690247076,33.478606864738225],[126.47751749733858,33.477705040443546],[126.4764413495971,33.47769615734964]]]]}},{"type":"Feature","properties":{"fid":144105,"gid":88110,"emd_nm":"노형동","signgu_nm":"제주시","cml_fr_idx":2.0,"rank":100873,"anls_id":"50110"},"geometry":{"type":"MultiPolygon","coordinates":[[[[126.46347391005594,33.482097931965754],[126.46346316789813,33.48299975163513],[126.46453937682382,33.48300874866023],[126.46455010783322,33.48210692868486],[126.46347391005594,33.482097931965754]]]]}},{"type":"Feature","properties":{"fid":144117,"gid":89843,"emd_nm":"노형동","signgu_nm":"제주시","cml_fr_idx":2.0,"rank":100885,"anls_id":"50110"},"geometry":{"type":"MultiPolygon","coordinates":[[[[126.48521875054584,33.463337719856405],[126.48520824119109,33.46423954840675],[126.48628422555632,33.46424835227578],[126.48629472377264,33.46334652342591],[126.48521875054584,33.463337719856405]]]]}},{"type":"Feature","properties":{"fid":144119,"gid":89920,"emd_nm":"노형동","signgu_nm":"제주시","cml_fr_idx":2.0,"rank":100887,"anls_id":"50110"},"geometry":{"type":"MultiPolygon","coordinates":[[[[126.48201191780642,33.46150759742693],[126.48200137597527,33.46240942534548],[126.48307733665901,33.46241825662359],[126.4830878673528,33.46151642840459],[126.48201191780642,33.46150759742693]]]]}},{"type":"Feature","properties":{"fid":144120,"gid":89952,"emd_nm":"노형동","signgu_nm":"제주시","cml_fr_idx":2.0,"rank":100888,"anls_id":"50110"},"geometry":{"type":"MultiPolygon","coordinates":[[[[126.47428905553122,33.47767836313781],[126.47427842722489,33.47858018652504],[126.47535458516765,33.47858908860443],[126.47536520232782,33.477687264914394],[126.47428905553122,33.47767836313781]]]]}},{"type":"Feature","properties":{"fid":144156,"gid":94042,"emd_nm":"노형동","signgu_nm":"제주시","cml_fr_idx":2.0,"rank":100924,"anls_id":"50110"},"geometry":{"type":"MultiPolygon","coordinates":[[[[126.48298253931345,33.4705347045495],[126.48297200393006,33.47143653142511],[126.48404807648389,33.47144535636901],[126.48405860072494,33.470543529193186],[126.48298253931345,33.4705347045495]]]]}},{"type":"Feature","properties":{"fid":144198,"gid":98562,"emd_nm":"노형동","signgu_nm":"제주시","cml_fr_idx":2.0,"rank":100966,"anls_id":"50110"},"geometry":{"type":"MultiPolygon","coordinates":[[[[126.4876850927785,33.436300380741095],[126.4876746196994,33.43720221391865],[126.48875027106072,33.437210990150234],[126.48876073301626,33.43630915667398],[126.4876850927785,33.436300380741095]]]]}},{"type":"Feature","properties":{"fid":144237,"gid":103564,"emd_nm":"노형동","signgu_nm":"제주시","cml_fr_idx":2.0,"rank":101005,"anls_id":"50110"},"geometry":{"type":"MultiPolygon","coordinates":[[[[126.48413225729377,33.46423073520102],[126.48412173633218,33.4651325633172],[126.4851977313684,33.46514137682278],[126.48520824119109,33.46423954840675],[126.48413225729377,33.46423073520102]]]]}},{"type":"Feature","properties":{"fid":144257,"gid":106497,"emd_nm":"노형동","signgu_nm":"제주시","cml_fr_idx":2.0,"rank":101025,"anls_id":"50110"},"geometry":{"type":"MultiPolygon","coordinates":[[[[126.46569061523225,33.47670499155088],[126.4656798982345,33.47760681263876],[126.46675604123182,33.477615789145524],[126.46676674708404,33.47671396775231],[126.46569061523225,33.47670499155088]]]]}},{"type":"Feature","properties":{"fid":144275,"gid":108359,"emd_nm":"노형동","signgu_nm":"제주시","cml_fr_idx":2.0,"rank":101042,"anls_id":"50110"},"geometry":{"type":"MultiPolygon","coordinates":[[[[126.48755938504623,33.44712237001049],[126.48754890636974,33.44802420157685],[126.48862469125285,33.44803298139339],[126.48863515879982,33.44713114952823],[126.48755938504623,33.44712237001049]]]]}},{"type":"Feature","properties":{"fid":144283,"gid":109396,"emd_nm":"노형동","signgu_nm":"제주시","cml_fr_idx":2.0,"rank":101051,"anls_id":"50110"},"geometry":{"type":"MultiPolygon","coordinates":[[[[126.48299307422778,33.469632877539546],[126.48298253931345,33.4705347045495],[126.48405860072494,33.470543529193186],[126.4840691244974,33.46964170188304],[126.48299307422778,33.469632877539546]]]]}},{"type":"Feature","properties":{"fid":144286,"gid":109665,"emd_nm":"노형동","signgu_nm":"제주시","cml_fr_idx":2.0,"rank":101054,"anls_id":"50110"},"geometry":{"type":"MultiPolygon","coordinates":[[[[126.4851031219047,33.47325782652205],[126.48509260740173,33.47415965359473],[126.48616871432233,33.47416846075894],[126.48617921768144,33.47326663338667],[126.4851031219047,33.47325782652205]]]]}},{"type":"Feature","properties":{"fid":144290,"gid":110110,"emd_nm":"노형동","signgu_nm":"제주시","cml_fr_idx":2.0,"rank":101058,"anls_id":"50110"},"geometry":{"type":"MultiPolygon","coordinates":[[[[126.46772521144682,33.48664296589825],[126.46771451150133,33.48754478611741],[126.46879077808514,33.4875537472938],[126.46880146687964,33.48665192676987],[126.46772521144682,33.48664296589825]]]]}},{"type":"Feature","properties":{"fid":144340,"gid":116634,"emd_nm":"노형동","signgu_nm":"제주시","cml_fr_idx":2.0,"rank":101108,"anls_id":"50110"},"geometry":{"type":"MultiPolygon","coordinates":[[[[126.46135380642527,33.479374452523025],[126.46134304340825,33.48027627198293],[126.46241921793323,33.48028528677428],[126.46242996980331,33.479383467007764],[126.46135380642527,33.479374452523025]]]]}},{"type":"Feature","properties":{"fid":144383,"gid":122324,"emd_nm":"노형동","signgu_nm":"제주시","cml_fr_idx":2.0,"rank":101151,"anls_id":"50110"},"geometry":{"type":"MultiPolygon","coordinates":[[[[126.48426898717537,33.45250695746741],[126.48425847230169,33.453408787329735],[126.4853343225709,33.45341759693776],[126.48534482631213,33.45251576677568],[126.48426898717537,33.45250695746741]]]]}},{"type":"Feature","properties":{"fid":144477,"gid":132748,"emd_nm":"노형동","signgu_nm":"제주시","cml_fr_idx":2.0,"rank":101245,"anls_id":"50110"},"geometry":{"type":"MultiPolygon","coordinates":[[[[126.47855130783806,33.48132121177585],[126.47854072223153,33.48222303583481],[126.47961692665201,33.48223190175367],[126.47962750111033,33.48133007739316],[126.47855130783806,33.48132121177585]]]]}},{"type":"Feature","properties":{"fid":144493,"gid":135109,"emd_nm":"노형동","signgu_nm":"제주시","cml_fr_idx":2.0,"rank":101261,"anls_id":"50110"},"geometry":{"type":"MultiPolygon","coordinates":[[[[126.48642066591654,33.452524566751364],[126.48641017330779,33.453426397212894],[126.48748602451188,33.45343518815514],[126.48749650598812,33.45253335739448],[126.48642066591654,33.452524566751364]]]]}},{"type":"Feature","properties":{"fid":144568,"gid":143254,"emd_nm":"노형동","signgu_nm":"제주시","cml_fr_idx":2.0,"rank":101336,"anls_id":"50110"},"geometry":{"type":"MultiPolygon","coordinates":[[[[126.4841427777869,33.46332890695053],[126.48413225729377,33.46423073520102],[126.48520824119109,33.46423954840675],[126.48521875054584,33.463337719856405],[126.4841427777869,33.46332890695053]]]]}},{"type":"Feature","properties":{"fid":144606,"gid":148114,"emd_nm":"노형동","signgu_nm":"제주시","cml_fr_idx":2.0,"rank":101374,"anls_id":"50110"},"geometry":{"type":"MultiPolygon","coordinates":[[[[126.48305627386486,33.46422191265862],[126.48304574176441,33.46512374047463],[126.48412173633218,33.4651325633172],[126.48413225729377,33.46423073520102],[126.48305627386486,33.46422191265862]]]]}},{"type":"Feature","properties":{"fid":144653,"gid":153696,"emd_nm":"노형동","signgu_nm":"제주시","cml_fr_idx":2.0,"rank":101421,"anls_id":"50110"},"geometry":{"type":"MultiPolygon","coordinates":[[[[126.46241921793323,33.48028528677428],[126.46240846558443,33.48118710640632],[126.46348465173553,33.48119611216188],[126.46349539293689,33.48029429222354],[126.46241921793323,33.48028528677428]]]]}},{"type":"Feature","properties":{"fid":144658,"gid":154127,"emd_nm":"노형동","signgu_nm":"제주시","cml_fr_idx":2.0,"rank":101426,"anls_id":"50110"},"geometry":{"type":"MultiPolygon","coordinates":[[[[126.47217936101093,33.474053239093685],[126.4721687123089,33.474955062412064],[126.47324482472327,33.47496398196101],[126.47325546228117,33.47406215833922],[126.47217936101093,33.474053239093685]]]]}},{"type":"Feature","properties":{"fid":144682,"gid":156080,"emd_nm":"노형동","signgu_nm":"제주시","cml_fr_idx":2.0,"rank":101450,"anls_id":"50110"},"geometry":{"type":"MultiPolygon","coordinates":[[[[126.463570567958,33.47398154888975],[126.4635598301036,33.474883369769415],[126.4646359387112,33.4748923640407],[126.46464666542163,33.473990542855084],[126.463570567958,33.47398154888975]]]]}},{"type":"Feature","properties":{"fid":144709,"gid":159373,"emd_nm":"노형동","signgu_nm":"제주시","cml_fr_idx":2.0,"rank":101477,"anls_id":"50110"},"geometry":{"type":"MultiPolygon","coordinates":[[[[126.46677745245965,33.47581214622464],[126.46676674708404,33.47671396775231],[126.46784287941247,33.47672293461282],[126.46785357364304,33.47582111278016],[126.46677745245965,33.47581214622464]]]]}},{"type":"Feature","properties":{"fid":144748,"gid":165917,"emd_nm":"노형동","signgu_nm":"제주시","cml_fr_idx":2.0,"rank":101516,"anls_id":"50110"},"geometry":{"type":"MultiPolygon","coordinates":[[[[126.48622122644174,33.46965932255425],[126.48621072495304,33.47056115046385],[126.48728678776867,33.4705699470908],[126.48729727811548,33.46966811888194],[126.48622122644174,33.46965932255425]]]]}},{"type":"Feature","properties":{"fid":144766,"gid":168022,"emd_nm":"노형동","signgu_nm":"제주시","cml_fr_idx":2.0,"rank":101534,"anls_id":"50110"},"geometry":{"type":"MultiPolygon","coordinates":[[[[126.48412173633218,33.4651325633172],[126.48411121490219,33.46603439129904],[126.48518722107781,33.46604320510446],[126.4851977313684,33.46514137682278],[126.48412173633218,33.4651325633172]]]]}},{"type":"Feature","properties":{"fid":144767,"gid":168236,"emd_nm":"노형동","signgu_nm":"제주시","cml_fr_idx":2.0,"rank":101535,"anls_id":"50110"},"geometry":{"type":"MultiPolygon","coordinates":[[[[126.46145065201806,33.471258071332045],[126.46143989331286,33.472159892002296],[126.4625159675335,33.472168904034284],[126.46252671509626,33.471267083057455],[126.46145065201806,33.471258071332045]]]]}},{"type":"Feature","properties":{"fid":144788,"gid":170722,"emd_nm":"노형동","signgu_nm":"제주시","cml_fr_idx":2.0,"rank":101556,"anls_id":"50110"},"geometry":{"type":"MultiPolygon","coordinates":[[[[126.46771451150133,33.48754478611741],[126.46770381107943,33.48844660620211],[126.46878008881475,33.488455567683275],[126.46879077808514,33.4875537472938],[126.46771451150133,33.48754478611741]]]]}},{"type":"Feature","properties":{"fid":144838,"gid":175967,"emd_nm":"노형동","signgu_nm":"제주시","cml_fr_idx":2.0,"rank":101605,"anls_id":"50110"},"geometry":{"type":"MultiPolygon","coordinates":[[[[126.48766414615393,33.43810404696196],[126.48765367214212,33.439005879871],[126.48872934575213,33.4390146567],[126.48873980863935,33.43811282349225],[126.48766414615393,33.43810404696196]]]]}},{"type":"Feature","properties":{"fid":144842,"gid":176428,"emd_nm":"노형동","signgu_nm":"제주시","cml_fr_idx":2.0,"rank":101610,"anls_id":"50110"},"geometry":{"type":"MultiPolygon","coordinates":[[[[126.47548195989714,33.46776719545346],[126.47547134793538,33.46866902062188],[126.47654738377014,33.46867791003265],[126.47655798459121,33.46777608456182],[126.47548195989714,33.46776719545346]]]]}},{"type":"Feature","properties":{"fid":144862,"gid":178689,"emd_nm":"노형동","signgu_nm":"제주시","cml_fr_idx":2.0,"rank":101630,"anls_id":"50110"},"geometry":{"type":"MultiPolygon","coordinates":[[[[126.48407964780135,33.46873987443855],[126.4840691244974,33.46964170188304],[126.48514517523557,33.46965051688794],[126.48515568739812,33.46874868914357],[126.48407964780135,33.46873987443855]]]]}},{"type":"Feature","properties":{"fid":144898,"gid":184776,"emd_nm":"노형동","signgu_nm":"제주시","cml_fr_idx":2.0,"rank":101666,"anls_id":"50110"},"geometry":{"type":"MultiPolygon","coordinates":[[[[126.4830878673528,33.46151642840459],[126.48307733665901,33.46241825662359],[126.48415329781164,33.46242707856569],[126.48416381736804,33.46152525004653],[126.4830878673528,33.46151642840459]]]]}},{"type":"Feature","properties":{"fid":144948,"gid":7330,"emd_nm":"노형동","signgu_nm":"제주시","cml_fr_idx":2.6666666666666665,"rank":101716,"anls_id":"50110"},"geometry":{"type":"MultiPolygon","coordinates":[[[[126.46460375571438,33.47759782679078],[126.4645930270935,33.47849964743854],[126.46566918075962,33.47850863359217],[126.4656798982345,33.47760681263876],[126.46460375571438,33.47759782679078]]]]}},{"type":"Feature","properties":{"fid":144989,"gid":297,"emd_nm":"노형동","signgu_nm":"제주시","cml_fr_idx":3.0,"rank":101757,"anls_id":"50110"},"geometry":{"type":"MultiPolygon","coordinates":[[[[126.47322354818661,33.47676762880137],[126.47321290920782,33.4776694520199],[126.47428905553122,33.47767836313781],[126.47429968336438,33.476776539616154],[126.47322354818661,33.47676762880137]]]]}},{"type":"Feature","properties":{"fid":144993,"gid":420,"emd_nm":"노형동","signgu_nm":"제주시","cml_fr_idx":3.0,"rank":101761,"anls_id":"50110"},"geometry":{"type":"MultiPolygon","coordinates":[[[[126.47645195513893,33.47679433322272],[126.4764413495971,33.47769615734964],[126.47751749733858,33.477705040443546],[126.47752809173467,33.47680321601447],[126.47645195513893,33.47679433322272]]]]}},{"type":"Feature","properties":{"fid":144995,"gid":515,"emd_nm":"노형동","signgu_nm":"제주시","cml_fr_idx":3.0,"rank":101763,"anls_id":"50110"},"geometry":{"type":"MultiPolygon","coordinates":[[[[126.47425716919261,33.480383832896294],[126.47424653946665,33.48128565588027],[126.47532273085085,33.481294558868086],[126.47533334942919,33.48039273558128],[126.47425716919261,33.480383832896294]]]]}},{"type":"Feature","properties":{"fid":144997,"gid":525,"emd_nm":"노형동","signgu_nm":"제주시","cml_fr_idx":3.0,"rank":101765,"anls_id":"50110"},"geometry":{"type":"MultiPolygon","coordinates":[[[[126.47305326767389,33.491196784166625],[126.47304262111392,33.492098605234226],[126.47411894583513,33.49210752120273],[126.4741295812415,33.49120569983192],[126.47305326767389,33.491196784166625]]]]}},{"type":"Feature","properties":{"fid":145004,"gid":651,"emd_nm":"노형동","signgu_nm":"제주시","cml_fr_idx":3.0,"rank":101772,"anls_id":"50110"},"geometry":{"type":"MultiPolygon","coordinates":[[[[126.47854072223153,33.48222303583481],[126.47853013615368,33.483124859759364],[126.47960635172291,33.48313372597979],[126.47961692665201,33.48223190175367],[126.47854072223153,33.48222303583481]]]]}},{"type":"Feature","properties":{"fid":145007,"gid":724,"emd_nm":"노형동","signgu_nm":"제주시","cml_fr_idx":3.0,"rank":101775,"anls_id":"50110"},"geometry":{"type":"MultiPolygon","coordinates":[[[[126.4871608671702,33.48139187511912],[126.48715037075,33.48229370158159],[126.48822657892296,33.48230249275627],[126.48823706419478,33.48140066599476],[126.4871608671702,33.48139187511912]]]]}},{"type":"Feature","properties":{"fid":145036,"gid":1341,"emd_nm":"노형동","signgu_nm":"제주시","cml_fr_idx":3.0,"rank":101804,"anls_id":"50110"},"geometry":{"type":"MultiPolygon","coordinates":[[[[126.47642013709691,33.47949980520028],[126.47640953013848,33.480401628924],[126.47748571132004,33.48041051292441],[126.47749630713128,33.47950868889852],[126.47642013709691,33.47949980520028]]]]}},{"type":"Feature","properties":{"fid":145073,"gid":2312,"emd_nm":"노형동","signgu_nm":"제주시","cml_fr_idx":3.0,"rank":101841,"anls_id":"50110"},"geometry":{"type":"MultiPolygon","coordinates":[[[[126.4742252785949,33.483089301444984],[126.47421464744907,33.4839911240257],[126.4752908722792,33.48400002792201],[126.47530149227589,33.48309820503845],[126.4742252785949,33.483089301444984]]]]}},{"type":"Feature","properties":{"fid":145074,"gid":2315,"emd_nm":"노형동","signgu_nm":"제주시","cml_fr_idx":3.0,"rank":101842,"anls_id":"50110"},"geometry":{"type":"MultiPolygon","coordinates":[[[[126.47197695458026,33.49118785915526],[126.47196629686673,33.49208967991933],[126.47304262111392,33.492098605234226],[126.47305326767389,33.491196784166625],[126.47197695458026,33.49118785915526]]]]}},{"type":"Feature","properties":{"fid":145166,"gid":4254,"emd_nm":"노형동","signgu_nm":"제주시","cml_fr_idx":3.0,"rank":101934,"anls_id":"50110"},"geometry":{"type":"MultiPolygon","coordinates":[[[[126.4710819400479,33.47584795640302],[126.47107127925253,33.47674977914882],[126.4721474134825,33.476758708645576],[126.47215806313277,33.47585688559604],[126.4710819400479,33.47584795640302]]]]}},{"type":"Feature","properties":{"fid":145176,"gid":4393,"emd_nm":"노형동","signgu_nm":"제주시","cml_fr_idx":3.0,"rank":101944,"anls_id":"50110"},"geometry":{"type":"MultiPolygon","coordinates":[[[[126.47533334942919,33.48039273558128],[126.47532273085085,33.481294558868086],[126.47639892270782,33.4813034525133],[126.47640953013848,33.480401628924],[126.47533334942919,33.48039273558128]]]]}},{"type":"Feature","properties":{"fid":145182,"gid":4550,"emd_nm":"노형동","signgu_nm":"제주시","cml_fr_idx":3.0,"rank":101950,"anls_id":"50110"},"geometry":{"type":"MultiPolygon","coordinates":[[[[126.47754927911188,33.47499956675313],[126.4775386856591,33.475901391451],[126.47861481158131,33.47591026459986],[126.47862539388936,33.475008439600174],[126.47754927911188,33.47499956675313]]]]}},{"type":"Feature","properties":{"fid":145219,"gid":5417,"emd_nm":"노형동","signgu_nm":"제주시","cml_fr_idx":3.0,"rank":101987,"anls_id":"50110"},"geometry":{"type":"MultiPolygon","coordinates":[[[[126.47750690247076,33.478606864738225],[126.47749630713128,33.47950868889852],[126.47857247763736,33.47951756325476],[126.47858306183015,33.47861573879262],[126.47750690247076,33.478606864738225]]]]}},{"type":"Feature","properties":{"fid":145221,"gid":5497,"emd_nm":"노형동","signgu_nm":"제주시","cml_fr_idx":3.0,"rank":101989,"anls_id":"50110"},"geometry":{"type":"MultiPolygon","coordinates":[[[[126.46883353040809,33.483946464391295],[126.4688228430411,33.48484828531861],[126.46989907664921,33.484857236236934],[126.46990975286667,33.483955415005184],[126.46883353040809,33.483946464391295]]]]}},{"type":"Feature","properties":{"fid":145233,"gid":5804,"emd_nm":"노형동","signgu_nm":"제주시","cml_fr_idx":3.0,"rank":102001,"anls_id":"50110"},"geometry":{"type":"MultiPolygon","coordinates":[[[[126.47531211179977,33.48219638202048],[126.47530149227589,33.48309820503845],[126.47637770642969,33.48310709928868],[126.47638831480491,33.4822052759682],[126.47531211179977,33.48219638202048]]]]}},{"type":"Feature","properties":{"fid":145243,"gid":6015,"emd_nm":"노형동","signgu_nm":"제주시","cml_fr_idx":3.0,"rank":102011,"anls_id":"50110"},"geometry":{"type":"MultiPolygon","coordinates":[[[[126.46990975286667,33.483955415005184],[126.46989907664921,33.484857236236934],[126.47097531073267,33.48486617781144],[126.47098597580056,33.483964356275585],[126.46990975286667,33.483955415005184]]]]}},{"type":"Feature","properties":{"fid":145244,"gid":6039,"emd_nm":"노형동","signgu_nm":"제주시","cml_fr_idx":3.0,"rank":102012,"anls_id":"50110"},"geometry":{"type":"MultiPolygon","coordinates":[[[[126.4731703485557,33.48127674354986],[126.47315970720834,33.482178566096295],[126.4742359092674,33.48218747872985],[126.47424653946665,33.48128565588027],[126.4731703485557,33.48127674354986]]]]}},{"type":"Feature","properties":{"fid":145253,"gid":6142,"emd_nm":"노형동","signgu_nm":"제주시","cml_fr_idx":3.0,"rank":102021,"anls_id":"50110"},"geometry":{"type":"MultiPolygon","coordinates":[[[[126.47519527102982,33.49211642782483],[126.47518464630404,33.4930182493641],[126.47626098312585,33.49302714694235],[126.47627159669752,33.49212532510052],[126.47519527102982,33.49211642782483]]]]}},{"type":"Feature","properties":{"fid":145255,"gid":6163,"emd_nm":"노형동","signgu_nm":"제주시","cml_fr_idx":3.0,"rank":102023,"anls_id":"50110"},"geometry":{"type":"MultiPolygon","coordinates":[[[[126.47639892270782,33.4813034525133],[126.47638831480491,33.4822052759682],[126.47746451828232,33.48221416057297],[126.47747511503707,33.48131233681589],[126.47639892270782,33.4813034525133]]]]}},{"type":"Feature","properties":{"fid":145296,"gid":7102,"emd_nm":"노형동","signgu_nm":"제주시","cml_fr_idx":3.0,"rank":102064,"anls_id":"50110"},"geometry":{"type":"MultiPolygon","coordinates":[[[[126.47097531073267,33.48486617781144],[126.47096464518994,33.485767999212854],[126.47204089089827,33.48577693174734],[126.47205154529092,33.48487511004213],[126.47097531073267,33.48486617781144]]]]}},{"type":"Feature","properties":{"fid":145302,"gid":7263,"emd_nm":"노형동","signgu_nm":"제주시","cml_fr_idx":3.0,"rank":102070,"anls_id":"50110"},"geometry":{"type":"MultiPolygon","coordinates":[[[[126.47096464518994,33.485767999212854],[126.47095397917235,33.486669820479825],[126.47203023603126,33.486678753318124],[126.47204089089827,33.48577693174734],[126.47096464518994,33.485767999212854]]]]}},{"type":"Feature","properties":{"fid":145312,"gid":7500,"emd_nm":"노형동","signgu_nm":"제주시","cml_fr_idx":3.0,"rank":102080,"anls_id":"50110"},"geometry":{"type":"MultiPolygon","coordinates":[[[[126.47532273085085,33.481294558868086],[126.47531211179977,33.48219638202048],[126.47638831480491,33.4822052759682],[126.47639892270782,33.4813034525133],[126.47532273085085,33.481294558868086]]]]}},{"type":"Feature","properties":{"fid":145313,"gid":7502,"emd_nm":"노형동","signgu_nm":"제주시","cml_fr_idx":3.0,"rank":102081,"anls_id":"50110"},"geometry":{"type":"MultiPolygon","coordinates":[[[[126.4752908722792,33.48400002792201],[126.4752802518097,33.48490185067115],[126.47635648826231,33.48491074552642],[126.47636709758214,33.48400892247475],[126.4752908722792,33.48400002792201]]]]}},{"type":"Feature","properties":{"fid":145319,"gid":7552,"emd_nm":"노형동","signgu_nm":"제주시","cml_fr_idx":3.0,"rank":102087,"anls_id":"50110"},"geometry":{"type":"MultiPolygon","coordinates":[[[[126.47426779844538,33.479482009777875],[126.47425716919261,33.480383832896294],[126.47533334942919,33.48039273558128],[126.47534396753478,33.47949091216006],[126.47426779844538,33.479482009777875]]]]}},{"type":"Feature","properties":{"fid":145357,"gid":8519,"emd_nm":"노형동","signgu_nm":"제주시","cml_fr_idx":3.0,"rank":102125,"anls_id":"50110"},"geometry":{"type":"MultiPolygon","coordinates":[[[[126.48613720143918,33.47687394206969],[126.4861266962094,33.47777576890459],[126.48720284817819,33.47778456792575],[126.48721334226208,33.47688274079155],[126.48613720143918,33.47687394206969]]]]}},{"type":"Feature","properties":{"fid":145373,"gid":8677,"emd_nm":"노형동","signgu_nm":"제주시","cml_fr_idx":3.0,"rank":102141,"anls_id":"50110"},"geometry":{"type":"MultiPolygon","coordinates":[[[[126.46984568843169,33.48936634037884],[126.469835009362,33.49026816080383],[126.47091131035319,33.49027710420316],[126.47092197827035,33.489375283474004],[126.46984568843169,33.48936634037884]]]]}},{"type":"Feature","properties":{"fid":145385,"gid":8970,"emd_nm":"노형동","signgu_nm":"제주시","cml_fr_idx":3.0,"rank":102153,"anls_id":"50110"},"geometry":{"type":"MultiPolygon","coordinates":[[[[126.46565846280758,33.47941045441113],[126.46564774437833,33.480312275095606],[126.4667239208151,33.48032125251841],[126.46673462809734,33.47941943152857],[126.46565846280758,33.47941045441113]]]]}},{"type":"Feature","properties":{"fid":145428,"gid":10137,"emd_nm":"노형동","signgu_nm":"제주시","cml_fr_idx":3.0,"rank":102196,"anls_id":"50110"},"geometry":{"type":"MultiPolygon","coordinates":[[[[126.46886558965437,33.481241000802605],[126.46885490371471,33.4821428221333],[126.46993110387572,33.48215177213834],[126.46994177866733,33.48124995050323],[126.46886558965437,33.481241000802605]]]]}},{"type":"Feature","properties":{"fid":145433,"gid":10250,"emd_nm":"노형동","signgu_nm":"제주시","cml_fr_idx":3.0,"rank":102201,"anls_id":"50110"},"geometry":{"type":"MultiPolygon","coordinates":[[[[126.46458229799497,33.47940146795183],[126.46457156841876,33.480303288330646],[126.46564774437833,33.480312275095606],[126.46565846280758,33.47941045441113],[126.46458229799497,33.47940146795183]]]]}},{"type":"Feature","properties":{"fid":145458,"gid":10934,"emd_nm":"노형동","signgu_nm":"제주시","cml_fr_idx":3.0,"rank":102226,"anls_id":"50110"},"geometry":{"type":"MultiPolygon","coordinates":[[[[126.48614770620122,33.47597211510045],[126.48613720143918,33.47687394206969],[126.48721334226208,33.47688274079155],[126.48722383587875,33.47598091352302],[126.48614770620122,33.47597211510045]]]]}},{"type":"Feature","properties":{"fid":145464,"gid":11016,"emd_nm":"노형동","signgu_nm":"제주시","cml_fr_idx":3.0,"rank":102232,"anls_id":"50110"},"geometry":{"type":"MultiPolygon","coordinates":[[[[126.46128922113493,33.48478536726496],[126.46127845524249,33.48568718591786],[126.46235469665935,33.4856962025491],[126.46236545140191,33.48479438358954],[126.46128922113493,33.48478536726496]]]]}},{"type":"Feature","properties":{"fid":145476,"gid":11216,"emd_nm":"노형동","signgu_nm":"제주시","cml_fr_idx":3.0,"rank":102244,"anls_id":"50110"},"geometry":{"type":"MultiPolygon","coordinates":[[[[126.47429968336438,33.476776539616154],[126.47428905553122,33.47767836313781],[126.47536520232782,33.477687264914394],[126.47537581901533,33.476785441089945],[126.47429968336438,33.476776539616154]]]]}},{"type":"Feature","properties":{"fid":145491,"gid":11609,"emd_nm":"노형동","signgu_nm":"제주시","cml_fr_idx":3.0,"rank":102259,"anls_id":"50110"},"geometry":{"type":"MultiPolygon","coordinates":[[[[126.47414021617442,33.49030387832668],[126.4741295812415,33.49120569983192],[126.4752058952826,33.49121460615114],[126.47521651906239,33.490312784343004],[126.47414021617442,33.49030387832668]]]]}},{"type":"Feature","properties":{"fid":145517,"gid":12257,"emd_nm":"노형동","signgu_nm":"제주시","cml_fr_idx":3.0,"rank":102285,"anls_id":"50110"},"geometry":{"type":"MultiPolygon","coordinates":[[[[126.47099664039366,33.48306253460528],[126.47098597580056,33.483964356275585],[126.47206219920926,33.48397328820248],[126.47207285265327,33.48307146622838],[126.47099664039366,33.48306253460528]]]]}},{"type":"Feature","properties":{"fid":145530,"gid":12567,"emd_nm":"노형동","signgu_nm":"제주시","cml_fr_idx":3.0,"rank":102297,"anls_id":"50110"},"geometry":{"type":"MultiPolygon","coordinates":[[[[126.46127845524249,33.48568718591786],[126.46126768887073,33.48658900443626],[126.46234394143798,33.48659802137417],[126.46235469665935,33.4856962025491],[126.46127845524249,33.48568718591786]]]]}},{"type":"Feature","properties":{"fid":145565,"gid":13193,"emd_nm":"노형동","signgu_nm":"제주시","cml_fr_idx":3.0,"rank":102333,"anls_id":"50110"},"geometry":{"type":"MultiPolygon","coordinates":[[[[126.46558342378086,33.4857231963786],[126.46557270201075,33.486625016121764],[126.46664895649037,33.486633995682205],[126.46665966711001,33.48573217563364],[126.46558342378086,33.4857231963786]]]]}},{"type":"Feature","properties":{"fid":145584,"gid":13544,"emd_nm":"노형동","signgu_nm":"제주시","cml_fr_idx":3.0,"rank":102352,"anls_id":"50110"},"geometry":{"type":"MultiPolygon","coordinates":[[[[126.4657870467437,33.468588595709434],[126.46577633403938,33.46949041800739],[126.46685237674498,33.46949939176636],[126.46686307830826,33.46859756916313],[126.4657870467437,33.468588595709434]]]]}},{"type":"Feature","properties":{"fid":145586,"gid":13585,"emd_nm":"노형동","signgu_nm":"제주시","cml_fr_idx":3.0,"rank":102354,"anls_id":"50110"},"geometry":{"type":"MultiPolygon","coordinates":[[[[126.46668108691881,33.4839285351331],[126.4666703772528,33.48483035545061],[126.4677466099088,33.484839325056505],[126.46775730842532,33.48393750443394],[126.46668108691881,33.4839285351331]]]]}},{"type":"Feature","properties":{"fid":145592,"gid":13803,"emd_nm":"노형동","signgu_nm":"제주시","cml_fr_idx":3.0,"rank":102360,"anls_id":"50110"},"geometry":{"type":"MultiPolygon","coordinates":[[[[126.47638831480491,33.4822052759682],[126.47637770642969,33.48310709928868],[126.47745392105575,33.483115984195656],[126.47746451828232,33.48221416057297],[126.47638831480491,33.4822052759682]]]]}},{"type":"Feature","properties":{"fid":145616,"gid":14253,"emd_nm":"노형동","signgu_nm":"제주시","cml_fr_idx":3.0,"rank":102383,"anls_id":"50110"},"geometry":{"type":"MultiPolygon","coordinates":[[[[126.48722383587875,33.47598091352302],[126.48721334226208,33.47688274079155],[126.48828948355222,33.476891530172246],[126.4882999660235,33.47598970260474],[126.48722383587875,33.47598091352302]]]]}},{"type":"Feature","properties":{"fid":145621,"gid":14341,"emd_nm":"노형동","signgu_nm":"제주시","cml_fr_idx":3.0,"rank":102389,"anls_id":"50110"},"geometry":{"type":"MultiPolygon","coordinates":[[[[126.47863597572628,33.47410661446609],[126.47862539388936,33.475008439600174],[126.47970150913795,33.47501730310679],[126.47971207983065,33.4741154776712],[126.47863597572628,33.47410661446609]]]]}},{"type":"Feature","properties":{"fid":145633,"gid":14599,"emd_nm":"노형동","signgu_nm":"제주시","cml_fr_idx":3.0,"rank":102401,"anls_id":"50110"},"geometry":{"type":"MultiPolygon","coordinates":[[[[126.46577633403938,33.46949041800739],[126.46576562085805,33.470392240170916],[126.46684167470521,33.470401214235174],[126.46685237674498,33.46949939176636],[126.46577633403938,33.46949041800739]]]]}},{"type":"Feature","properties":{"fid":145664,"gid":15426,"emd_nm":"노형동","signgu_nm":"제주시","cml_fr_idx":3.0,"rank":102432,"anls_id":"50110"},"geometry":{"type":"MultiPolygon","coordinates":[[[[126.47862539388936,33.475008439600174],[126.47861481158131,33.47591026459986],[126.47969093797468,33.475919128407995],[126.47970150913795,33.47501730310679],[126.47862539388936,33.475008439600174]]]]}},{"type":"Feature","properties":{"fid":145690,"gid":16125,"emd_nm":"노형동","signgu_nm":"제주시","cml_fr_idx":3.0,"rank":102458,"anls_id":"50110"},"geometry":{"type":"MultiPolygon","coordinates":[[[[126.46020221430494,33.48567815994261],[126.46019143678282,33.48657997815403],[126.46126768887073,33.48658900443626],[126.46127845524249,33.48568718591786],[126.46020221430494,33.48567815994261]]]]}},{"type":"Feature","properties":{"fid":145700,"gid":16297,"emd_nm":"노형동","signgu_nm":"제주시","cml_fr_idx":3.0,"rank":102468,"anls_id":"50110"},"geometry":{"type":"MultiPolygon","coordinates":[[[[126.47215806313277,33.47585688559604],[126.4721474134825,33.476758708645576],[126.47322354818661,33.47676762880137],[126.47323418669176,33.47586580544839],[126.47215806313277,33.47585688559604]]]]}},{"type":"Feature","properties":{"fid":145720,"gid":16722,"emd_nm":"노형동","signgu_nm":"제주시","cml_fr_idx":3.0,"rank":102488,"anls_id":"50110"},"geometry":{"type":"MultiPolygon","coordinates":[[[[126.48076706483869,33.47592798287536],[126.48075650434998,33.476829808343375],[126.48183264282943,33.476838653770876],[126.48184319217286,33.47593682800197],[126.48076706483869,33.47592798287536]]]]}},{"type":"Feature","properties":{"fid":145729,"gid":17044,"emd_nm":"노형동","signgu_nm":"제주시","cml_fr_idx":3.0,"rank":102497,"anls_id":"50110"},"geometry":{"type":"MultiPolygon","coordinates":[[[[126.47755987209304,33.47409774192087],[126.47754927911188,33.47499956675313],[126.47862539388936,33.475008439600174],[126.47863597572628,33.47410661446609],[126.47755987209304,33.47409774192087]]]]}},{"type":"Feature","properties":{"fid":145761,"gid":17615,"emd_nm":"노형동","signgu_nm":"제주시","cml_fr_idx":3.0,"rank":102529,"anls_id":"50110"},"geometry":{"type":"MultiPolygon","coordinates":[[[[126.46784287941247,33.47672293461282],[126.46783218470576,33.47762475631105],[126.46890832865583,33.47763371413535],[126.46891901221701,33.476731892132435],[126.46784287941247,33.47672293461282]]]]}},{"type":"Feature","properties":{"fid":145779,"gid":18183,"emd_nm":"노형동","signgu_nm":"제주시","cml_fr_idx":3.0,"rank":102546,"anls_id":"50110"},"geometry":{"type":"MultiPolygon","coordinates":[[[[126.48508209243062,33.475061480533064],[126.48507157699137,33.47596330733705],[126.48614770620122,33.47597211510045],[126.48615821049562,33.475070287996864],[126.48508209243062,33.475061480533064]]]]}},{"type":"Feature","properties":{"fid":145808,"gid":18742,"emd_nm":"노형동","signgu_nm":"제주시","cml_fr_idx":3.0,"rank":102575,"anls_id":"50110"},"geometry":{"type":"MultiPolygon","coordinates":[[[[126.4591259738472,33.485669124623364],[126.45911518517472,33.48657094252747],[126.46019143678282,33.48657997815403],[126.46020221430494,33.48567815994261],[126.4591259738472,33.485669124623364]]]]}},{"type":"Feature","properties":{"fid":145819,"gid":18830,"emd_nm":"노형동","signgu_nm":"제주시","cml_fr_idx":3.0,"rank":102586,"anls_id":"50110"},"geometry":{"type":"MultiPolygon","coordinates":[[[[126.48615821049562,33.475070287996864],[126.48614770620122,33.47597211510045],[126.48722383587875,33.47598091352302],[126.48723432902825,33.47507908612015],[126.48615821049562,33.475070287996864]]]]}},{"type":"Feature","properties":{"fid":145829,"gid":19221,"emd_nm":"노형동","signgu_nm":"제주시","cml_fr_idx":3.0,"rank":102597,"anls_id":"50110"},"geometry":{"type":"MultiPolygon","coordinates":[[[[126.4752058952826,33.49121460615114],[126.47519527102982,33.49211642782483],[126.47627159669752,33.49212532510052],[126.47628220979666,33.491223503124246],[126.4752058952826,33.49121460615114]]]]}},{"type":"Feature","properties":{"fid":145834,"gid":19374,"emd_nm":"노형동","signgu_nm":"제주시","cml_fr_idx":3.0,"rank":102602,"anls_id":"50110"},"geometry":{"type":"MultiPolygon","coordinates":[[[[126.4666703772528,33.48483035545061],[126.46665966711001,33.48573217563364],[126.46773591091598,33.4857411455446],[126.4677466099088,33.484839325056505],[126.4666703772528,33.48483035545061]]]]}},{"type":"Feature","properties":{"fid":145871,"gid":20343,"emd_nm":"노형동","signgu_nm":"제주시","cml_fr_idx":3.0,"rank":102639,"anls_id":"50110"},"geometry":{"type":"MultiPolygon","coordinates":[[[[126.48287716436906,33.47955296725947],[126.48286662429409,33.48045479279146],[126.48394280829866,33.48046362073778],[126.48395333722635,33.47956179490551],[126.48287716436906,33.47955296725947]]]]}},{"type":"Feature","properties":{"fid":145874,"gid":20456,"emd_nm":"노형동","signgu_nm":"제주시","cml_fr_idx":3.0,"rank":102641,"anls_id":"50110"},"geometry":{"type":"MultiPolygon","coordinates":[[[[126.48717136312312,33.4804900485223],[126.4871608671702,33.48139187511912],[126.48823706419478,33.48140066599476],[126.48824754899981,33.480498839098935],[126.48717136312312,33.4804900485223]]]]}},{"type":"Feature","properties":{"fid":145877,"gid":20550,"emd_nm":"노형동","signgu_nm":"제주시","cml_fr_idx":3.0,"rank":102645,"anls_id":"50110"},"geometry":{"type":"MultiPolygon","coordinates":[[[[126.46559414507362,33.48482137650096],[126.46558342378086,33.4857231963786],[126.46665966711001,33.48573217563364],[126.4666703772528,33.48483035545061],[126.46559414507362,33.48482137650096]]]]}},{"type":"Feature","properties":{"fid":145891,"gid":20904,"emd_nm":"노형동","signgu_nm":"제주시","cml_fr_idx":3.0,"rank":102659,"anls_id":"50110"},"geometry":{"type":"MultiPolygon","coordinates":[[[[126.4828877039748,33.47865114159308],[126.48287716436906,33.47955296725947],[126.48395333722635,33.47956179490551],[126.48396386568524,33.47865996893887],[126.4828877039748,33.47865114159308]]]]}},{"type":"Feature","properties":{"fid":145945,"gid":21983,"emd_nm":"노형동","signgu_nm":"제주시","cml_fr_idx":3.0,"rank":102713,"anls_id":"50110"},"geometry":{"type":"MultiPolygon","coordinates":[[[[126.47314906538719,33.4830803885083],[126.47313842309225,33.48398221078586],[126.47421464744907,33.4839911240257],[126.4742252785949,33.483089301444984],[126.47314906538719,33.4830803885083]]]]}},{"type":"Feature","properties":{"fid":145947,"gid":22004,"emd_nm":"노형동","signgu_nm":"제주시","cml_fr_idx":3.0,"rank":102715,"anls_id":"50110"},"geometry":{"type":"MultiPolygon","coordinates":[[[[126.46880146687964,33.48665192676987],[126.46879077808514,33.4875537472938],[126.46986704514482,33.487562699125455],[126.46987772278833,33.48666087829707],[126.46880146687964,33.48665192676987]]]]}},{"type":"Feature","properties":{"fid":145950,"gid":22134,"emd_nm":"노형동","signgu_nm":"제주시","cml_fr_idx":3.0,"rank":102718,"anls_id":"50110"},"geometry":{"type":"MultiPolygon","coordinates":[[[[126.4647002918107,33.46948143491006],[126.46468956748791,33.47038325676798],[126.46576562085805,33.470392240170916],[126.46577633403938,33.46949041800739],[126.4647002918107,33.46948143491006]]]]}},{"type":"Feature","properties":{"fid":145995,"gid":23106,"emd_nm":"노형동","signgu_nm":"제주시","cml_fr_idx":3.0,"rank":102763,"anls_id":"50110"},"geometry":{"type":"MultiPolygon","coordinates":[[[[126.48397439367542,33.47775814283789],[126.48396386568524,33.47865996893887],[126.48504002786446,33.4786687869429],[126.4850505447083,33.47776696054196],[126.48397439367542,33.47775814283789]]]]}},{"type":"Feature","properties":{"fid":146001,"gid":23245,"emd_nm":"노형동","signgu_nm":"제주시","cml_fr_idx":3.0,"rank":102769,"anls_id":"50110"},"geometry":{"type":"MultiPolygon","coordinates":[[[[126.469835009362,33.49026816080383],[126.46982432981689,33.491169981094366],[126.4709006419611,33.49117892479783],[126.47091131035319,33.49027710420316],[126.469835009362,33.49026816080383]]]]}},{"type":"Feature","properties":{"fid":146004,"gid":23383,"emd_nm":"노형동","signgu_nm":"제주시","cml_fr_idx":3.0,"rank":102772,"anls_id":"50110"},"geometry":{"type":"MultiPolygon","coordinates":[[[[126.46783218470576,33.47762475631105],[126.46782148952286,33.47852657787483],[126.468897644619,33.47853553600384],[126.46890832865583,33.47763371413535],[126.46783218470576,33.47762475631105]]]]}},{"type":"Feature","properties":{"fid":146024,"gid":23868,"emd_nm":"노형동","signgu_nm":"제주시","cml_fr_idx":3.0,"rank":102792,"anls_id":"50110"},"geometry":{"type":"MultiPolygon","coordinates":[[[[126.47640953013848,33.480401628924],[126.47639892270782,33.4813034525133],[126.47747511503707,33.48131233681589],[126.47748571132004,33.48041051292441],[126.47640953013848,33.480401628924]]]]}},{"type":"Feature","properties":{"fid":146029,"gid":23959,"emd_nm":"노형동","signgu_nm":"제주시","cml_fr_idx":3.0,"rank":102797,"anls_id":"50110"},"geometry":{"type":"MultiPolygon","coordinates":[[[[126.47749630713128,33.47950868889852],[126.47748571132004,33.48041051292441],[126.47856189297333,33.4804193875825],[126.47857247763736,33.47951756325476],[126.47749630713128,33.47950868889852]]]]}},{"type":"Feature","properties":{"fid":146043,"gid":24216,"emd_nm":"노형동","signgu_nm":"제주시","cml_fr_idx":3.0,"rank":102811,"anls_id":"50110"},"geometry":{"type":"MultiPolygon","coordinates":[[[[126.46989907664921,33.484857236236934],[126.46988839995645,33.48575905733422],[126.47096464518994,33.485767999212854],[126.47097531073267,33.48486617781144],[126.46989907664921,33.484857236236934]]]]}},{"type":"Feature","properties":{"fid":146087,"gid":25441,"emd_nm":"노형동","signgu_nm":"제주시","cml_fr_idx":3.0,"rank":102855,"anls_id":"50110"},"geometry":{"type":"MultiPolygon","coordinates":[[[[126.47206219920926,33.48397328820248],[126.47205154529092,33.48487511004213],[126.47312778032351,33.48488403292899],[126.47313842309225,33.48398221078586],[126.47206219920926,33.48397328820248]]]]}},{"type":"Feature","properties":{"fid":146092,"gid":25611,"emd_nm":"노형동","signgu_nm":"제주시","cml_fr_idx":3.0,"rank":102860,"anls_id":"50110"},"geometry":{"type":"MultiPolygon","coordinates":[[[[126.46236545140191,33.48479438358954],[126.46235469665935,33.4856962025491],[126.46343093855505,33.48570520983631],[126.4634416821477,33.484803390570406],[126.46236545140191,33.48479438358954]]]]}},{"type":"Feature","properties":{"fid":146130,"gid":27935,"emd_nm":"노형동","signgu_nm":"제주시","cml_fr_idx":3.0,"rank":102897,"anls_id":"50110"},"geometry":{"type":"MultiPolygon","coordinates":[[[[126.4876746196994,33.43720221391865],[126.48766414615393,33.43810404696196],[126.48873980863935,33.43811282349225],[126.48875027106072,33.437210990150234],[126.4876746196994,33.43720221391865]]]]}},{"type":"Feature","properties":{"fid":146136,"gid":30239,"emd_nm":"노형동","signgu_nm":"제주시","cml_fr_idx":3.0,"rank":102904,"anls_id":"50110"},"geometry":{"type":"MultiPolygon","coordinates":[[[[126.48180099198102,33.47954413027135],[126.48179044075874,33.48044595550276],[126.48286662429409,33.48045479279146],[126.48287716436906,33.47955296725947],[126.48180099198102,33.47954413027135]]]]}},{"type":"Feature","properties":{"fid":146167,"gid":46182,"emd_nm":"노형동","signgu_nm":"제주시","cml_fr_idx":3.0,"rank":102935,"anls_id":"50110"},"geometry":{"type":"MultiPolygon","coordinates":[[[[126.47962750111033,33.48133007739316],[126.47961692665201,33.48223190175367],[126.4806931315433,33.48224075832957],[126.48070369485339,33.48133893366782],[126.47962750111033,33.48133007739316]]]]}},{"type":"Feature","properties":{"fid":146168,"gid":46819,"emd_nm":"노형동","signgu_nm":"제주시","cml_fr_idx":3.0,"rank":102936,"anls_id":"50110"},"geometry":{"type":"MultiPolygon","coordinates":[[[[126.4861266962094,33.47777576890459],[126.4861161905119,33.47867759560514],[126.48719235362708,33.47868639492561],[126.48720284817819,33.47778456792575],[126.4861266962094,33.47777576890459]]]]}},{"type":"Feature","properties":{"fid":146169,"gid":47707,"emd_nm":"노형동","signgu_nm":"제주시","cml_fr_idx":3.0,"rank":102937,"anls_id":"50110"},"geometry":{"type":"MultiPolygon","coordinates":[[[[126.48404807648389,33.47144535636901],[126.48403755177428,33.47234718341047],[126.48511363593953,33.47235599931504],[126.48512414950628,33.47145417197369],[126.48404807648389,33.47144535636901]]]]}},{"type":"Feature","properties":{"fid":146201,"gid":66870,"emd_nm":"노형동","signgu_nm":"제주시","cml_fr_idx":3.0,"rank":102969,"anls_id":"50110"},"geometry":{"type":"MultiPolygon","coordinates":[[[[126.47320226975535,33.478571275104024],[126.47319162982917,33.47947309805373],[126.47426779844538,33.479482009777875],[126.47427842722489,33.47858018652504],[126.47320226975535,33.478571275104024]]]]}},{"type":"Feature","properties":{"fid":146222,"gid":83622,"emd_nm":"노형동","signgu_nm":"제주시","cml_fr_idx":3.0,"rank":102990,"anls_id":"50110"},"geometry":{"type":"MultiPolygon","coordinates":[[[[126.46675604123182,33.477615789145524],[126.46674533490292,33.478517610404275],[126.46782148952286,33.47852657787483],[126.46783218470576,33.47762475631105],[126.46675604123182,33.477615789145524]]]]}},{"type":"Feature","properties":{"fid":146223,"gid":85107,"emd_nm":"노형동","signgu_nm":"제주시","cml_fr_idx":3.0,"rank":102991,"anls_id":"50110"},"geometry":{"type":"MultiPolygon","coordinates":[[[[126.46874801814812,33.49116102804486],[126.46873732697404,33.49206284789644],[126.4698136497963,33.49207180125043],[126.46982432981689,33.491169981094366],[126.46874801814812,33.49116102804486]]]]}},{"type":"Feature","properties":{"fid":146243,"gid":99389,"emd_nm":"노형동","signgu_nm":"제주시","cml_fr_idx":3.0,"rank":103011,"anls_id":"50110"},"geometry":{"type":"MultiPolygon","coordinates":[[[[126.4764307435831,33.47859798134216],[126.47642013709691,33.47949980520028],[126.47749630713128,33.47950868889852],[126.47750690247076,33.478606864738225],[126.4764307435831,33.47859798134216]]]]}},{"type":"Feature","properties":{"fid":146318,"gid":139516,"emd_nm":"노형동","signgu_nm":"제주시","cml_fr_idx":3.0,"rank":103086,"anls_id":"50110"},"geometry":{"type":"MultiPolygon","coordinates":[[[[126.48405860072494,33.470543529193186],[126.48404807648389,33.47144535636901],[126.48512414950628,33.47145417197369],[126.48513466260495,33.470552344497975],[126.48405860072494,33.470543529193186]]]]}},{"type":"Feature","properties":{"fid":146321,"gid":142813,"emd_nm":"노형동","signgu_nm":"제주시","cml_fr_idx":3.0,"rank":103089,"anls_id":"50110"},"geometry":{"type":"MultiPolygon","coordinates":[[[[126.47964864861467,33.47952642826899],[126.47963807509787,33.48042825289828],[126.4807142576932,33.48043710887169],[126.48072482006273,33.47953528394119],[126.47964864861467,33.47952642826899]]]]}},{"type":"Feature","properties":{"fid":146322,"gid":144905,"emd_nm":"노형동","signgu_nm":"제주시","cml_fr_idx":3.0,"rank":103090,"anls_id":"50110"},"geometry":{"type":"MultiPolygon","coordinates":[[[[126.48659896880442,33.437193428359905],[126.48658848413486,33.43809526110416],[126.48766414615393,33.43810404696196],[126.4876746196994,33.43720221391865],[126.48659896880442,33.437193428359905]]]]}},{"type":"Feature","properties":{"fid":146352,"gid":164998,"emd_nm":"노형동","signgu_nm":"제주시","cml_fr_idx":3.0,"rank":103120,"anls_id":"50110"},"geometry":{"type":"MultiPolygon","coordinates":[[[[126.47323418669176,33.47586580544839],[126.47322354818661,33.47676762880137],[126.47429968336438,33.476776539616154],[126.47431031072438,33.47587471596008],[126.47323418669176,33.47586580544839]]]]}},{"type":"Feature","properties":{"fid":146356,"gid":166700,"emd_nm":"노형동","signgu_nm":"제주시","cml_fr_idx":3.0,"rank":103124,"anls_id":"50110"},"geometry":{"type":"MultiPolygon","coordinates":[[[[126.47431031072438,33.47587471596008],[126.47429968336438,33.476776539616154],[126.47537581901533,33.476785441089945],[126.47538643523015,33.475883617131096],[126.47431031072438,33.47587471596008]]]]}},{"type":"Feature","properties":{"fid":146367,"gid":171138,"emd_nm":"노형동","signgu_nm":"제주시","cml_fr_idx":3.0,"rank":103135,"anls_id":"50110"},"geometry":{"type":"MultiPolygon","coordinates":[[[[126.47963807509787,33.48042825289828],[126.47962750111033,33.48133007739316],[126.48070369485339,33.48133893366782],[126.4807142576932,33.48043710887169],[126.47963807509787,33.48042825289828]]]]}},{"type":"Feature","properties":{"fid":146378,"gid":181143,"emd_nm":"노형동","signgu_nm":"제주시","cml_fr_idx":3.0,"rank":103146,"anls_id":"50110"},"geometry":{"type":"MultiPolygon","coordinates":[[[[126.46987772278833,33.48666087829707],[126.46986704514482,33.487562699125455],[126.4709433126799,33.48757164161233],[126.47095397917235,33.486669820479825],[126.46987772278833,33.48666087829707]]]]}},{"type":"Feature","properties":{"fid":146382,"gid":183253,"emd_nm":"노형동","signgu_nm":"제주시","cml_fr_idx":3.0,"rank":103150,"anls_id":"50110"},"geometry":{"type":"MultiPolygon","coordinates":[[[[126.46782148952286,33.47852657787483],[126.46781079386382,33.47942839930416],[126.4688869601065,33.479437357737886],[126.468897644619,33.47853553600384],[126.46782148952286,33.47852657787483]]]]}},{"type":"Feature","properties":{"fid":146415,"gid":8631,"emd_nm":"노형동","signgu_nm":"제주시","cml_fr_idx":3.4285714285714284,"rank":103183,"anls_id":"50110"},"geometry":{"type":"MultiPolygon","coordinates":[[[[126.47313842309225,33.48398221078586],[126.47312778032351,33.48488403292899],[126.47420401582995,33.484892946471994],[126.47421464744907,33.4839911240257],[126.47313842309225,33.48398221078586]]]]}},{"type":"Feature","properties":{"fid":146425,"gid":10345,"emd_nm":"노형동","signgu_nm":"제주시","cml_fr_idx":3.4545454545454546,"rank":103193,"anls_id":"50110"},"geometry":{"type":"MultiPolygon","coordinates":[[[[126.47746451828232,33.48221416057297],[126.47745392105575,33.483115984195656],[126.47853013615368,33.483124859759364],[126.47854072223153,33.48222303583481],[126.47746451828232,33.48221416057297]]]]}},{"type":"Feature","properties":{"fid":146432,"gid":18445,"emd_nm":"노형동","signgu_nm":"제주시","cml_fr_idx":3.4761904761904763,"rank":103200,"anls_id":"50110"},"geometry":{"type":"MultiPolygon","coordinates":[[[[126.47628220979666,33.491223503124246],[126.47627159669752,33.49212532510052],[126.4773479228377,33.492134213029765],[126.47735852478321,33.49123239075124],[126.47628220979666,33.491223503124246]]]]}},{"type":"Feature","properties":{"fid":146435,"gid":12863,"emd_nm":"노형동","signgu_nm":"제주시","cml_fr_idx":3.526315789473684,"rank":103203,"anls_id":"50110"},"geometry":{"type":"MultiPolygon","coordinates":[[[[126.46992042860883,33.483053593638985],[126.46990975286667,33.483955415005184],[126.47098597580056,33.483964356275585],[126.47099664039366,33.48306253460528],[126.46992042860883,33.483053593638985]]]]}},{"type":"Feature","properties":{"fid":146443,"gid":22021,"emd_nm":"노형동","signgu_nm":"제주시","cml_fr_idx":3.571428571428571,"rank":103211,"anls_id":"50110"},"geometry":{"type":"MultiPolygon","coordinates":[[[[126.47969093797468,33.475919128407995],[126.47968036634069,33.47682095357481],[126.48075650434998,33.476829808343375],[126.48076706483869,33.47592798287536],[126.47969093797468,33.475919128407995]]]]}},{"type":"Feature","properties":{"fid":146468,"gid":21289,"emd_nm":"노형동","signgu_nm":"제주시","cml_fr_idx":3.6666666666666665,"rank":103236,"anls_id":"50110"},"geometry":{"type":"MultiPolygon","coordinates":[[[[126.46778940111713,33.48123204175945],[126.46777870402946,33.48213386278541],[126.46885490371471,33.4821428221333],[126.46886558965437,33.481241000802605],[126.46778940111713,33.48123204175945]]]]}},{"type":"Feature","properties":{"fid":146480,"gid":6032,"emd_nm":"노형동","signgu_nm":"제주시","cml_fr_idx":3.769230769230769,"rank":103248,"anls_id":"50110"},"geometry":{"type":"MultiPolygon","coordinates":[[[[126.48720284817819,33.47778456792575],[126.48719235362708,33.47868639492561],[126.4882685172095,33.47869518490426],[126.48827900061421,33.477793357605414],[126.48720284817819,33.47778456792575]]]]}},{"type":"Feature","properties":{"fid":146504,"gid":347,"emd_nm":"노형동","signgu_nm":"제주시","cml_fr_idx":4.0,"rank":103272,"anls_id":"50110"},"geometry":{"type":"MultiPolygon","coordinates":[[[[126.47309584917423,33.48758949855177],[126.47308520451003,33.48849132015716],[126.47416148461986,33.48850023491287],[126.47417211813247,33.4875984130043],[126.47309584917423,33.48758949855177]]]]}},{"type":"Feature","properties":{"fid":146519,"gid":1483,"emd_nm":"노형동","signgu_nm":"제주시","cml_fr_idx":4.0,"rank":103287,"anls_id":"50110"},"geometry":{"type":"MultiPolygon","coordinates":[[[[126.47201958068986,33.487580574754446],[126.4720089248741,33.488482396056334],[126.47308520451003,33.48849132015716],[126.47309584917423,33.48758949855177],[126.47201958068986,33.487580574754446]]]]}},{"type":"Feature","properties":{"fid":146521,"gid":1597,"emd_nm":"노형동","signgu_nm":"제주시","cml_fr_idx":4.0,"rank":103289,"anls_id":"50110"},"geometry":{"type":"MultiPolygon","coordinates":[[[[126.47751749733858,33.477705040443546],[126.47750690247076,33.478606864738225],[126.47858306183015,33.47861573879262],[126.47859364555171,33.477713914196094],[126.47751749733858,33.477705040443546]]]]}},{"type":"Feature","properties":{"fid":146523,"gid":1635,"emd_nm":"노형동","signgu_nm":"제주시","cml_fr_idx":4.0,"rank":103291,"anls_id":"50110"},"geometry":{"type":"MultiPolygon","coordinates":[[[[126.47207285265327,33.48307146622838],[126.47206219920926,33.48397328820248],[126.47313842309225,33.48398221078586],[126.47314906538719,33.4830803885083],[126.47207285265327,33.48307146622838]]]]}},{"type":"Feature","properties":{"fid":146533,"gid":2025,"emd_nm":"노형동","signgu_nm":"제주시","cml_fr_idx":4.0,"rank":103301,"anls_id":"50110"},"geometry":{"type":"MultiPolygon","coordinates":[[[[126.48286662429409,33.48045479279146],[126.48285608374982,33.48135661818909],[126.48393227890223,33.48136544643569],[126.48394280829866,33.48046362073778],[126.48286662429409,33.48045479279146]]]]}},{"type":"Feature","properties":{"fid":146544,"gid":2626,"emd_nm":"노형동","signgu_nm":"제주시","cml_fr_idx":4.0,"rank":103312,"anls_id":"50110"},"geometry":{"type":"MultiPolygon","coordinates":[[[[126.47635648826231,33.48491074552642],[126.47634587847011,33.48581256844364],[126.47742212654525,33.48582145425725],[126.47743272518724,33.48491963103779],[126.47635648826231,33.48491074552642]]]]}},{"type":"Feature","properties":{"fid":146563,"gid":3233,"emd_nm":"노형동","signgu_nm":"제주시","cml_fr_idx":4.0,"rank":103331,"anls_id":"50110"},"geometry":{"type":"MultiPolygon","coordinates":[[[[126.48721334226208,33.47688274079155],[126.48720284817819,33.47778456792575],[126.48827900061421,33.477793357605414],[126.48828948355222,33.476891530172246],[126.48721334226208,33.47688274079155]]]]}},{"type":"Feature","properties":{"fid":146589,"gid":5455,"emd_nm":"노형동","signgu_nm":"제주시","cml_fr_idx":4.0,"rank":103357,"anls_id":"50110"},"geometry":{"type":"MultiPolygon","coordinates":[[[[126.48277174249986,33.48857121653258],[126.48276119773132,33.48947304072078],[126.48383749323632,33.48948187167012],[126.48384802685258,33.488580047181586],[126.48277174249986,33.48857121653258]]]]}},{"type":"Feature","properties":{"fid":146607,"gid":6240,"emd_nm":"노형동","signgu_nm":"제주시","cml_fr_idx":4.0,"rank":103375,"anls_id":"50110"},"geometry":{"type":"MultiPolygon","coordinates":[[[[126.46781079386382,33.47942839930416],[126.4678000977286,33.48033022059903],[126.46887627511829,33.48033917933746],[126.4688869601065,33.479437357737886],[126.46781079386382,33.47942839930416]]]]}},{"type":"Feature","properties":{"fid":146611,"gid":6395,"emd_nm":"노형동","signgu_nm":"제주시","cml_fr_idx":4.0,"rank":103379,"anls_id":"50110"},"geometry":{"type":"MultiPolygon","coordinates":[[[[126.48506106108394,33.47686513400669],[126.4850505447083,33.47776696054196],[126.4861266962094,33.47777576890459],[126.48613720143918,33.47687394206969],[126.48506106108394,33.47686513400669]]]]}},{"type":"Feature","properties":{"fid":146624,"gid":6907,"emd_nm":"노형동","signgu_nm":"제주시","cml_fr_idx":4.0,"rank":103392,"anls_id":"50110"},"geometry":{"type":"MultiPolygon","coordinates":[[[[126.47420401582995,33.484892946471994],[126.47419338373747,33.485794768783855],[126.47526963086736,33.48580367328585],[126.4752802518097,33.48490185067115],[126.47420401582995,33.484892946471994]]]]}},{"type":"Feature","properties":{"fid":146640,"gid":8207,"emd_nm":"노형동","signgu_nm":"제주시","cml_fr_idx":4.0,"rank":103408,"anls_id":"50110"},"geometry":{"type":"MultiPolygon","coordinates":[[[[126.46885490371471,33.4821428221333],[126.46884421729929,33.48304464332952],[126.46992042860883,33.483053593638985],[126.46993110387572,33.48215177213834],[126.46885490371471,33.4821428221333]]]]}},{"type":"Feature","properties":{"fid":146649,"gid":8728,"emd_nm":"노형동","signgu_nm":"제주시","cml_fr_idx":4.0,"rank":103417,"anls_id":"50110"},"geometry":{"type":"MultiPolygon","coordinates":[[[[126.48399544824969,33.47595449023283],[126.48398492119692,33.47685631660253],[126.48506106108394,33.47686513400669],[126.48507157699137,33.47596330733705],[126.48399544824969,33.47595449023283]]]]}},{"type":"Feature","properties":{"fid":146659,"gid":9600,"emd_nm":"노형동","signgu_nm":"제주시","cml_fr_idx":4.0,"rank":103427,"anls_id":"50110"},"geometry":{"type":"MultiPolygon","coordinates":[[[[126.47629282242335,33.49032168101355],[126.47628220979666,33.491223503124246],[126.47735852478321,33.49123239075124],[126.47736912625672,33.490330568338294],[126.47629282242335,33.49032168101355]]]]}},{"type":"Feature","properties":{"fid":146664,"gid":9741,"emd_nm":"노형동","signgu_nm":"제주시","cml_fr_idx":4.0,"rank":103432,"anls_id":"50110"},"geometry":{"type":"MultiPolygon","coordinates":[[[[126.47100730451199,33.48216071280053],[126.47099664039366,33.48306253460528],[126.47207285265327,33.48307146622838],[126.47208350562302,33.48216964411985],[126.47100730451199,33.48216071280053]]]]}},{"type":"Feature","properties":{"fid":146668,"gid":9919,"emd_nm":"노형동","signgu_nm":"제주시","cml_fr_idx":4.0,"rank":103436,"anls_id":"50110"},"geometry":{"type":"MultiPolygon","coordinates":[[[[126.47859364555171,33.477713914196094],[126.47858306183015,33.47861573879262],[126.47965922166071,33.4786246035053],[126.47966979423606,33.47772277860725],[126.47859364555171,33.477713914196094]]]]}},{"type":"Feature","properties":{"fid":146682,"gid":10584,"emd_nm":"노형동","signgu_nm":"제주시","cml_fr_idx":4.0,"rank":103450,"anls_id":"50110"},"geometry":{"type":"MultiPolygon","coordinates":[[[[126.46994177866733,33.48124995050323],[126.46993110387572,33.48215177213834],[126.47100730451199,33.48216071280053],[126.47101796815555,33.481258890861334],[126.46994177866733,33.48124995050323]]]]}},{"type":"Feature","properties":{"fid":146686,"gid":10724,"emd_nm":"노형동","signgu_nm":"제주시","cml_fr_idx":4.0,"rank":103454,"anls_id":"50110"},"geometry":{"type":"MultiPolygon","coordinates":[[[[126.48396386568524,33.47865996893887],[126.48395333722635,33.47956179490551],[126.4850295105524,33.479570613209475],[126.48504002786446,33.4786687869429],[126.48396386568524,33.47865996893887]]]]}},{"type":"Feature","properties":{"fid":146694,"gid":11154,"emd_nm":"노형동","signgu_nm":"제주시","cml_fr_idx":4.0,"rank":103462,"anls_id":"50110"},"geometry":{"type":"MultiPolygon","coordinates":[[[[126.46884421729929,33.48304464332952],[126.46883353040809,33.483946464391295],[126.46990975286667,33.483955415005184],[126.46992042860883,33.483053593638985],[126.46884421729929,33.48304464332952]]]]}},{"type":"Feature","properties":{"fid":146700,"gid":11436,"emd_nm":"노형동","signgu_nm":"제주시","cml_fr_idx":4.0,"rank":103468,"anls_id":"50110"},"geometry":{"type":"MultiPolygon","coordinates":[[[[126.48062974180587,33.48765170347782],[126.48061917520327,33.48855352719883],[126.4816954586166,33.48856237653831],[126.48170601406744,33.487660552516346],[126.48062974180587,33.48765170347782]]]]}},{"type":"Feature","properties":{"fid":146718,"gid":12089,"emd_nm":"노형동","signgu_nm":"제주시","cml_fr_idx":4.0,"rank":103486,"anls_id":"50110"},"geometry":{"type":"MultiPolygon","coordinates":[[[[126.47966979423606,33.47772277860725],[126.47965922166071,33.4786246035053],[126.48073538196202,33.478633458876295],[126.48074594339111,33.47773163367702],[126.47966979423606,33.47772277860725]]]]}},{"type":"Feature","properties":{"fid":146732,"gid":13222,"emd_nm":"노형동","signgu_nm":"제주시","cml_fr_idx":4.0,"rank":103500,"anls_id":"50110"},"geometry":{"type":"MultiPolygon","coordinates":[[[[126.48398492119692,33.47685631660253],[126.48397439367542,33.47775814283789],[126.4850505447083,33.47776696054196],[126.48506106108394,33.47686513400669],[126.48398492119692,33.47685631660253]]]]}},{"type":"Feature","properties":{"fid":146735,"gid":13556,"emd_nm":"노형동","signgu_nm":"제주시","cml_fr_idx":4.0,"rank":103503,"anls_id":"50110"},"geometry":{"type":"MultiPolygon","coordinates":[[[[126.47530149227589,33.48309820503845],[126.4752908722792,33.48400002792201],[126.47636709758214,33.48400892247475],[126.47637770642969,33.48310709928868],[126.47530149227589,33.48309820503845]]]]}},{"type":"Feature","properties":{"fid":146752,"gid":14584,"emd_nm":"노형동","signgu_nm":"제주시","cml_fr_idx":4.0,"rank":103520,"anls_id":"50110"},"geometry":{"type":"MultiPolygon","coordinates":[[[[126.47208350562302,33.48216964411985],[126.47207285265327,33.48307146622838],[126.47314906538719,33.4830803885083],[126.47315970720834,33.482178566096295],[126.47208350562302,33.48216964411985]]]]}},{"type":"Feature","properties":{"fid":146753,"gid":14678,"emd_nm":"노형동","signgu_nm":"제주시","cml_fr_idx":4.0,"rank":103521,"anls_id":"50110"},"geometry":{"type":"MultiPolygon","coordinates":[[[[126.48384802685258,33.488580047181586],[126.48383749323632,33.48948187167012],[126.48491378921028,33.4894906932739],[126.48492431167426,33.488588868485344],[126.48384802685258,33.488580047181586]]]]}},{"type":"Feature","properties":{"fid":146761,"gid":14959,"emd_nm":"노형동","signgu_nm":"제주시","cml_fr_idx":4.0,"rank":103529,"anls_id":"50110"},"geometry":{"type":"MultiPolygon","coordinates":[[[[126.47102863132434,33.480357068787704],[126.47101796815555,33.481258890861334],[126.47209415811848,33.481267821876884],[126.47210481013971,33.480365999499476],[126.47102863132434,33.480357068787704]]]]}},{"type":"Feature","properties":{"fid":146766,"gid":15205,"emd_nm":"노형동","signgu_nm":"제주시","cml_fr_idx":4.0,"rank":103534,"anls_id":"50110"},"geometry":{"type":"MultiPolygon","coordinates":[[[[126.47424653946665,33.48128565588027],[126.4742359092674,33.48218747872985],[126.47531211179977,33.48219638202048],[126.47532273085085,33.481294558868086],[126.47424653946665,33.48128565588027]]]]}},{"type":"Feature","properties":{"fid":146773,"gid":15575,"emd_nm":"노형동","signgu_nm":"제주시","cml_fr_idx":4.0,"rank":103541,"anls_id":"50110"},"geometry":{"type":"MultiPolygon","coordinates":[[[[126.47961692665201,33.48223190175367],[126.47960635172291,33.48313372597979],[126.48068256776293,33.483142582856914],[126.4806931315433,33.48224075832957],[126.47961692665201,33.48223190175367]]]]}},{"type":"Feature","properties":{"fid":146775,"gid":15849,"emd_nm":"노형동","signgu_nm":"제주시","cml_fr_idx":4.0,"rank":103543,"anls_id":"50110"},"geometry":{"type":"MultiPolygon","coordinates":[[[[126.47521651906239,33.490312784343004],[126.4752058952826,33.49121460615114],[126.47628220979666,33.491223503124246],[126.47629282242335,33.49032168101355],[126.47521651906239,33.490312784343004]]]]}},{"type":"Feature","properties":{"fid":146808,"gid":17430,"emd_nm":"노형동","signgu_nm":"제주시","cml_fr_idx":4.0,"rank":103576,"anls_id":"50110"},"geometry":{"type":"MultiPolygon","coordinates":[[[[126.47098597580056,33.483964356275585],[126.47097531073267,33.48486617781144],[126.47205154529092,33.48487511004213],[126.47206219920926,33.48397328820248],[126.47098597580056,33.483964356275585]]]]}},{"type":"Feature","properties":{"fid":146819,"gid":18103,"emd_nm":"노형동","signgu_nm":"제주시","cml_fr_idx":4.0,"rank":103587,"anls_id":"50110"},"geometry":{"type":"MultiPolygon","coordinates":[[[[126.47858306183015,33.47861573879262],[126.47857247763736,33.47951756325476],[126.47964864861467,33.47952642826899],[126.47965922166071,33.4786246035053],[126.47858306183015,33.47861573879262]]]]}},{"type":"Feature","properties":{"fid":146828,"gid":18855,"emd_nm":"노형동","signgu_nm":"제주시","cml_fr_idx":4.0,"rank":103596,"anls_id":"50110"},"geometry":{"type":"MultiPolygon","coordinates":[[[[126.48072482006273,33.47953528394119],[126.4807142576932,33.48043710887169],[126.48179044075874,33.48044595550276],[126.48180099198102,33.47954413027135],[126.48072482006273,33.47953528394119]]]]}},{"type":"Feature","properties":{"fid":146842,"gid":19860,"emd_nm":"노형동","signgu_nm":"제주시","cml_fr_idx":4.0,"rank":103610,"anls_id":"50110"},"geometry":{"type":"MultiPolygon","coordinates":[[[[126.47312778032351,33.48488403292899],[126.47311713708095,33.48578585493769],[126.47419338373747,33.485794768783855],[126.47420401582995,33.484892946471994],[126.47312778032351,33.48488403292899]]]]}},{"type":"Feature","properties":{"fid":146844,"gid":20152,"emd_nm":"노형동","signgu_nm":"제주시","cml_fr_idx":4.0,"rank":103612,"anls_id":"50110"},"geometry":{"type":"MultiPolygon","coordinates":[[[[126.47209415811848,33.481267821876884],[126.47208350562302,33.48216964411985],[126.47315970720834,33.482178566096295],[126.4731703485557,33.48127674354986],[126.47209415811848,33.481267821876884]]]]}},{"type":"Feature","properties":{"fid":146853,"gid":20847,"emd_nm":"노형동","signgu_nm":"제주시","cml_fr_idx":4.0,"rank":103621,"anls_id":"50110"},"geometry":{"type":"MultiPolygon","coordinates":[[[[126.47418275117167,33.486696590961294],[126.47417211813247,33.4875984130043],[126.47524838756411,33.487607318112],[126.47525900945217,33.486705495766145],[126.47418275117167,33.486696590961294]]]]}},{"type":"Feature","properties":{"fid":146864,"gid":21209,"emd_nm":"노형동","signgu_nm":"제주시","cml_fr_idx":4.0,"rank":103632,"anls_id":"50110"},"geometry":{"type":"MultiPolygon","coordinates":[[[[126.48075650434998,33.476829808343375],[126.48074594339111,33.47773163367702],[126.48182209301633,33.4777404794054],[126.48183264282943,33.476838653770876],[126.48075650434998,33.476829808343375]]]]}},{"type":"Feature","properties":{"fid":146868,"gid":21623,"emd_nm":"노형동","signgu_nm":"제주시","cml_fr_idx":4.0,"rank":103636,"anls_id":"50110"},"geometry":{"type":"MultiPolygon","coordinates":[[[[126.47319162982917,33.47947309805373],[126.4731809894293,33.480374920869004],[126.47425716919261,33.480383832896294],[126.47426779844538,33.479482009777875],[126.47319162982917,33.47947309805373]]]]}},{"type":"Feature","properties":{"fid":146872,"gid":21938,"emd_nm":"노형동","signgu_nm":"제주시","cml_fr_idx":4.0,"rank":103640,"anls_id":"50110"},"geometry":{"type":"MultiPolygon","coordinates":[[[[126.47845602041099,33.489437623467936],[126.4784454305621,33.49033944631723],[126.47952173533893,33.490348314950346],[126.47953231403515,33.48944649179944],[126.47845602041099,33.489437623467936]]]]}},{"type":"Feature","properties":{"fid":146878,"gid":22167,"emd_nm":"노형동","signgu_nm":"제주시","cml_fr_idx":4.0,"rank":103646,"anls_id":"50110"},"geometry":{"type":"MultiPolygon","coordinates":[[[[126.48285608374982,33.48135661818909],[126.48284554273631,33.48225844345235],[126.48392174903702,33.48226727199923],[126.48393227890223,33.48136544643569],[126.48285608374982,33.48135661818909]]]]}},{"type":"Feature","properties":{"fid":146906,"gid":23581,"emd_nm":"노형동","signgu_nm":"제주시","cml_fr_idx":4.0,"rank":103674,"anls_id":"50110"},"geometry":{"type":"MultiPolygon","coordinates":[[[[126.47950057653361,33.49215196084892],[126.47948999642443,33.493053783596594],[126.48056633513336,33.49306264378777],[126.48057690408832,33.49216082073878],[126.47950057653361,33.49215196084892]]]]}},{"type":"Feature","properties":{"fid":146909,"gid":23636,"emd_nm":"노형동","signgu_nm":"제주시","cml_fr_idx":4.0,"rank":103677,"anls_id":"50110"},"geometry":{"type":"MultiPolygon","coordinates":[[[[126.47626098312585,33.49302714694235],[126.47625036908167,33.49392896864977],[126.47732671753064,33.493937857183546],[126.47733732042019,33.49303603517388],[126.47626098312585,33.49302714694235]]]]}},{"type":"Feature","properties":{"fid":146936,"gid":25229,"emd_nm":"노형동","signgu_nm":"제주시","cml_fr_idx":4.0,"rank":103704,"anls_id":"50110"},"geometry":{"type":"MultiPolygon","coordinates":[[[[126.4860951777137,33.480481248603205],[126.48608467061291,33.48138307490071],[126.4871608671702,33.48139187511912],[126.48717136312312,33.4804900485223],[126.4860951777137,33.480481248603205]]]]}},{"type":"Feature","properties":{"fid":146939,"gid":25570,"emd_nm":"노형동","signgu_nm":"제주시","cml_fr_idx":4.0,"rank":103706,"anls_id":"50110"},"geometry":{"type":"MultiPolygon","coordinates":[[[[126.48507157699137,33.47596330733705],[126.48506106108394,33.47686513400669],[126.48613720143918,33.47687394206969],[126.48614770620122,33.47597211510045],[126.48507157699137,33.47596330733705]]]]}},{"type":"Feature","properties":{"fid":146941,"gid":25727,"emd_nm":"노형동","signgu_nm":"제주시","cml_fr_idx":4.0,"rank":103709,"anls_id":"50110"},"geometry":{"type":"MultiPolygon","coordinates":[[[[126.47308520451003,33.48849132015716],[126.47307455937192,33.48939314162809],[126.47415085063385,33.48940205668698],[126.47416148461986,33.48850023491287],[126.47308520451003,33.48849132015716]]]]}},{"type":"Feature","properties":{"fid":146944,"gid":25781,"emd_nm":"노형동","signgu_nm":"제주시","cml_fr_idx":4.0,"rank":103711,"anls_id":"50110"},"geometry":{"type":"MultiPolygon","coordinates":[[[[126.48493483366978,33.4876870435624],[126.48492431167426,33.488588868485344],[126.48600059696437,33.48859768044383],[126.48601110780808,33.48769585522121],[126.48493483366978,33.4876870435624]]]]}},{"type":"Feature","properties":{"fid":146945,"gid":25796,"emd_nm":"노형동","signgu_nm":"제주시","cml_fr_idx":4.0,"rank":103713,"anls_id":"50110"},"geometry":{"type":"MultiPolygon","coordinates":[[[[126.46361351459524,33.4703742640264],[126.46360277865293,33.47127608544393],[126.4646788426876,33.47128507849145],[126.46468956748791,33.47038325676798],[126.46361351459524,33.4703742640264]]]]}},{"type":"Feature","properties":{"fid":146949,"gid":25998,"emd_nm":"노형동","signgu_nm":"제주시","cml_fr_idx":4.0,"rank":103717,"anls_id":"50110"},"geometry":{"type":"MultiPolygon","coordinates":[[[[126.47525900945217,33.486705495766145],[126.47524838756411,33.487607318112],[126.47632465746862,33.48761621387488],[126.47633526820557,33.486714391226485],[126.47525900945217,33.486705495766145]]]]}},{"type":"Feature","properties":{"fid":146952,"gid":26311,"emd_nm":"노형동","signgu_nm":"제주시","cml_fr_idx":4.0,"rank":103720,"anls_id":"50110"},"geometry":{"type":"MultiPolygon","coordinates":[[[[126.48501899277204,33.480472439341696],[126.48500847452341,33.48137426533956],[126.48608467061291,33.48138307490071],[126.4860951777137,33.480481248603205],[126.48501899277204,33.480472439341696]]]]}},{"type":"Feature","properties":{"fid":146990,"gid":130096,"emd_nm":"노형동","signgu_nm":"제주시","cml_fr_idx":4.0,"rank":103758,"anls_id":"50110"},"geometry":{"type":"MultiPolygon","coordinates":[[[[126.47948999642443,33.493053783596594],[126.47947941584421,33.49395560620985],[126.48055576570783,33.493964466702344],[126.48056633513336,33.49306264378777],[126.47948999642443,33.493053783596594]]]]}},{"type":"Feature","properties":{"fid":146993,"gid":132452,"emd_nm":"노형동","signgu_nm":"제주시","cml_fr_idx":4.0,"rank":103761,"anls_id":"50110"},"geometry":{"type":"MultiPolygon","coordinates":[[[[126.4850505447083,33.47776696054196],[126.48504002786446,33.4786687869429],[126.4861161905119,33.47867759560514],[126.4861266962094,33.47777576890459],[126.4850505447083,33.47776696054196]]]]}},{"type":"Feature","properties":{"fid":147006,"gid":160592,"emd_nm":"노형동","signgu_nm":"제주시","cml_fr_idx":4.0,"rank":103774,"anls_id":"50110"},"geometry":{"type":"MultiPolygon","coordinates":[[[[126.48181154273355,33.47864230490556],[126.48180099198102,33.47954413027135],[126.48287716436906,33.47955296725947],[126.4828877039748,33.47865114159308],[126.48181154273355,33.47864230490556]]]]}},{"type":"Feature","properties":{"fid":147009,"gid":170665,"emd_nm":"노형동","signgu_nm":"제주시","cml_fr_idx":4.0,"rank":103777,"anls_id":"50110"},"geometry":{"type":"MultiPolygon","coordinates":[[[[126.47211546168671,33.47946417698764],[126.47210481013971,33.480365999499476],[126.4731809894293,33.480374920869004],[126.47319162982917,33.47947309805373],[126.47211546168671,33.47946417698764]]]]}},{"type":"Feature","properties":{"fid":147053,"gid":2125,"emd_nm":"노형동","signgu_nm":"제주시","cml_fr_idx":4.27027027027027,"rank":103821,"anls_id":"50110"},"geometry":{"type":"MultiPolygon","coordinates":[[[[126.48170601406744,33.487660552516346],[126.4816954586166,33.48856237653831],[126.48277174249986,33.48857121653258],[126.48278228679897,33.487669392209966],[126.48170601406744,33.487660552516346]]]]}},{"type":"Feature","properties":{"fid":147067,"gid":26301,"emd_nm":"노형동","signgu_nm":"제주시","cml_fr_idx":4.4,"rank":103835,"anls_id":"50110"},"geometry":{"type":"MultiPolygon","coordinates":[[[[126.4775386856591,33.475901391451],[126.47752809173467,33.47680321601447],[126.4786042288021,33.47681208946517],[126.47861481158131,33.47591026459986],[126.4775386856591,33.475901391451]]]]}},{"type":"Feature","properties":{"fid":147068,"gid":337,"emd_nm":"노형동","signgu_nm":"제주시","cml_fr_idx":4.416666666666667,"rank":103836,"anls_id":"50110"},"geometry":{"type":"MultiPolygon","coordinates":[[[[126.48171656904839,33.48675872836001],[126.48170601406744,33.487660552516346],[126.48278228679897,33.487669392209966],[126.48279283062864,33.48676756775299],[126.48171656904839,33.48675872836001]]]]}},{"type":"Feature","properties":{"fid":147073,"gid":13226,"emd_nm":"노형동","signgu_nm":"제주시","cml_fr_idx":4.428571428571429,"rank":103841,"anls_id":"50110"},"geometry":{"type":"MultiPolygon","coordinates":[[[[126.47421464744907,33.4839911240257],[126.47420401582995,33.484892946471994],[126.4752802518097,33.48490185067115],[126.4752908722792,33.48400002792201],[126.47421464744907,33.4839911240257]]]]}},{"type":"Feature","properties":{"fid":147081,"gid":23992,"emd_nm":"노형동","signgu_nm":"제주시","cml_fr_idx":4.434782608695652,"rank":103849,"anls_id":"50110"},"geometry":{"type":"MultiPolygon","coordinates":[[[[126.47853013615368,33.483124859759364],[126.47851954960453,33.48402668354951],[126.47959577632297,33.48403555007151],[126.47960635172291,33.48313372597979],[126.47853013615368,33.483124859759364]]]]}},{"type":"Feature","properties":{"fid":147083,"gid":5759,"emd_nm":"노형동","signgu_nm":"제주시","cml_fr_idx":4.454545454545455,"rank":103851,"anls_id":"50110"},"geometry":{"type":"MultiPolygon","coordinates":[[[[126.47843484024175,33.49124126903211],[126.47842424944992,33.492143091612576],[126.47950057653361,33.49215196084892],[126.47951115617177,33.49125013796683],[126.47843484024175,33.49124126903211]]]]}},{"type":"Feature","properties":{"fid":147087,"gid":7146,"emd_nm":"노형동","signgu_nm":"제주시","cml_fr_idx":4.476190476190476,"rank":103855,"anls_id":"50110"},"geometry":{"type":"MultiPolygon","coordinates":[[[[126.47861481158131,33.47591026459986],[126.4786042288021,33.47681208946517],[126.47968036634069,33.47682095357481],[126.47969093797468,33.475919128407995],[126.47861481158131,33.47591026459986]]]]}},{"type":"Feature","properties":{"fid":147088,"gid":12937,"emd_nm":"노형동","signgu_nm":"제주시","cml_fr_idx":4.476190476190476,"rank":103856,"anls_id":"50110"},"geometry":{"type":"MultiPolygon","coordinates":[[[[126.48392174903702,33.48226727199923],[126.48391121870297,33.483169097428394],[126.4849874366213,33.483177916932206],[126.4849979558065,33.48227609120307],[126.48392174903702,33.48226727199923]]]]}},{"type":"Feature","properties":{"fid":147098,"gid":10760,"emd_nm":"노형동","signgu_nm":"제주시","cml_fr_idx":4.5,"rank":103866,"anls_id":"50110"},"geometry":{"type":"MultiPolygon","coordinates":[[[[126.48284554273631,33.48225844345235],[126.48283500125345,33.48316026858123],[126.48391121870297,33.483169097428394],[126.48392174903702,33.48226727199923],[126.48284554273631,33.48225844345235]]]]}},{"type":"Feature","properties":{"fid":147101,"gid":15142,"emd_nm":"노형동","signgu_nm":"제주시","cml_fr_idx":4.5,"rank":103869,"anls_id":"50110"},"geometry":{"type":"MultiPolygon","coordinates":[[[[126.4784454305621,33.49033944631723],[126.47843484024175,33.49124126903211],[126.47951115617177,33.49125013796683],[126.47952173533893,33.490348314950346],[126.4784454305621,33.49033944631723]]]]}},{"type":"Feature","properties":{"fid":147105,"gid":25735,"emd_nm":"노형동","signgu_nm":"제주시","cml_fr_idx":4.5,"rank":103873,"anls_id":"50110"},"geometry":{"type":"MultiPolygon","coordinates":[[[[126.46993110387572,33.48215177213834],[126.46992042860883,33.483053593638985],[126.47099664039366,33.48306253460528],[126.47100730451199,33.48216071280053],[126.46993110387572,33.48215177213834]]]]}},{"type":"Feature","properties":{"fid":147113,"gid":6428,"emd_nm":"노형동","signgu_nm":"제주시","cml_fr_idx":4.588235294117647,"rank":103881,"anls_id":"50110"},"geometry":{"type":"MultiPolygon","coordinates":[[[[126.47315970720834,33.482178566096295],[126.47314906538719,33.4830803885083],[126.4742252785949,33.483089301444984],[126.4742359092674,33.48218747872985],[126.47315970720834,33.482178566096295]]]]}},{"type":"Feature","properties":{"fid":147114,"gid":19174,"emd_nm":"노형동","signgu_nm":"제주시","cml_fr_idx":4.588235294117647,"rank":103882,"anls_id":"50110"},"geometry":{"type":"MultiPolygon","coordinates":[[[[126.47419338373747,33.485794768783855],[126.47418275117167,33.486696590961294],[126.47525900945217,33.486705495766145],[126.47526963086736,33.48580367328585],[126.47419338373747,33.485794768783855]]]]}},{"type":"Feature","properties":{"fid":147141,"gid":16723,"emd_nm":"노형동","signgu_nm":"제주시","cml_fr_idx":4.666666666666667,"rank":103909,"anls_id":"50110"},"geometry":{"type":"MultiPolygon","coordinates":[[[[126.47953231403515,33.48944649179944],[126.47952173533893,33.490348314950346],[126.48059804058674,33.490357174237616],[126.48060860813023,33.48945535078543],[126.47953231403515,33.48944649179944]]]]}},{"type":"Feature","properties":{"fid":147147,"gid":8665,"emd_nm":"노형동","signgu_nm":"제주시","cml_fr_idx":4.714285714285714,"rank":103914,"anls_id":"50110"},"geometry":{"type":"MultiPolygon","coordinates":[[[[126.47951115617177,33.49125013796683],[126.47950057653361,33.49215196084892],[126.48057690408832,33.49216082073878],[126.4805874725728,33.491258997555406],[126.47951115617177,33.49125013796683]]]]}},{"type":"Feature","properties":{"fid":147149,"gid":18216,"emd_nm":"노형동","signgu_nm":"제주시","cml_fr_idx":4.714285714285714,"rank":103917,"anls_id":"50110"},"geometry":{"type":"MultiPolygon","coordinates":[[[[126.47627159669752,33.49212532510052],[126.47626098312585,33.49302714694235],[126.47733732042019,33.49303603517388],[126.4773479228377,33.492134213029765],[126.47627159669752,33.49212532510052]]]]}},{"type":"Feature","properties":{"fid":147150,"gid":19293,"emd_nm":"노형동","signgu_nm":"제주시","cml_fr_idx":4.714285714285714,"rank":103918,"anls_id":"50110"},"geometry":{"type":"MultiPolygon","coordinates":[[[[126.48061917520327,33.48855352719883],[126.48060860813023,33.48945535078543],[126.4816849026958,33.48946420042588],[126.4816954586166,33.48856237653831],[126.48061917520327,33.48855352719883]]]]}},{"type":"Feature","properties":{"fid":147157,"gid":8447,"emd_nm":"노형동","signgu_nm":"제주시","cml_fr_idx":4.769230769230769,"rank":103925,"anls_id":"50110"},"geometry":{"type":"MultiPolygon","coordinates":[[[[126.47101796815555,33.481258890861334],[126.47100730451199,33.48216071280053],[126.47208350562302,33.48216964411985],[126.47209415811848,33.481267821876884],[126.47101796815555,33.481258890861334]]]]}},{"type":"Feature","properties":{"fid":147164,"gid":25437,"emd_nm":"노형동","signgu_nm":"제주시","cml_fr_idx":4.769230769230769,"rank":103932,"anls_id":"50110"},"geometry":{"type":"MultiPolygon","coordinates":[[[[126.47646256020855,33.4758925089614],[126.47645195513893,33.47679433322272],[126.47752809173467,33.47680321601447],[126.4775386856591,33.475901391451],[126.47646256020855,33.4758925089614]]]]}},{"type":"Feature","properties":{"fid":147168,"gid":2212,"emd_nm":"노형동","signgu_nm":"제주시","cml_fr_idx":4.833333333333333,"rank":103936,"anls_id":"50110"},"geometry":{"type":"MultiPolygon","coordinates":[[[[126.47956404729808,33.48674102154028],[126.4795534700147,33.4876428450944],[126.48062974180587,33.48765170347782],[126.48064030793803,33.48674987962243],[126.47956404729808,33.48674102154028]]]]}},{"type":"Feature","properties":{"fid":147171,"gid":13233,"emd_nm":"노형동","signgu_nm":"제주시","cml_fr_idx":4.833333333333333,"rank":103939,"anls_id":"50110"},"geometry":{"type":"MultiPolygon","coordinates":[[[[126.47743272518724,33.48491963103779],[126.47742212654525,33.48582145425725],[126.47849837509222,33.485830330726614],[126.47850896258406,33.484928507205275],[126.47743272518724,33.48491963103779]]]]}},{"type":"Feature","properties":{"fid":147172,"gid":13315,"emd_nm":"노형동","signgu_nm":"제주시","cml_fr_idx":4.833333333333333,"rank":103940,"anls_id":"50110"},"geometry":{"type":"MultiPolygon","coordinates":[[[[126.47957462411057,33.48583919785175],[126.47956404729808,33.48674102154028],[126.48064030793803,33.48674987962243],[126.4806508735998,33.48584805563264],[126.47957462411057,33.48583919785175]]]]}},{"type":"Feature","properties":{"fid":147173,"gid":15916,"emd_nm":"노형동","signgu_nm":"제주시","cml_fr_idx":4.833333333333333,"rank":103941,"anls_id":"50110"},"geometry":{"type":"MultiPolygon","coordinates":[[[[126.48064030793803,33.48674987962243],[126.48062974180587,33.48765170347782],[126.48170601406744,33.487660552516346],[126.48171656904839,33.48675872836001],[126.48064030793803,33.48674987962243]]]]}},{"type":"Feature","properties":{"fid":147183,"gid":21617,"emd_nm":"노형동","signgu_nm":"제주시","cml_fr_idx":4.882352941176471,"rank":103951,"anls_id":"50110"},"geometry":{"type":"MultiPolygon","coordinates":[[[[126.4795534700147,33.4876428450944],[126.47954289226038,33.48854466851412],[126.48061917520327,33.48855352719883],[126.48062974180587,33.48765170347782],[126.4795534700147,33.4876428450944]]]]}},{"type":"Feature","properties":{"fid":147199,"gid":13,"emd_nm":"노형동","signgu_nm":"제주시","cml_fr_idx":5.0,"rank":103967,"anls_id":"50110"},"geometry":{"type":"MultiPolygon","coordinates":[[[[126.47204089089827,33.48577693174734],[126.47203023603126,33.486678753318124],[126.47310649336453,33.486687676811954],[126.47311713708095,33.48578585493769],[126.47204089089827,33.48577693174734]]]]}},{"type":"Feature","properties":{"fid":147202,"gid":359,"emd_nm":"노형동","signgu_nm":"제주시","cml_fr_idx":5.0,"rank":103969,"anls_id":"50110"},"geometry":{"type":"MultiPolygon","coordinates":[[[[126.4816849026958,33.48946420042588],[126.48167434630506,33.49036602417903],[126.48275065249332,33.4903748647746],[126.48276119773132,33.48947304072078],[126.4816849026958,33.48946420042588]]]]}},{"type":"Feature","properties":{"fid":147217,"gid":2114,"emd_nm":"노형동","signgu_nm":"제주시","cml_fr_idx":5.0,"rank":103985,"anls_id":"50110"},"geometry":{"type":"MultiPolygon","coordinates":[[[[126.47842424944992,33.492143091612576],[126.47841365818654,33.49304491405862],[126.47948999642443,33.493053783596594],[126.47950057653361,33.49215196084892],[126.47842424944992,33.492143091612576]]]]}},{"type":"Feature","properties":{"fid":147219,"gid":2149,"emd_nm":"노형동","signgu_nm":"제주시","cml_fr_idx":5.0,"rank":103987,"anls_id":"50110"},"geometry":{"type":"MultiPolygon","coordinates":[[[[126.48605314650374,33.48408855298709],[126.48604263753167,33.48499037874716],[126.48711887868538,33.48499918016292],[126.4871293765076,33.484097354103504],[126.48605314650374,33.48408855298709]]]]}},{"type":"Feature","properties":{"fid":147224,"gid":2527,"emd_nm":"노형동","signgu_nm":"제주시","cml_fr_idx":5.0,"rank":103992,"anls_id":"50110"},"geometry":{"type":"MultiPolygon","coordinates":[[[[126.47735852478321,33.49123239075124],[126.4773479228377,33.492134213029765],[126.47842424944992,33.492143091612576],[126.47843484024175,33.49124126903211],[126.47735852478321,33.49123239075124]]]]}},{"type":"Feature","properties":{"fid":147225,"gid":2752,"emd_nm":"노형동","signgu_nm":"제주시","cml_fr_idx":5.0,"rank":103993,"anls_id":"50110"},"geometry":{"type":"MultiPolygon","coordinates":[[[[126.4730639137599,33.49029496296458],[126.47305326767389,33.491196784166625],[126.4741295812415,33.49120569983192],[126.47414021617442,33.49030387832668],[126.4730639137599,33.49029496296458]]]]}},{"type":"Feature","properties":{"fid":147229,"gid":4640,"emd_nm":"노형동","signgu_nm":"제주시","cml_fr_idx":5.0,"rank":103997,"anls_id":"50110"},"geometry":{"type":"MultiPolygon","coordinates":[[[[126.4786042288021,33.47681208946517],[126.47859364555171,33.477713914196094],[126.47966979423606,33.47772277860725],[126.47968036634069,33.47682095357481],[126.4786042288021,33.47681208946517]]]]}},{"type":"Feature","properties":{"fid":147232,"gid":5214,"emd_nm":"노형동","signgu_nm":"제주시","cml_fr_idx":5.0,"rank":104000,"anls_id":"50110"},"geometry":{"type":"MultiPolygon","coordinates":[[[[126.47203023603126,33.486678753318124],[126.47201958068986,33.487580574754446],[126.47309584917423,33.48758949855177],[126.47310649336453,33.486687676811954],[126.47203023603126,33.486678753318124]]]]}},{"type":"Feature","properties":{"fid":147242,"gid":6390,"emd_nm":"노형동","signgu_nm":"제주시","cml_fr_idx":5.0,"rank":104010,"anls_id":"50110"},"geometry":{"type":"MultiPolygon","coordinates":[[[[126.47752809173467,33.47680321601447],[126.47751749733858,33.477705040443546],[126.47859364555171,33.477713914196094],[126.4786042288021,33.47681208946517],[126.47752809173467,33.47680321601447]]]]}},{"type":"Feature","properties":{"fid":147244,"gid":6715,"emd_nm":"노형동","signgu_nm":"제주시","cml_fr_idx":5.0,"rank":104012,"anls_id":"50110"},"geometry":{"type":"MultiPolygon","coordinates":[[[[126.47745392105575,33.483115984195656],[126.47744332335743,33.48401780768392],[126.47851954960453,33.48402668354951],[126.47853013615368,33.483124859759364],[126.47745392105575,33.483115984195656]]]]}},{"type":"Feature","properties":{"fid":147247,"gid":7292,"emd_nm":"노형동","signgu_nm":"제주시","cml_fr_idx":5.0,"rank":104015,"anls_id":"50110"},"geometry":{"type":"MultiPolygon","coordinates":[[[[126.48497691696774,33.48407974252699],[126.48496639684583,33.48498156798739],[126.48604263753167,33.48499037874716],[126.48605314650374,33.48408855298709],[126.48497691696774,33.48407974252699]]]]}},{"type":"Feature","properties":{"fid":147252,"gid":8122,"emd_nm":"노형동","signgu_nm":"제주시","cml_fr_idx":5.0,"rank":104020,"anls_id":"50110"},"geometry":{"type":"MultiPolygon","coordinates":[[[[126.4773479228377,33.492134213029765],[126.47733732042019,33.49303603517388],[126.47841365818654,33.49304491405862],[126.47842424944992,33.492143091612576],[126.4773479228377,33.492134213029765]]]]}},{"type":"Feature","properties":{"fid":147268,"gid":10105,"emd_nm":"노형동","signgu_nm":"제주시","cml_fr_idx":5.0,"rank":104036,"anls_id":"50110"},"geometry":{"type":"MultiPolygon","coordinates":[[[[126.4807142576932,33.48043710887169],[126.48070369485339,33.48133893366782],[126.48177988906671,33.48134778059979],[126.48179044075874,33.48044595550276],[126.4807142576932,33.48043710887169]]]]}},{"type":"Feature","properties":{"fid":147269,"gid":10141,"emd_nm":"노형동","signgu_nm":"제주시","cml_fr_idx":5.0,"rank":104037,"anls_id":"50110"},"geometry":{"type":"MultiPolygon","coordinates":[[[[126.47965922166071,33.4786246035053],[126.47964864861467,33.47952642826899],[126.48072482006273,33.47953528394119],[126.48073538196202,33.478633458876295],[126.47965922166071,33.4786246035053]]]]}},{"type":"Feature","properties":{"fid":147276,"gid":11364,"emd_nm":"노형동","signgu_nm":"제주시","cml_fr_idx":5.0,"rank":104044,"anls_id":"50110"},"geometry":{"type":"MultiPolygon","coordinates":[[[[126.47636709758214,33.48400892247475],[126.47635648826231,33.48491074552642],[126.47743272518724,33.48491963103779],[126.47744332335743,33.48401780768392],[126.47636709758214,33.48400892247475]]]]}},{"type":"Feature","properties":{"fid":147277,"gid":11706,"emd_nm":"노형동","signgu_nm":"제주시","cml_fr_idx":5.0,"rank":104045,"anls_id":"50110"},"geometry":{"type":"MultiPolygon","coordinates":[[[[126.4752802518097,33.48490185067115],[126.47526963086736,33.48580367328585],[126.47634587847011,33.48581256844364],[126.47635648826231,33.48491074552642],[126.4752802518097,33.48490185067115]]]]}},{"type":"Feature","properties":{"fid":147285,"gid":12698,"emd_nm":"노형동","signgu_nm":"제주시","cml_fr_idx":5.0,"rank":104053,"anls_id":"50110"},"geometry":{"type":"MultiPolygon","coordinates":[[[[126.47091131035319,33.49027710420316],[126.4709006419611,33.49117892479783],[126.47197695458026,33.49118785915526],[126.4719876118193,33.49028603825674],[126.47091131035319,33.49027710420316]]]]}},{"type":"Feature","properties":{"fid":147288,"gid":12785,"emd_nm":"노형동","signgu_nm":"제주시","cml_fr_idx":5.0,"rank":104056,"anls_id":"50110"},"geometry":{"type":"MultiPolygon","coordinates":[[[[126.48059804058674,33.490357174237616],[126.4805874725728,33.491258997555406],[126.48166378944431,33.49126784779781],[126.48167434630506,33.49036602417903],[126.48059804058674,33.490357174237616]]]]}},{"type":"Feature","properties":{"fid":147293,"gid":13171,"emd_nm":"노형동","signgu_nm":"제주시","cml_fr_idx":5.0,"rank":104061,"anls_id":"50110"},"geometry":{"type":"MultiPolygon","coordinates":[[[[126.48060860813023,33.48945535078543],[126.48059804058674,33.490357174237616],[126.48167434630506,33.49036602417903],[126.4816849026958,33.48946420042588],[126.48060860813023,33.48945535078543]]]]}},{"type":"Feature","properties":{"fid":147304,"gid":13679,"emd_nm":"노형동","signgu_nm":"제주시","cml_fr_idx":5.0,"rank":104071,"anls_id":"50110"},"geometry":{"type":"MultiPolygon","coordinates":[[[[126.48604263753167,33.48499037874716],[126.48603212809171,33.48589220437288],[126.48710838039575,33.48590100608798],[126.48711887868538,33.48499918016292],[126.48604263753167,33.48499037874716]]]]}},{"type":"Feature","properties":{"fid":147312,"gid":15125,"emd_nm":"노형동","signgu_nm":"제주시","cml_fr_idx":5.0,"rank":104080,"anls_id":"50110"},"geometry":{"type":"MultiPolygon","coordinates":[[[[126.4816954586166,33.48856237653831],[126.4816849026958,33.48946420042588],[126.48276119773132,33.48947304072078],[126.48277174249986,33.48857121653258],[126.4816954586166,33.48856237653831]]]]}},{"type":"Feature","properties":{"fid":147315,"gid":15263,"emd_nm":"노형동","signgu_nm":"제주시","cml_fr_idx":5.0,"rank":104082,"anls_id":"50110"},"geometry":{"type":"MultiPolygon","coordinates":[[[[126.48278228679897,33.487669392209966],[126.48277174249986,33.48857121653258],[126.48384802685258,33.488580047181586],[126.48385855999992,33.48767822255866],[126.48278228679897,33.487669392209966]]]]}},{"type":"Feature","properties":{"fid":147320,"gid":15689,"emd_nm":"노형동","signgu_nm":"제주시","cml_fr_idx":5.0,"rank":104088,"anls_id":"50110"},"geometry":{"type":"MultiPolygon","coordinates":[[[[126.48073538196202,33.478633458876295],[126.48072482006273,33.47953528394119],[126.48180099198102,33.47954413027135],[126.48181154273355,33.47864230490556],[126.48073538196202,33.478633458876295]]]]}},{"type":"Feature","properties":{"fid":147322,"gid":16244,"emd_nm":"노형동","signgu_nm":"제주시","cml_fr_idx":5.0,"rank":104090,"anls_id":"50110"},"geometry":{"type":"MultiPolygon","coordinates":[[[[126.47850896258406,33.484928507205275],[126.47849837509222,33.485830330726614],[126.47957462411057,33.48583919785175],[126.4795852004522,33.484937374028824],[126.47850896258406,33.484928507205275]]]]}},{"type":"Feature","properties":{"fid":147329,"gid":16677,"emd_nm":"노형동","signgu_nm":"제주시","cml_fr_idx":5.0,"rank":104096,"anls_id":"50110"},"geometry":{"type":"MultiPolygon","coordinates":[[[[126.47841365818654,33.49304491405862],[126.47840306645165,33.49394673637023],[126.47947941584421,33.49395560620985],[126.47948999642443,33.493053783596594],[126.47841365818654,33.49304491405862]]]]}},{"type":"Feature","properties":{"fid":147339,"gid":18221,"emd_nm":"노형동","signgu_nm":"제주시","cml_fr_idx":5.0,"rank":104107,"anls_id":"50110"},"geometry":{"type":"MultiPolygon","coordinates":[[[[126.47637770642969,33.48310709928868],[126.47636709758214,33.48400892247475],[126.47744332335743,33.48401780768392],[126.47745392105575,33.483115984195656],[126.47637770642969,33.48310709928868]]]]}},{"type":"Feature","properties":{"fid":147341,"gid":18537,"emd_nm":"노형동","signgu_nm":"제주시","cml_fr_idx":5.0,"rank":104109,"anls_id":"50110"},"geometry":{"type":"MultiPolygon","coordinates":[[[[126.47733732042019,33.49303603517388],[126.47732671753064,33.493937857183546],[126.47840306645165,33.49394673637023],[126.47841365818654,33.49304491405862],[126.47733732042019,33.49303603517388]]]]}},{"type":"Feature","properties":{"fid":147353,"gid":20910,"emd_nm":"노형동","signgu_nm":"제주시","cml_fr_idx":5.0,"rank":104121,"anls_id":"50110"},"geometry":{"type":"MultiPolygon","coordinates":[[[[126.4731809894293,33.480374920869004],[126.4731703485557,33.48127674354986],[126.47424653946665,33.48128565588027],[126.47425716919261,33.480383832896294],[126.4731809894293,33.480374920869004]]]]}},{"type":"Feature","properties":{"fid":147379,"gid":25616,"emd_nm":"노형동","signgu_nm":"제주시","cml_fr_idx":5.0,"rank":104147,"anls_id":"50110"},"geometry":{"type":"MultiPolygon","coordinates":[[[[126.47960635172291,33.48313372597979],[126.47959577632297,33.48403555007151],[126.48067200351223,33.48404440724989],[126.48068256776293,33.483142582856914],[126.47960635172291,33.48313372597979]]]]}},{"type":"Feature","properties":{"fid":147386,"gid":26119,"emd_nm":"노형동","signgu_nm":"제주시","cml_fr_idx":5.0,"rank":104154,"anls_id":"50110"},"geometry":{"type":"MultiPolygon","coordinates":[[[[126.4773903277879,33.48852692310913],[126.4773797272583,33.48942874579092],[126.47845602041099,33.489437623467936],[126.47846660978843,33.48853580048422],[126.4773903277879,33.48852692310913]]]]}},{"type":"Feature","properties":{"fid":147390,"gid":68243,"emd_nm":"노형동","signgu_nm":"제주시","cml_fr_idx":5.0,"rank":104158,"anls_id":"50110"},"geometry":{"type":"MultiPolygon","coordinates":[[[[126.47849837509222,33.485830330726614],[126.47848778712901,33.48673215411356],[126.47956404729808,33.48674102154028],[126.47957462411057,33.48583919785175],[126.47849837509222,33.485830330726614]]]]}},{"type":"Feature","properties":{"fid":147396,"gid":103126,"emd_nm":"노형동","signgu_nm":"제주시","cml_fr_idx":5.0,"rank":104164,"anls_id":"50110"},"geometry":{"type":"MultiPolygon","coordinates":[[[[126.47092197827035,33.489375283474004],[126.47091131035319,33.49027710420316],[126.4719876118193,33.49028603825674],[126.4719982685839,33.48938421722376],[126.47092197827035,33.489375283474004]]]]}},{"type":"Feature","properties":{"fid":147399,"gid":123099,"emd_nm":"노형동","signgu_nm":"제주시","cml_fr_idx":5.0,"rank":104167,"anls_id":"50110"},"geometry":{"type":"MultiPolygon","coordinates":[[[[126.48179044075874,33.48044595550276],[126.48177988906671,33.48134778059979],[126.48285608374982,33.48135661818909],[126.48286662429409,33.48045479279146],[126.48179044075874,33.48044595550276]]]]}},{"type":"Feature","properties":{"fid":147400,"gid":133610,"emd_nm":"노형동","signgu_nm":"제주시","cml_fr_idx":5.0,"rank":104168,"anls_id":"50110"},"geometry":{"type":"MultiPolygon","coordinates":[[[[126.47210481013971,33.480365999499476],[126.47209415811848,33.481267821876884],[126.4731703485557,33.48127674354986],[126.4731809894293,33.480374920869004],[126.47210481013971,33.480365999499476]]]]}},{"type":"Feature","properties":{"fid":147410,"gid":168681,"emd_nm":"노형동","signgu_nm":"제주시","cml_fr_idx":5.0,"rank":104178,"anls_id":"50110"},"geometry":{"type":"MultiPolygon","coordinates":[[[[126.4719982685839,33.48938421722376],[126.4719876118193,33.49028603825674],[126.4730639137599,33.49029496296458],[126.47307455937192,33.48939314162809],[126.4719982685839,33.48938421722376]]]]}},{"type":"Feature","properties":{"fid":147425,"gid":20424,"emd_nm":"노형동","signgu_nm":"제주시","cml_fr_idx":5.111111111111111,"rank":104193,"anls_id":"50110"},"geometry":{"type":"MultiPolygon","coordinates":[[[[126.4742359092674,33.48218747872985],[126.4742252785949,33.483089301444984],[126.47530149227589,33.48309820503845],[126.47531211179977,33.48219638202048],[126.4742359092674,33.48218747872985]]]]}},{"type":"Feature","properties":{"fid":147450,"gid":4532,"emd_nm":"노형동","signgu_nm":"제주시","cml_fr_idx":5.303030303030303,"rank":104218,"anls_id":"50110"},"geometry":{"type":"MultiPolygon","coordinates":[[[[126.47846660978843,33.48853580048422],[126.47845602041099,33.489437623467936],[126.47953231403515,33.48944649179944],[126.47954289226038,33.48854466851412],[126.47846660978843,33.48853580048422]]]]}},{"type":"Feature","properties":{"fid":147453,"gid":3381,"emd_nm":"노형동","signgu_nm":"제주시","cml_fr_idx":5.32258064516129,"rank":104221,"anls_id":"50110"},"geometry":{"type":"MultiPolygon","coordinates":[[[[126.47851954960453,33.48402668354951],[126.47850896258406,33.484928507205275],[126.4795852004522,33.484937374028824],[126.47959577632297,33.48403555007151],[126.47851954960453,33.48402668354951]]]]}},{"type":"Feature","properties":{"fid":147462,"gid":24433,"emd_nm":"노형동","signgu_nm":"제주시","cml_fr_idx":5.333333333333333,"rank":104230,"anls_id":"50110"},"geometry":{"type":"MultiPolygon","coordinates":[[[[126.48283500125345,33.48316026858123],[126.4828244593013,33.48406209357574],[126.48390068790009,33.4840709227232],[126.48391121870297,33.483169097428394],[126.48283500125345,33.48316026858123]]]]}},{"type":"Feature","properties":{"fid":147464,"gid":9302,"emd_nm":"노형동","signgu_nm":"제주시","cml_fr_idx":5.384615384615385,"rank":104232,"anls_id":"50110"},"geometry":{"type":"MultiPolygon","coordinates":[[[[126.4849979558065,33.48227609120307],[126.4849874366213,33.483177916932206],[126.48606365500795,33.48318672709265],[126.48607416304436,33.48228490106386],[126.4849979558065,33.48227609120307]]]]}},{"type":"Feature","properties":{"fid":147465,"gid":9415,"emd_nm":"노형동","signgu_nm":"제주시","cml_fr_idx":5.394736842105263,"rank":104233,"anls_id":"50110"},"geometry":{"type":"MultiPolygon","coordinates":[[[[126.47742212654525,33.48582145425725],[126.47741152743134,33.48672327734228],[126.47848778712901,33.48673215411356],[126.47849837509222,33.485830330726614],[126.47742212654525,33.48582145425725]]]]}},{"type":"Feature","properties":{"fid":147469,"gid":20090,"emd_nm":"노형동","signgu_nm":"제주시","cml_fr_idx":5.416666666666667,"rank":104237,"anls_id":"50110"},"geometry":{"type":"MultiPolygon","coordinates":[[[[126.47744332335743,33.48401780768392],[126.47743272518724,33.48491963103779],[126.47850896258406,33.484928507205275],[126.47851954960453,33.48402668354951],[126.47744332335743,33.48401780768392]]]]}},{"type":"Feature","properties":{"fid":147486,"gid":3867,"emd_nm":"노형동","signgu_nm":"제주시","cml_fr_idx":5.5,"rank":104254,"anls_id":"50110"},"geometry":{"type":"MultiPolygon","coordinates":[[[[126.47968036634069,33.47682095357481],[126.47966979423606,33.47772277860725],[126.48074594339111,33.47773163367702],[126.48075650434998,33.476829808343375],[126.47968036634069,33.47682095357481]]]]}},{"type":"Feature","properties":{"fid":147505,"gid":26182,"emd_nm":"노형동","signgu_nm":"제주시","cml_fr_idx":5.571428571428571,"rank":104273,"anls_id":"50110"},"geometry":{"type":"MultiPolygon","coordinates":[[[[126.48393227890223,33.48136544643569],[126.48392174903702,33.48226727199923],[126.4849979558065,33.48227609120307],[126.48500847452341,33.48137426533956],[126.48393227890223,33.48136544643569]]]]}},{"type":"Feature","properties":{"fid":147507,"gid":7966,"emd_nm":"노형동","signgu_nm":"제주시","cml_fr_idx":5.578947368421053,"rank":104275,"anls_id":"50110"},"geometry":{"type":"MultiPolygon","coordinates":[[[[126.47205154529092,33.48487511004213],[126.47204089089827,33.48577693174734],[126.47311713708095,33.48578585493769],[126.47312778032351,33.48488403292899],[126.47205154529092,33.48487511004213]]]]}},{"type":"Feature","properties":{"fid":147509,"gid":325,"emd_nm":"노형동","signgu_nm":"제주시","cml_fr_idx":5.588235294117647,"rank":104277,"anls_id":"50110"},"geometry":{"type":"MultiPolygon","coordinates":[[[[126.48074594339111,33.47773163367702],[126.48073538196202,33.478633458876295],[126.48181154273355,33.47864230490556],[126.48182209301633,33.4777404794054],[126.48074594339111,33.47773163367702]]]]}},{"type":"Feature","properties":{"fid":147554,"gid":10211,"emd_nm":"노형동","signgu_nm":"제주시","cml_fr_idx":5.833333333333333,"rank":104321,"anls_id":"50110"},"geometry":{"type":"MultiPolygon","coordinates":[[[[126.48607416304436,33.48228490106386],[126.48606365500795,33.48318672709265],[126.48713987386246,33.48319552790972],[126.48715037075,33.48229370158159],[126.48607416304436,33.48228490106386]]]]}},{"type":"Feature","properties":{"fid":147556,"gid":24028,"emd_nm":"노형동","signgu_nm":"제주시","cml_fr_idx":5.833333333333333,"rank":104324,"anls_id":"50110"},"geometry":{"type":"MultiPolygon","coordinates":[[[[126.47526963086736,33.48580367328585],[126.47525900945217,33.486705495766145],[126.47633526820557,33.486714391226485],[126.47634587847011,33.48581256844364],[126.47526963086736,33.48580367328585]]]]}},{"type":"Feature","properties":{"fid":147565,"gid":8897,"emd_nm":"노형동","signgu_nm":"제주시","cml_fr_idx":5.869565217391305,"rank":104333,"anls_id":"50110"},"geometry":{"type":"MultiPolygon","coordinates":[[[[126.48394280829866,33.48046362073778],[126.48393227890223,33.48136544643569],[126.48500847452341,33.48137426533956],[126.48501899277204,33.480472439341696],[126.48394280829866,33.48046362073778]]]]}},{"type":"Feature","properties":{"fid":147568,"gid":1605,"emd_nm":"노형동","signgu_nm":"제주시","cml_fr_idx":5.875,"rank":104336,"anls_id":"50110"},"geometry":{"type":"MultiPolygon","coordinates":[[[[126.47307455937192,33.48939314162809],[126.4730639137599,33.49029496296458],[126.47414021617442,33.49030387832668],[126.47415085063385,33.48940205668698],[126.47307455937192,33.48939314162809]]]]}},{"type":"Feature","properties":{"fid":147573,"gid":21587,"emd_nm":"노형동","signgu_nm":"제주시","cml_fr_idx":5.9375,"rank":104341,"anls_id":"50110"},"geometry":{"type":"MultiPolygon","coordinates":[[[[126.48500847452341,33.48137426533956],[126.4849979558065,33.48227609120307],[126.48607416304436,33.48228490106386],[126.48608467061291,33.48138307490071],[126.48500847452341,33.48137426533956]]]]}},{"type":"Feature","properties":{"fid":147575,"gid":17427,"emd_nm":"노형동","signgu_nm":"제주시","cml_fr_idx":5.975609756097561,"rank":104343,"anls_id":"50110"},"geometry":{"type":"MultiPolygon","coordinates":[[[[126.48496639684583,33.48498156798739],[126.48495587625553,33.48588339331343],[126.48603212809171,33.48589220437288],[126.48604263753167,33.48499037874716],[126.48496639684583,33.48498156798739]]]]}},{"type":"Feature","properties":{"fid":147577,"gid":670,"emd_nm":"노형동","signgu_nm":"제주시","cml_fr_idx":6.0,"rank":104345,"anls_id":"50110"},"geometry":{"type":"MultiPolygon","coordinates":[[[[126.47310649336453,33.486687676811954],[126.47309584917423,33.48758949855177],[126.47417211813247,33.4875984130043],[126.47418275117167,33.486696590961294],[126.47310649336453,33.486687676811954]]]]}},{"type":"Feature","properties":{"fid":147580,"gid":1414,"emd_nm":"노형동","signgu_nm":"제주시","cml_fr_idx":6.0,"rank":104348,"anls_id":"50110"},"geometry":{"type":"MultiPolygon","coordinates":[[[[126.48386909267829,33.48677639780136],[126.48385855999992,33.48767822255866],[126.48493483366978,33.4876870435624],[126.48494535519687,33.486785218505105],[126.48386909267829,33.48677639780136]]]]}},{"type":"Feature","properties":{"fid":147589,"gid":3491,"emd_nm":"노형동","signgu_nm":"제주시","cml_fr_idx":6.0,"rank":104355,"anls_id":"50110"},"geometry":{"type":"MultiPolygon","coordinates":[[[[126.47088997309402,33.49208074525806],[126.47087930375197,33.49298256558384],[126.47195563867872,33.49299150054895],[126.47196629686673,33.49208967991933],[126.47088997309402,33.49208074525806]]]]}},{"type":"Feature","properties":{"fid":147597,"gid":8443,"emd_nm":"노형동","signgu_nm":"제주시","cml_fr_idx":6.0,"rank":104365,"anls_id":"50110"},"geometry":{"type":"MultiPolygon","coordinates":[[[[126.47524838756411,33.487607318112],[126.47523776520313,33.48850914032343],[126.47631404625929,33.48851803638887],[126.47632465746862,33.48761621387488],[126.47524838756411,33.487607318112]]]]}},{"type":"Feature","properties":{"fid":147599,"gid":9864,"emd_nm":"노형동","signgu_nm":"제주시","cml_fr_idx":6.0,"rank":104367,"anls_id":"50110"},"geometry":{"type":"MultiPolygon","coordinates":[[[[126.47634587847011,33.48581256844364],[126.47633526820557,33.486714391226485],[126.47741152743134,33.48672327734228],[126.47742212654525,33.48582145425725],[126.47634587847011,33.48581256844364]]]]}},{"type":"Feature","properties":{"fid":147601,"gid":11196,"emd_nm":"노형동","signgu_nm":"제주시","cml_fr_idx":6.0,"rank":104369,"anls_id":"50110"},"geometry":{"type":"MultiPolygon","coordinates":[[[[126.46982432981689,33.491169981094366],[126.4698136497963,33.49207180125043],[126.47088997309402,33.49208074525806],[126.4709006419611,33.49117892479783],[126.46982432981689,33.491169981094366]]]]}},{"type":"Feature","properties":{"fid":147604,"gid":11712,"emd_nm":"노형동","signgu_nm":"제주시","cml_fr_idx":6.0,"rank":104372,"anls_id":"50110"},"geometry":{"type":"MultiPolygon","coordinates":[[[[126.4719876118193,33.49028603825674],[126.47197695458026,33.49118785915526],[126.47305326767389,33.491196784166625],[126.4730639137599,33.49029496296458],[126.4719876118193,33.49028603825674]]]]}},{"type":"Feature","properties":{"fid":147605,"gid":11941,"emd_nm":"노형동","signgu_nm":"제주시","cml_fr_idx":6.0,"rank":104373,"anls_id":"50110"},"geometry":{"type":"MultiPolygon","coordinates":[[[[126.48172712355941,33.485856904069266],[126.48171656904839,33.48675872836001],[126.48279283062864,33.48676756775299],[126.48280337398889,33.48586574316162],[126.48172712355941,33.485856904069266]]]]}},{"type":"Feature","properties":{"fid":147621,"gid":18934,"emd_nm":"노형동","signgu_nm":"제주시","cml_fr_idx":6.0,"rank":104388,"anls_id":"50110"},"geometry":{"type":"MultiPolygon","coordinates":[[[[126.4709006419611,33.49117892479783],[126.47088997309402,33.49208074525806],[126.47196629686673,33.49208967991933],[126.47197695458026,33.49118785915526],[126.4709006419611,33.49117892479783]]]]}},{"type":"Feature","properties":{"fid":147630,"gid":25105,"emd_nm":"노형동","signgu_nm":"제주시","cml_fr_idx":6.0,"rank":104398,"anls_id":"50110"},"geometry":{"type":"MultiPolygon","coordinates":[[[[126.46468956748791,33.47038325676798],[126.4646788426876,33.47128507849145],[126.4657549071998,33.47129406219998],[126.46576562085805,33.470392240170916],[126.46468956748791,33.47038325676798]]]]}},{"type":"Feature","properties":{"fid":147632,"gid":30626,"emd_nm":"노형동","signgu_nm":"제주시","cml_fr_idx":6.0,"rank":104400,"anls_id":"50110"},"geometry":{"type":"MultiPolygon","coordinates":[[[[126.48420589091016,33.45791793462667],[126.4841953732271,33.458819763683124],[126.48527129030144,33.45882857508989],[126.48528179684908,33.45792674573363],[126.48420589091016,33.45791793462667]]]]}},{"type":"Feature","properties":{"fid":147650,"gid":164,"emd_nm":"노형동","signgu_nm":"제주시","cml_fr_idx":6.111111111111111,"rank":104418,"anls_id":"50110"},"geometry":{"type":"MultiPolygon","coordinates":[[[[126.48390068790009,33.4840709227232],[126.48389015662838,33.48497274788362],[126.48496639684583,33.48498156798739],[126.48497691696774,33.48407974252699],[126.48390068790009,33.4840709227232]]]]}},{"type":"Feature","properties":{"fid":147651,"gid":3110,"emd_nm":"노형동","signgu_nm":"제주시","cml_fr_idx":6.111111111111111,"rank":104419,"anls_id":"50110"},"geometry":{"type":"MultiPolygon","coordinates":[[[[126.47847719869442,33.487633977366094],[126.47846660978843,33.48853580048422],[126.47954289226038,33.48854466851412],[126.4795534700147,33.4876428450944],[126.47847719869442,33.487633977366094]]]]}},{"type":"Feature","properties":{"fid":147661,"gid":19252,"emd_nm":"노형동","signgu_nm":"제주시","cml_fr_idx":6.142857142857142,"rank":104429,"anls_id":"50110"},"geometry":{"type":"MultiPolygon","coordinates":[[[[126.48492431167426,33.488588868485344],[126.48491378921028,33.4894906932739],[126.48599008565272,33.48949950553208],[126.48600059696437,33.48859768044383],[126.48492431167426,33.488588868485344]]]]}},{"type":"Feature","properties":{"fid":147663,"gid":758,"emd_nm":"노형동","signgu_nm":"제주시","cml_fr_idx":6.153846153846154,"rank":104431,"anls_id":"50110"},"geometry":{"type":"MultiPolygon","coordinates":[[[[126.48603212809171,33.48589220437288],[126.48602161818384,33.48679402986422],[126.48709788163876,33.48680283187869],[126.48710838039575,33.48590100608798],[126.48603212809171,33.48589220437288]]]]}},{"type":"Feature","properties":{"fid":147668,"gid":23182,"emd_nm":"노형동","signgu_nm":"제주시","cml_fr_idx":6.176470588235294,"rank":104436,"anls_id":"50110"},"geometry":{"type":"MultiPolygon","coordinates":[[[[126.47952173533893,33.490348314950346],[126.47951115617177,33.49125013796683],[126.4805874725728,33.491258997555406],[126.48059804058674,33.490357174237616],[126.47952173533893,33.490348314950346]]]]}},{"type":"Feature","properties":{"fid":147670,"gid":3464,"emd_nm":"노형동","signgu_nm":"제주시","cml_fr_idx":6.185185185185185,"rank":104438,"anls_id":"50110"},"geometry":{"type":"MultiPolygon","coordinates":[[[[126.47415085063385,33.48940205668698],[126.47414021617442,33.49030387832668],[126.47521651906239,33.490312784343004],[126.4752271423692,33.489410962400434],[126.47415085063385,33.48940205668698]]]]}},{"type":"Feature","properties":{"fid":147681,"gid":26083,"emd_nm":"노형동","signgu_nm":"제주시","cml_fr_idx":6.2631578947368425,"rank":104449,"anls_id":"50110"},"geometry":{"type":"MultiPolygon","coordinates":[[[[126.48385855999992,33.48767822255866],[126.48384802685258,33.488580047181586],[126.48492431167426,33.488588868485344],[126.48493483366978,33.4876870435624],[126.48385855999992,33.48767822255866]]]]}},{"type":"Feature","properties":{"fid":147696,"gid":20940,"emd_nm":"노형동","signgu_nm":"제주시","cml_fr_idx":6.333333333333333,"rank":104464,"anls_id":"50110"},"geometry":{"type":"MultiPolygon","coordinates":[[[[126.47736912625672,33.490330568338294],[126.47735852478321,33.49123239075124],[126.47843484024175,33.49124126903211],[126.4784454305621,33.49033944631723],[126.47736912625672,33.490330568338294]]]]}},{"type":"Feature","properties":{"fid":147704,"gid":20070,"emd_nm":"노형동","signgu_nm":"제주시","cml_fr_idx":6.384615384615385,"rank":104472,"anls_id":"50110"},"geometry":{"type":"MultiPolygon","coordinates":[[[[126.4849874366213,33.483177916932206],[126.48497691696774,33.48407974252699],[126.48605314650374,33.48408855298709],[126.48606365500795,33.48318672709265],[126.4849874366213,33.483177916932206]]]]}},{"type":"Feature","properties":{"fid":147708,"gid":3513,"emd_nm":"노형동","signgu_nm":"제주시","cml_fr_idx":6.428571428571429,"rank":104476,"anls_id":"50110"},"geometry":{"type":"MultiPolygon","coordinates":[[[[126.47417211813247,33.4875984130043],[126.47416148461986,33.48850023491287],[126.47523776520313,33.48850914032343],[126.47524838756411,33.487607318112],[126.47417211813247,33.4875984130043]]]]}},{"type":"Feature","properties":{"fid":147726,"gid":8999,"emd_nm":"노형동","signgu_nm":"제주시","cml_fr_idx":6.5,"rank":104494,"anls_id":"50110"},"geometry":{"type":"MultiPolygon","coordinates":[[[[126.4773797272583,33.48942874579092],[126.47736912625672,33.490330568338294],[126.4784454305621,33.49033944631723],[126.47845602041099,33.489437623467936],[126.4773797272583,33.48942874579092]]]]}},{"type":"Feature","properties":{"fid":147734,"gid":24863,"emd_nm":"노형동","signgu_nm":"제주시","cml_fr_idx":6.5,"rank":104502,"anls_id":"50110"},"geometry":{"type":"MultiPolygon","coordinates":[[[[126.47954289226038,33.48854466851412],[126.47953231403515,33.48944649179944],[126.48060860813023,33.48945535078543],[126.48061917520327,33.48855352719883],[126.47954289226038,33.48854466851412]]]]}},{"type":"Feature","properties":{"fid":147745,"gid":11872,"emd_nm":"노형동","signgu_nm":"제주시","cml_fr_idx":6.578947368421053,"rank":104513,"anls_id":"50110"},"geometry":{"type":"MultiPolygon","coordinates":[[[[126.48279283062864,33.48676756775299],[126.48278228679897,33.487669392209966],[126.48385855999992,33.48767822255866],[126.48386909267829,33.48677639780136],[126.48279283062864,33.48676756775299]]]]}},{"type":"Feature","properties":{"fid":147751,"gid":13522,"emd_nm":"노형동","signgu_nm":"제주시","cml_fr_idx":6.6,"rank":104519,"anls_id":"50110"},"geometry":{"type":"MultiPolygon","coordinates":[[[[126.47848778712901,33.48673215411356],[126.47847719869442,33.487633977366094],[126.4795534700147,33.4876428450944],[126.47956404729808,33.48674102154028],[126.47848778712901,33.48673215411356]]]]}},{"type":"Feature","properties":{"fid":147752,"gid":10000,"emd_nm":"노형동","signgu_nm":"제주시","cml_fr_idx":6.612244897959184,"rank":104520,"anls_id":"50110"},"geometry":{"type":"MultiPolygon","coordinates":[[[[126.48389015662838,33.48497274788362],[126.48387962488776,33.48587457290967],[126.48495587625553,33.48588339331343],[126.48496639684583,33.48498156798739],[126.48389015662838,33.48497274788362]]]]}},{"type":"Feature","properties":{"fid":147763,"gid":10642,"emd_nm":"노형동","signgu_nm":"제주시","cml_fr_idx":6.666666666666667,"rank":104531,"anls_id":"50110"},"geometry":{"type":"MultiPolygon","coordinates":[[[[126.48280337398889,33.48586574316162],[126.48279283062864,33.48676756775299],[126.48386909267829,33.48677639780136],[126.48387962488776,33.48587457290967],[126.48280337398889,33.48586574316162]]]]}},{"type":"Feature","properties":{"fid":147765,"gid":20950,"emd_nm":"노형동","signgu_nm":"제주시","cml_fr_idx":6.666666666666667,"rank":104532,"anls_id":"50110"},"geometry":{"type":"MultiPolygon","coordinates":[[[[126.48494535519687,33.486785218505105],[126.48493483366978,33.4876870435624],[126.48601110780808,33.48769585522121],[126.48602161818384,33.48679402986422],[126.48494535519687,33.486785218505105]]]]}},{"type":"Feature","properties":{"fid":147794,"gid":3966,"emd_nm":"노형동","signgu_nm":"제주시","cml_fr_idx":7.0,"rank":104562,"anls_id":"50110"},"geometry":{"type":"MultiPolygon","coordinates":[[[[126.4646788426876,33.47128507849145],[126.4646681174098,33.472186900080445],[126.4657441930645,33.4721958840946],[126.4657549071998,33.47129406219998],[126.4646788426876,33.47128507849145]]]]}},{"type":"Feature","properties":{"fid":147799,"gid":10679,"emd_nm":"노형동","signgu_nm":"제주시","cml_fr_idx":7.0,"rank":104567,"anls_id":"50110"},"geometry":{"type":"MultiPolygon","coordinates":[[[[126.4828244593013,33.48406209357574],[126.48281391687979,33.48496391843587],[126.48389015662838,33.48497274788362],[126.48390068790009,33.4840709227232],[126.4828244593013,33.48406209357574]]]]}},{"type":"Feature","properties":{"fid":147818,"gid":22337,"emd_nm":"노형동","signgu_nm":"제주시","cml_fr_idx":7.0,"rank":104586,"anls_id":"50110"},"geometry":{"type":"MultiPolygon","coordinates":[[[[126.46360277865293,33.47127608544393],[126.46359204223265,33.472177906727005],[126.4646681174098,33.472186900080445],[126.4646788426876,33.47128507849145],[126.46360277865293,33.47127608544393]]]]}},{"type":"Feature","properties":{"fid":147830,"gid":1316,"emd_nm":"노형동","signgu_nm":"제주시","cml_fr_idx":7.0256410256410255,"rank":104598,"anls_id":"50110"},"geometry":{"type":"MultiPolygon","coordinates":[[[[126.47741152743134,33.48672327734228],[126.47740092784558,33.48762510029292],[126.47847719869442,33.487633977366094],[126.47848778712901,33.48673215411356],[126.47741152743134,33.48672327734228]]]]}},{"type":"Feature","properties":{"fid":147839,"gid":14782,"emd_nm":"노형동","signgu_nm":"제주시","cml_fr_idx":7.111111111111111,"rank":104607,"anls_id":"50110"},"geometry":{"type":"MultiPolygon","coordinates":[[[[126.47632465746862,33.48761621387488],[126.47631404625929,33.48851803638887],[126.4773903277879,33.48852692310913],[126.47740092784558,33.48762510029292],[126.47632465746862,33.48761621387488]]]]}},{"type":"Feature","properties":{"fid":147844,"gid":12091,"emd_nm":"노형동","signgu_nm":"제주시","cml_fr_idx":7.142857142857142,"rank":104612,"anls_id":"50110"},"geometry":{"type":"MultiPolygon","coordinates":[[[[126.47311713708095,33.48578585493769],[126.47310649336453,33.486687676811954],[126.47418275117167,33.486696590961294],[126.47419338373747,33.485794768783855],[126.47311713708095,33.48578585493769]]]]}},{"type":"Feature","properties":{"fid":147848,"gid":14209,"emd_nm":"노형동","signgu_nm":"제주시","cml_fr_idx":7.172413793103448,"rank":104616,"anls_id":"50110"},"geometry":{"type":"MultiPolygon","coordinates":[[[[126.47523776520313,33.48850914032343],[126.4752271423692,33.489410962400434],[126.47630343457755,33.48941985876841],[126.47631404625929,33.48851803638887],[126.47523776520313,33.48850914032343]]]]}},{"type":"Feature","properties":{"fid":147853,"gid":4670,"emd_nm":"노형동","signgu_nm":"제주시","cml_fr_idx":7.222222222222222,"rank":104621,"anls_id":"50110"},"geometry":{"type":"MultiPolygon","coordinates":[[[[126.48602161818384,33.48679402986422],[126.48601110780808,33.48769585522121],[126.48708738241433,33.48770465753504],[126.48709788163876,33.48680283187869],[126.48602161818384,33.48679402986422]]]]}},{"type":"Feature","properties":{"fid":147878,"gid":4264,"emd_nm":"노형동","signgu_nm":"제주시","cml_fr_idx":7.380952380952381,"rank":104646,"anls_id":"50110"},"geometry":{"type":"MultiPolygon","coordinates":[[[[126.48608467061291,33.48138307490071],[126.48607416304436,33.48228490106386],[126.48715037075,33.48229370158159],[126.4871608671702,33.48139187511912],[126.48608467061291,33.48138307490071]]]]}},{"type":"Feature","properties":{"fid":147894,"gid":2378,"emd_nm":"노형동","signgu_nm":"제주시","cml_fr_idx":7.476190476190476,"rank":104662,"anls_id":"50110"},"geometry":{"type":"MultiPolygon","coordinates":[[[[126.48068256776293,33.483142582856914],[126.48067200351223,33.48404440724989],[126.48174823117184,33.48405325508463],[126.48175878427328,33.483151430390734],[126.48068256776293,33.483142582856914]]]]}},{"type":"Feature","properties":{"fid":147900,"gid":22798,"emd_nm":"노형동","signgu_nm":"제주시","cml_fr_idx":7.5,"rank":104668,"anls_id":"50110"},"geometry":{"type":"MultiPolygon","coordinates":[[[[126.47633526820557,33.486714391226485],[126.47632465746862,33.48761621387488],[126.47740092784558,33.48762510029292],[126.47741152743134,33.48672327734228],[126.47633526820557,33.486714391226485]]]]}},{"type":"Feature","properties":{"fid":147906,"gid":25632,"emd_nm":"노형동","signgu_nm":"제주시","cml_fr_idx":7.535714285714286,"rank":104674,"anls_id":"50110"},"geometry":{"type":"MultiPolygon","coordinates":[[[[126.47631404625929,33.48851803638887],[126.47630343457755,33.48941985876841],[126.4773797272583,33.48942874579092],[126.4773903277879,33.48852692310913],[126.47631404625929,33.48851803638887]]]]}},{"type":"Feature","properties":{"fid":147927,"gid":26275,"emd_nm":"노형동","signgu_nm":"제주시","cml_fr_idx":7.75,"rank":104695,"anls_id":"50110"},"geometry":{"type":"MultiPolygon","coordinates":[[[[126.4806508735998,33.48584805563264],[126.48064030793803,33.48674987962243],[126.48171656904839,33.48675872836001],[126.48172712355941,33.485856904069266],[126.4806508735998,33.48584805563264]]]]}},{"type":"Feature","properties":{"fid":147929,"gid":4485,"emd_nm":"노형동","signgu_nm":"제주시","cml_fr_idx":7.769230769230769,"rank":104697,"anls_id":"50110"},"geometry":{"type":"MultiPolygon","coordinates":[[[[126.48175878427328,33.483151430390734],[126.48174823117184,33.48405325508463],[126.4828244593013,33.48406209357574],[126.48283500125345,33.48316026858123],[126.48175878427328,33.483151430390734]]]]}},{"type":"Feature","properties":{"fid":147930,"gid":10911,"emd_nm":"노형동","signgu_nm":"제주시","cml_fr_idx":7.769230769230769,"rank":104698,"anls_id":"50110"},"geometry":{"type":"MultiPolygon","coordinates":[[[[126.47630343457755,33.48941985876841],[126.47629282242335,33.49032168101355],[126.47736912625672,33.490330568338294],[126.4773797272583,33.48942874579092],[126.47630343457755,33.48941985876841]]]]}},{"type":"Feature","properties":{"fid":147932,"gid":12590,"emd_nm":"노형동","signgu_nm":"제주시","cml_fr_idx":7.777777777777778,"rank":104700,"anls_id":"50110"},"geometry":{"type":"MultiPolygon","coordinates":[[[[126.48387962488776,33.48587457290967],[126.48386909267829,33.48677639780136],[126.48494535519687,33.486785218505105],[126.48495587625553,33.48588339331343],[126.48387962488776,33.48587457290967]]]]}},{"type":"Feature","properties":{"fid":147933,"gid":25871,"emd_nm":"노형동","signgu_nm":"제주시","cml_fr_idx":7.777777777777778,"rank":104701,"anls_id":"50110"},"geometry":{"type":"MultiPolygon","coordinates":[[[[126.47740092784558,33.48762510029292],[126.4773903277879,33.48852692310913],[126.47846660978843,33.48853580048422],[126.47847719869442,33.487633977366094],[126.47740092784558,33.48762510029292]]]]}},{"type":"Feature","properties":{"fid":147950,"gid":13443,"emd_nm":"노형동","signgu_nm":"제주시","cml_fr_idx":8.0,"rank":104718,"anls_id":"50110"},"geometry":{"type":"MultiPolygon","coordinates":[[[[126.48070369485339,33.48133893366782],[126.4806931315433,33.48224075832957],[126.4817693369049,33.482249605562465],[126.48177988906671,33.48134778059979],[126.48070369485339,33.48133893366782]]]]}},{"type":"Feature","properties":{"fid":147955,"gid":16737,"emd_nm":"노형동","signgu_nm":"제주시","cml_fr_idx":8.0,"rank":104723,"anls_id":"50110"},"geometry":{"type":"MultiPolygon","coordinates":[[[[126.48391121870297,33.483169097428394],[126.48390068790009,33.4840709227232],[126.48497691696774,33.48407974252699],[126.4849874366213,33.483177916932206],[126.48391121870297,33.483169097428394]]]]}},{"type":"Feature","properties":{"fid":147959,"gid":19525,"emd_nm":"노형동","signgu_nm":"제주시","cml_fr_idx":8.0,"rank":104727,"anls_id":"50110"},"geometry":{"type":"MultiPolygon","coordinates":[[[[126.48177988906671,33.48134778059979],[126.4817693369049,33.482249605562465],[126.48284554273631,33.48225844345235],[126.48285608374982,33.48135661818909],[126.48177988906671,33.48134778059979]]]]}},{"type":"Feature","properties":{"fid":147964,"gid":22171,"emd_nm":"노형동","signgu_nm":"제주시","cml_fr_idx":8.0,"rank":104732,"anls_id":"50110"},"geometry":{"type":"MultiPolygon","coordinates":[[[[126.48495587625553,33.48588339331343],[126.48494535519687,33.486785218505105],[126.48602161818384,33.48679402986422],[126.48603212809171,33.48589220437288],[126.48495587625553,33.48588339331343]]]]}},{"type":"Feature","properties":{"fid":147965,"gid":23200,"emd_nm":"노형동","signgu_nm":"제주시","cml_fr_idx":8.0,"rank":104733,"anls_id":"50110"},"geometry":{"type":"MultiPolygon","coordinates":[[[[126.4806931315433,33.48224075832957],[126.48068256776293,33.483142582856914],[126.48175878427328,33.483151430390734],[126.4817693369049,33.482249605562465],[126.4806931315433,33.48224075832957]]]]}},{"type":"Feature","properties":{"fid":147967,"gid":91063,"emd_nm":"노형동","signgu_nm":"제주시","cml_fr_idx":8.0,"rank":104735,"anls_id":"50110"},"geometry":{"type":"MultiPolygon","coordinates":[[[[126.4795852004522,33.484937374028824],[126.47957462411057,33.48583919785175],[126.4806508735998,33.48584805563264],[126.48066143879119,33.48494623150845],[126.4795852004522,33.484937374028824]]]]}},{"type":"Feature","properties":{"fid":147968,"gid":95519,"emd_nm":"노형동","signgu_nm":"제주시","cml_fr_idx":8.0,"rank":104736,"anls_id":"50110"},"geometry":{"type":"MultiPolygon","coordinates":[[[[126.4817693369049,33.482249605562465],[126.48175878427328,33.483151430390734],[126.48283500125345,33.48316026858123],[126.48284554273631,33.48225844345235],[126.4817693369049,33.482249605562465]]]]}},{"type":"Feature","properties":{"fid":147987,"gid":20286,"emd_nm":"노형동","signgu_nm":"제주시","cml_fr_idx":8.333333333333332,"rank":104754,"anls_id":"50110"},"geometry":{"type":"MultiPolygon","coordinates":[[[[126.48606365500795,33.48318672709265],[126.48605314650374,33.48408855298709],[126.4871293765076,33.484097354103504],[126.48713987386246,33.48319552790972],[126.48606365500795,33.48318672709265]]]]}},{"type":"Feature","properties":{"fid":147991,"gid":90097,"emd_nm":"노형동","signgu_nm":"제주시","cml_fr_idx":8.37037037037037,"rank":104759,"anls_id":"50110"},"geometry":{"type":"MultiPolygon","coordinates":[[[[126.47959577632297,33.48403555007151],[126.4795852004522,33.484937374028824],[126.48066143879119,33.48494623150845],[126.48067200351223,33.48404440724989],[126.47959577632297,33.48403555007151]]]]}},{"type":"Feature","properties":{"fid":148010,"gid":7409,"emd_nm":"노형동","signgu_nm":"제주시","cml_fr_idx":8.571428571428571,"rank":104778,"anls_id":"50110"},"geometry":{"type":"MultiPolygon","coordinates":[[[[126.48173767760055,33.48495507964414],[126.48172712355941,33.485856904069266],[126.48280337398889,33.48586574316162],[126.48281391687979,33.48496391843587],[126.48173767760055,33.48495507964414]]]]}},{"type":"Feature","properties":{"fid":148048,"gid":23226,"emd_nm":"노형동","signgu_nm":"제주시","cml_fr_idx":9.0,"rank":104816,"anls_id":"50110"},"geometry":{"type":"MultiPolygon","coordinates":[[[[126.47416148461986,33.48850023491287],[126.47415085063385,33.48940205668698],[126.4752271423692,33.489410962400434],[126.47523776520313,33.48850914032343],[126.47416148461986,33.48850023491287]]]]}},{"type":"Feature","properties":{"fid":148049,"gid":104722,"emd_nm":"노형동","signgu_nm":"제주시","cml_fr_idx":9.0,"rank":104817,"anls_id":"50110"},"geometry":{"type":"MultiPolygon","coordinates":[[[[126.48066143879119,33.48494623150845],[126.4806508735998,33.48584805563264],[126.48172712355941,33.485856904069266],[126.48173767760055,33.48495507964414],[126.48066143879119,33.48494623150845]]]]}},{"type":"Feature","properties":{"fid":148082,"gid":12093,"emd_nm":"노형동","signgu_nm":"제주시","cml_fr_idx":9.5,"rank":104850,"anls_id":"50110"},"geometry":{"type":"MultiPolygon","coordinates":[[[[126.4752271423692,33.489410962400434],[126.47521651906239,33.490312784343004],[126.47629282242335,33.49032168101355],[126.47630343457755,33.48941985876841],[126.4752271423692,33.489410962400434]]]]}},{"type":"Feature","properties":{"fid":148091,"gid":5558,"emd_nm":"노형동","signgu_nm":"제주시","cml_fr_idx":9.666666666666666,"rank":104859,"anls_id":"50110"},"geometry":{"type":"MultiPolygon","coordinates":[[[[126.48067200351223,33.48404440724989],[126.48066143879119,33.48494623150845],[126.48173767760055,33.48495507964414],[126.48174823117184,33.48405325508463],[126.48067200351223,33.48404440724989]]]]}},{"type":"Feature","properties":{"fid":148114,"gid":5151,"emd_nm":"노형동","signgu_nm":"제주시","cml_fr_idx":10.478260869565217,"rank":104882,"anls_id":"50110"},"geometry":{"type":"MultiPolygon","coordinates":[[[[126.48174823117184,33.48405325508463],[126.48173767760055,33.48495507964414],[126.48281391687979,33.48496391843587],[126.4828244593013,33.48406209357574],[126.48174823117184,33.48405325508463]]]]}},{"type":"Feature","properties":{"fid":148115,"gid":14343,"emd_nm":"노형동","signgu_nm":"제주시","cml_fr_idx":10.478260869565217,"rank":104883,"anls_id":"50110"},"geometry":{"type":"MultiPolygon","coordinates":[[[[126.48281391687979,33.48496391843587],[126.48280337398889,33.48586574316162],[126.48387962488776,33.48587457290967],[126.48389015662838,33.48497274788362],[126.48281391687979,33.48496391843587]]]]}}]}