{"type":"FeatureCollection","name":"제주도 문화재보호구역","metadata":{"sourceLayer":"K35UOC100","sourceCrs":"Korea 2000 / Central Belt 2010","featureCount":224,"simplifyMeters":0.5,"standardDates":["2025-10-01"]},"features":[{"type":"Feature","id":102,"properties":{"code":"65000005011020240170UOC1000001027","collectionId":"5740","date":"2025-10-01"},"geometry":{"type":"Polygon","coordinates":[[[126.560563,33.520559],[126.560522,33.520577],[126.560413,33.520407],[126.560498,33.52037],[126.560567,33.520478],[126.560581,33.520551],[126.560563,33.520559]],[[126.560543,33.520531],[126.560544,33.520531],[126.560544,33.520531],[126.560545,33.520531],[126.560545,33.520531],[126.560546,33.520531],[126.560546,33.52053],[126.560547,33.52053],[126.560547,33.52053],[126.560547,33.520529],[126.560548,33.520529],[126.560548,33.520529],[126.560548,33.520528],[126.560548,33.520528],[126.560548,33.520528],[126.560549,33.520527],[126.560549,33.520527],[126.560549,33.520526],[126.560549,33.520526],[126.560548,33.520525],[126.560548,33.520525],[126.560548,33.520524],[126.560548,33.520524],[126.560547,33.520524],[126.560547,33.520523],[126.560547,33.520523],[126.560546,33.520523],[126.560546,33.520523],[126.560545,33.520522],[126.560545,33.520522],[126.560544,33.520522],[126.560544,33.520522],[126.560543,33.520522],[126.560543,33.520522],[126.560542,33.520522],[126.560542,33.520522],[126.560541,33.520522],[126.560541,33.520523],[126.56054,33.520523],[126.56054,33.520523],[126.560539,33.520523],[126.560539,33.520524],[126.560539,33.520524],[126.560538,33.520524],[126.560538,33.520525],[126.560538,33.520525],[126.560538,33.520526],[126.560538,33.520526],[126.560538,33.520527],[126.560538,33.520527],[126.560538,33.520527],[126.560538,33.520528],[126.560538,33.520528],[126.560538,33.520529],[126.560539,33.520529],[126.560539,33.520529],[126.560539,33.52053],[126.56054,33.52053],[126.56054,33.52053],[126.560541,33.520531],[126.560541,33.520531],[126.560542,33.520531],[126.560542,33.520531],[126.560543,33.520531],[126.560543,33.520531]],[[126.560537,33.520523],[126.560538,33.520523],[126.560539,33.520522],[126.560539,33.520522],[126.56054,33.520522],[126.56054,33.520522],[126.56054,33.520522],[126.560541,33.520522],[126.560541,33.520521],[126.560542,33.520521],[126.560542,33.520521],[126.560542,33.52052],[126.560542,33.52052],[126.560543,33.520519],[126.560543,33.520519],[126.560543,33.520519],[126.560543,33.520518],[126.560543,33.520518],[126.560543,33.520517],[126.560543,33.520517],[126.560542,33.520516],[126.560542,33.520516],[126.560542,33.520516],[126.560542,33.520515],[126.560541,33.520515],[126.560541,33.520515],[126.560541,33.520514],[126.56054,33.520514],[126.56054,33.520514],[126.560539,33.520514],[126.560539,33.520514],[126.560538,33.520514],[126.560538,33.520514],[126.560537,33.520514],[126.560536,33.520514],[126.560536,33.520514],[126.560535,33.520514],[126.560535,33.520514],[126.560535,33.520514],[126.560534,33.520515],[126.560534,33.520515],[126.560533,33.520515],[126.560533,33.520516],[126.560533,33.520516],[126.560533,33.520516],[126.560532,33.520517],[126.560532,33.520517],[126.560532,33.520518],[126.560532,33.520518],[126.560532,33.520518],[126.560532,33.520519],[126.560532,33.520519],[126.560533,33.52052],[126.560533,33.52052],[126.560533,33.520521],[126.560533,33.520521],[126.560534,33.520521],[126.560534,33.520522],[126.560534,33.520522],[126.560535,33.520522],[126.560535,33.520522],[126.560536,33.520522],[126.560536,33.520522],[126.560537,33.520523],[126.560537,33.520523]],[[126.560532,33.520513],[126.560537,33.520507],[126.560526,33.520497],[126.560522,33.520503],[126.560532,33.520513]],[[126.560521,33.520497],[126.560522,33.520497],[126.560522,33.520497],[126.560523,33.520497],[126.560523,33.520497],[126.560524,33.520496],[126.560524,33.520496],[126.560525,33.520496],[126.560525,33.520496],[126.560525,33.520495],[126.560526,33.520495],[126.560526,33.520494],[126.560526,33.520494],[126.560526,33.520494],[126.560526,33.520493],[126.560527,33.520493],[126.560527,33.520492],[126.560527,33.520492],[126.560526,33.520491],[126.560526,33.520491],[126.560526,33.520491],[126.560526,33.52049],[126.560526,33.52049],[126.560525,33.52049],[126.560525,33.520489],[126.560525,33.520489],[126.560524,33.520489],[126.560524,33.520488],[126.560523,33.520488],[126.560523,33.520488],[126.560522,33.520488],[126.560522,33.520488],[126.560521,33.520488],[126.560521,33.520488],[126.56052,33.520488],[126.56052,33.520488],[126.560519,33.520488],[126.560519,33.520488],[126.560518,33.520489],[126.560518,33.520489],[126.560517,33.520489],[126.560517,33.520489],[126.560517,33.52049],[126.560516,33.52049],[126.560516,33.520491],[126.560516,33.520491],[126.560516,33.520491],[126.560516,33.520492],[126.560516,33.520492],[126.560516,33.520493],[126.560516,33.520493],[126.560516,33.520494],[126.560516,33.520494],[126.560516,33.520494],[126.560517,33.520495],[126.560517,33.520495],[126.560517,33.520496],[126.560518,33.520496],[126.560518,33.520496],[126.560519,33.520496],[126.560519,33.520497],[126.56052,33.520497],[126.56052,33.520497],[126.560521,33.520497],[126.560521,33.520497]],[[126.560514,33.520486],[126.560515,33.520486],[126.560515,33.520486],[126.560516,33.520486],[126.560516,33.520486],[126.560517,33.520486],[126.560517,33.520485],[126.560518,33.520485],[126.560518,33.520485],[126.560519,33.520485],[126.560519,33.520484],[126.560519,33.520484],[126.560519,33.520483],[126.56052,33.520483],[126.56052,33.520483],[126.56052,33.520482],[126.56052,33.520482],[126.56052,33.520481],[126.56052,33.520481],[126.56052,33.52048],[126.560519,33.52048],[126.560519,33.52048],[126.560519,33.520479],[126.560519,33.520479],[126.560518,33.520478],[126.560518,33.520478],[126.560517,33.520478],[126.560517,33.520478],[126.560516,33.520478],[126.560516,33.520477],[126.560515,33.520477],[126.560515,33.520477],[126.560514,33.520477],[126.560514,33.520477],[126.560513,33.520477],[126.560513,33.520477],[126.560512,33.520477],[126.560512,33.520478],[126.560511,33.520478],[126.560511,33.520478],[126.560511,33.520478],[126.56051,33.520479],[126.56051,33.520479],[126.56051,33.52048],[126.560509,33.52048],[126.560509,33.52048],[126.560509,33.520481],[126.560509,33.520481],[126.560509,33.520482],[126.560509,33.520482],[126.560509,33.520483],[126.560509,33.520483],[126.560509,33.520483],[126.56051,33.520484],[126.56051,33.520484],[126.56051,33.520485],[126.560511,33.520485],[126.560511,33.520485],[126.560511,33.520485],[126.560512,33.520486],[126.560512,33.520486],[126.560513,33.520486],[126.560513,33.520486],[126.560514,33.520486],[126.560514,33.520486]],[[126.560509,33.520478],[126.560514,33.520472],[126.560492,33.520446],[126.560489,33.520452],[126.560509,33.520478]],[[126.560489,33.520445],[126.560494,33.52044],[126.560489,33.520436],[126.560489,33.520445]],[[126.560481,33.520435],[126.560482,33.520435],[126.560482,33.520435],[126.560483,33.520435],[126.560483,33.520435],[126.560484,33.520435],[126.560484,33.520434],[126.560485,33.520434],[126.560485,33.520434],[126.560485,33.520434],[126.560486,33.520433],[126.560486,33.520433],[126.560486,33.520432],[126.560486,33.520432],[126.560487,33.520432],[126.560487,33.520431],[126.560487,33.520431],[126.560487,33.52043],[126.560487,33.52043],[126.560486,33.520429],[126.560486,33.520429],[126.560486,33.520429],[126.560486,33.520428],[126.560485,33.520428],[126.560485,33.520427],[126.560485,33.520427],[126.560484,33.520427],[126.560484,33.520427],[126.560483,33.520426],[126.560483,33.520426],[126.560482,33.520426],[126.560482,33.520426],[126.560481,33.520426],[126.560481,33.520426],[126.56048,33.520426],[126.56048,33.520426],[126.560479,33.520426],[126.560479,33.520427],[126.560478,33.520427],[126.560478,33.520427],[126.560477,33.520427],[126.560477,33.520428],[126.560477,33.520428],[126.560477,33.520428],[126.560476,33.520429],[126.560476,33.520429],[126.560476,33.52043],[126.560476,33.52043],[126.560476,33.520431],[126.560476,33.520431],[126.560476,33.520431],[126.560476,33.520432],[126.560476,33.520432],[126.560477,33.520433],[126.560477,33.520433],[126.560477,33.520433],[126.560477,33.520434],[126.560478,33.520434],[126.560478,33.520434],[126.560479,33.520435],[126.560479,33.520435],[126.56048,33.520435],[126.56048,33.520435],[126.560481,33.520435],[126.560481,33.520435]],[[126.560476,33.520426],[126.560476,33.520426],[126.560477,33.520426],[126.560477,33.520426],[126.560478,33.520426],[126.560478,33.520425],[126.560479,33.520425],[126.560479,33.520425],[126.560479,33.520425],[126.56048,33.520424],[126.56048,33.520424],[126.56048,33.520424],[126.560481,33.520423],[126.560481,33.520423],[126.560481,33.520422],[126.560481,33.520422],[126.560481,33.520421],[126.560481,33.520421],[126.560481,33.52042],[126.560481,33.52042],[126.560481,33.52042],[126.56048,33.520419],[126.56048,33.520419],[126.56048,33.520419],[126.560479,33.520418],[126.560479,33.520418],[126.560479,33.520418],[126.560478,33.520417],[126.560478,33.520417],[126.560477,33.520417],[126.560477,33.520417],[126.560476,33.520417],[126.560476,33.520417],[126.560475,33.520417],[126.560475,33.520417],[126.560474,33.520417],[126.560474,33.520417],[126.560473,33.520417],[126.560473,33.520418],[126.560472,33.520418],[126.560472,33.520418],[126.560471,33.520418],[126.560471,33.520419],[126.560471,33.520419],[126.560471,33.52042],[126.56047,33.52042],[126.56047,33.52042],[126.56047,33.520421],[126.56047,33.520421],[126.56047,33.520422],[126.56047,33.520422],[126.56047,33.520423],[126.560471,33.520423],[126.560471,33.520423],[126.560471,33.520424],[126.560471,33.520424],[126.560472,33.520425],[126.560472,33.520425],[126.560473,33.520425],[126.560473,33.520425],[126.560474,33.520426],[126.560474,33.520426],[126.560475,33.520426],[126.560475,33.520426],[126.560476,33.520426]]]}},{"type":"Feature","id":103,"properties":{"code":"13700005013020070001UOC1000001001","collectionId":"2389","date":"2025-10-01"},"geometry":{"type":"Polygon","coordinates":[[[126.618999,33.31339],[126.618883,33.313637],[126.619047,33.314104],[126.619132,33.314208],[126.619388,33.314235],[126.619624,33.314175],[126.619658,33.314383],[126.619262,33.314426],[126.619188,33.31461],[126.619272,33.315013],[126.619087,33.315012],[126.619089,33.314878],[126.619069,33.314479],[126.618736,33.313961],[126.618519,33.313998],[126.618664,33.314463],[126.61864,33.31507],[126.6189,33.316364],[126.618939,33.316747],[126.618709,33.316968],[126.618292,33.318048],[126.618364,33.3184],[126.618816,33.319579],[126.61905,33.320449],[126.619368,33.320968],[126.619139,33.321849],[126.619545,33.322456],[126.618978,33.323591],[126.619039,33.323946],[126.618983,33.324718],[126.618964,33.325664],[126.619533,33.327124],[126.618852,33.32806],[126.618096,33.329287],[126.617632,33.330081],[126.617577,33.330877],[126.617204,33.331683],[126.616872,33.332435],[126.615867,33.333394],[126.615247,33.333827],[126.614472,33.334392],[126.613443,33.334831],[126.612787,33.335511],[126.612294,33.335728],[126.612,33.335922],[126.611689,33.336142],[126.611264,33.336412],[126.610742,33.336772],[126.610356,33.336987],[126.609472,33.337252],[126.608662,33.337138],[126.607604,33.337296],[126.60589,33.338299],[126.604519,33.339112],[126.603829,33.339628],[126.603177,33.340274],[126.601885,33.34058],[126.60124,33.341634],[126.601372,33.342976],[126.600833,33.343669],[126.600911,33.344493],[126.600062,33.344851],[126.59973,33.345354],[126.599233,33.345865],[126.59932,33.346367],[126.599121,33.346876],[126.5993,33.347061],[126.599993,33.347107],[126.600429,33.347282],[126.600665,33.348564],[126.600724,33.349102],[126.600486,33.348144],[126.600346,33.347514],[126.600063,33.347352],[126.59928,33.347348],[126.598993,33.347085],[126.599231,33.346528],[126.599074,33.345953],[126.59961,33.345408],[126.600028,33.344793],[126.600751,33.344525],[126.600642,33.343688],[126.601207,33.342969],[126.601106,33.341708],[126.601799,33.340558],[126.603079,33.340221],[126.603657,33.339629],[126.604396,33.339099],[126.605324,33.338517],[126.606143,33.338033],[126.607524,33.337197],[126.607612,33.337162],[126.608692,33.336999],[126.609444,33.337148],[126.60998,33.336756],[126.610358,33.336759],[126.610403,33.336736],[126.612356,33.335416],[126.612618,33.335323],[126.613346,33.334572],[126.614162,33.334195],[126.615785,33.333082],[126.616122,33.332839],[126.616656,33.332307],[126.617212,33.330881],[126.617249,33.330802],[126.617314,33.330011],[126.617499,33.329701],[126.61797,33.32887],[126.618692,33.327664],[126.619143,33.327214],[126.618945,33.326783],[126.618591,33.325641],[126.618531,33.325525],[126.618605,33.324714],[126.618748,33.324129],[126.618528,33.32363],[126.619096,33.322428],[126.618766,33.321772],[126.618977,33.32099],[126.618703,33.320553],[126.618551,33.320055],[126.618535,33.319639],[126.618017,33.318478],[126.617964,33.318049],[126.618125,33.317488],[126.618305,33.316779],[126.618562,33.316513],[126.618482,33.315908],[126.618334,33.31554],[126.617981,33.315715],[126.618142,33.316055],[126.618141,33.316358],[126.618042,33.316588],[126.618015,33.316786],[126.617556,33.316891],[126.617111,33.317164],[126.617131,33.317728],[126.616526,33.318736],[126.616249,33.318914],[126.615982,33.319167],[126.615501,33.319509],[126.615606,33.320075],[126.616749,33.321604],[126.616472,33.321992],[126.616991,33.322476],[126.617157,33.323509],[126.616865,33.323872],[126.616563,33.325384],[126.616703,33.326841],[126.616195,33.327517],[126.615688,33.327524],[126.614519,33.328548],[126.613488,33.329106],[126.612666,33.329315],[126.612041,33.329409],[126.611912,33.329561],[126.611458,33.329655],[126.611263,33.329746],[126.611213,33.329813],[126.611002,33.330168],[126.610818,33.330396],[126.610708,33.330518],[126.610465,33.330639],[126.610137,33.330775],[126.609563,33.331412],[126.609542,33.331445],[126.609476,33.331259],[126.609835,33.330631],[126.609974,33.330497],[126.610335,33.330364],[126.610554,33.330227],[126.611111,33.329516],[126.6114,33.329362],[126.611631,33.32929],[126.611812,33.32926],[126.611993,33.329123],[126.613469,33.328774],[126.614364,33.328601],[126.615648,33.327495],[126.616117,33.327454],[126.616485,33.326908],[126.616485,33.326213],[126.616371,33.325438],[126.616642,33.323809],[126.616866,33.323593],[126.616789,33.322622],[126.616214,33.322047],[126.616496,33.321684],[126.616314,33.321468],[126.615282,33.320179],[126.615238,33.31951],[126.616166,33.318708],[126.616795,33.317741],[126.616914,33.316971],[126.617714,33.316522],[126.617633,33.316117],[126.617644,33.315543],[126.618127,33.315405],[126.618228,33.31454],[126.618067,33.313952],[126.618149,33.313764],[126.618387,33.313282],[126.6184,33.312764],[126.618652,33.311873],[126.618696,33.311457],[126.618046,33.311314],[126.617883,33.311251],[126.617713,33.311064],[126.617557,33.310821],[126.617398,33.310189],[126.6176,33.309915],[126.617215,33.309541],[126.617131,33.309478],[126.616728,33.309065],[126.616451,33.308988],[126.616242,33.309145],[126.616281,33.308871],[126.616506,33.308733],[126.61628,33.308194],[126.616089,33.308171],[126.616178,33.307795],[126.616518,33.306774],[126.61654,33.306358],[126.616679,33.306317],[126.616876,33.306301],[126.616471,33.305346],[126.616312,33.304785],[126.616294,33.304468],[126.616319,33.304195],[126.616434,33.303926],[126.616502,33.303623],[126.616589,33.303608],[126.616889,33.303232],[126.616683,33.302942],[126.61657,33.30288],[126.616384,33.302718],[126.617339,33.30141],[126.617557,33.301006],[126.616775,33.300715],[126.616177,33.30008],[126.616133,33.299884],[126.616555,33.299627],[126.617218,33.299689],[126.618098,33.299509],[126.618279,33.299588],[126.618568,33.299617],[126.619582,33.299373],[126.620036,33.299223],[126.62007,33.299189],[126.620555,33.299384],[126.621114,33.299581],[126.621833,33.299947],[126.622243,33.3],[126.622281,33.299794],[126.621974,33.299527],[126.622125,33.298965],[126.622383,33.298573],[126.622421,33.29835],[126.622514,33.298033],[126.622754,33.29746],[126.623226,33.297132],[126.623603,33.296738],[126.623456,33.295692],[126.623516,33.295115],[126.623687,33.294655],[126.624578,33.293653],[126.624647,33.293111],[126.624681,33.293067],[126.62469,33.292226],[126.624722,33.292127],[126.624772,33.292065],[126.624727,33.291876],[126.624474,33.29153],[126.624338,33.291161],[126.624285,33.290587],[126.62435,33.290359],[126.624464,33.290126],[126.624487,33.290057],[126.624506,33.289954],[126.624504,33.289788],[126.624542,33.289687],[126.624598,33.289629],[126.624667,33.289496],[126.62466,33.289403],[126.624547,33.289223],[126.624499,33.289064],[126.624398,33.2889],[126.624262,33.288752],[126.624102,33.288443],[126.624001,33.288323],[126.623583,33.287561],[126.623519,33.287135],[126.623741,33.2867],[126.623734,33.286646],[126.623878,33.286165],[126.623806,33.286041],[126.623983,33.285648],[126.62406,33.285712],[126.624663,33.28551],[126.624984,33.285232],[126.624967,33.28533],[126.624995,33.285359],[126.625302,33.28508],[126.625332,33.28504],[126.625297,33.285009],[126.625205,33.284957],[126.625526,33.284521],[126.625734,33.283447],[126.625863,33.283423],[126.625994,33.283372],[126.626038,33.283351],[126.626118,33.283277],[126.626207,33.28332],[126.626385,33.283387],[126.626704,33.283255],[126.62678,33.28319],[126.626831,33.283133],[126.627231,33.282655],[126.6273,33.28238],[126.627384,33.282185],[126.627469,33.28207],[126.627513,33.281949],[126.62752,33.281527],[126.627389,33.281432],[126.627115,33.281319],[126.626791,33.281229],[126.626818,33.281192],[126.626791,33.281117],[126.626605,33.280874],[126.626564,33.280826],[126.626369,33.280709],[126.626359,33.280588],[126.626386,33.280424],[126.626419,33.280288],[126.626351,33.28026],[126.626233,33.280258],[126.626207,33.280032],[126.62617,33.279937],[126.626406,33.279899],[126.62655,33.279636],[126.626687,33.279512],[126.62697,33.278738],[126.62764,33.278427],[126.628029,33.278083],[126.628275,33.277463],[126.628435,33.277357],[126.628159,33.276011],[126.628054,33.275968],[126.628078,33.275684],[126.628396,33.274604],[126.628563,33.274601],[126.628923,33.274272],[126.628932,33.273977],[126.62906,33.273729],[126.628797,33.273064],[126.628975,33.272393],[126.629177,33.272247],[126.629293,33.272195],[126.629909,33.272005],[126.63145,33.272069],[126.632085,33.271683],[126.632108,33.271342],[126.632569,33.271015],[126.633063,33.27058],[126.633296,33.270136],[126.633429,33.270084],[126.633594,33.269946],[126.633675,33.269693],[126.633922,33.26927],[126.634246,33.268916],[126.63439,33.26837],[126.634396,33.268295],[126.634376,33.268209],[126.634197,33.267864],[126.634141,33.267669],[126.634372,33.267532],[126.634192,33.267221],[126.634224,33.267074],[126.634426,33.266803],[126.634652,33.266341],[126.634966,33.266145],[126.635106,33.266093],[126.635202,33.265973],[126.635634,33.265994],[126.635925,33.265931],[126.63638,33.265745],[126.636804,33.265466],[126.636795,33.265428],[126.636962,33.265308],[126.63732,33.265018],[126.637366,33.264957],[126.63748,33.264925],[126.637752,33.264604],[126.637777,33.264569],[126.637824,33.264329],[126.637832,33.264197],[126.637851,33.264095],[126.637847,33.264037],[126.638016,33.263836],[126.638013,33.263728],[126.638115,33.263621],[126.638336,33.263548],[126.638483,33.263389],[126.638502,33.263354],[126.638699,33.263371],[126.638881,33.26315],[126.63906,33.262875],[126.639085,33.262812],[126.639273,33.262662],[126.639364,33.262514],[126.639557,33.262453],[126.64002,33.262157],[126.640076,33.262146],[126.640301,33.261969],[126.640569,33.261634],[126.640799,33.261961],[126.640945,33.262308],[126.640942,33.262326],[126.640965,33.262332],[126.640971,33.262359],[126.640912,33.262402],[126.640866,33.262401],[126.640832,33.262405],[126.640823,33.262412],[126.640767,33.262472],[126.640671,33.262555],[126.640302,33.262908],[126.640245,33.262995],[126.640001,33.263254],[126.639822,33.263419],[126.639684,33.263559],[126.639654,33.263569],[126.639575,33.263614],[126.639497,33.263727],[126.639216,33.264055],[126.638965,33.264234],[126.63887,33.264328],[126.638644,33.264467],[126.638516,33.264598],[126.638463,33.264629],[126.638174,33.264953],[126.637838,33.265269],[126.637609,33.265421],[126.637239,33.265592],[126.637084,33.265796],[126.636906,33.265992],[126.636592,33.266113],[126.636421,33.26615],[126.636348,33.266281],[126.636219,33.26631],[126.635884,33.266496],[126.6356,33.266506],[126.635453,33.266459],[126.635376,33.266466],[126.635283,33.266563],[126.63512,33.266621],[126.635042,33.266707],[126.634992,33.266809],[126.634642,33.267269],[126.634571,33.267521],[126.63461,33.267626],[126.634725,33.267802],[126.634793,33.267977],[126.63486,33.268067],[126.635015,33.268509],[126.63503,33.268878],[126.634939,33.269016],[126.634659,33.269214],[126.634476,33.269382],[126.634378,33.269493],[126.634321,33.269648],[126.634226,33.269789],[126.634223,33.269906],[126.634163,33.270025],[126.633944,33.270325],[126.63372,33.270389],[126.633651,33.270627],[126.633503,33.270812],[126.633144,33.270959],[126.632859,33.271177],[126.632769,33.271417],[126.632781,33.271495],[126.632542,33.271954],[126.632264,33.272127],[126.631427,33.272559],[126.631228,33.272514],[126.630554,33.272292],[126.630169,33.272325],[126.629644,33.272635],[126.629478,33.272779],[126.629362,33.272986],[126.629371,33.273152],[126.629535,33.273666],[126.629529,33.273861],[126.629395,33.274342],[126.6294,33.274508],[126.629488,33.274655],[126.629627,33.274766],[126.629887,33.27521],[126.62998,33.275695],[126.629862,33.276024],[126.629796,33.276336],[126.6297,33.27669],[126.629488,33.277094],[126.629519,33.277141],[126.629573,33.277307],[126.629528,33.277332],[126.629478,33.277287],[126.629404,33.277256],[126.629376,33.27723],[126.629149,33.277468],[126.62907,33.277697],[126.628903,33.277902],[126.628625,33.278462],[126.628533,33.278517],[126.62809,33.279057],[126.627726,33.279318],[126.627693,33.279476],[126.627699,33.279695],[126.627566,33.280119],[126.627269,33.280516],[126.627202,33.280695],[126.627874,33.280901],[126.628127,33.281473],[126.628064,33.28195],[126.627893,33.282391],[126.627804,33.282824],[126.627354,33.283353],[126.627164,33.283558],[126.626894,33.283738],[126.626676,33.283794],[126.626325,33.283969],[126.626231,33.284117],[126.62619,33.284222],[126.625979,33.284973],[126.62577,33.285157],[126.625485,33.285643],[126.625399,33.285694],[126.625173,33.285798],[126.625003,33.285908],[126.624921,33.285921],[126.624494,33.286119],[126.624443,33.286158],[126.624485,33.286191],[126.624395,33.286261],[126.624329,33.286335],[126.62433,33.28635],[126.624269,33.286447],[126.624241,33.286512],[126.624202,33.286668],[126.62418,33.286831],[126.624045,33.287224],[126.624081,33.287432],[126.624156,33.28773],[126.624263,33.287882],[126.624468,33.288098],[126.6246,33.288267],[126.624659,33.288402],[126.625099,33.289081],[126.625211,33.289527],[126.62519,33.289678],[126.62521,33.289854],[126.625158,33.289951],[126.62515,33.290115],[126.625084,33.290288],[126.62507,33.290351],[126.624914,33.290669],[126.624866,33.290824],[126.624882,33.291115],[126.625053,33.291554],[126.625122,33.291633],[126.625193,33.291839],[126.625229,33.292086],[126.62524,33.292501],[126.625275,33.292604],[126.625266,33.292785],[126.62527,33.292967],[126.625235,33.293178],[126.625129,33.293662],[126.625055,33.293894],[126.624737,33.29406],[126.624507,33.294388],[126.624523,33.294705],[126.62443,33.294705],[126.62436,33.294758],[126.624216,33.295013],[126.624036,33.295761],[126.624066,33.295891],[126.624047,33.297246],[126.62371,33.297685],[126.623054,33.299024],[126.622523,33.299249],[126.622461,33.299412],[126.622796,33.299791],[126.623474,33.299902],[126.625026,33.299943],[126.625111,33.299846],[126.625648,33.299993],[126.625876,33.300489],[126.625969,33.30111],[126.626011,33.301739],[126.625989,33.301756],[126.625971,33.301616],[126.62593,33.301621],[126.625915,33.301691],[126.625889,33.301715],[126.625895,33.301797],[126.625905,33.301821],[126.625692,33.301985],[126.626091,33.302368],[126.6261,33.302519],[126.626169,33.302622],[126.626172,33.302788],[126.62625,33.303476],[126.626249,33.30378],[126.626323,33.304096],[126.626735,33.304618],[126.626841,33.304719],[126.626694,33.304716],[126.62619,33.304087],[126.626067,33.303564],[126.626008,33.302821],[126.625909,33.302718],[126.625545,33.302476],[126.625399,33.30205],[126.624992,33.301939],[126.624168,33.301952],[126.623384,33.302634],[126.623091,33.303042],[126.622748,33.303441],[126.622756,33.304316],[126.622517,33.304853],[126.622533,33.305385],[126.623285,33.305455],[126.6236,33.305506],[126.623798,33.305918],[126.623904,33.306729],[126.624053,33.30714],[126.624403,33.307895],[126.624361,33.307957],[126.624346,33.308119],[126.62438,33.308414],[126.624341,33.308552],[126.624354,33.309227],[126.624161,33.309325],[126.624203,33.309729],[126.624136,33.309972],[126.623958,33.310523],[126.623886,33.310784],[126.623811,33.311705],[126.623128,33.312472],[126.622999,33.31427],[126.623956,33.314979],[126.624494,33.315201],[126.624467,33.316861],[126.624609,33.317362],[126.625234,33.317756],[126.624615,33.318531],[126.624603,33.319603],[126.625145,33.320327],[126.625299,33.320668],[126.625303,33.321014],[126.625273,33.321099],[126.624879,33.322018],[126.624819,33.322654],[126.624822,33.322758],[126.625196,33.324634],[126.624763,33.325132],[126.624779,33.326213],[126.624706,33.327167],[126.624802,33.327679],[126.625171,33.328071],[126.625556,33.32834],[126.625453,33.328806],[126.625493,33.329816],[126.625761,33.330638],[126.625399,33.331377],[126.624938,33.332809],[126.624261,33.333396],[126.623742,33.333363],[126.622826,33.33438],[126.622497,33.334957],[126.622466,33.335292],[126.622288,33.335874],[126.622271,33.335869],[126.622329,33.335256],[126.62232,33.334926],[126.622695,33.334222],[126.623662,33.333178],[126.624145,33.333208],[126.624627,33.332728],[126.625327,33.330678],[126.625009,33.329743],[126.625199,33.328423],[126.624876,33.32822],[126.624639,33.327969],[126.624481,33.327816],[126.624312,33.327167],[126.62445,33.326107],[126.624453,33.325155],[126.624819,33.324532],[126.62448,33.322832],[126.624432,33.322626],[126.624555,33.322012],[126.624728,33.321063],[126.624863,33.320779],[126.624157,33.31976],[126.624133,33.319493],[126.623851,33.319015],[126.624326,33.31817],[126.624621,33.317772],[126.624344,33.31758],[126.62411,33.317019],[126.623986,33.316275],[126.623977,33.31553],[126.622587,33.314607],[126.622263,33.314419],[126.622246,33.314167],[126.622005,33.313822],[126.622228,33.313405],[126.622636,33.312288],[126.622905,33.311836],[126.62295,33.311244],[126.623021,33.310658],[126.623243,33.310383],[126.623517,33.309433],[126.623326,33.308483],[126.62364,33.308237],[126.623799,33.307794],[126.623782,33.307481],[126.623334,33.306904],[126.623302,33.306541],[126.623347,33.306075],[126.623253,33.305893],[126.622573,33.305824],[126.621897,33.305578],[126.621832,33.305059],[126.621787,33.304894],[126.621772,33.304792],[126.621802,33.304689],[126.62187,33.304305],[126.622047,33.30409],[126.622147,33.303506],[126.622554,33.303022],[126.622846,33.302586],[126.623297,33.302098],[126.624042,33.301531],[126.625227,33.301456],[126.625294,33.301397],[126.625225,33.300593],[126.624942,33.300583],[126.6248,33.300526],[126.624055,33.300495],[126.623484,33.300344],[126.623365,33.300202],[126.623091,33.300153],[126.622479,33.30034],[126.621078,33.300262],[126.620107,33.299816],[126.619722,33.299768],[126.619161,33.299846],[126.618349,33.299874],[126.618049,33.299917],[126.617094,33.300141],[126.617148,33.300432],[126.617863,33.300824],[126.61791,33.300988],[126.617675,33.301549],[126.61731,33.301986],[126.617092,33.302776],[126.617267,33.3036],[126.616907,33.303875],[126.61684,33.304004],[126.616713,33.30463],[126.616851,33.305192],[126.61711,33.305673],[126.61725,33.306382],[126.616735,33.307839],[126.61718,33.308059],[126.617431,33.307896],[126.617784,33.307935],[126.618085,33.307927],[126.618196,33.308269],[126.618246,33.308299],[126.618135,33.308299],[126.618028,33.307991],[126.617564,33.307987],[126.617442,33.308158],[126.616728,33.308119],[126.61773,33.309116],[126.618158,33.309142],[126.618311,33.309423],[126.618253,33.309772],[126.618396,33.309809],[126.618794,33.311316],[126.618912,33.311878],[126.618756,33.312632],[126.618635,33.313015],[126.618921,33.313154],[126.619044,33.313192],[126.619115,33.313221],[126.618999,33.31339]],[[126.629418,33.276166],[126.629599,33.275663],[126.629601,33.275449],[126.629504,33.275266],[126.629143,33.274946],[126.629012,33.274928],[126.62896,33.274985],[126.628596,33.275678],[126.628813,33.27584],[126.629093,33.275964],[126.629233,33.276103],[126.629418,33.276166]],[[126.639233,33.263617],[126.639336,33.263523],[126.639528,33.263221],[126.639863,33.262914],[126.639949,33.26291],[126.640084,33.26283],[126.640338,33.262438],[126.640322,33.262425],[126.640265,33.262438],[126.639992,33.262575],[126.639718,33.262792],[126.639593,33.262841],[126.639357,33.26302],[126.639199,33.263224],[126.638956,33.263479],[126.639187,33.263605],[126.639233,33.263617]]]}},{"type":"Feature","id":2400,"properties":{"code":"65000005011020240170UOC1000001076","collectionId":"5843","date":"2025-10-01"},"geometry":{"type":"Polygon","coordinates":[[[126.636238,33.53997],[126.636303,33.539981],[126.63629,33.540032],[126.636327,33.540068],[126.636326,33.540125],[126.636318,33.540084],[126.636288,33.540043],[126.636295,33.54],[126.63626,33.539987],[126.636263,33.53998],[126.636238,33.53997]]]}},{"type":"Feature","id":2862,"properties":{"code":"65000005013020030013UOC1001001001","collectionId":"2366","date":"2025-10-01"},"geometry":{"type":"Polygon","coordinates":[[[126.28286,33.28198],[126.282703,33.282008],[126.282627,33.281879],[126.282579,33.281826],[126.282587,33.281632],[126.282678,33.281568],[126.282741,33.281576],[126.282797,33.281609],[126.282859,33.281664],[126.282937,33.281702],[126.282936,33.281755],[126.282829,33.281849],[126.282866,33.281901],[126.28286,33.28198]]]}},{"type":"Feature","id":3081,"properties":{"code":"65000005011020090100UOC1000001001","collectionId":"5414","date":"2025-10-01"},"geometry":{"type":"Polygon","coordinates":[[[126.165222,33.323197],[126.165221,33.323315],[126.164942,33.323313],[126.164943,33.323195],[126.164944,33.323078],[126.165224,33.32308],[126.165222,33.323197]],[[126.165115,33.323224],[126.165115,33.323196],[126.165115,33.32317],[126.165051,33.323169],[126.165051,33.323196],[126.16505,33.323223],[126.165115,33.323224]]]}},{"type":"Feature","id":3172,"properties":{"code":"65000005011020240170UOC1000001071","collectionId":"5830","date":"2025-10-01"},"geometry":{"type":"Polygon","coordinates":[[[126.585332,33.518027],[126.585282,33.518055],[126.585229,33.51803],[126.585234,33.517974],[126.585277,33.517948],[126.585332,33.517974],[126.585332,33.518027]],[[126.585289,33.518008],[126.585289,33.517995],[126.58528,33.517991],[126.585275,33.517994],[126.585274,33.51801],[126.58528,33.518013],[126.585289,33.518008]]]}},{"type":"Feature","id":3194,"properties":{"code":"15000005011019750000UOC1001000032","collectionId":"5299","date":"2025-10-01"},"geometry":{"type":"Polygon","coordinates":[[[126.366508,33.474991],[126.366592,33.475015],[126.366507,33.475104],[126.366482,33.475041],[126.366486,33.475021],[126.366508,33.474991]]]}},{"type":"Feature","id":3290,"properties":{"code":"65000005011020090118UOC1000001001","collectionId":"5301","date":"2025-10-01"},"geometry":{"type":"Polygon","coordinates":[[[126.52121,33.513293],[126.521226,33.513474],[126.521203,33.513474],[126.521203,33.513392],[126.521188,33.513392],[126.521188,33.513293],[126.52121,33.513293]]]}},{"type":"Feature","id":3314,"properties":{"code":"65000005011020240170UOC1000001073","collectionId":"5835","date":"2025-10-01"},"geometry":{"type":"Polygon","coordinates":[[[126.494646,33.505312],[126.494556,33.505276],[126.494629,33.505201],[126.49466,33.505209],[126.494686,33.505252],[126.494646,33.505312]],[[126.494628,33.505265],[126.494637,33.505251],[126.49463,33.505239],[126.49462,33.505236],[126.494608,33.505239],[126.494597,33.505253],[126.494628,33.505265]]]}},{"type":"Feature","id":3436,"properties":{"code":"15500005011020090002UOC1000001001","collectionId":"5415","date":"2025-10-01"},"geometry":{"type":"Polygon","coordinates":[[[126.527755,33.504668],[126.527729,33.504423],[126.527837,33.503996],[126.527876,33.503897],[126.527956,33.503953],[126.528002,33.503971],[126.528087,33.503989],[126.527998,33.504313],[126.527976,33.504452],[126.527973,33.504547],[126.52799,33.504624],[126.527834,33.504672],[126.527755,33.504668]]]}},{"type":"Feature","id":3505,"properties":{"code":"15000005011000000000UOC1001000002","collectionId":"5310","date":"2025-10-01"},"geometry":{"type":"Polygon","coordinates":[[[126.318371,33.957519],[126.318721,33.957642],[126.319365,33.958052],[126.319136,33.958729],[126.317925,33.958878],[126.317266,33.95926],[126.316415,33.959852],[126.315775,33.960138],[126.314641,33.960167],[126.313871,33.959796],[126.314194,33.959208],[126.316165,33.958521],[126.316963,33.957989],[126.317693,33.957691],[126.318371,33.957519]]]}},{"type":"Feature","id":3508,"properties":{"code":"65000005011020240170UOC1000001053","collectionId":"5799","date":"2025-10-01"},"geometry":{"type":"Polygon","coordinates":[[[126.437535,33.475541],[126.437487,33.475548],[126.437463,33.475494],[126.437485,33.47546],[126.437537,33.475461],[126.437592,33.475476],[126.437594,33.475534],[126.437535,33.475541]],[[126.43751,33.475497],[126.437515,33.475507],[126.437551,33.475503],[126.43753,33.475497],[126.43751,33.475497]]]}},{"type":"Feature","id":3528,"properties":{"code":"65000005011020160233UOC1000001001","collectionId":"5367","date":"2025-10-01"},"geometry":{"type":"Polygon","coordinates":[[[126.29476,33.965105],[126.294792,33.965039],[126.294874,33.96497],[126.294929,33.964756],[126.295076,33.964815],[126.295195,33.964792],[126.295528,33.96489],[126.295689,33.964954],[126.295689,33.965067],[126.295748,33.965097],[126.295626,33.965179],[126.295438,33.965134],[126.295285,33.96516],[126.295228,33.965217],[126.295002,33.965215],[126.294955,33.96513],[126.29476,33.965105]]]}},{"type":"Feature","id":3537,"properties":{"code":"65000005011020240170UOC1000001054","collectionId":"5801","date":"2025-10-01"},"geometry":{"type":"Polygon","coordinates":[[[126.438991,33.472816],[126.439061,33.472823],[126.439078,33.47287],[126.439036,33.472917],[126.43899,33.472908],[126.438957,33.472872],[126.438991,33.472816]],[[126.439016,33.472854],[126.439008,33.472868],[126.439015,33.472876],[126.439018,33.472876],[126.43903,33.472863],[126.439028,33.472856],[126.439016,33.472854]]]}},{"type":"Feature","id":3546,"properties":{"code":"65000005011020240170UOC1000001055","collectionId":"5802","date":"2025-10-01"},"geometry":{"type":"Polygon","coordinates":[[[126.440598,33.471989],[126.440713,33.472021],[126.440694,33.472096],[126.4406,33.472091],[126.440598,33.472069],[126.440598,33.471989],[126.440598,33.471989]],[[126.440663,33.472045],[126.440643,33.472039],[126.440642,33.472047],[126.440643,33.472057],[126.44066,33.472058],[126.440663,33.472045]]]}},{"type":"Feature","id":3548,"properties":{"code":"65000005011020082078UOC1000001001","collectionId":"5420","date":"2025-10-01"},"geometry":{"type":"Polygon","coordinates":[[[126.56364,33.506888],[126.563431,33.506883],[126.563409,33.506788],[126.563407,33.506709],[126.563468,33.506698],[126.563499,33.506668],[126.563567,33.506539],[126.563618,33.506528],[126.563746,33.506578],[126.563801,33.506625],[126.563784,33.506681],[126.563799,33.50675],[126.563723,33.506842],[126.56364,33.506888]]]}},{"type":"Feature","id":3580,"properties":{"code":"65000005011020240170UOC1000001042","collectionId":"5776","date":"2025-10-01"},"geometry":{"type":"Polygon","coordinates":[[[126.519465,33.489534],[126.519465,33.489575],[126.519368,33.489575],[126.519368,33.489533],[126.519369,33.489494],[126.519465,33.489494],[126.519465,33.489534]],[[126.519422,33.48953],[126.519411,33.48953],[126.519411,33.489534],[126.519411,33.489539],[126.519422,33.489539],[126.519422,33.48953]]]}},{"type":"Feature","id":3623,"properties":{"code":"65000005011020240170UOC1000001074","collectionId":"5838","date":"2025-10-01"},"geometry":{"type":"Polygon","coordinates":[[[126.508534,33.513705],[126.508606,33.513637],[126.508687,33.513671],[126.50867,33.51373],[126.508612,33.513743],[126.508534,33.513705]],[[126.508601,33.513696],[126.508618,33.513704],[126.508634,33.513701],[126.508637,33.51369],[126.508616,33.513682],[126.508601,33.513696]]]}},{"type":"Feature","id":3668,"properties":{"code":"65000005013020240170UOC1000001078","collectionId":"2640","date":"2025-10-01"},"geometry":{"type":"Polygon","coordinates":[[[126.340186,33.23982],[126.340075,33.239819],[126.340075,33.239723],[126.340186,33.239724],[126.340186,33.23982]],[[126.340113,33.239775],[126.340145,33.239784],[126.340147,33.239773],[126.340136,33.239757],[126.340113,33.239775]]]}},{"type":"Feature","id":3706,"properties":{"code":"15000005011000000000UOC1001000025","collectionId":"5425","date":"2025-10-01"},"geometry":{"type":"Polygon","coordinates":[[[126.706042,33.516502],[126.7061,33.516517],[126.706043,33.516724],[126.705813,33.516779],[126.705891,33.516675],[126.706042,33.516502]]]}},{"type":"Feature","id":3707,"properties":{"code":"65000005011020090091UOC1000001001","collectionId":"5382","date":"2025-10-01"},"geometry":{"type":"Polygon","coordinates":[[[126.565106,33.523245],[126.565097,33.523284],[126.564811,33.523221],[126.564816,33.523152],[126.56484,33.523079],[126.564913,33.522924],[126.564983,33.522939],[126.565146,33.523071],[126.565106,33.523245]],[[126.565049,33.523155],[126.56507,33.523114],[126.565099,33.523126],[126.565114,33.523099],[126.56509,33.523089],[126.565109,33.523052],[126.565028,33.523023],[126.564974,33.523132],[126.565049,33.523155]],[[126.564914,33.523108],[126.564964,33.523006],[126.564885,33.522983],[126.564843,33.523072],[126.564855,33.523075],[126.56485,33.523087],[126.564914,33.523108]],[[126.564966,33.523176],[126.56498,33.523138],[126.564906,33.523113],[126.564892,33.523108],[126.564872,33.523146],[126.564898,33.523154],[126.564966,33.523176]],[[126.565015,33.523192],[126.56503,33.523162],[126.565016,33.523156],[126.564985,33.523145],[126.564968,33.523178],[126.565003,33.523189],[126.565015,33.523192]],[[126.564896,33.523234],[126.5649,33.523204],[126.56489,33.523202],[126.564869,33.523199],[126.564865,33.523229],[126.564884,33.523232],[126.564896,33.523234]],[[126.56507,33.52324],[126.565073,33.523235],[126.565077,33.523228],[126.565056,33.523221],[126.565052,33.523228],[126.56505,33.523233],[126.56507,33.52324]]]}},{"type":"Feature","id":3708,"properties":{"code":"65000005011020090005UOC1000001001","collectionId":"5423","date":"2025-10-01"},"geometry":{"type":"Polygon","coordinates":[[[126.509004,33.504907],[126.508983,33.5049],[126.508983,33.504829],[126.509052,33.504806],[126.509063,33.504815],[126.509084,33.504813],[126.509142,33.504904],[126.509021,33.50494],[126.509016,33.504912],[126.509004,33.504907]],[[126.509037,33.504888],[126.509065,33.504879],[126.509054,33.504861],[126.509037,33.50486],[126.509037,33.504888]]]}},{"type":"Feature","id":3709,"properties":{"code":"65000005011020090006UOC1000001001","collectionId":"5424","date":"2025-10-01"},"geometry":{"type":"Polygon","coordinates":[[[126.509959,33.501862],[126.509952,33.50185],[126.509965,33.501815],[126.509997,33.501779],[126.510081,33.50179],[126.510098,33.501878],[126.509987,33.50191],[126.509959,33.501862]],[[126.510014,33.501854],[126.510038,33.501848],[126.510034,33.50183],[126.51001,33.501827],[126.510001,33.501832],[126.510014,33.501854]]]}},{"type":"Feature","id":3710,"properties":{"code":"65000005011020090038UOC1000001001","collectionId":"5302","date":"2025-10-01"},"geometry":{"type":"Polygon","coordinates":[[[126.278281,33.437704],[126.27822,33.437772],[126.278173,33.437789],[126.278088,33.437775],[126.278019,33.437733],[126.278005,33.437698],[126.278091,33.437574],[126.278137,33.437562],[126.278243,33.437579],[126.278294,33.437648],[126.278289,33.437695],[126.278281,33.437704]],[[126.27821,33.437729],[126.278257,33.437649],[126.278215,33.437629],[126.278225,33.43761],[126.278215,33.437605],[126.278202,33.437626],[126.278159,33.437609],[126.278108,33.437688],[126.27821,33.437729]]]}},{"type":"Feature","id":3711,"properties":{"code":"65000005011020090058UOC1000001001","collectionId":"5373","date":"2025-10-01"},"geometry":{"type":"MultiPolygon","coordinates":[[[[126.521862,33.510997],[126.521862,33.510903],[126.522088,33.510904],[126.522088,33.510998],[126.522087,33.511093],[126.521861,33.511092],[126.521862,33.510997]],[[126.52198,33.511002],[126.52198,33.510997],[126.52198,33.510993],[126.521969,33.510993],[126.521969,33.510997],[126.521969,33.511002],[126.52198,33.511002]]],[[[126.521857,33.51059],[126.521858,33.510496],[126.522043,33.510497],[126.522084,33.510522],[126.522083,33.510686],[126.521857,33.510685],[126.521857,33.51059]],[[126.521976,33.510596],[126.521976,33.510591],[126.521976,33.510587],[126.521965,33.510587],[126.521965,33.510591],[126.521965,33.510596],[126.521976,33.510596]]]]}},{"type":"Feature","id":3712,"properties":{"code":"65000005011020090032UOC1000001001","collectionId":"5315","date":"2025-10-01"},"geometry":{"type":"Polygon","coordinates":[[[126.581901,33.509021],[126.581907,33.508871],[126.581922,33.508835],[126.581966,33.508827],[126.582341,33.508815],[126.582221,33.509219],[126.58194,33.509244],[126.581913,33.509235],[126.581917,33.509125],[126.581901,33.509021]],[[126.582028,33.508932],[126.582028,33.508928],[126.582028,33.508923],[126.582018,33.508923],[126.582018,33.508928],[126.582018,33.508932],[126.582028,33.508932]],[[126.582251,33.508891],[126.582251,33.508882],[126.58224,33.508882],[126.58224,33.508891],[126.582251,33.508891]],[[126.582016,33.508959],[126.582017,33.50895],[126.582006,33.50895],[126.582006,33.508959],[126.582016,33.508959]],[[126.582024,33.50902],[126.582024,33.509011],[126.582013,33.509011],[126.582013,33.50902],[126.582024,33.50902]]]}},{"type":"Feature","id":3713,"properties":{"code":"65000005011020240170UOC1000001075","collectionId":"5840","date":"2025-10-01"},"geometry":{"type":"Polygon","coordinates":[[[126.294969,33.958405],[126.294812,33.958272],[126.294986,33.958174],[126.295113,33.958334],[126.294969,33.958405]],[[126.295017,33.958306],[126.294975,33.958259],[126.294906,33.958301],[126.294946,33.958352],[126.295017,33.958306]]]}},{"type":"Feature","id":3714,"properties":{"code":"65000005011020240170UOC1000001072","collectionId":"5831","date":"2025-10-01"},"geometry":{"type":"Polygon","coordinates":[[[126.40612,33.480858],[126.406013,33.480815],[126.406035,33.480763],[126.406123,33.480764],[126.40612,33.480858]],[[126.406078,33.480826],[126.406078,33.480799],[126.406066,33.480799],[126.406056,33.480822],[126.406078,33.480826]]]}},{"type":"Feature","id":3715,"properties":{"code":"65000005011019750000UOC1001002032","collectionId":"5306","date":"2025-10-01"},"geometry":{"type":"Polygon","coordinates":[[[126.351051,33.456464],[126.35105,33.456497],[126.351036,33.456512],[126.350991,33.456513],[126.350976,33.45648],[126.350981,33.456446],[126.351039,33.456452],[126.351051,33.456464]]]}},{"type":"Feature","id":3717,"properties":{"code":"65000005011020090101UOC1000001001","collectionId":"5319","date":"2025-10-01"},"geometry":{"type":"Polygon","coordinates":[[[126.166555,33.321747],[126.166545,33.321859],[126.166274,33.321857],[126.166277,33.321623],[126.166556,33.321625],[126.166555,33.321747]],[[126.166447,33.321768],[126.166447,33.321746],[126.166448,33.321714],[126.166383,33.321714],[126.166383,33.321746],[126.166383,33.321768],[126.166447,33.321768]]]}},{"type":"Feature","id":3718,"properties":{"code":"65000005011020090052UOC1000001001","collectionId":"5308","date":"2025-10-01"},"geometry":{"type":"Polygon","coordinates":[[[126.43893,33.458982],[126.438893,33.458886],[126.43912,33.458887],[126.439119,33.458981],[126.439119,33.459077],[126.438966,33.459076],[126.43893,33.458982]],[[126.439012,33.458986],[126.439012,33.458982],[126.439012,33.458977],[126.439001,33.458977],[126.439001,33.458982],[126.439001,33.458986],[126.439012,33.458986]]]}},{"type":"Feature","id":3719,"properties":{"code":"15500005011020080005UOC1000001001","collectionId":"5320","date":"2025-10-01"},"geometry":{"type":"Polygon","coordinates":[[[126.554134,33.447653],[126.554064,33.447376],[126.554401,33.447223],[126.554545,33.447132],[126.554796,33.447046],[126.554968,33.447046],[126.555177,33.447359],[126.555209,33.447766],[126.555006,33.447738],[126.554917,33.447763],[126.55487,33.44793],[126.554739,33.447919],[126.554506,33.447918],[126.554493,33.447888],[126.554376,33.447884],[126.554169,33.447893],[126.554134,33.447653]]]}},{"type":"Feature","id":3721,"properties":{"code":"65000005011020240170UOC1000001058","collectionId":"5807","date":"2025-10-01"},"geometry":{"type":"Polygon","coordinates":[[[126.620714,33.536504],[126.620705,33.536563],[126.620484,33.536545],[126.620434,33.536455],[126.62047,33.536388],[126.620487,33.53637],[126.620527,33.536356],[126.620567,33.536366],[126.620604,33.536313],[126.620644,33.536308],[126.620763,33.536329],[126.620731,33.536374],[126.620714,33.536504]],[[126.620576,33.53638],[126.620493,33.536378],[126.620487,33.536543],[126.62057,33.536545],[126.620576,33.53638]]]}},{"type":"Feature","id":3722,"properties":{"code":"65000005011020090114UOC1000001001","collectionId":"5324","date":"2025-10-01"},"geometry":{"type":"Polygon","coordinates":[[[126.454983,33.494705],[126.454982,33.494799],[126.454968,33.494814],[126.454719,33.494812],[126.454721,33.494593],[126.454983,33.494594],[126.454983,33.494705]],[[126.454875,33.494723],[126.454875,33.494705],[126.454875,33.494683],[126.454828,33.494683],[126.454828,33.494704],[126.454827,33.494723],[126.454875,33.494723]]]}},{"type":"Feature","id":3723,"properties":{"code":"65000005011020240170UOC1000001057","collectionId":"5805","date":"2025-10-01"},"geometry":{"type":"Polygon","coordinates":[[[126.438507,33.476556],[126.43851,33.4766],[126.438467,33.476625],[126.438414,33.476618],[126.438396,33.476574],[126.438407,33.47654],[126.438442,33.476521],[126.438506,33.47654],[126.438507,33.476556]],[[126.438465,33.476582],[126.438464,33.476563],[126.438444,33.476563],[126.438447,33.476585],[126.438465,33.476582]]]}},{"type":"Feature","id":3724,"properties":{"code":"65000005011020090086UOC1000001001","collectionId":"5326","date":"2025-10-01"},"geometry":{"type":"Polygon","coordinates":[[[126.495946,33.505966],[126.495946,33.505916],[126.496064,33.505917],[126.496064,33.505967],[126.496064,33.506016],[126.495945,33.506016],[126.495946,33.505966]],[[126.49601,33.505971],[126.49601,33.505966],[126.49601,33.505962],[126.495999,33.505962],[126.495999,33.505966],[126.495999,33.505971],[126.49601,33.505971]]]}},{"type":"Feature","id":3725,"properties":{"code":"65000005011020240170UOC1000001077","collectionId":"5844","date":"2025-10-01"},"geometry":{"type":"Polygon","coordinates":[[[126.530022,33.50641],[126.529925,33.506409],[126.529926,33.506328],[126.530023,33.506329],[126.530022,33.50641]],[[126.529979,33.506373],[126.529979,33.50637],[126.529979,33.506364],[126.529969,33.506364],[126.529969,33.50637],[126.529969,33.506373],[126.529979,33.506373]]]}},{"type":"Feature","id":3726,"properties":{"code":"65000005011020090102UOC1000001001","collectionId":"5328","date":"2025-10-01"},"geometry":{"type":"Polygon","coordinates":[[[126.651036,33.549941],[126.651036,33.550043],[126.650782,33.550042],[126.650783,33.54994],[126.650783,33.54983],[126.651037,33.549831],[126.651036,33.549941]],[[126.650929,33.549953],[126.650929,33.549941],[126.650929,33.549921],[126.650891,33.549921],[126.65089,33.549941],[126.65089,33.549953],[126.650929,33.549953]]]}},{"type":"Feature","id":3727,"properties":{"code":"15500005011020090003UOC1000001001","collectionId":"5381","date":"2025-10-01"},"geometry":{"type":"Polygon","coordinates":[[[126.52121,33.513293],[126.521153,33.513206],[126.521156,33.513184],[126.521136,33.513113],[126.52124,33.513112],[126.521241,33.513105],[126.521763,33.513054],[126.52181,33.513475],[126.521845,33.513622],[126.521255,33.513679],[126.521262,33.513752],[126.521236,33.51375],[126.521227,33.513484],[126.52121,33.513293]],[[126.521404,33.513479],[126.52161,33.513455],[126.521575,33.513243],[126.521369,33.513267],[126.521404,33.513479]],[[126.521268,33.513429],[126.521268,33.51342],[126.521257,33.51342],[126.521257,33.513429],[126.521268,33.513429]],[[126.521252,33.513347],[126.521253,33.513338],[126.521242,33.513338],[126.521242,33.513347],[126.521252,33.513347]],[[126.521646,33.513267],[126.521646,33.513258],[126.521635,33.513258],[126.521635,33.513267],[126.521646,33.513267]],[[126.521675,33.513436],[126.521676,33.513427],[126.521665,33.513427],[126.521665,33.513436],[126.521675,33.513436]]]}},{"type":"Feature","id":3728,"properties":{"code":"65000005011020240170UOC1000001059","collectionId":"5809","date":"2025-10-01"},"geometry":{"type":"Polygon","coordinates":[[[126.521894,33.512168],[126.52194,33.512171],[126.521943,33.512184],[126.521975,33.512172],[126.52196,33.512207],[126.521504,33.512204],[126.521497,33.51219],[126.521471,33.512187],[126.521539,33.512055],[126.521615,33.511934],[126.521708,33.511875],[126.521736,33.511909],[126.521765,33.511923],[126.521821,33.511973],[126.521948,33.511966],[126.52196,33.512006],[126.521878,33.512028],[126.521841,33.51202],[126.521772,33.512072],[126.521768,33.512114],[126.521894,33.512168]],[[126.52169,33.512073],[126.521735,33.512015],[126.521643,33.511965],[126.521585,33.512041],[126.521538,33.512103],[126.52163,33.512152],[126.52169,33.512073]]]}},{"type":"Feature","id":3729,"properties":{"code":"65000005011020090067UOC1000001001","collectionId":"5363","date":"2025-10-01"},"geometry":{"type":"Polygon","coordinates":[[[126.71873,33.55614],[126.718768,33.556071],[126.718876,33.556039],[126.718963,33.55607],[126.719093,33.556314],[126.71925,33.556554],[126.719307,33.556674],[126.719369,33.556831],[126.719429,33.557151],[126.719512,33.557331],[126.719601,33.55744],[126.71975,33.557454],[126.719921,33.557412],[126.720041,33.557397],[126.720115,33.55744],[126.720129,33.557527],[126.720093,33.557585],[126.719843,33.557646],[126.719724,33.557659],[126.719652,33.557654],[126.719492,33.557625],[126.719431,33.557587],[126.719283,33.557394],[126.719245,33.55733],[126.719186,33.557184],[126.719126,33.556897],[126.719063,33.556719],[126.719018,33.556625],[126.718857,33.556397],[126.71873,33.55614]],[[126.719217,33.556834],[126.719253,33.556824],[126.719152,33.556591],[126.718997,33.556354],[126.718878,33.556134],[126.718846,33.556143],[126.718956,33.556363],[126.719115,33.556586],[126.719192,33.556753],[126.719217,33.556834]],[[126.719721,33.557569],[126.719821,33.557557],[126.720018,33.557511],[126.720014,33.557491],[126.719946,33.5575],[126.719764,33.557544],[126.719713,33.557544],[126.719558,33.557525],[126.719535,33.557517],[126.719437,33.557403],[126.71939,33.557335],[126.719394,33.55733],[126.719325,33.557174],[126.719313,33.557114],[126.719279,33.557113],[126.71929,33.557162],[126.719344,33.557294],[126.719378,33.55735],[126.719505,33.557519],[126.719538,33.557541],[126.719721,33.557569]]]}},{"type":"Feature","id":3730,"properties":{"code":"65000005011020090095UOC1000001001","collectionId":"5364","date":"2025-10-01"},"geometry":{"type":"Polygon","coordinates":[[[126.482906,33.510207],[126.482906,33.510172],[126.482976,33.510092],[126.483175,33.510093],[126.483174,33.510317],[126.482905,33.510315],[126.482906,33.510207]],[[126.483066,33.510227],[126.483067,33.510208],[126.483067,33.510182],[126.483014,33.510182],[126.483014,33.510208],[126.483014,33.510227],[126.483066,33.510227]]]}},{"type":"Feature","id":3731,"properties":{"code":"65000005011020240170UOC1000001010","collectionId":"5702","date":"2025-10-01"},"geometry":{"type":"Polygon","coordinates":[[[126.637315,33.539559],[126.637322,33.539576],[126.637301,33.539599],[126.637225,33.539592],[126.637235,33.539473],[126.637279,33.539415],[126.637321,33.539432],[126.637315,33.539559]],[[126.637268,33.539553],[126.637268,33.539561],[126.637276,33.539561],[126.637276,33.539553],[126.637268,33.539553]],[[126.637268,33.539551],[126.637275,33.539552],[126.637275,33.539545],[126.637269,33.539544],[126.637268,33.539551]],[[126.637268,33.539542],[126.637275,33.539543],[126.637275,33.539536],[126.637269,33.539536],[126.637268,33.539542]],[[126.637269,33.539533],[126.637275,33.539533],[126.637276,33.539527],[126.637269,33.539526],[126.637269,33.539533]],[[126.637269,33.539523],[126.637276,33.539523],[126.637276,33.539516],[126.637269,33.539515],[126.637269,33.539523]],[[126.63727,33.539513],[126.637276,33.539514],[126.637277,33.539507],[126.63727,33.539506],[126.63727,33.539513]],[[126.63727,33.539505],[126.637277,33.539505],[126.637277,33.539498],[126.63727,33.539498],[126.63727,33.539505]],[[126.637273,33.539497],[126.637276,33.539497],[126.637277,33.539493],[126.637273,33.539493],[126.637273,33.539497]],[[126.637272,33.539491],[126.637278,33.539491],[126.637278,33.539485],[126.637273,33.539484],[126.637272,33.539491]],[[126.637273,33.539483],[126.637278,33.539484],[126.637278,33.539478],[126.637274,33.539478],[126.637273,33.539483]],[[126.637278,33.539478],[126.63728,33.539472],[126.637276,33.539471],[126.637274,33.539477],[126.637278,33.539478]],[[126.63728,33.539472],[126.637283,33.539467],[126.637278,33.539465],[126.637276,33.539471],[126.63728,33.539472]],[[126.637282,33.539466],[126.637285,33.539462],[126.637282,33.53946],[126.637279,33.539464],[126.637282,33.539466]]]}},{"type":"Feature","id":3732,"properties":{"code":"65000005011020090034UOC1000001001","collectionId":"5334","date":"2025-10-01"},"geometry":{"type":"Polygon","coordinates":[[[126.582221,33.509219],[126.582308,33.508939],[126.582431,33.508974],[126.582516,33.508983],[126.582536,33.508994],[126.582469,33.509033],[126.582415,33.509148],[126.582405,33.509195],[126.58233,33.509211],[126.582221,33.509219]],[[126.582345,33.509168],[126.582345,33.509163],[126.582345,33.509159],[126.582334,33.509159],[126.582334,33.509162],[126.582334,33.509168],[126.582345,33.509168]],[[126.582288,33.509162],[126.582288,33.50916],[126.582288,33.509153],[126.582277,33.509153],[126.582277,33.50916],[126.582277,33.509162],[126.582288,33.509162]]]}},{"type":"Feature","id":3733,"properties":{"code":"15500005011020080004UOC1000001001","collectionId":"5335","date":"2025-10-01"},"geometry":{"type":"MultiPolygon","coordinates":[[[[126.607759,33.424326],[126.607784,33.424311],[126.607775,33.424306],[126.609546,33.423186],[126.609729,33.423037],[126.609883,33.422981],[126.610631,33.424416],[126.609922,33.424892],[126.609884,33.424881],[126.609618,33.425063],[126.611233,33.42774],[126.607815,33.430575],[126.603073,33.432186],[126.600628,33.428156],[126.600922,33.428095],[126.601475,33.428081],[126.601617,33.428032],[126.602698,33.427229],[126.60312,33.427124],[126.603342,33.427103],[126.604198,33.427274],[126.604456,33.427237],[126.604657,33.427156],[126.606247,33.425844],[126.607759,33.424326]]],[[[126.600374,33.42773],[126.598188,33.42412],[126.604645,33.420779],[126.604651,33.420787],[126.606262,33.419963],[126.608888,33.423298],[126.607844,33.423918],[126.607491,33.424102],[126.60758,33.424177],[126.606335,33.425436],[126.605802,33.425796],[126.603503,33.426803],[126.603041,33.426708],[126.602516,33.426814],[126.601556,33.427508],[126.601112,33.427686],[126.600821,33.427673],[126.600415,33.427744],[126.600374,33.42773]]]]}},{"type":"Feature","id":3734,"properties":{"code":"65000005011020240170UOC1000001078","collectionId":"5850","date":"2025-10-01"},"geometry":{"type":"Polygon","coordinates":[[[126.50605,33.513286],[126.506151,33.513264],[126.506183,33.513354],[126.506069,33.513369],[126.50605,33.513286]],[[126.5061,33.513313],[126.506104,33.513328],[126.506128,33.513324],[126.506122,33.513308],[126.5061,33.513313]]]}},{"type":"Feature","id":3735,"properties":{"code":"65000005011020090069UOC1000001001","collectionId":"5362","date":"2025-10-01"},"geometry":{"type":"Polygon","coordinates":[[[126.827378,33.552509],[126.827406,33.552454],[126.827484,33.552412],[126.827745,33.552238],[126.82797,33.552105],[126.828051,33.552092],[126.82827,33.551969],[126.828315,33.551935],[126.82843,33.551803],[126.828493,33.55168],[126.828548,33.551479],[126.828704,33.551155],[126.828796,33.550736],[126.828813,33.550504],[126.828785,33.550482],[126.828742,33.55037],[126.828654,33.550232],[126.828574,33.55004],[126.828549,33.549953],[126.828489,33.549818],[126.828518,33.549765],[126.828637,33.549723],[126.828706,33.549748],[126.828796,33.549946],[126.82887,33.550137],[126.828984,33.550316],[126.829009,33.550393],[126.829111,33.550427],[126.829163,33.550474],[126.82916,33.550569],[126.829108,33.550853],[126.82905,33.55099],[126.829042,33.551036],[126.828962,33.551182],[126.828859,33.551283],[126.828795,33.551437],[126.828714,33.551742],[126.828651,33.551874],[126.828483,33.552066],[126.828327,33.552171],[126.828139,33.552273],[126.828058,33.552286],[126.827917,33.552376],[126.827878,33.552473],[126.827674,33.552531],[126.827471,33.552644],[126.827404,33.552619],[126.827378,33.552509]],[[126.827492,33.552527],[126.827548,33.552498],[126.828013,33.552201],[126.828097,33.552187],[126.828265,33.552097],[126.828406,33.552003],[126.828555,33.551831],[126.828611,33.551715],[126.828696,33.551394],[126.828761,33.551245],[126.828788,33.551205],[126.828843,33.551164],[126.828869,33.551135],[126.828938,33.55101],[126.828945,33.550968],[126.829003,33.550832],[126.829054,33.550515],[126.829042,33.550515],[126.829043,33.550559],[126.829025,33.550614],[126.828993,33.550828],[126.828934,33.550965],[126.828925,33.551007],[126.828838,33.551144],[126.828763,33.551201],[126.828687,33.551356],[126.828595,33.551709],[126.828524,33.551848],[126.828395,33.551995],[126.828337,33.552039],[126.828095,33.552176],[126.828013,33.55219],[126.827813,33.552308],[126.827485,33.552521],[126.827492,33.552527]],[[126.828893,33.550437],[126.828907,33.550434],[126.828884,33.550351],[126.828769,33.550169],[126.828626,33.549825],[126.828601,33.549838],[126.828709,33.550098],[126.828753,33.550196],[126.82884,33.550332],[126.828869,33.550402],[126.828884,33.550401],[126.828893,33.550437]]]}},{"type":"Feature","id":3736,"properties":{"code":"65000005011020090117UOC1000001001","collectionId":"5368","date":"2025-10-01"},"geometry":{"type":"Polygon","coordinates":[[[126.526319,33.509953],[126.526309,33.509628],[126.52653,33.509615],[126.526629,33.509598],[126.526723,33.509637],[126.526841,33.509762],[126.527116,33.509971],[126.52699,33.510096],[126.526914,33.510153],[126.526862,33.51026],[126.526946,33.510289],[126.526875,33.510389],[126.526845,33.510492],[126.526156,33.510309],[126.526055,33.510437],[126.525864,33.510597],[126.524882,33.510434],[126.524909,33.51042],[126.524928,33.510349],[126.524969,33.510282],[126.524951,33.510279],[126.52494,33.510266],[126.524839,33.510235],[126.524821,33.510249],[126.52476,33.510237],[126.524552,33.51011],[126.524494,33.510085],[126.524517,33.510033],[126.52452,33.509978],[126.52455,33.509873],[126.524585,33.50986],[126.524762,33.50991],[126.524886,33.509906],[126.524942,33.509917],[126.525226,33.51002],[126.525318,33.510036],[126.525445,33.510043],[126.52566,33.510031],[126.525909,33.509985],[126.526062,33.509979],[126.526174,33.509993],[126.526318,33.509953],[126.526335,33.510063],[126.526347,33.510069],[126.526379,33.510062],[126.526338,33.510062],[126.526323,33.509967],[126.526463,33.50994],[126.526545,33.509917],[126.526542,33.50984],[126.526607,33.509829],[126.526619,33.509852],[126.52667,33.509897],[126.526746,33.509924],[126.52676,33.509992],[126.526768,33.509992],[126.526698,33.510092],[126.526676,33.510107],[126.526599,33.510093],[126.526513,33.510095],[126.526469,33.510119],[126.526378,33.510199],[126.526345,33.510201],[126.526335,33.510102],[126.526371,33.510091],[126.526332,33.5101],[126.52634,33.510204],[126.526379,33.510201],[126.526472,33.510121],[126.526514,33.510098],[126.526598,33.510096],[126.526677,33.51011],[126.526701,33.510094],[126.526772,33.509992],[126.526767,33.509915],[126.526772,33.5099],[126.526693,33.50987],[126.526667,33.509852],[126.526609,33.509781],[126.526508,33.509796],[126.526517,33.5099],[126.526319,33.509953]],[[126.525531,33.510223],[126.525639,33.510222],[126.525793,33.510192],[126.526061,33.5101],[126.526179,33.510071],[126.526154,33.509998],[126.525845,33.510087],[126.525819,33.510005],[126.525699,33.510033],[126.525716,33.510132],[126.525565,33.51015],[126.525507,33.51015],[126.524936,33.510033],[126.524936,33.509919],[126.524857,33.509918],[126.524837,33.510021],[126.524657,33.510008],[126.52465,33.510061],[126.52497,33.510107],[126.525387,33.510198],[126.525531,33.510223]],[[126.52551,33.51044],[126.525541,33.510366],[126.52539,33.510319],[126.525357,33.51039],[126.52551,33.51044]]]}},{"type":"Feature","id":3737,"properties":{"code":"65000005011020090113UOC1000001001","collectionId":"5410","date":"2025-10-01"},"geometry":{"type":"Polygon","coordinates":[[[126.528434,33.505429],[126.528403,33.50548],[126.528382,33.505515],[126.528358,33.505519],[126.528358,33.50548],[126.528359,33.505429],[126.528434,33.505429]]]}},{"type":"Feature","id":3738,"properties":{"code":"15000005011000000000UOC1000041041","collectionId":"5411","date":"2025-10-01"},"geometry":{"type":"Polygon","coordinates":[[[126.579877,33.426247],[126.579846,33.426248],[126.5798,33.426117],[126.58003,33.426057],[126.580228,33.426281],[126.579877,33.426247]]]}},{"type":"Feature","id":3739,"properties":{"code":"15500005011020080009UOC1000001001","collectionId":"5413","date":"2025-10-01"},"geometry":{"type":"Polygon","coordinates":[[[126.598601,33.529395],[126.598585,33.529436],[126.598475,33.529403],[126.598528,33.529275],[126.598634,33.529307],[126.598601,33.529395]],[[126.598548,33.529386],[126.598551,33.529381],[126.598553,33.529374],[126.59854,33.52937],[126.598537,33.529377],[126.598535,33.529382],[126.598548,33.529386]]]}},{"type":"Feature","id":3740,"properties":{"code":"65000005011020090031UOC1000001001","collectionId":"5392","date":"2025-10-01"},"geometry":{"type":"Polygon","coordinates":[[[126.295579,33.965174],[126.295567,33.965288],[126.295268,33.965263],[126.295297,33.965034],[126.295392,33.964866],[126.295423,33.964833],[126.295507,33.964649],[126.295642,33.96469],[126.295661,33.964659],[126.295741,33.964696],[126.295639,33.964924],[126.295613,33.964953],[126.295579,33.965174]],[[126.295469,33.965189],[126.295472,33.965166],[126.295476,33.96514],[126.295393,33.965133],[126.29539,33.96516],[126.295387,33.965182],[126.295469,33.965189]]]}},{"type":"Feature","id":3741,"properties":{"code":"65000005011020240170UOC1000001060","collectionId":"5810","date":"2025-10-01"},"geometry":{"type":"Polygon","coordinates":[[[126.438908,33.477235],[126.438939,33.477309],[126.43888,33.477347],[126.438824,33.47732],[126.438828,33.477254],[126.438908,33.477235]],[[126.438881,33.477279],[126.43887,33.477282],[126.438868,33.4773],[126.438876,33.477304],[126.438888,33.477296],[126.438881,33.477279]]]}},{"type":"Feature","id":3742,"properties":{"code":"65000005011020240170UOC1000001048","collectionId":"5788","date":"2025-10-01"},"geometry":{"type":"Polygon","coordinates":[[[126.515258,33.515733],[126.515221,33.515725],[126.515195,33.515727],[126.51519,33.515686],[126.515208,33.51565],[126.515263,33.515653],[126.515307,33.515679],[126.515289,33.51572],[126.515258,33.515733]],[[126.515239,33.515706],[126.515238,33.515697],[126.515231,33.515697],[126.515228,33.5157],[126.51523,33.515707],[126.515235,33.515707],[126.515239,33.515706]]]}},{"type":"Feature","id":3743,"properties":{"code":"65000005011020090108UOC1000001001","collectionId":"5418","date":"2025-10-01"},"geometry":{"type":"Polygon","coordinates":[[[126.514989,33.511368],[126.515021,33.511446],[126.515133,33.511618],[126.515174,33.511748],[126.515159,33.511861],[126.515057,33.511843],[126.515019,33.511456],[126.514989,33.511368]]]}},{"type":"Feature","id":3744,"properties":{"code":"65000005011020090066UOC1000001001","collectionId":"5376","date":"2025-10-01"},"geometry":{"type":"Polygon","coordinates":[[[126.701451,33.552755],[126.701169,33.552761],[126.70092,33.552718],[126.700828,33.552715],[126.700673,33.552726],[126.700421,33.552797],[126.700399,33.552796],[126.700206,33.552873],[126.700085,33.5529],[126.7,33.552776],[126.700015,33.552713],[126.70014,33.552679],[126.700524,33.552555],[126.700629,33.552531],[126.700808,33.552516],[126.700956,33.552544],[126.700979,33.552528],[126.701096,33.55255],[126.701377,33.552562],[126.701542,33.552552],[126.701713,33.552554],[126.702015,33.552579],[126.702057,33.552621],[126.702129,33.55263],[126.702227,33.552693],[126.702303,33.552673],[126.702706,33.552727],[126.703146,33.552825],[126.703211,33.552879],[126.703182,33.552998],[126.702886,33.55296],[126.70247,33.552888],[126.702333,33.552878],[126.70224,33.552861],[126.702085,33.552823],[126.702006,33.552791],[126.701848,33.552773],[126.701451,33.552755]],[[126.703102,33.552898],[126.703106,33.552886],[126.702869,33.552853],[126.702684,33.552815],[126.702249,33.552753],[126.702208,33.552722],[126.702191,33.552741],[126.702021,33.552686],[126.701917,33.552676],[126.70192,33.552657],[126.70146,33.552636],[126.701455,33.55265],[126.701368,33.552652],[126.701082,33.55264],[126.70092,33.552609],[126.700894,33.552584],[126.70065,33.552619],[126.700557,33.552641],[126.700126,33.552778],[126.700138,33.552795],[126.700174,33.552787],[126.70038,33.552705],[126.700407,33.552706],[126.700509,33.552671],[126.700657,33.552639],[126.700906,33.552626],[126.70118,33.55267],[126.701493,33.552665],[126.70169,33.55268],[126.701854,33.552682],[126.701994,33.552701],[126.702028,33.552699],[126.702124,33.552739],[126.702266,33.552774],[126.702349,33.552788],[126.702486,33.552799],[126.703102,33.552898]]]}},{"type":"Feature","id":3745,"properties":{"code":"65000005011020090062UOC1000001001","collectionId":"5379","date":"2025-10-01"},"geometry":{"type":"Polygon","coordinates":[[[126.560183,33.525119],[126.559967,33.524867],[126.559848,33.52478],[126.559736,33.524668],[126.55962,33.524506],[126.55959,33.524449],[126.559569,33.524376],[126.559663,33.524299],[126.559772,33.524312],[126.559807,33.524373],[126.559902,33.524506],[126.559965,33.524574],[126.560219,33.5248],[126.560252,33.524851],[126.560274,33.524861],[126.560393,33.524994],[126.56049,33.525195],[126.560506,33.52542],[126.560517,33.525476],[126.560537,33.525534],[126.560597,33.52561],[126.560557,33.525691],[126.560385,33.525739],[126.560313,33.525619],[126.56028,33.525523],[126.56025,33.525243],[126.560205,33.525143],[126.560183,33.525119]],[[126.56044,33.525629],[126.560476,33.525619],[126.56044,33.525576],[126.560412,33.525496],[126.560399,33.525431],[126.560384,33.525214],[126.560298,33.525038],[126.560201,33.52493],[126.560173,33.524917],[126.56013,33.524852],[126.559882,33.524632],[126.559809,33.524552],[126.5597,33.524395],[126.559688,33.524405],[126.559691,33.524415],[126.559771,33.52452],[126.559761,33.524527],[126.559766,33.524552],[126.559925,33.524716],[126.560046,33.524807],[126.560291,33.525089],[126.560358,33.525236],[126.560386,33.525505],[126.560416,33.52559],[126.56044,33.525629]]]}},{"type":"Feature","id":3746,"properties":{"code":"65000005011020240170UOC1000001065","collectionId":"5820","date":"2025-10-01"},"geometry":{"type":"Polygon","coordinates":[[[126.401947,33.478759],[126.401936,33.478744],[126.401943,33.478713],[126.401988,33.478693],[126.402048,33.478709],[126.402049,33.478765],[126.402021,33.478787],[126.401965,33.478782],[126.401947,33.478759]],[[126.40199,33.478748],[126.402005,33.478749],[126.402005,33.478736],[126.401992,33.478732],[126.401981,33.478737],[126.40199,33.478748]]]}},{"type":"Feature","id":3747,"properties":{"code":"65000005011020090096UOC1000001001","collectionId":"5385","date":"2025-10-01"},"geometry":{"type":"Polygon","coordinates":[[[126.453824,33.494551],[126.453825,33.494438],[126.454088,33.494439],[126.454087,33.494552],[126.454086,33.494659],[126.453824,33.494658],[126.453824,33.494551]],[[126.453979,33.494568],[126.453979,33.494551],[126.453979,33.494528],[126.453932,33.494528],[126.453932,33.494551],[126.453932,33.494568],[126.453979,33.494568]]]}},{"type":"Feature","id":3748,"properties":{"code":"65000005011020090044UOC1000001001","collectionId":"5386","date":"2025-10-01"},"geometry":{"type":"Polygon","coordinates":[[[126.825506,33.549876],[126.825481,33.549843],[126.825469,33.54978],[126.825509,33.54973],[126.825563,33.549695],[126.82561,33.549674],[126.825676,33.549672],[126.825736,33.5497],[126.825809,33.549797],[126.825788,33.549879],[126.825669,33.549946],[126.825582,33.549947],[126.82553,33.549908],[126.825506,33.549876]],[[126.825623,33.549856],[126.825637,33.549856],[126.825673,33.549837],[126.825691,33.549826],[126.825695,33.549813],[126.825661,33.549768],[126.825638,33.549764],[126.82562,33.549772],[126.825602,33.54975],[126.825588,33.549757],[126.825607,33.54978],[126.825582,33.549801],[126.825584,33.549811],[126.825623,33.549856]]]}},{"type":"Feature","id":3749,"properties":{"code":"15500005011020080008UOC1000001001","collectionId":"5388","date":"2025-10-01"},"geometry":{"type":"Polygon","coordinates":[[[126.4755,33.431165],[126.475635,33.430771],[126.475787,33.430414],[126.475824,33.430026],[126.476277,33.429901],[126.476533,33.429762],[126.476885,33.429092],[126.476933,33.429014],[126.476946,33.427015],[126.477274,33.426457],[126.477895,33.426486],[126.47827,33.426514],[126.478407,33.425932],[126.478767,33.426012],[126.478814,33.426068],[126.478831,33.426472],[126.479336,33.426545],[126.479435,33.426578],[126.479548,33.426634],[126.479613,33.426705],[126.47961,33.427283],[126.479731,33.427672],[126.479748,33.427878],[126.479868,33.428441],[126.479942,33.428584],[126.479989,33.428711],[126.480073,33.428846],[126.480071,33.429274],[126.480181,33.429702],[126.480255,33.430075],[126.480135,33.432295],[126.479927,33.432841],[126.47991,33.433571],[126.479785,33.433936],[126.479711,33.434848],[126.4799,33.435168],[126.48009,33.435305],[126.480287,33.435316],[126.480303,33.435616],[126.479292,33.435754],[126.479362,33.436372],[126.479133,33.436324],[126.478771,33.436179],[126.47837,33.436183],[126.477211,33.43591],[126.47709,33.435386],[126.477048,33.43513],[126.476494,33.43512],[126.475582,33.435193],[126.475122,33.435171],[126.474676,33.434843],[126.473994,33.434683],[126.473803,33.434716],[126.473663,33.434633],[126.473711,33.434467],[126.473785,33.434343],[126.474236,33.433779],[126.474463,33.433395],[126.474861,33.432518],[126.475064,33.432124],[126.475328,33.43167],[126.4755,33.431165]],[[126.478988,33.431601],[126.478996,33.431144],[126.478878,33.430317],[126.477263,33.430341],[126.47747,33.431168],[126.477275,33.431589],[126.478988,33.431601]]]}},{"type":"Feature","id":3750,"properties":{"code":"65000005011020240170UOC1000001066","collectionId":"5821","date":"2025-10-01"},"geometry":{"type":"Polygon","coordinates":[[[126.539353,33.48588],[126.539285,33.485919],[126.539045,33.485987],[126.538965,33.48571],[126.53922,33.48564],[126.539353,33.48588]],[[126.539093,33.48577],[126.539122,33.48587],[126.539214,33.485844],[126.539162,33.485751],[126.539093,33.48577]]]}},{"type":"Feature","id":3751,"properties":{"code":"65000005011020090054UOC1000001001","collectionId":"5394","date":"2025-10-01"},"geometry":{"type":"Polygon","coordinates":[[[126.265844,33.389906],[126.265909,33.389566],[126.265882,33.389572],[126.265877,33.38955],[126.265898,33.389531],[126.26591,33.389402],[126.265963,33.389135],[126.266003,33.388831],[126.266002,33.388753],[126.265986,33.388643],[126.265915,33.388336],[126.265923,33.388263],[126.265908,33.387854],[126.26593,33.387778],[126.265963,33.387745],[126.266112,33.387424],[126.266105,33.387424],[126.266092,33.387403],[126.266141,33.387391],[126.266156,33.387356],[126.266195,33.387302],[126.266397,33.386925],[126.266568,33.386643],[126.266631,33.386504],[126.266631,33.386484],[126.266683,33.386475],[126.266716,33.3865],[126.266762,33.3865],[126.266741,33.386551],[126.266727,33.386667],[126.266749,33.386705],[126.26676,33.386709],[126.266864,33.386713],[126.266969,33.386706],[126.267052,33.38668],[126.267228,33.386595],[126.267465,33.386528],[126.267702,33.3865],[126.268071,33.386442],[126.268221,33.386431],[126.268286,33.386588],[126.268281,33.386623],[126.268051,33.386747],[126.267911,33.386716],[126.267718,33.386704],[126.267259,33.386917],[126.267135,33.386995],[126.266739,33.387315],[126.26662,33.387456],[126.266535,33.387573],[126.26647,33.387691],[126.266369,33.38784],[126.266347,33.387988],[126.266354,33.388177],[126.26639,33.388482],[126.266375,33.388485],[126.266469,33.388733],[126.266468,33.388856],[126.266428,33.388889],[126.266437,33.388887],[126.266473,33.388994],[126.266459,33.389198],[126.26644,33.389223],[126.26635,33.389292],[126.266353,33.389329],[126.266379,33.389401],[126.266323,33.389448],[126.26627,33.389522],[126.266253,33.389587],[126.26632,33.389648],[126.266307,33.389728],[126.26626,33.389761],[126.266214,33.389816],[126.266158,33.389857],[126.26615,33.389902],[126.265999,33.389929],[126.265844,33.389906]],[[126.266239,33.38895],[126.266249,33.388947],[126.266244,33.388939],[126.266266,33.388931],[126.266245,33.388889],[126.266198,33.388907],[126.266217,33.388948],[126.266235,33.388942],[126.266239,33.38895]],[[126.266118,33.388987],[126.266131,33.388984],[126.266127,33.38897],[126.266114,33.388973],[126.266118,33.388987]],[[126.266153,33.388755],[126.266166,33.388754],[126.266164,33.38874],[126.266152,33.38874],[126.266153,33.388755]],[[126.266065,33.387811],[126.266065,33.387802],[126.266054,33.387802],[126.266054,33.387811],[126.266065,33.387811]],[[126.266076,33.388076],[126.266077,33.388067],[126.266066,33.388067],[126.266066,33.388076],[126.266076,33.388076]],[[126.266205,33.389355],[126.266205,33.389346],[126.266195,33.389346],[126.266195,33.389355],[126.266205,33.389355]],[[126.266077,33.388006],[126.266077,33.387997],[126.266066,33.387997],[126.266066,33.388006],[126.266077,33.388006]],[[126.267114,33.386779],[126.267114,33.38677],[126.267103,33.38677],[126.267103,33.386779],[126.267114,33.386779]],[[126.266108,33.38836],[126.266108,33.388351],[126.266098,33.388351],[126.266098,33.38836],[126.266108,33.38836]],[[126.266091,33.388293],[126.266091,33.388284],[126.26608,33.388284],[126.26608,33.388293],[126.266091,33.388293]],[[126.267563,33.38661],[126.267563,33.386601],[126.267552,33.386601],[126.267552,33.38661],[126.267563,33.38661]],[[126.266814,33.387133],[126.266814,33.387124],[126.266803,33.387124],[126.266803,33.387133],[126.266814,33.387133]],[[126.266331,33.387632],[126.266331,33.387623],[126.26632,33.387623],[126.26632,33.387632],[126.266331,33.387632]],[[126.266498,33.387373],[126.266498,33.387364],[126.266487,33.387364],[126.266487,33.387373],[126.266498,33.387373]],[[126.266135,33.38926],[126.266135,33.389251],[126.266125,33.389251],[126.266125,33.38926],[126.266135,33.38926]],[[126.266152,33.389027],[126.266153,33.389018],[126.266142,33.389018],[126.266142,33.389027],[126.266152,33.389027]],[[126.266146,33.388924],[126.266146,33.388915],[126.266135,33.388915],[126.266135,33.388924],[126.266146,33.388924]],[[126.267765,33.386594],[126.267765,33.386585],[126.267754,33.386585],[126.267754,33.386594],[126.267765,33.386594]],[[126.266179,33.38949],[126.266179,33.389481],[126.266169,33.389481],[126.266169,33.38949],[126.266179,33.38949]],[[126.267292,33.386753],[126.267292,33.386744],[126.267281,33.386744],[126.267281,33.386753],[126.267292,33.386753]],[[126.266173,33.388726],[126.266173,33.388717],[126.266162,33.388716],[126.266162,33.388725],[126.266173,33.388726]],[[126.26612,33.388631],[126.26612,33.388622],[126.26611,33.388622],[126.26611,33.388631],[126.26612,33.388631]],[[126.266194,33.388214],[126.266194,33.388205],[126.266183,33.388205],[126.266183,33.388214],[126.266194,33.388214]],[[126.266316,33.389133],[126.266316,33.389124],[126.266305,33.389124],[126.266305,33.389133],[126.266316,33.389133]],[[126.266276,33.388691],[126.266276,33.388682],[126.266266,33.388682],[126.266266,33.388691],[126.266276,33.388691]],[[126.267038,33.38691],[126.267038,33.386901],[126.267027,33.386901],[126.267027,33.38691],[126.267038,33.38691]],[[126.266197,33.388315],[126.266197,33.388306],[126.266186,33.388306],[126.266186,33.388315],[126.266197,33.388315]],[[126.266142,33.389592],[126.266142,33.389583],[126.266131,33.389583],[126.266131,33.389592],[126.266142,33.389592]],[[126.266342,33.387347],[126.266343,33.387338],[126.266332,33.387338],[126.266332,33.387347],[126.266342,33.387347]],[[126.266181,33.388257],[126.266181,33.388248],[126.26617,33.388248],[126.26617,33.388257],[126.266181,33.388257]],[[126.266217,33.387596],[126.266217,33.387587],[126.266206,33.387587],[126.266206,33.387596],[126.266217,33.387596]],[[126.266307,33.388736],[126.266307,33.388727],[126.266297,33.388727],[126.266297,33.388736],[126.266307,33.388736]],[[126.267697,33.386588],[126.267698,33.386579],[126.267687,33.386578],[126.267687,33.386587],[126.267697,33.386588]],[[126.266713,33.387211],[126.266714,33.387202],[126.266703,33.387202],[126.266703,33.387211],[126.266713,33.387211]],[[126.266217,33.389408],[126.266217,33.389399],[126.266206,33.389399],[126.266206,33.389408],[126.266217,33.389408]],[[126.267863,33.386647],[126.267863,33.386638],[126.267852,33.386638],[126.267852,33.386647],[126.267863,33.386647]],[[126.266288,33.389007],[126.266288,33.388998],[126.266277,33.388998],[126.266277,33.389007],[126.266288,33.389007]],[[126.266161,33.389508],[126.266161,33.389499],[126.26615,33.389499],[126.26615,33.389508],[126.266161,33.389508]],[[126.266306,33.389069],[126.266306,33.38906],[126.266296,33.38906],[126.266295,33.389069],[126.266306,33.389069]],[[126.266217,33.387809],[126.266218,33.3878],[126.266207,33.3878],[126.266207,33.387809],[126.266217,33.387809]],[[126.266397,33.387514],[126.266397,33.387505],[126.266387,33.387505],[126.266387,33.387514],[126.266397,33.387514]],[[126.26612,33.389178],[126.26612,33.389169],[126.266109,33.389169],[126.266109,33.389178],[126.26612,33.389178]],[[126.265996,33.389776],[126.265996,33.389767],[126.265986,33.389767],[126.265986,33.389776],[126.265996,33.389776]],[[126.266038,33.388332],[126.266038,33.388323],[126.266028,33.388323],[126.266028,33.388332],[126.266038,33.388332]],[[126.266144,33.389703],[126.266144,33.389694],[126.266133,33.389693],[126.266133,33.389702],[126.266144,33.389703]],[[126.267511,33.386615],[126.267512,33.386606],[126.267501,33.386606],[126.267501,33.386615],[126.267511,33.386615]],[[126.267423,33.386688],[126.267423,33.386679],[126.267412,33.386679],[126.267412,33.386688],[126.267423,33.386688]],[[126.266209,33.38872],[126.266209,33.388711],[126.266199,33.388711],[126.266199,33.38872],[126.266209,33.38872]],[[126.266629,33.386604],[126.266629,33.386595],[126.266618,33.386595],[126.266618,33.386604],[126.266629,33.386604]],[[126.266336,33.387121],[126.266336,33.387112],[126.266326,33.387112],[126.266325,33.387121],[126.266336,33.387121]],[[126.267169,33.386866],[126.267169,33.386857],[126.267158,33.386857],[126.267158,33.386866],[126.267169,33.386866]],[[126.266026,33.389534],[126.266026,33.389525],[126.266015,33.389525],[126.266015,33.389534],[126.266026,33.389534]],[[126.266425,33.38726],[126.266425,33.387251],[126.266414,33.387251],[126.266414,33.38726],[126.266425,33.38726]],[[126.267195,33.386828],[126.267195,33.386819],[126.267185,33.386819],[126.267185,33.386828],[126.267195,33.386828]],[[126.266732,33.387098],[126.266732,33.387089],[126.266722,33.387089],[126.266722,33.387098],[126.266732,33.387098]],[[126.267384,33.38664],[126.267384,33.386631],[126.267373,33.386631],[126.267373,33.38664],[126.267384,33.38664]],[[126.266155,33.387729],[126.266156,33.38772],[126.266145,33.38772],[126.266145,33.387729],[126.266155,33.387729]],[[126.266104,33.38849],[126.266104,33.388481],[126.266094,33.388481],[126.266093,33.38849],[126.266104,33.38849]],[[126.26797,33.386549],[126.26797,33.38654],[126.267959,33.38654],[126.267959,33.386549],[126.26797,33.386549]],[[126.268107,33.386556],[126.268107,33.386547],[126.268097,33.386547],[126.268097,33.386556],[126.268107,33.386556]],[[126.266288,33.388633],[126.266288,33.388624],[126.266277,33.388624],[126.266277,33.388633],[126.266288,33.388633]],[[126.26771,33.386671],[126.26771,33.386662],[126.2677,33.386662],[126.2677,33.386671],[126.26771,33.386671]],[[126.266263,33.388513],[126.266264,33.388504],[126.266253,33.388504],[126.266253,33.388513],[126.266263,33.388513]],[[126.266226,33.389396],[126.266226,33.389387],[126.266215,33.389387],[126.266215,33.389396],[126.266226,33.389396]],[[126.267371,33.386712],[126.267371,33.386703],[126.26736,33.386703],[126.26736,33.386712],[126.267371,33.386712]],[[126.266054,33.389347],[126.266054,33.389338],[126.266044,33.389338],[126.266043,33.389347],[126.266054,33.389347]],[[126.266702,33.387121],[126.266702,33.387112],[126.266691,33.387112],[126.266691,33.387121],[126.266702,33.387121]],[[126.26619,33.388034],[126.26619,33.388025],[126.266179,33.388025],[126.266179,33.388034],[126.26619,33.388034]],[[126.266568,33.386734],[126.266568,33.386725],[126.266558,33.386725],[126.266558,33.386734],[126.266568,33.386734]],[[126.266302,33.388846],[126.266302,33.388837],[126.266291,33.388837],[126.266291,33.388846],[126.266302,33.388846]],[[126.266418,33.38748],[126.266418,33.387471],[126.266407,33.387471],[126.266407,33.38748],[126.266418,33.38748]],[[126.266181,33.389074],[126.266181,33.389065],[126.266171,33.389065],[126.266171,33.389074],[126.266181,33.389074]]]}},{"type":"Feature","id":3752,"properties":{"code":"15000005011000000000UOC1001000004","collectionId":"5396","date":"2025-10-01"},"geometry":{"type":"Polygon","coordinates":[[[126.785038,33.555431],[126.785093,33.555451],[126.78521,33.555564],[126.785188,33.555707],[126.785124,33.555733],[126.785087,33.555737],[126.785089,33.555776],[126.785003,33.555838],[126.785077,33.555868],[126.785114,33.555905],[126.785229,33.555906],[126.785354,33.556024],[126.785384,33.556032],[126.785435,33.556158],[126.785436,33.55622],[126.785649,33.556398],[126.785715,33.556416],[126.785721,33.556516],[126.785853,33.55687],[126.785792,33.55689],[126.785731,33.556936],[126.785741,33.557053],[126.785712,33.557123],[126.78559,33.557215],[126.78552,33.557252],[126.785476,33.557308],[126.785489,33.557362],[126.785513,33.5574],[126.785514,33.557414],[126.785478,33.55749],[126.785378,33.557567],[126.785326,33.557652],[126.784994,33.557781],[126.784963,33.557879],[126.784994,33.557982],[126.785027,33.558001],[126.784956,33.558077],[126.784941,33.558188],[126.784832,33.558399],[126.784849,33.55846],[126.784666,33.558481],[126.784661,33.558497],[126.784596,33.558569],[126.78453,33.558621],[126.784353,33.558741],[126.784322,33.558738],[126.78404,33.558596],[126.783996,33.558519],[126.783998,33.558493],[126.783957,33.558453],[126.78395,33.558422],[126.783825,33.558358],[126.783726,33.558291],[126.783643,33.558218],[126.783525,33.558188],[126.783449,33.55819],[126.783336,33.558124],[126.78331,33.558098],[126.783056,33.557786],[126.783053,33.557768],[126.783104,33.557683],[126.783216,33.557654],[126.783206,33.557637],[126.783183,33.557628],[126.783136,33.557585],[126.783103,33.557581],[126.783052,33.557511],[126.783014,33.557496],[126.78299,33.55742],[126.78303,33.557386],[126.783007,33.55731],[126.782983,33.557291],[126.783013,33.557224],[126.783059,33.557208],[126.783101,33.55721],[126.783154,33.55706],[126.783151,33.556957],[126.78318,33.556908],[126.783268,33.556908],[126.783307,33.556879],[126.783331,33.556846],[126.783293,33.556787],[126.783378,33.556771],[126.783351,33.556677],[126.783354,33.556641],[126.783342,33.556625],[126.783374,33.556586],[126.783327,33.556497],[126.783359,33.556469],[126.783378,33.556383],[126.783326,33.556306],[126.783322,33.556287],[126.783417,33.55627],[126.783457,33.5563],[126.783497,33.556301],[126.783498,33.556257],[126.783529,33.556184],[126.783601,33.5562],[126.783655,33.556189],[126.783765,33.556092],[126.783871,33.556088],[126.783918,33.556005],[126.783928,33.555953],[126.783941,33.555936],[126.783966,33.555932],[126.784043,33.555873],[126.78406,33.555843],[126.784102,33.555863],[126.784172,33.555785],[126.784209,33.555761],[126.784456,33.555657],[126.784557,33.555628],[126.7846,33.555656],[126.784614,33.555647],[126.784847,33.555688],[126.78494,33.555638],[126.784979,33.55559],[126.784964,33.555534],[126.784922,33.555503],[126.784885,33.555457],[126.785026,33.555446],[126.785038,33.555431]]]}},{"type":"Feature","id":3753,"properties":{"code":"15500005011020080002UOC1000001001","collectionId":"5399","date":"2025-10-01"},"geometry":{"type":"Polygon","coordinates":[[[126.401202,33.45404],[126.401166,33.453873],[126.401225,33.453701],[126.401212,33.453676],[126.401335,33.453426],[126.401492,33.453416],[126.401612,33.453352],[126.401943,33.453044],[126.402045,33.452979],[126.402347,33.452966],[126.402534,33.452916],[126.402693,33.45269],[126.402925,33.45262],[126.403036,33.452518],[126.403148,33.452375],[126.403167,33.452261],[126.403204,33.452117],[126.403284,33.451989],[126.403378,33.451748],[126.403348,33.451624],[126.403361,33.451522],[126.403596,33.451203],[126.403839,33.450805],[126.403902,33.450723],[126.40402,33.450672],[126.40414,33.450515],[126.404163,33.450435],[126.404081,33.450272],[126.404126,33.450172],[126.404167,33.450011],[126.404146,33.449834],[126.404374,33.44973],[126.404557,33.449592],[126.405004,33.449617],[126.405034,33.449576],[126.405199,33.449713],[126.405427,33.449739],[126.405559,33.449732],[126.405699,33.449667],[126.405782,33.449578],[126.405847,33.449445],[126.405896,33.449454],[126.405913,33.449412],[126.406288,33.449488],[126.406356,33.449489],[126.406601,33.449591],[126.406927,33.449528],[126.407025,33.44948],[126.407414,33.449215],[126.407722,33.449141],[126.407904,33.449218],[126.408151,33.449262],[126.408298,33.449195],[126.408249,33.449134],[126.408323,33.44909],[126.408439,33.448913],[126.4086,33.448837],[126.408795,33.448849],[126.408917,33.448848],[126.408966,33.448825],[126.409013,33.448756],[126.409084,33.448626],[126.40915,33.448425],[126.409118,33.448232],[126.409181,33.448177],[126.409382,33.448263],[126.40953,33.448166],[126.409598,33.448033],[126.409672,33.447954],[126.409698,33.447827],[126.409641,33.447623],[126.409704,33.447466],[126.409792,33.447374],[126.409934,33.447446],[126.410127,33.447484],[126.410131,33.44746],[126.410241,33.44741],[126.410312,33.447262],[126.410588,33.447153],[126.410607,33.446945],[126.410638,33.446835],[126.410703,33.446706],[126.411239,33.446598],[126.411359,33.446547],[126.41151,33.446374],[126.411592,33.446311],[126.411653,33.44634],[126.411748,33.446349],[126.411819,33.446331],[126.411865,33.446279],[126.411952,33.446249],[126.412037,33.446233],[126.412102,33.446159],[126.412152,33.445884],[126.412158,33.445775],[126.412204,33.445569],[126.412314,33.445531],[126.412326,33.44554],[126.412533,33.445558],[126.413611,33.445582],[126.413832,33.445605],[126.414151,33.445718],[126.4142,33.445745],[126.414252,33.445813],[126.41433,33.445859],[126.414529,33.445876],[126.414491,33.445926],[126.41452,33.445946],[126.414579,33.445935],[126.414681,33.445953],[126.414999,33.446039],[126.415269,33.446103],[126.415733,33.446178],[126.41627,33.44628],[126.416326,33.446303],[126.416373,33.446465],[126.4164,33.44669],[126.416491,33.446939],[126.416604,33.447189],[126.416595,33.447345],[126.416533,33.447447],[126.416578,33.447732],[126.416712,33.448036],[126.416813,33.44818],[126.416889,33.448374],[126.416911,33.448513],[126.416488,33.449267],[126.416403,33.449789],[126.416432,33.450047],[126.416419,33.450171],[126.416491,33.450377],[126.4165,33.450523],[126.416307,33.450522],[126.416282,33.4508],[126.416291,33.450931],[126.416459,33.451506],[126.416548,33.451693],[126.416659,33.45187],[126.416773,33.452008],[126.416842,33.452158],[126.416891,33.452511],[126.416517,33.452493],[126.416389,33.452529],[126.416186,33.452571],[126.416054,33.452556],[126.416017,33.452689],[126.415918,33.452801],[126.415973,33.45285],[126.416004,33.452995],[126.415997,33.453121],[126.415972,33.453273],[126.415893,33.453328],[126.41558,33.453415],[126.415265,33.453556],[126.415275,33.453604],[126.414814,33.453584],[126.414562,33.453542],[126.414464,33.453571],[126.41439,33.453523],[126.414372,33.453534],[126.414325,33.45351],[126.414241,33.453544],[126.414175,33.453608],[126.414123,33.453609],[126.41401,33.453787],[126.413959,33.453841],[126.413935,33.453893],[126.413729,33.453827],[126.413554,33.453859],[126.413402,33.453837],[126.413276,33.453896],[126.413184,33.453961],[126.412964,33.454194],[126.412944,33.454288],[126.412989,33.454368],[126.412981,33.454591],[126.412886,33.454561],[126.412837,33.454575],[126.412756,33.45457],[126.41266,33.454852],[126.41256,33.454876],[126.412578,33.455122],[126.412447,33.455278],[126.41243,33.455353],[126.412163,33.455593],[126.412084,33.455724],[126.412029,33.455902],[126.412002,33.45611],[126.411855,33.45615],[126.411748,33.456212],[126.411699,33.456264],[126.411653,33.456288],[126.41166,33.456311],[126.411672,33.456588],[126.411574,33.456785],[126.411427,33.456912],[126.411227,33.456985],[126.411167,33.457],[126.411048,33.457068],[126.410996,33.457028],[126.410738,33.456979],[126.410383,33.456836],[126.410165,33.456765],[126.409966,33.456751],[126.410131,33.456579],[126.410271,33.45635],[126.410442,33.455888],[126.410541,33.455902],[126.411131,33.455923],[126.411237,33.455894],[126.411316,33.455826],[126.411443,33.455598],[126.411581,33.455436],[126.41177,33.455036],[126.411935,33.45442],[126.412004,33.453893],[126.412033,33.453298],[126.412121,33.45318],[126.412283,33.45307],[126.412534,33.452949],[126.412677,33.452926],[126.41291,33.452843],[126.413126,33.452757],[126.413287,33.452739],[126.41365,33.452626],[126.413884,33.452581],[126.414074,33.452557],[126.414518,33.452514],[126.415066,33.452444],[126.415222,33.452437],[126.415534,33.452395],[126.415687,33.452299],[126.415921,33.451962],[126.415958,33.45189],[126.415979,33.451701],[126.415981,33.451516],[126.415968,33.451173],[126.416001,33.451008],[126.416001,33.45083],[126.416069,33.450609],[126.416188,33.449878],[126.416254,33.449716],[126.416329,33.449225],[126.416543,33.448912],[126.416776,33.44853],[126.416767,33.448452],[126.416633,33.448314],[126.416436,33.448163],[126.415908,33.447803],[126.415842,33.447716],[126.415705,33.447637],[126.415558,33.447569],[126.415451,33.447466],[126.415157,33.447245],[126.414676,33.446803],[126.414295,33.44647],[126.414204,33.44642],[126.414087,33.446389],[126.413591,33.446309],[126.413441,33.446382],[126.412724,33.446656],[126.412559,33.446678],[126.412302,33.44669],[126.411706,33.446793],[126.411698,33.446788],[126.411692,33.446795],[126.411591,33.446812],[126.41163,33.446691],[126.411573,33.44668],[126.411513,33.446721],[126.411289,33.446951],[126.411249,33.446955],[126.410616,33.447274],[126.41058,33.44725],[126.410351,33.447332],[126.410324,33.447397],[126.410266,33.44747],[126.410191,33.447599],[126.410016,33.447827],[126.409695,33.448112],[126.409374,33.4486],[126.409248,33.448752],[126.409095,33.448871],[126.409073,33.448868],[126.408942,33.448949],[126.408968,33.448982],[126.40866,33.449177],[126.408392,33.449266],[126.408222,33.449306],[126.408172,33.449309],[126.407054,33.449673],[126.406442,33.449809],[126.406282,33.449795],[126.40588,33.449798],[126.405833,33.449802],[126.405682,33.449837],[126.405595,33.449845],[126.405321,33.449931],[126.405071,33.450038],[126.405043,33.450014],[126.404872,33.450088],[126.404701,33.450181],[126.404323,33.450686],[126.404173,33.450828],[126.40416,33.45086],[126.404348,33.450916],[126.404267,33.451065],[126.404022,33.451632],[126.403372,33.452794],[126.403257,33.452976],[126.403181,33.452996],[126.403158,33.453011],[126.402266,33.453613],[126.402003,33.453875],[126.402,33.453929],[126.402091,33.454051],[126.402378,33.454328],[126.402382,33.454393],[126.402419,33.454471],[126.402635,33.454683],[126.402801,33.454771],[126.402789,33.454802],[126.402853,33.45486],[126.403249,33.455027],[126.403674,33.455226],[126.403698,33.455212],[126.403811,33.455281],[126.404002,33.455454],[126.404314,33.455608],[126.404575,33.455676],[126.40476,33.455682],[126.405526,33.455531],[126.405628,33.45549],[126.40692,33.455147],[126.407075,33.455126],[126.407753,33.455183],[126.407655,33.45567],[126.407643,33.455786],[126.407751,33.455876],[126.407814,33.455887],[126.408287,33.456196],[126.408741,33.456472],[126.408928,33.45656],[126.409057,33.45664],[126.408366,33.456568],[126.408204,33.456546],[126.408056,33.456502],[126.407775,33.456476],[126.407672,33.456452],[126.407136,33.456372],[126.406688,33.456314],[126.406497,33.456302],[126.405828,33.456217],[126.40571,33.456194],[126.405637,33.45619],[126.405506,33.456145],[126.404798,33.456224],[126.404673,33.456254],[126.404471,33.456253],[126.404293,33.456222],[126.404088,33.456207],[126.404015,33.456172],[126.404025,33.456154],[126.403491,33.455917],[126.403031,33.455725],[126.402934,33.455664],[126.402717,33.455484],[126.402405,33.45536],[126.402114,33.45516],[126.402037,33.455156],[126.402006,33.455124],[126.40197,33.455012],[126.401986,33.454956],[126.402018,33.454939],[126.401988,33.454677],[126.401917,33.45458],[126.40168,33.454508],[126.40153,33.454434],[126.401407,33.454325],[126.401202,33.45404]]]}},{"type":"Feature","id":3754,"properties":{"code":"65000005011020240170UOC1000001011","collectionId":"5704","date":"2025-10-01"},"geometry":{"type":"Polygon","coordinates":[[[126.181853,33.357553],[126.181806,33.357579],[126.181717,33.357589],[126.181674,33.357586],[126.181636,33.357569],[126.181609,33.357541],[126.181597,33.357506],[126.181593,33.357443],[126.181615,33.3574],[126.181641,33.357379],[126.181759,33.357428],[126.181878,33.357406],[126.181897,33.357414],[126.181914,33.357452],[126.181911,33.357496],[126.181887,33.357532],[126.181853,33.357553]],[[126.181704,33.3575],[126.181773,33.357493],[126.181771,33.357475],[126.181808,33.357472],[126.181807,33.357463],[126.181771,33.357466],[126.181769,33.357448],[126.1817,33.357455],[126.181704,33.3575]]]}},{"type":"Feature","id":3755,"properties":{"code":"65000005011020240170UOC1000001061","collectionId":"5813","date":"2025-10-01"},"geometry":{"type":"Polygon","coordinates":[[[126.436826,33.474461],[126.436813,33.474438],[126.436828,33.474401],[126.436908,33.474372],[126.436925,33.474412],[126.436944,33.474429],[126.436919,33.474492],[126.436842,33.474488],[126.436826,33.474461]],[[126.436883,33.474421],[126.436859,33.474436],[126.43687,33.474453],[126.436889,33.474454],[126.436895,33.474438],[126.436883,33.474421]]]}},{"type":"Feature","id":3756,"properties":{"code":"65000005011020240170UOC1000001062","collectionId":"5816","date":"2025-10-01"},"geometry":{"type":"Polygon","coordinates":[[[126.438022,33.475319],[126.438006,33.475304],[126.438042,33.47528],[126.438051,33.475254],[126.438107,33.47525],[126.438141,33.475297],[126.438108,33.475359],[126.43805,33.475344],[126.438022,33.475319]],[[126.438092,33.4753],[126.438084,33.475288],[126.438069,33.475308],[126.438084,33.475315],[126.438092,33.4753]]]}},{"type":"Feature","id":3757,"properties":{"code":"65000005011020240170UOC1000001063","collectionId":"5817","date":"2025-10-01"},"geometry":{"type":"Polygon","coordinates":[[[126.439896,33.472062],[126.43996,33.472052],[126.43998,33.472105],[126.43997,33.472171],[126.43988,33.47213],[126.439876,33.472091],[126.439896,33.472062]],[[126.439923,33.472094],[126.43992,33.472099],[126.439921,33.472107],[126.439935,33.472114],[126.439936,33.472108],[126.43993,33.472093],[126.439923,33.472094]]]}},{"type":"Feature","id":3758,"properties":{"code":"65000005011020240170UOC1000001064","collectionId":"5819","date":"2025-10-01"},"geometry":{"type":"Polygon","coordinates":[[[126.439302,33.472285],[126.439328,33.472251],[126.439398,33.472244],[126.439429,33.472309],[126.439322,33.47236],[126.439302,33.472285]],[[126.439348,33.472292],[126.439351,33.472305],[126.439375,33.472293],[126.439371,33.472283],[126.439353,33.472285],[126.439348,33.472292]]]}},{"type":"Feature","id":3759,"properties":{"code":"65000005011020090071UOC1000001001","collectionId":"5397","date":"2025-10-01"},"geometry":{"type":"Polygon","coordinates":[[[126.701386,33.548823],[126.701299,33.548897],[126.7011,33.548915],[126.701073,33.548965],[126.700887,33.549025],[126.700674,33.549053],[126.700559,33.549007],[126.700569,33.54893],[126.70069,33.548877],[126.7007,33.548808],[126.700812,33.548633],[126.700811,33.548601],[126.700947,33.54853],[126.701008,33.548454],[126.701259,33.548255],[126.701298,33.548209],[126.701425,33.548205],[126.701477,33.548258],[126.701483,33.548294],[126.701529,33.548299],[126.701518,33.548366],[126.701506,33.548397],[126.701492,33.548389],[126.70147,33.548486],[126.701494,33.548673],[126.701453,33.548766],[126.701386,33.548823]],[[126.700694,33.548962],[126.700784,33.548939],[126.700836,33.548916],[126.700872,33.548929],[126.700881,33.548922],[126.700879,33.548907],[126.700951,33.548886],[126.701042,33.548835],[126.701047,33.548798],[126.701197,33.54877],[126.701258,33.548741],[126.701302,33.548689],[126.701307,33.548661],[126.701333,33.548488],[126.701335,33.5483],[126.701308,33.548299],[126.701283,33.548325],[126.701253,33.548397],[126.7012,33.548451],[126.701161,33.548478],[126.701152,33.548518],[126.701165,33.548529],[126.701183,33.548576],[126.701182,33.548595],[126.701158,33.548633],[126.701119,33.548673],[126.701001,33.548723],[126.700933,33.548769],[126.700913,33.548797],[126.700874,33.548807],[126.700852,33.548849],[126.70082,33.548843],[126.700797,33.548868],[126.700785,33.548897],[126.700764,33.54891],[126.700694,33.54892],[126.700675,33.548932],[126.700672,33.548953],[126.700694,33.548962]]]}},{"type":"Feature","id":3760,"properties":{"code":"65000005011020090068UOC1000001001","collectionId":"5400","date":"2025-10-01"},"geometry":{"type":"Polygon","coordinates":[[[126.824851,33.558721],[126.824917,33.558635],[126.824992,33.55862],[126.82512,33.558686],[126.82521,33.558684],[126.825557,33.558652],[126.825665,33.558663],[126.825802,33.558685],[126.826012,33.558751],[126.826073,33.558778],[126.826118,33.558783],[126.82616,33.558778],[126.826438,33.558779],[126.826525,33.55876],[126.826558,33.558732],[126.826465,33.55864],[126.826413,33.558613],[126.826406,33.558569],[126.826286,33.558465],[126.826189,33.558363],[126.825897,33.558104],[126.82578,33.557982],[126.825735,33.557916],[126.825695,33.55782],[126.825617,33.557678],[126.825544,33.557576],[126.825557,33.557508],[126.825658,33.557438],[126.825726,33.557448],[126.82587,33.557662],[126.82596,33.557856],[126.82598,33.557882],[126.826185,33.55808],[126.82638,33.558245],[126.826542,33.558411],[126.826595,33.55845],[126.826631,33.558501],[126.826725,33.558515],[126.826846,33.558683],[126.826801,33.558716],[126.826788,33.558786],[126.826751,33.558843],[126.826692,33.558907],[126.826563,33.55896],[126.826466,33.558973],[126.826196,33.558967],[126.826127,33.558977],[126.826013,33.558965],[126.82582,33.558896],[126.825704,33.558863],[126.825621,33.558848],[126.825553,33.558844],[126.825227,33.558874],[126.825058,33.558878],[126.824868,33.558782],[126.824851,33.558721]],[[126.826124,33.558886],[126.826188,33.558876],[126.826458,33.558883],[126.82653,33.558873],[126.826622,33.558835],[126.826648,33.558811],[126.826685,33.558756],[126.826692,33.558719],[126.826687,33.558697],[126.826621,33.558617],[126.826546,33.558558],[126.826511,33.558509],[126.826466,33.558475],[126.826299,33.558305],[126.826109,33.558143],[126.825892,33.557935],[126.825863,33.557896],[126.825773,33.5577],[126.825671,33.557546],[126.825656,33.557557],[126.825769,33.557734],[126.825833,33.557878],[126.82587,33.557932],[126.825978,33.558044],[126.826269,33.558303],[126.826365,33.558403],[126.826507,33.558524],[126.826513,33.558559],[126.826536,33.558571],[126.826677,33.558714],[126.826668,33.558752],[126.826613,33.558821],[126.826545,33.558848],[126.826471,33.558867],[126.826167,33.558868],[126.826118,33.558874],[126.82604,33.558865],[126.825968,33.558832],[126.825766,33.558771],[126.825648,33.558752],[126.825565,33.558743],[126.825091,33.558777],[126.824979,33.55872],[126.824972,33.55873],[126.825086,33.558788],[126.82522,33.558784],[126.825552,33.558754],[126.825636,33.558759],[126.825733,33.558776],[126.825858,33.558812],[126.826042,33.558877],[126.826124,33.558886]]]}},{"type":"Feature","id":3761,"properties":{"code":"65000005011020090115UOC1000001001","collectionId":"5398","date":"2025-10-01"},"geometry":{"type":"MultiPolygon","coordinates":[[[[126.259662,33.401717],[126.259679,33.401624],[126.259759,33.40161],[126.259922,33.401275],[126.260091,33.40108],[126.26001,33.401026],[126.260163,33.400836],[126.260444,33.400454],[126.260469,33.400402],[126.260468,33.400372],[126.260509,33.40027],[126.260652,33.400188],[126.260964,33.399949],[126.261291,33.399732],[126.261328,33.399697],[126.261451,33.399612],[126.261465,33.399593],[126.261872,33.399483],[126.262129,33.399399],[126.262268,33.399366],[126.26257,33.399342],[126.26265,33.399272],[126.262723,33.399225],[126.262753,33.399194],[126.262837,33.399188],[126.262915,33.399204],[126.262984,33.399233],[126.263034,33.399273],[126.263073,33.399385],[126.263106,33.399368],[126.263065,33.399275],[126.26336,33.399274],[126.263435,33.399268],[126.263667,33.399299],[126.263761,33.399305],[126.264015,33.399295],[126.264098,33.399299],[126.264206,33.399329],[126.264344,33.399433],[126.264755,33.399711],[126.264886,33.39988],[126.264952,33.400096],[126.265017,33.400234],[126.265055,33.400395],[126.265087,33.400588],[126.265084,33.400719],[126.265073,33.401022],[126.265045,33.401139],[126.264998,33.401262],[126.264837,33.401578],[126.264777,33.401629],[126.264717,33.40165],[126.264428,33.401932],[126.26417,33.402124],[126.264,33.402211],[126.263983,33.402166],[126.263945,33.40213],[126.263606,33.402359],[126.263435,33.402495],[126.26332,33.402565],[126.263251,33.402549],[126.26364,33.40227],[126.263996,33.402029],[126.263962,33.401946],[126.264142,33.401797],[126.26457,33.401385],[126.264711,33.401215],[126.264775,33.401064],[126.264796,33.400987],[126.264811,33.40066],[126.264789,33.400443],[126.264764,33.400341],[126.264649,33.400107],[126.264599,33.400019],[126.264429,33.399848],[126.264289,33.399735],[126.264174,33.399677],[126.264009,33.399614],[126.263785,33.399603],[126.263432,33.399599],[126.262922,33.399562],[126.262786,33.399576],[126.262768,33.39957],[126.262535,33.399582],[126.262342,33.399613],[126.261957,33.399732],[126.261831,33.39976],[126.261585,33.399856],[126.261454,33.399935],[126.261065,33.400206],[126.260771,33.400439],[126.260547,33.400753],[126.260369,33.400966],[126.260185,33.401143],[126.260153,33.401122],[126.260064,33.401236],[126.259888,33.40157],[126.259826,33.401671],[126.259879,33.401887],[126.259938,33.402011],[126.260029,33.402098],[126.260037,33.402137],[126.259903,33.402153],[126.259893,33.402131],[126.259926,33.402106],[126.259727,33.401738],[126.259662,33.401717]],[[126.264104,33.40202],[126.264296,33.40188],[126.264469,33.401725],[126.26463,33.401554],[126.264717,33.401564],[126.264745,33.401557],[126.264762,33.401512],[126.264745,33.401434],[126.264763,33.401404],[126.264895,33.401258],[126.26496,33.401097],[126.26497,33.401047],[126.264989,33.400665],[126.264982,33.400539],[126.264963,33.400416],[126.264869,33.400134],[126.26479,33.399956],[126.264825,33.399935],[126.264829,33.399919],[126.26476,33.399854],[126.264712,33.399884],[126.264601,33.39977],[126.26439,33.399621],[126.26416,33.399482],[126.264174,33.399427],[126.26407,33.399409],[126.26405,33.399454],[126.263763,33.399445],[126.263456,33.399447],[126.263451,33.399509],[126.263994,33.399519],[126.264041,33.399528],[126.264146,33.399564],[126.264355,33.399663],[126.264508,33.399787],[126.26469,33.39997],[126.264748,33.40007],[126.264867,33.400314],[126.264892,33.400397],[126.264918,33.400658],[126.264903,33.400999],[126.264879,33.401089],[126.264792,33.40127],[126.264654,33.401441],[126.264393,33.401699],[126.2642,33.401877],[126.264059,33.401987],[126.264104,33.40202]],[[126.261598,33.399751],[126.261794,33.399675],[126.261904,33.399649],[126.262312,33.399525],[126.262522,33.399492],[126.262923,33.399471],[126.263293,33.399498],[126.263312,33.399444],[126.262968,33.399412],[126.262761,33.39942],[126.262773,33.399342],[126.262808,33.399309],[126.262886,33.399307],[126.262913,33.399326],[126.262936,33.399359],[126.262989,33.399343],[126.262984,33.399322],[126.262938,33.399277],[126.262903,33.399264],[126.2628,33.399257],[126.262772,33.399267],[126.262737,33.399292],[126.262709,33.399343],[126.262702,33.399422],[126.262613,33.399422],[126.262404,33.399451],[126.262208,33.399493],[126.261656,33.39967],[126.261598,33.399697],[126.261584,33.399713],[126.261598,33.399751]],[[126.260544,33.400384],[126.260695,33.400352],[126.260722,33.400354],[126.260994,33.400137],[126.261388,33.399865],[126.261542,33.399771],[126.261496,33.399709],[126.261482,33.399719],[126.261478,33.399747],[126.260852,33.400174],[126.260682,33.400336],[126.260624,33.400301],[126.260591,33.400306],[126.260544,33.400384]],[[126.26018,33.40101],[126.260284,33.40091],[126.260456,33.400704],[126.260625,33.400468],[126.260609,33.400417],[126.260581,33.400431],[126.260246,33.4009],[126.260177,33.40098],[126.26018,33.40101]]],[[[126.261017,33.403025],[126.261017,33.402976],[126.261598,33.403105],[126.261615,33.403074],[126.261767,33.4031],[126.261956,33.403114],[126.261948,33.403165],[126.262202,33.403123],[126.262367,33.403052],[126.262509,33.402955],[126.262531,33.40291],[126.262607,33.402889],[126.262635,33.402889],[126.26298,33.402727],[126.263003,33.402697],[126.263165,33.402582],[126.263284,33.402622],[126.263334,33.402619],[126.263402,33.40259],[126.263409,33.40264],[126.263387,33.402695],[126.263338,33.402735],[126.263293,33.402756],[126.263245,33.402744],[126.26315,33.402703],[126.263024,33.402756],[126.262707,33.402911],[126.262675,33.402951],[126.262576,33.40299],[126.26247,33.403057],[126.262314,33.403182],[126.262227,33.403275],[126.262164,33.403276],[126.262112,33.403254],[126.262095,33.403221],[126.261867,33.403202],[126.26167,33.403151],[126.261017,33.403025]]]]}},{"type":"Feature","id":3762,"properties":{"code":"65000005011020090064UOC1000001001","collectionId":"5401","date":"2025-10-01"},"geometry":{"type":"Polygon","coordinates":[[[126.574064,33.526075],[126.574085,33.526036],[126.574183,33.525988],[126.574276,33.526019],[126.574319,33.526121],[126.574375,33.526316],[126.574395,33.526464],[126.574412,33.526511],[126.574405,33.526576],[126.57442,33.526699],[126.574612,33.526906],[126.574735,33.52711],[126.574768,33.52718],[126.574855,33.527303],[126.57495,33.527401],[126.575074,33.527475],[126.575146,33.527501],[126.575202,33.527533],[126.575279,33.527553],[126.57538,33.527596],[126.575441,33.527603],[126.575523,33.527594],[126.575692,33.527627],[126.575962,33.527584],[126.576083,33.527529],[126.576089,33.527548],[126.576193,33.527655],[126.576172,33.527697],[126.576216,33.527739],[126.576215,33.52783],[126.576153,33.527883],[126.576041,33.527884],[126.575818,33.527828],[126.57569,33.527806],[126.575478,33.527805],[126.575331,33.527813],[126.575159,33.527746],[126.574924,33.527641],[126.57473,33.527511],[126.574562,33.527306],[126.574444,33.527076],[126.574381,33.526988],[126.574291,33.526907],[126.574267,33.526869],[126.574187,33.526678],[126.574165,33.526493],[126.574141,33.526376],[126.574143,33.526348],[126.574064,33.526075]],[[126.576103,33.527794],[126.576104,33.527772],[126.576068,33.527774],[126.575769,33.527693],[126.575532,33.527686],[126.575474,33.527696],[126.575379,33.527691],[126.57524,33.527639],[126.575145,33.527613],[126.574984,33.527533],[126.574865,33.527457],[126.574739,33.527319],[126.574669,33.527221],[126.574635,33.527149],[126.574519,33.526955],[126.574424,33.52685],[126.574347,33.526728],[126.574288,33.526485],[126.57427,33.526385],[126.574274,33.526353],[126.574234,33.526195],[126.57419,33.526089],[126.574178,33.526095],[126.574251,33.52634],[126.574249,33.526371],[126.574293,33.526659],[126.574369,33.52682],[126.574363,33.526828],[126.574379,33.526855],[126.574472,33.526935],[126.574589,33.527126],[126.574658,33.527264],[126.57481,33.52745],[126.574984,33.527566],[126.575207,33.527666],[126.575351,33.527722],[126.575704,33.527716],[126.575844,33.527741],[126.576056,33.527793],[126.576103,33.527794]]]}},{"type":"Feature","id":3763,"properties":{"code":"65000005011020090046UOC1000001001","collectionId":"5307","date":"2025-10-01"},"geometry":{"type":"Polygon","coordinates":[[[126.31317,33.465756],[126.313144,33.465868],[126.312929,33.465832],[126.312932,33.46581],[126.312917,33.465762],[126.312956,33.465673],[126.313,33.465611],[126.313154,33.465641],[126.313167,33.465657],[126.313177,33.465711],[126.31317,33.465756]],[[126.313086,33.465784],[126.3131,33.465744],[126.313115,33.465703],[126.313017,33.465685],[126.313002,33.465727],[126.312987,33.465765],[126.313086,33.465784]]]}},{"type":"Feature","id":3764,"properties":{"code":"65000005011020090065UOC1000001001","collectionId":"5402","date":"2025-10-01"},"geometry":{"type":"Polygon","coordinates":[[[126.314667,33.469072],[126.314527,33.46909],[126.314363,33.469085],[126.314277,33.469054],[126.314164,33.469042],[126.314021,33.469005],[126.313902,33.46899],[126.313825,33.468969],[126.313682,33.468901],[126.313472,33.468816],[126.313318,33.468718],[126.313212,33.468669],[126.312997,33.468611],[126.312842,33.468551],[126.312776,33.468504],[126.312733,33.468452],[126.312724,33.468354],[126.312767,33.468303],[126.31277,33.46822],[126.312937,33.468294],[126.313147,33.468412],[126.313382,33.468511],[126.313581,33.468579],[126.313721,33.468691],[126.313814,33.468722],[126.313911,33.46877],[126.314146,33.468821],[126.314246,33.468854],[126.31442,33.468895],[126.314512,33.46889],[126.314656,33.468866],[126.314818,33.468858],[126.314958,33.468875],[126.315056,33.468847],[126.315188,33.468821],[126.315266,33.468784],[126.315366,33.468768],[126.315434,33.468775],[126.315548,33.468805],[126.3156,33.468827],[126.315769,33.468833],[126.315927,33.468791],[126.31596,33.468747],[126.315961,33.468667],[126.316003,33.468459],[126.316163,33.468448],[126.316224,33.468484],[126.316199,33.468684],[126.316204,33.468775],[126.316183,33.468852],[126.31605,33.468962],[126.315905,33.46901],[126.315772,33.469033],[126.315607,33.469031],[126.315512,33.469013],[126.315463,33.46899],[126.315367,33.468973],[126.31534,33.468977],[126.315249,33.469015],[126.315019,33.469066],[126.314942,33.469075],[126.314812,33.469052],[126.314667,33.469072]],[[126.314524,33.468999],[126.31482,33.468962],[126.314946,33.468983],[126.314997,33.468977],[126.315212,33.46893],[126.315299,33.468891],[126.31537,33.468882],[126.315502,33.468905],[126.315551,33.468928],[126.31562,33.468941],[126.315762,33.468942],[126.315874,33.468923],[126.31599,33.468885],[126.316085,33.468806],[126.316096,33.468767],[126.316092,33.468699],[126.316068,33.468694],[126.316068,33.46877],[126.316028,33.468832],[126.315987,33.468869],[126.315811,33.468916],[126.315743,33.468927],[126.315568,33.468915],[126.315507,33.468889],[126.315369,33.468859],[126.315307,33.468869],[126.31521,33.468909],[126.314988,33.468962],[126.314929,33.468965],[126.314813,33.468949],[126.314668,33.468955],[126.31453,33.468979],[126.314406,33.468986],[126.314302,33.46895],[126.314219,33.468942],[126.314113,33.468907],[126.313867,33.468853],[126.313766,33.468803],[126.31367,33.468766],[126.313614,33.468732],[126.313587,33.468699],[126.313577,33.468717],[126.313651,33.468783],[126.313868,33.468886],[126.313927,33.468902],[126.314045,33.468917],[126.314187,33.468953],[126.314308,33.468966],[126.314387,33.468996],[126.314524,33.468999]],[[126.313473,33.468703],[126.313536,33.468664],[126.313282,33.468531],[126.313083,33.468461],[126.313002,33.468532],[126.313052,33.468543],[126.31312,33.468541],[126.313161,33.468561],[126.313254,33.468586],[126.313377,33.468642],[126.313473,33.468703]],[[126.312964,33.468499],[126.313001,33.468458],[126.312815,33.468345],[126.312797,33.468362],[126.312845,33.468434],[126.3129,33.468475],[126.312964,33.468499]],[[126.316093,33.468662],[126.316109,33.468541],[126.316094,33.468541],[126.316071,33.468658],[126.316093,33.468662]]]}},{"type":"Feature","id":3765,"properties":{"code":"65000005011020240170UOC1000001069","collectionId":"5826","date":"2025-10-01"},"geometry":{"type":"Polygon","coordinates":[[[126.437044,33.476762],[126.437086,33.476744],[126.437133,33.47674],[126.437161,33.476776],[126.437153,33.476824],[126.437105,33.476838],[126.437045,33.476817],[126.437044,33.476762]],[[126.437088,33.476784],[126.437088,33.476793],[126.437114,33.476797],[126.437111,33.476778],[126.437088,33.476784]]]}},{"type":"Feature","id":3766,"properties":{"code":"65000005011020090097UOC1000001001","collectionId":"5409","date":"2025-10-01"},"geometry":{"type":"Polygon","coordinates":[[[126.454184,33.494682],[126.454184,33.494586],[126.454191,33.49457],[126.454447,33.494571],[126.454445,33.494791],[126.454183,33.49479],[126.454184,33.494682]],[[126.454338,33.4947],[126.454338,33.494683],[126.454339,33.494661],[126.454291,33.494661],[126.454291,33.494683],[126.454291,33.4947],[126.454338,33.4947]]]}},{"type":"Feature","id":3767,"properties":{"code":"65000005011020240170UOC1000001067","collectionId":"5823","date":"2025-10-01"},"geometry":{"type":"Polygon","coordinates":[[[126.441664,33.473456],[126.441643,33.47345],[126.441638,33.473408],[126.441704,33.473371],[126.441744,33.473381],[126.44176,33.473418],[126.441745,33.473458],[126.441713,33.473471],[126.441664,33.473456]],[[126.441715,33.473419],[126.441711,33.47341],[126.441684,33.473426],[126.441693,33.473428],[126.44171,33.473432],[126.441715,33.473419]]]}},{"type":"Feature","id":3768,"properties":{"code":"65000005011020240170UOC1000001070","collectionId":"5827","date":"2025-10-01"},"geometry":{"type":"Polygon","coordinates":[[[126.586702,33.517224],[126.586722,33.517236],[126.586704,33.517298],[126.586645,33.517301],[126.58661,33.517281],[126.586604,33.517242],[126.586633,33.517212],[126.586679,33.517211],[126.586702,33.517224]],[[126.586654,33.517247],[126.58665,33.51726],[126.586669,33.517264],[126.586673,33.517251],[126.586654,33.517247]]]}},{"type":"Feature","id":3769,"properties":{"code":"65000005011020090063UOC1000001001","collectionId":"5403","date":"2025-10-01"},"geometry":{"type":"Polygon","coordinates":[[[126.567339,33.526506],[126.567408,33.526317],[126.567526,33.526369],[126.567657,33.526409],[126.567894,33.526512],[126.567937,33.526551],[126.568003,33.526639],[126.568142,33.526867],[126.568218,33.526924],[126.568296,33.526968],[126.568431,33.527014],[126.568755,33.527024],[126.568789,33.526992],[126.568795,33.526971],[126.568807,33.526903],[126.568793,33.526843],[126.568799,33.526821],[126.568717,33.526797],[126.568677,33.526727],[126.568634,33.526569],[126.568666,33.526355],[126.568816,33.526293],[126.5689,33.526352],[126.568972,33.52639],[126.569187,33.526263],[126.569337,33.526192],[126.569451,33.526127],[126.569632,33.526044],[126.570068,33.525871],[126.570237,33.525784],[126.570403,33.525732],[126.570515,33.525684],[126.570577,33.525632],[126.570798,33.525537],[126.570925,33.525475],[126.571062,33.525459],[126.571241,33.525454],[126.5714,33.525435],[126.571592,33.525456],[126.571702,33.525491],[126.57174,33.525516],[126.571861,33.52553],[126.571947,33.52553],[126.572131,33.525507],[126.572244,33.525447],[126.572272,33.525424],[126.572327,33.525407],[126.572416,33.52536],[126.572569,33.525311],[126.57283,33.525198],[126.572915,33.525171],[126.573016,33.525151],[126.573072,33.525233],[126.573042,33.525243],[126.573105,33.525324],[126.572811,33.525431],[126.572665,33.525505],[126.572487,33.525561],[126.572221,33.52569],[126.572088,33.52572],[126.571965,33.525734],[126.571834,33.525733],[126.571696,33.525717],[126.571634,33.525698],[126.571569,33.525658],[126.571408,33.525638],[126.571249,33.525659],[126.571023,33.525674],[126.570791,33.525769],[126.570734,33.525799],[126.570644,33.525869],[126.570507,33.525926],[126.570426,33.525947],[126.570204,33.526054],[126.56957,33.526302],[126.569174,33.526516],[126.569048,33.52685],[126.56903,33.526981],[126.568997,33.527106],[126.568952,33.527172],[126.568901,33.527187],[126.568861,33.527225],[126.568395,33.527213],[126.568184,33.527149],[126.568041,33.527061],[126.567944,33.526981],[126.567789,33.526731],[126.567736,33.526662],[126.567339,33.526506]],[[126.569091,33.526454],[126.569522,33.526222],[126.570152,33.525975],[126.57038,33.525867],[126.570466,33.525842],[126.570583,33.525794],[126.570667,33.525728],[126.570737,33.525691],[126.570989,33.525589],[126.57103,33.52558],[126.571237,33.52557],[126.571407,33.525547],[126.571609,33.525573],[126.571686,33.525618],[126.571722,33.525629],[126.571842,33.525643],[126.571959,33.525644],[126.572067,33.525632],[126.572178,33.525606],[126.572434,33.525482],[126.572617,33.525424],[126.572762,33.525351],[126.572984,33.525275],[126.572981,33.525265],[126.572977,33.52526],[126.57296,33.525266],[126.572954,33.525255],[126.572872,33.525281],[126.572615,33.525393],[126.572464,33.525441],[126.572374,33.525488],[126.572331,33.525502],[126.57218,33.525587],[126.572082,33.525604],[126.571953,33.525621],[126.571845,33.525619],[126.571704,33.525602],[126.571629,33.525564],[126.571565,33.525544],[126.571403,33.525525],[126.571252,33.525544],[126.571072,33.525549],[126.57096,33.525562],[126.570849,33.525617],[126.570643,33.525704],[126.570585,33.525753],[126.570557,33.525768],[126.570444,33.525817],[126.570286,33.525865],[126.570119,33.525951],[126.569684,33.526123],[126.569512,33.526202],[126.569249,33.526337],[126.569073,33.526441],[126.569091,33.526454]],[[126.568813,33.527134],[126.568839,33.52711],[126.568879,33.527098],[126.568895,33.527074],[126.568924,33.526966],[126.568943,33.52683],[126.569081,33.526462],[126.569059,33.526454],[126.569056,33.52646],[126.569048,33.526458],[126.568946,33.526755],[126.568901,33.526851],[126.56892,33.526851],[126.568914,33.526913],[126.568878,33.527067],[126.568797,33.527116],[126.568412,33.527104],[126.568332,33.52708],[126.568323,33.527095],[126.568414,33.527123],[126.568813,33.527134]],[[126.568305,33.527091],[126.568313,33.527076],[126.568242,33.527047],[126.568153,33.526996],[126.568056,33.526922],[126.567909,33.526683],[126.567825,33.526583],[126.567614,33.526492],[126.567483,33.526452],[126.567431,33.526429],[126.567422,33.52644],[126.567797,33.526587],[126.567882,33.526685],[126.568032,33.526929],[126.568109,33.526991],[126.568236,33.527069],[126.568305,33.527091]]]}},{"type":"Feature","id":3770,"properties":{"code":"65000005011020090112UOC1000001001","collectionId":"5405","date":"2025-10-01"},"geometry":{"type":"Polygon","coordinates":[[[126.528641,33.505068],[126.528621,33.505104],[126.528593,33.505153],[126.528582,33.505153],[126.528583,33.505059],[126.528641,33.505068]]]}},{"type":"Feature","id":3771,"properties":{"code":"65000005011020240170UOC1000001068","collectionId":"5825","date":"2025-10-01"},"geometry":{"type":"Polygon","coordinates":[[[126.44163,33.472578],[126.441639,33.472647],[126.44156,33.472677],[126.441508,33.472629],[126.441542,33.472576],[126.44163,33.472578]],[[126.441567,33.472613],[126.44156,33.472623],[126.441578,33.472639],[126.44159,33.472631],[126.44159,33.472609],[126.441567,33.472613]]]}},{"type":"Feature","id":3772,"properties":{"code":"65000005011020090116UOC1000001001","collectionId":"5406","date":"2025-10-01"},"geometry":{"type":"Polygon","coordinates":[[[126.26081,33.402881],[126.260915,33.402944],[126.260886,33.402996],[126.260795,33.402943],[126.26056,33.40272],[126.26036,33.402555],[126.260071,33.402276],[126.259929,33.402314],[126.259865,33.402281],[126.259809,33.40224],[126.259784,33.402171],[126.259956,33.402165],[126.260158,33.402189],[126.26017,33.402269],[126.260279,33.402405],[126.2606,33.402678],[126.260749,33.402831],[126.26081,33.402881]]]}},{"type":"Feature","id":3773,"properties":{"code":"65000005011020090085UOC1000001001","collectionId":"5339","date":"2025-10-01"},"geometry":{"type":"Polygon","coordinates":[[[126.496145,33.506015],[126.496145,33.505967],[126.496264,33.505968],[126.496263,33.506016],[126.496263,33.506067],[126.496145,33.506066],[126.496145,33.506015]],[[126.496209,33.506022],[126.49621,33.506016],[126.49621,33.506013],[126.496199,33.506013],[126.496199,33.506016],[126.496199,33.506022],[126.496209,33.506022]]]}},{"type":"Feature","id":3774,"properties":{"code":"65000005011020090061UOC1000001001","collectionId":"5341","date":"2025-10-01"},"geometry":{"type":"Polygon","coordinates":[[[126.700292,33.54764],[126.70019,33.547625],[126.699951,33.547641],[126.699894,33.547725],[126.699831,33.547672],[126.699774,33.547466],[126.699799,33.547339],[126.699887,33.547383],[126.700136,33.547383],[126.700144,33.547343],[126.700192,33.547247],[126.700446,33.547296],[126.700515,33.547393],[126.700626,33.547496],[126.700521,33.547534],[126.700505,33.547593],[126.700531,33.547673],[126.700292,33.54764]],[[126.700292,33.547598],[126.700369,33.547562],[126.700468,33.5475],[126.700358,33.547391],[126.700163,33.547482],[126.700198,33.547566],[126.700244,33.547597],[126.700292,33.547598]]]}},{"type":"Feature","id":3775,"properties":{"code":"15500005011020080006UOC1000001001","collectionId":"5344","date":"2025-10-01"},"geometry":{"type":"Polygon","coordinates":[[[126.487733,33.438577],[126.487645,33.438502],[126.487967,33.438236],[126.488077,33.43832],[126.487908,33.438458],[126.487733,33.438577]]]}},{"type":"Feature","id":3776,"properties":{"code":"65000005011020090070UOC1000001001","collectionId":"5347","date":"2025-10-01"},"geometry":{"type":"MultiPolygon","coordinates":[[[[126.557041,33.42368],[126.557042,33.423591],[126.557257,33.423591],[126.557256,33.423681],[126.557256,33.423772],[126.557041,33.423771],[126.557041,33.42368]],[[126.557143,33.423686],[126.557154,33.423686],[126.557154,33.423681],[126.557154,33.423677],[126.557143,33.423677],[126.557143,33.423681],[126.557143,33.423686]]],[[[126.558222,33.424806],[126.558222,33.424895],[126.558007,33.424894],[126.558007,33.424805],[126.558008,33.424714],[126.558223,33.424715],[126.558222,33.424806]],[[126.55812,33.424809],[126.55812,33.424805],[126.55812,33.4248],[126.55811,33.4248],[126.55811,33.424805],[126.55811,33.424809],[126.55812,33.424809]]],[[[126.556962,33.425872],[126.556963,33.425782],[126.557178,33.425783],[126.557177,33.425963],[126.556969,33.425962],[126.556962,33.425955],[126.556962,33.425872]],[[126.557075,33.425877],[126.557075,33.425872],[126.557075,33.425868],[126.557064,33.425868],[126.557064,33.425872],[126.557064,33.425877],[126.557075,33.425877]]],[[[126.557866,33.424223],[126.557866,33.424132],[126.557964,33.424133],[126.558081,33.424174],[126.55808,33.424314],[126.557865,33.424313],[126.557866,33.424223]],[[126.557968,33.424227],[126.557979,33.424228],[126.557979,33.424223],[126.557979,33.424219],[126.557968,33.424218],[126.557968,33.424223],[126.557968,33.424227]]]]}},{"type":"Feature","id":3777,"properties":{"code":"65000005011020090094UOC1000001001","collectionId":"5348","date":"2025-10-01"},"geometry":{"type":"Polygon","coordinates":[[[126.482976,33.510053],[126.482976,33.510092],[126.482906,33.510172],[126.482747,33.510171],[126.482707,33.510149],[126.482708,33.509946],[126.482976,33.509947],[126.482976,33.510053]],[[126.482868,33.510082],[126.482868,33.510053],[126.482868,33.510037],[126.482815,33.510037],[126.482815,33.510053],[126.482815,33.510081],[126.482868,33.510082]]]}},{"type":"Feature","id":3778,"properties":{"code":"65000005011020090099UOC1000001001","collectionId":"5351","date":"2025-10-01"},"geometry":{"type":"Polygon","coordinates":[[[126.455342,33.492892],[126.455321,33.492917],[126.455094,33.492998],[126.455095,33.492778],[126.455336,33.492779],[126.455339,33.492788],[126.455358,33.492783],[126.455357,33.492879],[126.455342,33.492892]],[[126.455249,33.492908],[126.455249,33.492892],[126.45525,33.492868],[126.455202,33.492868],[126.455202,33.492891],[126.455202,33.492908],[126.455249,33.492908]]]}},{"type":"Feature","id":3779,"properties":{"code":"15500005011020080003UOC1000001001","collectionId":"5352","date":"2025-10-01"},"geometry":{"type":"Polygon","coordinates":[[[126.528358,33.505519],[126.528382,33.505515],[126.528641,33.505068],[126.528738,33.505082],[126.528979,33.505049],[126.529294,33.504975],[126.529462,33.50492],[126.529572,33.504804],[126.529588,33.504758],[126.529709,33.504639],[126.52975,33.50447],[126.529781,33.504151],[126.529775,33.504024],[126.529753,33.50395],[126.529709,33.503893],[126.529597,33.503762],[126.529531,33.50371],[126.529343,33.503615],[126.5291,33.503556],[126.528836,33.503531],[126.528861,33.503469],[126.529029,33.503399],[126.529107,33.503357],[126.529244,33.503386],[126.529425,33.503444],[126.529644,33.503548],[126.529723,33.503601],[126.529791,33.503662],[126.529872,33.503765],[126.529952,33.503891],[126.529983,33.503987],[126.529995,33.504267],[126.530085,33.504304],[126.52999,33.504463],[126.529521,33.505139],[126.529485,33.505179],[126.529432,33.505213],[126.528688,33.505547],[126.52865,33.505557],[126.528636,33.505552],[126.528636,33.50557],[126.528418,33.505582],[126.528439,33.505555],[126.528289,33.505531],[126.528358,33.505519]],[[126.52874,33.50515],[126.52874,33.505141],[126.528729,33.50514],[126.528729,33.505149],[126.52874,33.50515]],[[126.528647,33.505108],[126.528647,33.505099],[126.528636,33.505099],[126.528636,33.505108],[126.528647,33.505108]],[[126.528498,33.505516],[126.528498,33.505507],[126.528487,33.505507],[126.528487,33.505516],[126.528498,33.505516]],[[126.528423,33.505483],[126.528423,33.505474],[126.528412,33.505474],[126.528412,33.505483],[126.528423,33.505483]]]}},{"type":"Feature","id":3780,"properties":{"code":"15500005011020080007UOC1000001001","collectionId":"5358","date":"2025-10-01"},"geometry":{"type":"Polygon","coordinates":[[[126.385661,33.471349],[126.385603,33.471223],[126.385589,33.471106],[126.385686,33.471139],[126.385957,33.471162],[126.386257,33.47105],[126.386459,33.471042],[126.386603,33.471057],[126.386603,33.471071],[126.386839,33.471071],[126.386903,33.471132],[126.386877,33.471165],[126.38685,33.47123],[126.386819,33.471354],[126.386773,33.471479],[126.386885,33.471496],[126.386875,33.471865],[126.386798,33.471875],[126.386783,33.471914],[126.386673,33.471896],[126.386551,33.471835],[126.386531,33.471884],[126.38648,33.471948],[126.386452,33.471935],[126.386383,33.472015],[126.386364,33.472055],[126.385656,33.472052],[126.385661,33.471349]]]}},{"type":"Feature","id":3781,"properties":{"code":"65000005011020090035UOC1000001001","collectionId":"5359","date":"2025-10-01"},"geometry":{"type":"Polygon","coordinates":[[[126.566664,33.469571],[126.566665,33.469475],[126.566891,33.469476],[126.56689,33.469571],[126.56689,33.469666],[126.566664,33.469665],[126.566664,33.469571]],[[126.566783,33.469575],[126.566783,33.469571],[126.566783,33.469566],[126.566772,33.469566],[126.566772,33.469571],[126.566772,33.469575],[126.566783,33.469575]]]}},{"type":"Feature","id":3782,"properties":{"code":"65000005011020240170UOC1000001020","collectionId":"5719","date":"2025-10-01"},"geometry":{"type":"Polygon","coordinates":[[[126.582388,33.5241],[126.582411,33.524176],[126.582411,33.524205],[126.582395,33.524222],[126.582344,33.524249],[126.582212,33.524282],[126.582125,33.524282],[126.581947,33.524256],[126.581941,33.524159],[126.581927,33.524134],[126.58193,33.524115],[126.582082,33.524047],[126.582241,33.524052],[126.582314,33.52403],[126.582336,33.524009],[126.582394,33.524011],[126.58237,33.524044],[126.582388,33.5241]],[[126.582259,33.524138],[126.582164,33.52423],[126.582201,33.524256],[126.582219,33.524269],[126.582314,33.524177],[126.582304,33.52417],[126.582259,33.524138]],[[126.58219,33.524122],[126.582152,33.524095],[126.582132,33.524081],[126.582048,33.524166],[126.582082,33.52419],[126.582106,33.524207],[126.58219,33.524122]]]}},{"type":"Feature","id":3783,"properties":{"code":"65000005011020240170UOC1000001022","collectionId":"5726","date":"2025-10-01"},"geometry":{"type":"Polygon","coordinates":[[[126.636699,33.543122],[126.636613,33.543095],[126.636575,33.543047],[126.636551,33.543029],[126.63655,33.543006],[126.636582,33.542919],[126.636606,33.542889],[126.636648,33.542868],[126.636732,33.542853],[126.636784,33.542866],[126.636814,33.542883],[126.636865,33.542957],[126.636845,33.543051],[126.636821,33.543094],[126.636765,33.543124],[126.636699,33.543122]],[[126.636737,33.543037],[126.63676,33.542978],[126.636731,33.542969],[126.63674,33.542948],[126.636722,33.542943],[126.636711,33.542963],[126.636681,33.542954],[126.636657,33.543012],[126.636737,33.543037]]]}},{"type":"Feature","id":3784,"properties":{"code":"65000005011020240170UOC1000001049","collectionId":"5790","date":"2025-10-01"},"geometry":{"type":"Polygon","coordinates":[[[126.561557,33.458781],[126.561521,33.458781],[126.561485,33.458781],[126.561485,33.458739],[126.561485,33.4587],[126.561557,33.4587],[126.561557,33.458781]],[[126.561539,33.458736],[126.561528,33.458736],[126.561528,33.45874],[126.561528,33.458745],[126.561539,33.458745],[126.561539,33.45874],[126.561539,33.458736]]]}},{"type":"Feature","id":3785,"properties":{"code":"65000005011020240170UOC1000001050","collectionId":"5791","date":"2025-10-01"},"geometry":{"type":"Polygon","coordinates":[[[126.503074,33.503306],[126.503066,33.503384],[126.502911,33.503371],[126.502868,33.503278],[126.502867,33.503207],[126.502935,33.503243],[126.502956,33.503211],[126.503083,33.503217],[126.503074,33.503306]],[[126.503065,33.503379],[126.503075,33.503274],[126.503079,33.503238],[126.502926,33.503246],[126.502912,33.503368],[126.503065,33.503379]]]}},{"type":"Feature","id":3786,"properties":{"code":"65000005011020240170UOC1000001021","collectionId":"5722","date":"2025-10-01"},"geometry":{"type":"Polygon","coordinates":[[[126.358542,33.479222],[126.358433,33.479239],[126.35839,33.479229],[126.35836,33.479211],[126.358337,33.479179],[126.358326,33.479133],[126.358328,33.479025],[126.358404,33.479045],[126.358519,33.479027],[126.35861,33.479059],[126.358626,33.479128],[126.35862,33.479164],[126.358587,33.479203],[126.358542,33.479222]],[[126.358439,33.479149],[126.358519,33.479134],[126.358503,33.479064],[126.358423,33.479079],[126.358439,33.479149]]]}},{"type":"Feature","id":3787,"properties":{"code":"65000005011020240170UOC1000001018","collectionId":"5715","date":"2025-10-01"},"geometry":{"type":"Polygon","coordinates":[[[126.495035,33.520414],[126.494981,33.520393],[126.494947,33.520345],[126.494946,33.520308],[126.494964,33.520234],[126.494979,33.520206],[126.495011,33.52018],[126.49506,33.520167],[126.495169,33.520182],[126.495209,33.520196],[126.495239,33.520223],[126.495255,33.520263],[126.495239,33.520352],[126.495223,33.520386],[126.495172,33.52042],[126.495115,33.520425],[126.495035,33.520414]],[[126.495052,33.520325],[126.495133,33.520336],[126.495148,33.520271],[126.495068,33.520257],[126.495052,33.520325]]]}},{"type":"Feature","id":3788,"properties":{"code":"65000005011020240170UOC1000001019","collectionId":"5716","date":"2025-10-01"},"geometry":{"type":"Polygon","coordinates":[[[126.351483,33.45639],[126.351382,33.456374],[126.351392,33.456265],[126.351365,33.456196],[126.351433,33.456153],[126.351561,33.456137],[126.351681,33.456164],[126.35165,33.456329],[126.351633,33.456347],[126.351576,33.456364],[126.35156,33.456334],[126.351514,33.456351],[126.351525,33.456377],[126.351555,33.456369],[126.351483,33.45639]],[[126.35158,33.456346],[126.351646,33.456318],[126.351617,33.456273],[126.351551,33.456301],[126.35158,33.456346]],[[126.351507,33.456251],[126.351599,33.456208],[126.35157,33.456165],[126.351479,33.456208],[126.351507,33.456251]]]}},{"type":"Feature","id":3789,"properties":{"code":"65000005011020240170UOC1000001051","collectionId":"5792","date":"2025-10-01"},"geometry":{"type":"Polygon","coordinates":[[[126.561629,33.4587],[126.561629,33.458708],[126.561628,33.45874],[126.561628,33.458781],[126.561557,33.458781],[126.561557,33.4587],[126.561629,33.4587]],[[126.561585,33.458736],[126.561575,33.458736],[126.561575,33.45874],[126.561575,33.458745],[126.561585,33.458745],[126.561585,33.458736]]]}},{"type":"Feature","id":3790,"properties":{"code":"65000005011020240170UOC1000001016","collectionId":"5712","date":"2025-10-01"},"geometry":{"type":"Polygon","coordinates":[[[126.64544,33.55354],[126.645373,33.553568],[126.645277,33.553573],[126.64523,33.55356],[126.645178,33.553524],[126.64516,33.553497],[126.645145,33.55344],[126.645147,33.553373],[126.645163,33.553335],[126.645208,33.553295],[126.645298,33.553259],[126.645366,33.553254],[126.645433,33.553276],[126.645488,33.553323],[126.645508,33.553359],[126.645521,33.553417],[126.64552,33.553448],[126.645474,33.553514],[126.64544,33.55354]],[[126.645346,33.553481],[126.645387,33.553461],[126.645415,33.553429],[126.645402,33.553377],[126.645356,33.553343],[126.645328,33.553345],[126.645275,33.553365],[126.645254,33.553384],[126.645251,33.553427],[126.645262,33.553467],[126.645286,33.553483],[126.645346,33.553481]]]}},{"type":"Feature","id":3791,"properties":{"code":"65000005011020240170UOC1000001017","collectionId":"5713","date":"2025-10-01"},"geometry":{"type":"Polygon","coordinates":[[[126.568554,33.526487],[126.568496,33.526541],[126.568461,33.526544],[126.568392,33.526565],[126.56831,33.526552],[126.568269,33.526522],[126.568213,33.526439],[126.568208,33.526398],[126.568224,33.526351],[126.568259,33.526317],[126.568368,33.526263],[126.568442,33.526255],[126.568486,33.526267],[126.568481,33.526284],[126.568495,33.526305],[126.568539,33.52632],[126.568585,33.52643],[126.568575,33.526461],[126.568554,33.526487]],[[126.568358,33.526471],[126.568387,33.526475],[126.568434,33.526468],[126.568478,33.526422],[126.568474,33.526373],[126.568447,33.526362],[126.568468,33.52632],[126.568455,33.526315],[126.568432,33.526356],[126.568409,33.526346],[126.56832,33.526391],[126.568314,33.52641],[126.568358,33.526471]]]}},{"type":"Feature","id":3792,"properties":{"code":"65000005011020240170UOC1000001015","collectionId":"5710","date":"2025-10-01"},"geometry":{"type":"Polygon","coordinates":[[[126.911055,33.503186],[126.911003,33.503208],[126.91094,33.503206],[126.910869,33.503169],[126.910839,33.503142],[126.910824,33.503101],[126.910826,33.502998],[126.910841,33.502964],[126.910877,33.502934],[126.910926,33.502921],[126.911049,33.502929],[126.911089,33.502944],[126.911119,33.502971],[126.911134,33.503011],[126.91113,33.503124],[126.911099,33.503166],[126.911055,33.503186]],[[126.910982,33.50312],[126.910983,33.503098],[126.911026,33.503099],[126.911026,33.503017],[126.910932,33.503011],[126.910931,33.503095],[126.91097,33.503097],[126.91097,33.503119],[126.910982,33.50312]]]}},{"type":"Feature","id":3793,"properties":{"code":"65000005011020090053UOC1000001001","collectionId":"5428","date":"2025-10-01"},"geometry":{"type":"Polygon","coordinates":[[[126.40021,33.441524],[126.400234,33.441533],[126.400286,33.441572],[126.400426,33.441608],[126.400503,33.441647],[126.400574,33.441656],[126.400824,33.441721],[126.400868,33.441695],[126.400879,33.441572],[126.400982,33.441388],[126.401092,33.441395],[126.401136,33.441499],[126.401136,33.441559],[126.401101,33.441608],[126.4011,33.441666],[126.401121,33.441736],[126.40109,33.441895],[126.401017,33.441966],[126.400788,33.442025],[126.40076,33.442094],[126.400637,33.442073],[126.400658,33.442041],[126.400336,33.441891],[126.400228,33.441861],[126.400085,33.44168],[126.400149,33.441669],[126.400052,33.441594],[126.400052,33.441474],[126.40021,33.441524]],[[126.400915,33.441807],[126.400915,33.441803],[126.400915,33.441798],[126.400904,33.441798],[126.400904,33.441804],[126.400904,33.441807],[126.400915,33.441807]],[[126.401001,33.441793],[126.401002,33.441786],[126.401002,33.441784],[126.400991,33.441784],[126.400991,33.441785],[126.400991,33.441793],[126.401001,33.441793]],[[126.400784,33.441792],[126.400784,33.441789],[126.400784,33.441783],[126.400773,33.441783],[126.400773,33.441792],[126.400784,33.441792]],[[126.400911,33.441782],[126.400911,33.441778],[126.400911,33.441773],[126.4009,33.441773],[126.4009,33.441777],[126.4009,33.441782],[126.400911,33.441782]],[[126.400896,33.441779],[126.400896,33.441777],[126.400896,33.44177],[126.400885,33.44177],[126.400885,33.441776],[126.400885,33.441779],[126.400896,33.441779]],[[126.40068,33.441746],[126.40068,33.441737],[126.400669,33.441737],[126.400669,33.441746],[126.40068,33.441746]],[[126.400384,33.441815],[126.400384,33.441806],[126.400373,33.441806],[126.400373,33.441815],[126.400384,33.441815]],[[126.400466,33.441813],[126.400466,33.441804],[126.400455,33.441804],[126.400455,33.441813],[126.400466,33.441813]],[[126.400525,33.441773],[126.400525,33.441764],[126.400514,33.441764],[126.400514,33.441773],[126.400525,33.441773]],[[126.400994,33.441775],[126.400994,33.44177],[126.400994,33.441766],[126.400983,33.441766],[126.400983,33.441769],[126.400983,33.441775],[126.400994,33.441775]],[[126.400629,33.441746],[126.400629,33.441737],[126.400618,33.441737],[126.400618,33.441746],[126.400629,33.441746]],[[126.400632,33.441811],[126.400632,33.441802],[126.400621,33.441802],[126.400621,33.441811],[126.400632,33.441811]],[[126.400571,33.441712],[126.400571,33.441703],[126.400561,33.441703],[126.400561,33.441712],[126.400571,33.441712]],[[126.400195,33.441705],[126.400196,33.441696],[126.400185,33.441696],[126.400185,33.441705],[126.400195,33.441705]],[[126.400249,33.441703],[126.400249,33.441694],[126.400238,33.441694],[126.400238,33.441703],[126.400249,33.441703]],[[126.400339,33.441644],[126.400339,33.441639],[126.400339,33.441635],[126.400328,33.441635],[126.400328,33.44164],[126.400328,33.441644],[126.400339,33.441644]],[[126.400208,33.441594],[126.400208,33.441585],[126.400198,33.441585],[126.400198,33.441594],[126.400208,33.441594]],[[126.401022,33.441552],[126.401022,33.441543],[126.401011,33.441543],[126.401011,33.441552],[126.401022,33.441552]],[[126.400532,33.44185],[126.400532,33.441841],[126.400521,33.441841],[126.400521,33.44185],[126.400532,33.44185]],[[126.401014,33.441825],[126.401014,33.441821],[126.401014,33.441816],[126.401003,33.441816],[126.401003,33.441819],[126.401003,33.441825],[126.401014,33.441825]],[[126.401024,33.441468],[126.401024,33.441459],[126.401013,33.441459],[126.401013,33.441468],[126.401024,33.441468]]]}},{"type":"Feature","id":3794,"properties":{"code":"65000005011020240170UOC1000001052","collectionId":"5795","date":"2025-10-01"},"geometry":{"type":"Polygon","coordinates":[[[126.574058,33.52108],[126.574,33.521063],[126.574035,33.520968],[126.5741,33.520986],[126.574163,33.521003],[126.574125,33.521099],[126.574058,33.52108]],[[126.574091,33.521042],[126.574095,33.521032],[126.57407,33.521025],[126.574066,33.521035],[126.574091,33.521042]]]}},{"type":"Feature","id":3795,"properties":{"code":"65000005011020240170UOC1000001013","collectionId":"5707","date":"2025-10-01"},"geometry":{"type":"Polygon","coordinates":[[[126.223485,33.388566],[126.223419,33.388601],[126.223384,33.38861],[126.22334,33.388608],[126.223301,33.388591],[126.223277,33.388568],[126.223221,33.388487],[126.223219,33.388444],[126.22324,33.388405],[126.223329,33.388353],[126.22337,33.38834],[126.223421,33.388345],[126.223493,33.388374],[126.223531,33.388417],[126.22354,33.388457],[126.223527,33.388526],[126.223485,33.388566]],[[126.223368,33.388521],[126.223429,33.388489],[126.223411,33.388464],[126.223433,33.388453],[126.223425,33.388444],[126.223403,33.388454],[126.223386,33.38843],[126.223324,33.388462],[126.223368,33.388521]]]}},{"type":"Feature","id":3796,"properties":{"code":"65000005011020240170UOC1000001036","collectionId":"5760","date":"2025-10-01"},"geometry":{"type":"Polygon","coordinates":[[[126.546724,33.516268],[126.546748,33.516086],[126.546966,33.516111],[126.546945,33.516294],[126.546724,33.516268]],[[126.546842,33.516191],[126.546849,33.516192],[126.546849,33.516189],[126.546843,33.516188],[126.546842,33.516191]]]}},{"type":"Feature","id":3797,"properties":{"code":"65000005011020240170UOC1000001014","collectionId":"5709","date":"2025-10-01"},"geometry":{"type":"Polygon","coordinates":[[[126.455568,33.49485],[126.455305,33.494849],[126.455311,33.49476],[126.455294,33.494754],[126.455407,33.494629],[126.455569,33.49463],[126.455568,33.49485]],[[126.455413,33.494759],[126.455461,33.494759],[126.455461,33.49472],[126.455414,33.49472],[126.455413,33.494759]]]}},{"type":"Feature","id":3798,"properties":{"code":"65000005011020240170UOC1000001023","collectionId":"5730","date":"2025-10-01"},"geometry":{"type":"Polygon","coordinates":[[[126.709628,33.522305],[126.710472,33.521864],[126.710705,33.522511],[126.710351,33.523111],[126.709877,33.523834],[126.70965,33.523962],[126.708757,33.523262],[126.709628,33.522305]]]}},{"type":"Feature","id":3799,"properties":{"code":"65000005011020240170UOC1000001024","collectionId":"5731","date":"2025-10-01"},"geometry":{"type":"Polygon","coordinates":[[[126.43708,33.476169],[126.437097,33.476181],[126.437093,33.476221],[126.437052,33.476238],[126.437024,33.476234],[126.436988,33.476201],[126.436993,33.47617],[126.437017,33.476148],[126.437046,33.476146],[126.43708,33.476169]],[[126.437031,33.476187],[126.437046,33.4762],[126.437053,33.476197],[126.437032,33.476183],[126.437031,33.476187]]]}},{"type":"Feature","id":3800,"properties":{"code":"65000005011020240170UOC1000001025","collectionId":"5734","date":"2025-10-01"},"geometry":{"type":"Polygon","coordinates":[[[126.437034,33.475959],[126.437014,33.475944],[126.437043,33.475893],[126.437108,33.47589],[126.437135,33.475923],[126.437125,33.47596],[126.437096,33.475978],[126.437057,33.475975],[126.437034,33.475959]],[[126.437087,33.475939],[126.437089,33.47593],[126.437086,33.475927],[126.437067,33.475928],[126.437064,33.475933],[126.437079,33.475944],[126.437087,33.475939]]]}},{"type":"Feature","id":3801,"properties":{"code":"65000005011020240170UOC1000001026","collectionId":"5735","date":"2025-10-01"},"geometry":{"type":"Polygon","coordinates":[[[126.63616,33.539948],[126.636011,33.540091],[126.636194,33.540245],[126.636073,33.540362],[126.636044,33.540385],[126.63594,33.540435],[126.635893,33.540452],[126.635833,33.54046],[126.635778,33.540451],[126.635732,33.540432],[126.635684,33.540396],[126.635665,33.540355],[126.635672,33.540301],[126.635692,33.540241],[126.635735,33.540167],[126.635788,33.540118],[126.635879,33.540058],[126.636071,33.539966],[126.636055,33.539936],[126.635834,33.540037],[126.635737,33.540108],[126.635675,33.540181],[126.63565,33.540224],[126.635629,33.540294],[126.635626,33.540378],[126.635649,33.540412],[126.635714,33.540452],[126.635758,33.540471],[126.6358,33.540479],[126.635862,33.54048],[126.635932,33.540464],[126.63605,33.540419],[126.636215,33.540262],[126.636232,33.540275],[126.63626,33.540243],[126.636268,33.540245],[126.6361,33.540414],[126.635911,33.540488],[126.635836,33.540488],[126.635757,33.540475],[126.635638,33.540487],[126.635515,33.540314],[126.635688,33.54014],[126.635684,33.540134],[126.635728,33.540094],[126.635904,33.539971],[126.636011,33.53984],[126.636069,33.539836],[126.636129,33.539881],[126.636148,33.539912],[126.636218,33.539967],[126.636238,33.53997],[126.636234,33.539978],[126.63616,33.539948]]]}},{"type":"Feature","id":3802,"properties":{"code":"65000005011020240170UOC1000001028","collectionId":"5742","date":"2025-10-01"},"geometry":{"type":"Polygon","coordinates":[[[126.58719,33.517775],[126.587189,33.517702],[126.587245,33.517688],[126.587299,33.517706],[126.587294,33.517767],[126.587212,33.517788],[126.58719,33.517775]],[[126.587233,33.517729],[126.587233,33.517745],[126.587257,33.517738],[126.587257,33.517731],[126.587243,33.517726],[126.587233,33.517729]]]}},{"type":"Feature","id":3803,"properties":{"code":"65000005011020240170UOC1000001029","collectionId":"5745","date":"2025-10-01"},"geometry":{"type":"Polygon","coordinates":[[[126.636563,33.536588],[126.636558,33.536625],[126.636488,33.536728],[126.636413,33.536755],[126.636275,33.536759],[126.636227,33.536745],[126.636179,33.5367],[126.636161,33.536637],[126.636236,33.536592],[126.636444,33.536381],[126.636479,33.536356],[126.636553,33.536356],[126.636572,33.53638],[126.636581,33.536461],[126.636563,33.536588]],[[126.636449,33.536558],[126.636437,33.536516],[126.636436,33.536515],[126.63629,33.53654],[126.636309,33.536609],[126.636454,33.536584],[126.636449,33.536558]],[[126.636467,33.53664],[126.636343,33.536661],[126.636348,33.536681],[126.636354,33.536705],[126.636361,33.536729],[126.636485,33.536707],[126.636467,33.53664]]]}},{"type":"Feature","id":3804,"properties":{"code":"65000005011020240170UOC1000001030","collectionId":"5747","date":"2025-10-01"},"geometry":{"type":"Polygon","coordinates":[[[126.776015,33.468398],[126.775776,33.468722],[126.77535,33.468572],[126.775335,33.46854],[126.775605,33.468185],[126.776015,33.468398]],[[126.775647,33.468366],[126.775551,33.468496],[126.775697,33.468572],[126.775793,33.468442],[126.775647,33.468366]]]}},{"type":"Feature","id":3805,"properties":{"code":"65000005011020240170UOC1000001037","collectionId":"5762","date":"2025-10-01"},"geometry":{"type":"Polygon","coordinates":[[[126.65804,33.546518],[126.657965,33.546586],[126.657827,33.546604],[126.657775,33.546572],[126.657683,33.546604],[126.657503,33.546449],[126.657411,33.546277],[126.657466,33.546234],[126.65768,33.546197],[126.65791,33.54622],[126.657903,33.546329],[126.657993,33.54631],[126.65804,33.546518]],[[126.657832,33.546495],[126.657855,33.546509],[126.657912,33.546501],[126.657924,33.54649],[126.657909,33.546421],[126.657815,33.546443],[126.657832,33.546495]]]}},{"type":"Feature","id":3806,"properties":{"code":"65000005011020240170UOC1000001031","collectionId":"5749","date":"2025-10-01"},"geometry":{"type":"Polygon","coordinates":[[[126.510546,33.494153],[126.510568,33.494132],[126.510642,33.494134],[126.510657,33.494211],[126.510575,33.494231],[126.510537,33.494194],[126.510537,33.494167],[126.510546,33.494153]],[[126.510587,33.494168],[126.510577,33.494178],[126.51059,33.49419],[126.510608,33.494185],[126.510605,33.494169],[126.510587,33.494168]]]}},{"type":"Feature","id":3807,"properties":{"code":"65000005011020240170UOC1000001032","collectionId":"5751","date":"2025-10-01"},"geometry":{"type":"Polygon","coordinates":[[[126.494557,33.505275],[126.494508,33.505254],[126.494497,33.505218],[126.494509,33.505194],[126.49453,33.505176],[126.49458,33.505163],[126.494622,33.505185],[126.494632,33.505199],[126.494557,33.505275]],[[126.494579,33.505235],[126.494582,33.505217],[126.494567,33.505214],[126.494565,33.505205],[126.494546,33.505214],[126.494545,33.505229],[126.494579,33.505235]]]}},{"type":"Feature","id":3808,"properties":{"code":"65000005011020240170UOC1000001033","collectionId":"5752","date":"2025-10-01"},"geometry":{"type":"Polygon","coordinates":[[[126.530125,33.506499],[126.530029,33.506499],[126.530029,33.506459],[126.530029,33.506418],[126.530126,33.506418],[126.530126,33.506459],[126.530125,33.506499]],[[126.530083,33.506463],[126.530083,33.506459],[126.530083,33.506454],[126.530072,33.506454],[126.530072,33.506459],[126.530072,33.506463],[126.530083,33.506463]]]}},{"type":"Feature","id":3809,"properties":{"code":"65000005011020240170UOC1000001034","collectionId":"5753","date":"2025-10-01"},"geometry":{"type":"Polygon","coordinates":[[[126.532081,33.515473],[126.53212,33.515483],[126.532127,33.515499],[126.532111,33.515551],[126.532013,33.515551],[126.531995,33.515457],[126.532081,33.515473]],[[126.532068,33.515494],[126.532056,33.515494],[126.532059,33.515506],[126.53207,33.515506],[126.532071,33.515502],[126.532068,33.515494]]]}},{"type":"Feature","id":3810,"properties":{"code":"65000005011020240170UOC1000001043","collectionId":"5778","date":"2025-10-01"},"geometry":{"type":"Polygon","coordinates":[[[126.519577,33.489494],[126.519576,33.489534],[126.519576,33.489575],[126.519479,33.489575],[126.51948,33.489534],[126.51948,33.489494],[126.519577,33.489494]],[[126.519533,33.489539],[126.519533,33.489534],[126.519533,33.48953],[126.519523,33.48953],[126.519523,33.489534],[126.519523,33.489539],[126.519533,33.489539]]]}},{"type":"Feature","id":3811,"properties":{"code":"65000005011020240170UOC1000001044","collectionId":"5779","date":"2025-10-01"},"geometry":{"type":"Polygon","coordinates":[[[126.531084,33.499733],[126.530987,33.499733],[126.530988,33.499651],[126.531085,33.499652],[126.531084,33.499733]],[[126.531041,33.499697],[126.531041,33.499688],[126.531031,33.499688],[126.531031,33.499697],[126.531041,33.499697]]]}},{"type":"Feature","id":3812,"properties":{"code":"65000005011020240170UOC1000001045","collectionId":"5782","date":"2025-10-01"},"geometry":{"type":"Polygon","coordinates":[[[126.531219,33.49971],[126.531219,33.499791],[126.531122,33.499791],[126.531122,33.49971],[126.531219,33.49971]],[[126.531176,33.499755],[126.531176,33.499746],[126.531165,33.499746],[126.531165,33.499755],[126.531176,33.499755]]]}},{"type":"Feature","id":3813,"properties":{"code":"65000005011020240170UOC1000001046","collectionId":"5783","date":"2025-10-01"},"geometry":{"type":"Polygon","coordinates":[[[126.561557,33.458699],[126.561557,33.458618],[126.561629,33.458618],[126.561629,33.458658],[126.561629,33.458699],[126.561557,33.458699]],[[126.561586,33.458663],[126.561586,33.458658],[126.561586,33.458654],[126.561575,33.458654],[126.561575,33.458658],[126.561575,33.458663],[126.561586,33.458663]]]}},{"type":"Feature","id":3814,"properties":{"code":"65000005011020240170UOC1000001047","collectionId":"5787","date":"2025-10-01"},"geometry":{"type":"Polygon","coordinates":[[[126.561557,33.458699],[126.561485,33.458699],[126.561486,33.458618],[126.561557,33.458618],[126.561557,33.458699]],[[126.561529,33.458663],[126.561539,33.458663],[126.561539,33.458658],[126.561539,33.458654],[126.561529,33.458654],[126.561529,33.458658],[126.561529,33.458663]]]}},{"type":"Feature","id":3815,"properties":{"code":"65000005011020240170UOC1000001035","collectionId":"5757","date":"2025-10-01"},"geometry":{"type":"Polygon","coordinates":[[[126.293361,33.442712],[126.293345,33.442719],[126.293164,33.442692],[126.293145,33.442656],[126.293142,33.442585],[126.293276,33.442542],[126.293365,33.442669],[126.293361,33.442712]],[[126.293303,33.442636],[126.293298,33.442598],[126.293246,33.442606],[126.293251,33.44264],[126.293303,33.442636]]]}},{"type":"Feature","id":3816,"properties":{"code":"65000005011020240170UOC1000001038","collectionId":"5766","date":"2025-10-01"},"geometry":{"type":"MultiPolygon","coordinates":[[[[126.56551,33.524575],[126.565558,33.524561],[126.565541,33.52451],[126.565614,33.52451],[126.565638,33.524582],[126.565565,33.524657],[126.565509,33.524691],[126.565406,33.524719],[126.565331,33.524497],[126.565411,33.524485],[126.565414,33.524467],[126.565416,33.524489],[126.565389,33.524491],[126.565419,33.524591],[126.56551,33.524575]]],[[[126.565443,33.524453],[126.565415,33.524458],[126.565416,33.52445],[126.565503,33.524436],[126.56551,33.524447],[126.565505,33.524442],[126.565443,33.524453]]]]}},{"type":"Feature","id":3817,"properties":{"code":"65000005011020240170UOC1000001039","collectionId":"5768","date":"2025-10-01"},"geometry":{"type":"Polygon","coordinates":[[[126.167032,33.324139],[126.167018,33.324198],[126.166906,33.324108],[126.166866,33.324053],[126.166866,33.324007],[126.166892,33.32394],[126.166976,33.32384],[126.167039,33.323836],[126.167079,33.323756],[126.167079,33.323687],[126.167108,33.323622],[126.167123,33.323619],[126.167213,33.323563],[126.167355,33.323506],[126.167501,33.323434],[126.167423,33.323547],[126.167368,33.32356],[126.167279,33.32362],[126.16721,33.323699],[126.167142,33.323834],[126.167042,33.32396],[126.167027,33.323974],[126.166999,33.323983],[126.166988,33.324061],[126.167011,33.324078],[126.167032,33.324139]],[[126.167197,33.323639],[126.167204,33.323641],[126.167214,33.323632],[126.16719,33.323623],[126.167197,33.323639]]]}},{"type":"Feature","id":3818,"properties":{"code":"65000005011020240170UOC1000001040","collectionId":"5770","date":"2025-10-01"},"geometry":{"type":"Polygon","coordinates":[[[126.352625,33.457714],[126.352404,33.457779],[126.352228,33.457753],[126.352342,33.457617],[126.352334,33.457554],[126.352378,33.457546],[126.352367,33.457539],[126.352361,33.457513],[126.352552,33.457578],[126.352561,33.457563],[126.352589,33.45757],[126.352594,33.457589],[126.352626,33.45758],[126.352648,33.457634],[126.352625,33.457714]],[[126.352417,33.457651],[126.352465,33.457552],[126.352405,33.457533],[126.352362,33.457635],[126.352417,33.457651]],[[126.352481,33.457672],[126.352545,33.457689],[126.352583,33.457595],[126.35252,33.457576],[126.352481,33.457672]]]}},{"type":"Feature","id":3819,"properties":{"code":"65000005011020240170UOC1000001041","collectionId":"5774","date":"2025-10-01"},"geometry":{"type":"Polygon","coordinates":[[[126.658694,33.448296],[126.658597,33.448295],[126.658597,33.448253],[126.658597,33.448214],[126.658694,33.448214],[126.658694,33.448253],[126.658694,33.448296]],[[126.658651,33.448259],[126.658651,33.448253],[126.658651,33.44825],[126.65864,33.44825],[126.65864,33.448253],[126.65864,33.448259],[126.658651,33.448259]]]}},{"type":"Feature","id":3821,"properties":{"code":"65000005011020240170UOC1000001002","collectionId":"5682","date":"2025-10-01"},"geometry":{"type":"Polygon","coordinates":[[[126.515019,33.514028],[126.514995,33.513764],[126.514898,33.513503],[126.514796,33.513368],[126.514677,33.513256],[126.514599,33.513019],[126.514582,33.512807],[126.514511,33.512672],[126.514439,33.51244],[126.514486,33.512439],[126.514526,33.512419],[126.51477,33.512475],[126.514943,33.513206],[126.514786,33.513236],[126.51487,33.513303],[126.514965,33.513435],[126.515158,33.513429],[126.51522,33.513452],[126.51529,33.513594],[126.515332,33.514466],[126.515122,33.514498],[126.515013,33.514662],[126.51483,33.514831],[126.514877,33.515237],[126.514744,33.515296],[126.514723,33.515252],[126.514717,33.515159],[126.514679,33.515024],[126.514681,33.514955],[126.514716,33.514785],[126.514918,33.51461],[126.514994,33.514506],[126.515032,33.514395],[126.515019,33.514028]]]}},{"type":"Feature","id":3822,"properties":{"code":"65000005011020240170UOC1000001001","collectionId":"5681","date":"2025-10-01"},"geometry":{"type":"Polygon","coordinates":[[[126.883992,33.5267],[126.883769,33.526727],[126.883626,33.526752],[126.882704,33.527017],[126.882623,33.527059],[126.882571,33.526982],[126.882289,33.527031],[126.882197,33.527064],[126.882203,33.527108],[126.882189,33.527113],[126.88219,33.527095],[126.882138,33.527091],[126.882131,33.527057],[126.88204,33.527078],[126.882045,33.527129],[126.881889,33.527147],[126.881741,33.527141],[126.881718,33.527081],[126.881708,33.527081],[126.881524,33.527101],[126.881524,33.527108],[126.881365,33.527112],[126.88135,33.527159],[126.8812,33.527225],[126.881016,33.527217],[126.880919,33.527174],[126.88087,33.527141],[126.880872,33.527118],[126.880858,33.527109],[126.880825,33.527108],[126.880772,33.527074],[126.880777,33.527014],[126.88079,33.526989],[126.880789,33.526927],[126.880693,33.526814],[126.88058,33.526708],[126.880548,33.526661],[126.880443,33.52654],[126.880433,33.52651],[126.880342,33.526518],[126.880267,33.526506],[126.880197,33.526464],[126.880158,33.526427],[126.880154,33.526394],[126.880092,33.526294],[126.880102,33.526242],[126.880126,33.526196],[126.880204,33.526143],[126.880158,33.525991],[126.880095,33.525836],[126.880041,33.525581],[126.87991,33.52553],[126.879885,33.525501],[126.879864,33.525388],[126.879902,33.525258],[126.88,33.525195],[126.880051,33.525182],[126.880128,33.525183],[126.880287,33.52504],[126.880297,33.524986],[126.880273,33.524906],[126.880388,33.524771],[126.88051,33.524711],[126.880601,33.524679],[126.880728,33.524668],[126.880835,33.524692],[126.880865,33.524786],[126.881414,33.52468],[126.881991,33.524622],[126.882048,33.524533],[126.882222,33.524478],[126.882255,33.524323],[126.882331,33.524353],[126.882454,33.524446],[126.882617,33.524645],[126.88272,33.524659],[126.882684,33.524739],[126.883139,33.524913],[126.88343,33.525012],[126.883456,33.524988],[126.883543,33.525005],[126.883649,33.524976],[126.883758,33.524978],[126.883834,33.525009],[126.883914,33.525018],[126.883973,33.525077],[126.884024,33.525238],[126.884021,33.525329],[126.883965,33.525413],[126.884022,33.525504],[126.884206,33.525733],[126.884429,33.525991],[126.884475,33.525985],[126.884485,33.526021],[126.884565,33.526042],[126.884585,33.526106],[126.884578,33.526312],[126.884422,33.526381],[126.884346,33.52643],[126.884258,33.526475],[126.884242,33.526518],[126.884172,33.526557],[126.883963,33.526625],[126.883992,33.5267]],[[126.880829,33.526798],[126.880932,33.526898],[126.881105,33.526995],[126.881138,33.526943],[126.881074,33.52694],[126.88087,33.526762],[126.880626,33.526525],[126.880572,33.526392],[126.880502,33.526323],[126.880485,33.526271],[126.880423,33.526191],[126.880318,33.525917],[126.880226,33.525629],[126.880237,33.525417],[126.88027,33.525419],[126.880253,33.525356],[126.880281,33.525302],[126.88033,33.525241],[126.880436,33.525159],[126.880585,33.525109],[126.880673,33.52512],[126.880646,33.524981],[126.880744,33.524939],[126.880728,33.524924],[126.880726,33.524802],[126.880587,33.524825],[126.880436,33.524911],[126.880488,33.525061],[126.880265,33.525218],[126.880217,33.525268],[126.880196,33.525314],[126.880158,33.525343],[126.880038,33.525332],[126.880036,33.525434],[126.880181,33.525449],[126.880177,33.525579],[126.880264,33.525929],[126.880406,33.526221],[126.880289,33.526277],[126.880309,33.526358],[126.880439,33.526303],[126.880526,33.52645],[126.880637,33.526614],[126.880829,33.526798]],[[126.880809,33.526572],[126.881122,33.526852],[126.881142,33.526853],[126.88117,33.526786],[126.881297,33.526881],[126.881525,33.526871],[126.881525,33.526876],[126.881662,33.526865],[126.881772,33.526869],[126.881946,33.526839],[126.881949,33.526857],[126.882545,33.526767],[126.882597,33.526712],[126.882841,33.526649],[126.88293,33.52664],[126.883087,33.52659],[126.88319,33.526587],[126.883551,33.526508],[126.883583,33.526487],[126.88361,33.526492],[126.883654,33.526479],[126.88402,33.52636],[126.884076,33.526334],[126.884118,33.526309],[126.884151,33.526278],[126.884177,33.526227],[126.884179,33.526193],[126.884119,33.526058],[126.884032,33.525949],[126.88372,33.52562],[126.883728,33.525615],[126.883656,33.525533],[126.883437,33.525626],[126.883386,33.525586],[126.88342,33.525559],[126.883447,33.525514],[126.883398,33.525467],[126.883525,33.525381],[126.883354,33.525269],[126.882749,33.525037],[126.882757,33.52502],[126.8827,33.525002],[126.882637,33.525031],[126.882607,33.524985],[126.882335,33.524892],[126.882319,33.524893],[126.882302,33.524939],[126.88205,33.524942],[126.88205,33.524876],[126.881529,33.524912],[126.881366,33.52494],[126.881174,33.524997],[126.880784,33.525129],[126.880804,33.525228],[126.880598,33.525201],[126.880495,33.525236],[126.880412,33.5253],[126.880366,33.525365],[126.880406,33.525515],[126.880353,33.525512],[126.880357,33.5256],[126.880376,33.525702],[126.880444,33.52593],[126.880486,33.526008],[126.880522,33.526129],[126.880562,33.526183],[126.880622,33.526303],[126.880669,33.526303],[126.880738,33.526487],[126.880809,33.526572]],[[126.880998,33.527002],[126.880942,33.527061],[126.880958,33.527085],[126.881048,33.527129],[126.881175,33.527134],[126.881258,33.527097],[126.881283,33.527024],[126.881392,33.527021],[126.881812,33.526986],[126.881812,33.52703],[126.881821,33.527054],[126.881884,33.527056],[126.88193,33.527051],[126.881923,33.526975],[126.882112,33.526967],[126.882231,33.526938],[126.882625,33.526879],[126.882671,33.526947],[126.882758,33.526916],[126.882721,33.526841],[126.882944,33.526802],[126.882984,33.526782],[126.883206,33.526715],[126.883455,33.526659],[126.883607,33.526642],[126.883708,33.526606],[126.883751,33.526653],[126.883858,33.526623],[126.883838,33.52655],[126.884075,33.526487],[126.884209,33.526424],[126.884312,33.52633],[126.884467,33.526253],[126.884455,33.52614],[126.884352,33.526141],[126.884208,33.525907],[126.884007,33.525683],[126.883839,33.525526],[126.883746,33.525413],[126.883826,33.525348],[126.883842,33.525263],[126.883809,33.525199],[126.883731,33.525146],[126.883688,33.525133],[126.883647,33.525212],[126.883724,33.525245],[126.883759,33.525297],[126.883745,33.525333],[126.88366,33.525359],[126.883578,33.525465],[126.883685,33.525414],[126.883959,33.525717],[126.884187,33.525951],[126.884298,33.526137],[126.884301,33.526218],[126.88426,33.526298],[126.884181,33.526382],[126.884036,33.526452],[126.883834,33.52651],[126.883722,33.526556],[126.883584,33.526595],[126.883205,33.526677],[126.883108,33.52668],[126.882956,33.526728],[126.882864,33.526738],[126.88266,33.52679],[126.882611,33.526842],[126.882034,33.526917],[126.881782,33.526959],[126.881665,33.526955],[126.88123,33.526978],[126.881198,33.52697],[126.881157,33.527052],[126.881084,33.527052],[126.880998,33.527002]],[[126.880731,33.525098],[126.880756,33.525051],[126.881058,33.524941],[126.881321,33.524864],[126.881644,33.524809],[126.88217,33.524771],[126.882178,33.524841],[126.88223,33.524841],[126.882256,33.524777],[126.882556,33.524863],[126.88277,33.524959],[126.882897,33.525025],[126.883108,33.525075],[126.88342,33.525177],[126.883565,33.525279],[126.883551,33.525364],[126.88363,33.525322],[126.883614,33.525269],[126.883526,33.525194],[126.883417,33.52513],[126.882984,33.524956],[126.882281,33.524721],[126.882268,33.524635],[126.882136,33.524635],[126.882109,33.524716],[126.881668,33.524767],[126.881466,33.524777],[126.881321,33.524807],[126.880784,33.524969],[126.880675,33.524991],[126.880731,33.525098]]]}},{"type":"Feature","id":3823,"properties":{"code":"65000005011020240170UOC1000001005","collectionId":"5689","date":"2025-10-01"},"geometry":{"type":"Polygon","coordinates":[[[126.639318,33.50243],[126.639258,33.50246],[126.639248,33.502437],[126.639154,33.502422],[126.63914,33.502439],[126.638995,33.502513],[126.638906,33.502436],[126.638822,33.502246],[126.639084,33.502163],[126.639213,33.502165],[126.639259,33.50218],[126.639397,33.502239],[126.639374,33.502365],[126.639318,33.50243]],[[126.639141,33.502366],[126.639162,33.502366],[126.639162,33.502348],[126.639141,33.502348],[126.639141,33.502366]],[[126.639201,33.502321],[126.639233,33.502321],[126.639233,33.502294],[126.639201,33.502294],[126.639201,33.502321]]]}},{"type":"Feature","id":3824,"properties":{"code":"65000005011020240170UOC1000001003","collectionId":"5686","date":"2025-10-01"},"geometry":{"type":"Polygon","coordinates":[[[126.572039,33.470982],[126.572013,33.471091],[126.572038,33.47125],[126.572059,33.471322],[126.572013,33.471317],[126.571967,33.471193],[126.571896,33.47121],[126.571844,33.471203],[126.571641,33.471255],[126.571474,33.471178],[126.571282,33.47088],[126.571411,33.470842],[126.5713,33.470771],[126.571258,33.470782],[126.571177,33.470751],[126.571154,33.470719],[126.571054,33.470696],[126.571069,33.470641],[126.571206,33.470664],[126.571316,33.470708],[126.57146,33.470795],[126.571564,33.470667],[126.571684,33.470712],[126.571752,33.47075],[126.571822,33.470742],[126.571867,33.470386],[126.571899,33.470332],[126.571968,33.470293],[126.571991,33.470309],[126.57201,33.470359],[126.572021,33.470417],[126.57202,33.470465],[126.572045,33.470529],[126.572167,33.470599],[126.572165,33.470645],[126.572144,33.470698],[126.572138,33.470763],[126.572089,33.470767],[126.572039,33.470982]],[[126.57165,33.470963],[126.571591,33.47098],[126.571633,33.471045],[126.571664,33.47106],[126.571705,33.471049],[126.571718,33.471014],[126.571713,33.470964],[126.571675,33.470947],[126.571658,33.47095],[126.57165,33.470963]]]}},{"type":"Feature","id":3825,"properties":{"code":"65000005011020240170UOC1000001004","collectionId":"5688","date":"2025-10-01"},"geometry":{"type":"Polygon","coordinates":[[[126.351214,33.457429],[126.351137,33.457461],[126.351115,33.457301],[126.351118,33.457212],[126.35128,33.457207],[126.351283,33.457378],[126.351274,33.457396],[126.35122,33.457435],[126.351214,33.457429]],[[126.351154,33.457393],[126.351237,33.457389],[126.351235,33.457349],[126.351152,33.457353],[126.351154,33.457393]],[[126.351141,33.457286],[126.351244,33.457282],[126.351241,33.457229],[126.351138,33.457234],[126.351141,33.457286]]]}},{"type":"Feature","id":3826,"properties":{"code":"65000005011020240170UOC1000001006","collectionId":"5690","date":"2025-10-01"},"geometry":{"type":"Polygon","coordinates":[[[126.566252,33.523765],[126.566789,33.523824],[126.56677,33.523911],[126.566775,33.523924],[126.566691,33.52409],[126.566622,33.524187],[126.566581,33.524229],[126.566488,33.524281],[126.56638,33.524322],[126.566188,33.524368],[126.565908,33.524373],[126.565815,33.524356],[126.565761,33.524336],[126.565732,33.524296],[126.565725,33.524248],[126.565654,33.524074],[126.565627,33.523942],[126.565641,33.523918],[126.565735,33.523832],[126.565796,33.523789],[126.565915,33.523744],[126.565997,33.523736],[126.566056,33.523741],[126.566056,33.523732],[126.565998,33.523727],[126.56591,33.523735],[126.565809,33.523772],[126.56575,33.523806],[126.565639,33.523903],[126.565613,33.523943],[126.565634,33.524075],[126.565706,33.524279],[126.565725,33.52432],[126.56575,33.524348],[126.565854,33.524383],[126.566098,33.524383],[126.56608,33.524399],[126.565989,33.524404],[126.565913,33.524398],[126.565812,33.524386],[126.565666,33.524343],[126.565656,33.524236],[126.56564,33.524215],[126.565627,33.524147],[126.565559,33.523937],[126.565614,33.523898],[126.565653,33.52385],[126.565804,33.523732],[126.566129,33.523652],[126.566802,33.523801],[126.56681,33.523832],[126.56678,33.523964],[126.566761,33.523992],[126.566787,33.523932],[126.566775,33.52391],[126.566795,33.523819],[126.566118,33.523737],[126.566118,33.523745],[126.566252,33.523765]]]}},{"type":"Feature","id":3827,"properties":{"code":"65000005011020240170UOC1000001007","collectionId":"5692","date":"2025-10-01"},"geometry":{"type":"Polygon","coordinates":[[[126.615809,33.507665],[126.615771,33.507743],[126.615673,33.507801],[126.615378,33.507692],[126.615515,33.50748],[126.615534,33.5074],[126.615526,33.507369],[126.615596,33.507378],[126.615852,33.507484],[126.615809,33.507665]],[[126.615661,33.507564],[126.615607,33.507537],[126.615515,33.507668],[126.615629,33.507717],[126.615685,33.507683],[126.615702,33.507652],[126.615723,33.507567],[126.615661,33.507564]]]}},{"type":"Feature","id":3828,"properties":{"code":"65000005013020240170UOC1000001068","collectionId":"2630","date":"2025-10-01"},"geometry":{"type":"Polygon","coordinates":[[[126.283044,33.281861],[126.283,33.281901],[126.283005,33.281916],[126.282938,33.281989],[126.282914,33.281981],[126.28286,33.28198],[126.282703,33.282008],[126.282627,33.281879],[126.282579,33.281826],[126.282587,33.281632],[126.282678,33.281568],[126.282741,33.281576],[126.282797,33.281609],[126.282859,33.281664],[126.282937,33.281702],[126.283007,33.281687],[126.283106,33.281651],[126.283044,33.281861]],[[126.282888,33.281917],[126.282877,33.281962],[126.282905,33.28197],[126.28293,33.281967],[126.282959,33.281841],[126.282976,33.281823],[126.282985,33.281793],[126.282969,33.281779],[126.282932,33.281774],[126.282923,33.281799],[126.282927,33.28183],[126.282888,33.281917]]]}},{"type":"Feature","id":3829,"properties":{"code":"65000005013020240170UOC1000001069","collectionId":"2631","date":"2025-10-01"},"geometry":{"type":"Polygon","coordinates":[[[126.240772,33.24927],[126.240658,33.249261],[126.240536,33.249233],[126.240392,33.249226],[126.240378,33.249173],[126.240376,33.2491],[126.240353,33.249038],[126.240367,33.248983],[126.240367,33.248931],[126.240331,33.248885],[126.240242,33.248821],[126.240275,33.248757],[126.240368,33.248691],[126.240424,33.24869],[126.240635,33.248715],[126.240953,33.248767],[126.240986,33.248784],[126.241058,33.248873],[126.241028,33.248928],[126.240772,33.24927]],[[126.240651,33.249105],[126.240667,33.249107],[126.240672,33.249104],[126.24067,33.249097],[126.240663,33.249091],[126.240655,33.249094],[126.240651,33.249105]]]}},{"type":"Feature","id":3830,"properties":{"code":"65000005011020240170UOC1000001008","collectionId":"5696","date":"2025-10-01"},"geometry":{"type":"Polygon","coordinates":[[[126.649694,33.553163],[126.649661,33.553163],[126.649567,33.553077],[126.649568,33.552938],[126.649836,33.552939],[126.649835,33.553164],[126.649694,33.553163]],[[126.649674,33.553073],[126.649727,33.553073],[126.649728,33.553029],[126.649674,33.553028],[126.649674,33.553073]]]}},{"type":"Feature","id":3831,"properties":{"code":"65000005011020240170UOC1000001009","collectionId":"5697","date":"2025-10-01"},"geometry":{"type":"Polygon","coordinates":[[[126.554404,33.479304],[126.554403,33.479395],[126.554188,33.479394],[126.554189,33.479214],[126.554404,33.479214],[126.554404,33.479304]],[[126.554302,33.4793],[126.554291,33.4793],[126.554291,33.479309],[126.554301,33.479309],[126.554302,33.4793]]]}},{"type":"Feature","id":3832,"properties":{"code":"65000005013020230175UOC1000001006","collectionId":"2825","date":"2025-10-01"},"geometry":{"type":"Polygon","coordinates":[[[126.893191,33.388091],[126.893547,33.388221],[126.894167,33.388495],[126.894521,33.388622],[126.894749,33.388713],[126.894919,33.388746],[126.895438,33.388786],[126.896467,33.388702],[126.896932,33.388713],[126.897299,33.388647],[126.897582,33.38863],[126.897962,33.388689],[126.897947,33.388779],[126.897577,33.38872],[126.897314,33.388737],[126.896942,33.388803],[126.896471,33.388793],[126.895438,33.388877],[126.894901,33.388835],[126.894713,33.388798],[126.894477,33.388704],[126.894121,33.388576],[126.8935,33.388302],[126.892797,33.388054],[126.892382,33.387996],[126.891842,33.387963],[126.891369,33.387902],[126.891122,33.387823],[126.891093,33.387861],[126.891327,33.387986],[126.891415,33.388012],[126.891727,33.388054],[126.892146,33.388079],[126.892364,33.388115],[126.892725,33.388139],[126.892892,33.388185],[126.893343,33.388326],[126.893889,33.388555],[126.89401,33.388626],[126.894375,33.388791],[126.894578,33.388851],[126.89508,33.388905],[126.89552,33.388926],[126.89592,33.38892],[126.896172,33.388873],[126.896275,33.388887],[126.897109,33.388826],[126.897332,33.388779],[126.897509,33.388756],[126.8978,33.388792],[126.89794,33.388821],[126.897925,33.388911],[126.897779,33.38888],[126.89751,33.388847],[126.897354,33.388867],[126.897127,33.388915],[126.896271,33.388978],[126.896175,33.388965],[126.895933,33.38901],[126.895518,33.389017],[126.89507,33.388995],[126.894553,33.38894],[126.894332,33.388874],[126.893955,33.388704],[126.893835,33.388639],[126.893439,33.388466],[126.893077,33.388342],[126.892699,33.388227],[126.89235,33.388205],[126.892132,33.388168],[126.891714,33.388144],[126.891389,33.3881],[126.89128,33.388068],[126.890944,33.387889],[126.891078,33.387713],[126.891397,33.387815],[126.891854,33.387873],[126.892395,33.387906],[126.892827,33.387967],[126.893191,33.388091]]]}},{"type":"Feature","id":3833,"properties":{"code":"65000005013020240170UOC1000001070","collectionId":"2632","date":"2025-10-01"},"geometry":{"type":"Polygon","coordinates":[[[126.240772,33.24927],[126.240658,33.249261],[126.240536,33.249233],[126.240392,33.249226],[126.240378,33.249173],[126.240376,33.2491],[126.240353,33.249038],[126.240367,33.248983],[126.240367,33.248931],[126.240331,33.248885],[126.240242,33.248821],[126.240275,33.248757],[126.240368,33.248691],[126.240424,33.24869],[126.240635,33.248715],[126.240953,33.248767],[126.240986,33.248784],[126.241058,33.248873],[126.241028,33.248928],[126.240772,33.24927]],[[126.240735,33.249171],[126.240738,33.249186],[126.240751,33.249186],[126.240758,33.249177],[126.240745,33.249168],[126.240735,33.249171]]]}},{"type":"Feature","id":3834,"properties":{"code":"65000005011020240170UOC1000001012","collectionId":"5706","date":"2025-10-01"},"geometry":{"type":"Polygon","coordinates":[[[126.616961,33.535268],[126.616946,33.535314],[126.616911,33.535321],[126.616898,33.535299],[126.616632,33.535308],[126.616613,33.535238],[126.616649,33.535142],[126.616684,33.535093],[126.616775,33.53501],[126.616998,33.535105],[126.616976,33.535134],[126.616961,33.535268]],[[126.616818,33.535213],[126.61671,33.535182],[126.616685,33.535239],[126.616725,33.53525],[126.616751,33.535258],[126.616794,33.53527],[126.616818,33.535213]],[[126.616791,33.535192],[126.616839,33.535097],[126.616756,33.535069],[126.61671,33.535165],[126.616791,33.535192]]]}},{"type":"Feature","id":3835,"properties":{"code":"65000005011020240170UOC1000001056","collectionId":"5804","date":"2025-10-01"},"geometry":{"type":"Polygon","coordinates":[[[126.435789,33.474902],[126.43571,33.474881],[126.435717,33.474837],[126.435785,33.474798],[126.435825,33.474837],[126.435813,33.474877],[126.435789,33.474902]],[[126.435778,33.474846],[126.435769,33.474837],[126.43576,33.474839],[126.435758,33.474856],[126.435773,33.47486],[126.435778,33.474846]]]}},{"type":"Feature","id":3836,"properties":{"code":"65000005013020230175UOC1000001005","collectionId":"2823","date":"2025-10-01"},"geometry":{"type":"Polygon","coordinates":[[[126.899476,33.389338],[126.899656,33.38939],[126.900017,33.389521],[126.900953,33.390156],[126.90153,33.390454],[126.901823,33.390617],[126.902537,33.390763],[126.902964,33.390831],[126.903097,33.390841],[126.903321,33.390885],[126.903404,33.390916],[126.9037,33.390989],[126.903769,33.390999],[126.903892,33.390975],[126.904172,33.391001],[126.904413,33.391212],[126.904504,33.39132],[126.904372,33.391524],[126.904087,33.391317],[126.903946,33.391227],[126.903645,33.391231],[126.903403,33.391167],[126.901905,33.39092],[126.90153,33.390753],[126.901424,33.390677],[126.901059,33.390509],[126.900853,33.390389],[126.900492,33.390134],[126.900202,33.389952],[126.899707,33.3897],[126.899413,33.389597],[126.898932,33.389385],[126.898683,33.389314],[126.898643,33.389264],[126.898557,33.389213],[126.898495,33.389187],[126.898152,33.389003],[126.897961,33.388918],[126.897925,33.388911],[126.89794,33.388821],[126.897998,33.388835],[126.898204,33.388924],[126.898725,33.38917],[126.899484,33.389503],[126.899694,33.38956],[126.899976,33.389678],[126.90015,33.389787],[126.900815,33.390228],[126.901062,33.390372],[126.901444,33.390545],[126.901461,33.390568],[126.901768,33.390721],[126.902226,33.390819],[126.90295,33.390936],[126.903358,33.391023],[126.903668,33.391107],[126.90397,33.391139],[126.904091,33.391138],[126.904148,33.391179],[126.904172,33.391232],[126.904287,33.391312],[126.904414,33.391433],[126.904437,33.391397],[126.90433,33.39127],[126.904121,33.391087],[126.903898,33.391067],[126.903773,33.391091],[126.903675,33.391077],[126.903367,33.391001],[126.903287,33.390971],[126.903079,33.39093],[126.902952,33.390915],[126.902237,33.390798],[126.901783,33.390693],[126.900841,33.390197],[126.900223,33.389769],[126.900011,33.389631],[126.899783,33.389528],[126.899439,33.389423],[126.898718,33.389114],[126.898033,33.388794],[126.897947,33.388779],[126.897962,33.388689],[126.898071,33.388709],[126.898768,33.389035],[126.899476,33.389338]]]}},{"type":"Feature","id":3837,"properties":{"code":"65000005013020240170UOC1000001001","collectionId":"2558","date":"2025-10-01"},"geometry":{"type":"Polygon","coordinates":[[[126.392846,33.246934],[126.392889,33.246917],[126.392931,33.246933],[126.392943,33.246977],[126.392898,33.247023],[126.392844,33.247003],[126.392818,33.246964],[126.392842,33.246947],[126.392846,33.246934]],[[126.392871,33.24697],[126.392885,33.246979],[126.392894,33.246958],[126.392871,33.24697]]]}},{"type":"Feature","id":3838,"properties":{"code":"65000005013020240170UOC1000001002","collectionId":"2559","date":"2025-10-01"},"geometry":{"type":"Polygon","coordinates":[[[126.390248,33.255001],[126.390199,33.255004],[126.390167,33.254971],[126.390172,33.254943],[126.390189,33.254917],[126.390234,33.254904],[126.390266,33.254919],[126.390281,33.254938],[126.390284,33.254966],[126.390248,33.255001]],[[126.390231,33.254966],[126.39024,33.254957],[126.39023,33.254944],[126.390218,33.254947],[126.390212,33.25496],[126.390231,33.254966]]]}},{"type":"Feature","id":3839,"properties":{"code":"65000005013020240170UOC1000001003","collectionId":"2560","date":"2025-10-01"},"geometry":{"type":"Polygon","coordinates":[[[126.390223,33.255096],[126.390177,33.255107],[126.39014,33.255094],[126.390122,33.255048],[126.390166,33.255006],[126.390206,33.255011],[126.390238,33.255026],[126.390255,33.255062],[126.390223,33.255096]],[[126.390198,33.255065],[126.390206,33.255056],[126.390192,33.255045],[126.390171,33.255056],[126.39018,33.255069],[126.390198,33.255065]]]}},{"type":"Feature","id":3840,"properties":{"code":"65000005013020240170UOC1000001005","collectionId":"2562","date":"2025-10-01"},"geometry":{"type":"Polygon","coordinates":[[[126.247356,33.227883],[126.247388,33.227845],[126.247446,33.227847],[126.247467,33.227892],[126.24745,33.227926],[126.247366,33.227952],[126.247356,33.227883]],[[126.2474,33.227893],[126.247402,33.227903],[126.247418,33.227898],[126.247421,33.227892],[126.247417,33.227882],[126.24741,33.227882],[126.2474,33.227893]]]}},{"type":"Feature","id":3841,"properties":{"code":"65000005013020240170UOC1000001049","collectionId":"2611","date":"2025-10-01"},"geometry":{"type":"Polygon","coordinates":[[[126.240827,33.249232],[126.240874,33.249263],[126.240855,33.24933],[126.240772,33.249326],[126.240755,33.249241],[126.240827,33.249232]],[[126.240816,33.24927],[126.240804,33.249271],[126.240809,33.249292],[126.240822,33.249292],[126.240826,33.249277],[126.240816,33.24927]]]}},{"type":"Feature","id":3842,"properties":{"code":"65000005013020240170UOC1000001076","collectionId":"2638","date":"2025-10-01"},"geometry":{"type":"Polygon","coordinates":[[[126.390498,33.253893],[126.390473,33.253879],[126.390462,33.25384],[126.390479,33.253807],[126.390517,33.253797],[126.390556,33.253808],[126.390572,33.253837],[126.390566,33.253867],[126.390543,33.253902],[126.390498,33.253893]],[[126.390515,33.253859],[126.390521,33.253861],[126.390527,33.253846],[126.390516,33.253835],[126.390507,33.253843],[126.390515,33.253859]]]}},{"type":"Feature","id":3843,"properties":{"code":"65000005013020240170UOC1000001008","collectionId":"2565","date":"2025-10-01"},"geometry":{"type":"Polygon","coordinates":[[[126.390123,33.255047],[126.390084,33.255047],[126.390035,33.255003],[126.390107,33.25494],[126.390164,33.254969],[126.390161,33.255011],[126.390123,33.255047]],[[126.390103,33.255011],[126.390116,33.255011],[126.39012,33.255001],[126.39012,33.254988],[126.390111,33.254984],[126.390094,33.255003],[126.390103,33.255011]]]}},{"type":"Feature","id":3844,"properties":{"code":"65000005013020240170UOC1000001087","collectionId":"2932","date":"2025-10-01"},"geometry":{"type":"Polygon","coordinates":[[[126.314259,33.236203],[126.314275,33.236243],[126.31427,33.23628],[126.314216,33.236372],[126.314171,33.236404],[126.314129,33.236412],[126.314086,33.236405],[126.313991,33.236365],[126.313954,33.236328],[126.313944,33.236293],[126.313952,33.236257],[126.314002,33.23617],[126.314046,33.236138],[126.314127,33.236119],[126.314189,33.236127],[126.314239,33.236159],[126.314259,33.236203]],[[126.31414,33.236208],[126.314123,33.236232],[126.314092,33.236219],[126.314052,33.236291],[126.314127,33.236322],[126.314168,33.236251],[126.314141,33.236239],[126.314152,33.236212],[126.31414,33.236208]]]}},{"type":"Feature","id":3845,"properties":{"code":"65000005013020230175UOC1000001002","collectionId":"2817","date":"2025-10-01"},"geometry":{"type":"Polygon","coordinates":[[[126.910918,33.416576],[126.910935,33.416643],[126.91096,33.416891],[126.910982,33.416968],[126.911036,33.417252],[126.910775,33.41728],[126.910753,33.417121],[126.910641,33.416754],[126.910628,33.416615],[126.910502,33.416084],[126.910498,33.415963],[126.910563,33.415761],[126.910625,33.415765],[126.91062,33.41581],[126.910686,33.415811],[126.91069,33.415786],[126.9108,33.415793],[126.910782,33.415974],[126.910851,33.416309],[126.910918,33.416576]],[[126.910746,33.416326],[126.910673,33.415976],[126.910689,33.415859],[126.910614,33.415854],[126.910607,33.415914],[126.910609,33.416074],[126.910734,33.416603],[126.910748,33.416739],[126.910858,33.417104],[126.910869,33.417179],[126.910913,33.417175],[126.910877,33.416986],[126.910854,33.416906],[126.910828,33.416656],[126.910746,33.416326]]]}},{"type":"Feature","id":3847,"properties":{"code":"65000005013020230175UOC1000001003","collectionId":"2818","date":"2025-10-01"},"geometry":{"type":"Polygon","coordinates":[[[126.907924,33.407124],[126.907962,33.407355],[126.907959,33.407486],[126.907992,33.407813],[126.907959,33.40801],[126.907962,33.408207],[126.908211,33.40878],[126.907973,33.408815],[126.907835,33.408589],[126.907767,33.408449],[126.907697,33.408196],[126.907717,33.407885],[126.907712,33.407465],[126.907697,33.407393],[126.907645,33.407246],[126.907603,33.407163],[126.907517,33.407112],[126.907449,33.407057],[126.907245,33.406842],[126.907209,33.406779],[126.907123,33.406699],[126.906931,33.406552],[126.906888,33.406502],[126.906581,33.406338],[126.906387,33.406217],[126.906117,33.406024],[126.906046,33.405944],[126.905836,33.405736],[126.905789,33.405619],[126.905644,33.405459],[126.905901,33.405366],[126.906088,33.405619],[126.906205,33.405731],[126.906209,33.40575],[126.906309,33.405819],[126.906585,33.406059],[126.90706,33.406323],[126.907296,33.40652],[126.907406,33.40664],[126.907468,33.406688],[126.907579,33.406843],[126.907663,33.406856],[126.907682,33.40693],[126.907924,33.407124]],[[126.907827,33.407195],[126.907803,33.407206],[126.907822,33.407333],[126.907849,33.407328],[126.907827,33.407195]],[[126.907755,33.407116],[126.907661,33.407043],[126.907633,33.40707],[126.907741,33.407134],[126.907755,33.407116]],[[126.90764,33.407028],[126.907583,33.406971],[126.907573,33.406933],[126.907519,33.406925],[126.907425,33.406823],[126.907392,33.406848],[126.907528,33.406995],[126.907603,33.407056],[126.90764,33.407028]],[[126.907821,33.40737],[126.907825,33.407886],[126.907816,33.408216],[126.907854,33.408211],[126.907852,33.408004],[126.907884,33.407808],[126.907851,33.407489],[126.907854,33.40737],[126.907821,33.40737]],[[126.907424,33.406792],[126.907386,33.406748],[126.907326,33.4067],[126.907215,33.40658],[126.907005,33.406405],[126.906968,33.40644],[126.907012,33.406492],[126.907199,33.406635],[126.907295,33.406725],[126.907371,33.406823],[126.907424,33.406792]],[[126.906984,33.406389],[126.906515,33.406129],[126.906236,33.405886],[126.906111,33.405799],[126.906105,33.405772],[126.906001,33.405673],[126.905858,33.40548],[126.905797,33.405502],[126.905923,33.405682],[126.906131,33.405888],[126.906196,33.405963],[126.906454,33.406146],[126.906642,33.406264],[126.906935,33.40642],[126.906984,33.406389]],[[126.907858,33.408232],[126.907821,33.408246],[126.90787,33.408422],[126.907932,33.408552],[126.908032,33.408715],[126.908066,33.40871],[126.907858,33.408232]]]}},{"type":"Feature","id":3848,"properties":{"code":"65000005013020240170UOC1000001059","collectionId":"2621","date":"2025-10-01"},"geometry":{"type":"Polygon","coordinates":[[[126.200118,33.296295],[126.19986,33.29636],[126.199806,33.296212],[126.199867,33.296172],[126.199981,33.29615],[126.200079,33.296116],[126.200145,33.296073],[126.200215,33.296068],[126.200287,33.296051],[126.200352,33.296236],[126.200118,33.296295]],[[126.20022,33.296178],[126.200203,33.296131],[126.199919,33.296212],[126.199938,33.296265],[126.20022,33.296178]]]}},{"type":"Feature","id":3849,"properties":{"code":"65000005013020240170UOC1000001060","collectionId":"2622","date":"2025-10-01"},"geometry":{"type":"Polygon","coordinates":[[[126.264393,33.2652],[126.264239,33.265178],[126.264226,33.265132],[126.264221,33.265057],[126.264235,33.264929],[126.264394,33.264981],[126.26438,33.265052],[126.264392,33.2651],[126.264393,33.2652]],[[126.264277,33.265157],[126.264349,33.265173],[126.264349,33.265104],[126.264336,33.265053],[126.264346,33.265004],[126.264273,33.26498],[126.264264,33.265057],[126.264277,33.265157]]]}},{"type":"Feature","id":3850,"properties":{"code":"65000005013020240170UOC1000001061","collectionId":"2623","date":"2025-10-01"},"geometry":{"type":"Polygon","coordinates":[[[126.238943,33.241029],[126.238924,33.241002],[126.238925,33.240946],[126.239018,33.240952],[126.239034,33.241002],[126.239,33.241044],[126.238943,33.241029]],[[126.238971,33.240999],[126.238982,33.241001],[126.238987,33.240995],[126.238984,33.240986],[126.238967,33.240985],[126.238967,33.240993],[126.238971,33.240999]]]}},{"type":"Feature","id":3851,"properties":{"code":"65000005013020230175UOC1000001004","collectionId":"2820","date":"2025-10-01"},"geometry":{"type":"Polygon","coordinates":[[[126.905913,33.392217],[126.905906,33.392392],[126.905881,33.392519],[126.90592,33.39271],[126.905929,33.393099],[126.905882,33.393254],[126.905873,33.393325],[126.905894,33.393406],[126.906347,33.393951],[126.906343,33.394064],[126.906388,33.394124],[126.906423,33.394206],[126.906496,33.394553],[126.906548,33.394701],[126.906527,33.394825],[126.906385,33.395136],[126.906245,33.395507],[126.906164,33.395975],[126.906169,33.396083],[126.906268,33.396395],[126.906274,33.396488],[126.906389,33.396804],[126.906423,33.39698],[126.906478,33.397098],[126.906504,33.397427],[126.90651,33.397637],[126.906498,33.397723],[126.906465,33.397832],[126.906404,33.39799],[126.906325,33.398054],[126.906218,33.398169],[126.906157,33.398255],[126.90607,33.398356],[126.905776,33.398545],[126.905493,33.398867],[126.905327,33.399033],[126.905098,33.399287],[126.904894,33.399126],[126.905249,33.398732],[126.905432,33.398542],[126.905589,33.398392],[126.905792,33.398249],[126.905973,33.398091],[126.906154,33.397898],[126.906218,33.397778],[126.906232,33.397441],[126.906221,33.397293],[126.906113,33.396838],[126.905896,33.396127],[126.905901,33.395904],[126.90592,33.395733],[126.905979,33.395458],[126.906143,33.395047],[126.906267,33.39486],[126.906271,33.394728],[126.906175,33.394414],[126.906171,33.394308],[126.90615,33.394234],[126.906075,33.394109],[126.905982,33.393918],[126.905806,33.393689],[126.905716,33.393592],[126.905626,33.393435],[126.905604,33.393328],[126.905615,33.393239],[126.905677,33.393064],[126.905688,33.392773],[126.905612,33.392527],[126.905659,33.392288],[126.905655,33.392215],[126.905626,33.392109],[126.9056,33.392062],[126.905553,33.392026],[126.905513,33.39193],[126.905535,33.391855],[126.905511,33.391823],[126.905494,33.391757],[126.90535,33.391716],[126.905311,33.391728],[126.905197,33.391704],[126.905094,33.391671],[126.904865,33.391629],[126.904606,33.391604],[126.904493,33.391605],[126.904372,33.391524],[126.904504,33.39132],[126.904532,33.391353],[126.904635,33.391388],[126.904766,33.391393],[126.905115,33.391451],[126.905245,33.391493],[126.905426,33.391485],[126.90573,33.39161],[126.905774,33.391758],[126.90579,33.391912],[126.905832,33.391964],[126.905913,33.392217]],[[126.905689,33.392008],[126.905728,33.39208],[126.905762,33.392202],[126.905767,33.392293],[126.905724,33.392529],[126.905763,33.392658],[126.905798,33.392648],[126.905772,33.392519],[126.905798,33.392383],[126.905805,33.392227],[126.905733,33.392002],[126.905686,33.391943],[126.905667,33.391773],[126.905638,33.391672],[126.905403,33.391576],[126.905229,33.391584],[126.905085,33.391538],[126.904753,33.391483],[126.904612,33.391477],[126.904452,33.391423],[126.904441,33.391449],[126.90453,33.391492],[126.904627,33.391515],[126.904882,33.391542],[126.905122,33.391581],[126.905223,33.391619],[126.905292,33.391633],[126.905349,33.391617],[126.905403,33.391638],[126.90557,33.391683],[126.905601,33.391739],[126.905616,33.391793],[126.905627,33.391801],[126.905647,33.391843],[126.905624,33.391931],[126.905639,33.391967],[126.905689,33.392008]],[[126.905839,33.392828],[126.905804,33.392841],[126.905784,33.393081],[126.905721,33.393256],[126.905713,33.393325],[126.90573,33.393409],[126.905758,33.393475],[126.905872,33.393619],[126.905894,33.393637],[126.906077,33.393876],[126.906184,33.394106],[126.906221,33.394155],[126.906261,33.394238],[126.906277,33.394295],[126.906285,33.394406],[126.906327,33.394403],[126.906316,33.394224],[126.906291,33.394164],[126.906235,33.39409],[126.906238,33.393978],[126.905794,33.393443],[126.905764,33.393329],[126.905776,33.393238],[126.905822,33.393086],[126.905839,33.392828]],[[126.906294,33.394443],[126.906382,33.394728],[126.906284,33.395028],[126.906317,33.395033],[126.906423,33.394803],[126.906438,33.394708],[126.906391,33.394573],[126.906366,33.394442],[126.906341,33.394436],[126.906294,33.394443]],[[126.906191,33.395174],[126.906084,33.395479],[126.906027,33.395746],[126.906004,33.395971],[126.906004,33.396117],[126.906038,33.396209],[126.906106,33.396464],[126.906218,33.396818],[126.906252,33.396967],[126.90631,33.396956],[126.906284,33.396824],[126.906168,33.396505],[126.906162,33.396409],[126.906063,33.396096],[126.906056,33.395972],[126.906139,33.395487],[126.906245,33.395198],[126.906191,33.395174]],[[126.906319,33.397004],[126.906267,33.397029],[126.906328,33.397283],[126.90634,33.39744],[126.906325,33.397801],[126.906274,33.397895],[126.906145,33.398044],[126.906186,33.398056],[126.906245,33.397993],[126.90631,33.397941],[126.906362,33.397807],[126.906392,33.397706],[126.906403,33.397633],[126.906397,33.397431],[126.906372,33.397118],[126.906319,33.397004]],[[126.906098,33.398082],[126.906016,33.398182],[126.905865,33.398315],[126.905665,33.398457],[126.905458,33.398654],[126.905237,33.398931],[126.905099,33.399046],[126.905037,33.399115],[126.905085,33.399152],[126.905243,33.398977],[126.905408,33.398812],[126.905699,33.398481],[126.905993,33.398293],[126.906067,33.398206],[126.906141,33.398101],[126.906098,33.398082]]]}},{"type":"Feature","id":3852,"properties":{"code":"65000005013020240170UOC1000001063","collectionId":"2625","date":"2025-10-01"},"geometry":{"type":"Polygon","coordinates":[[[126.628411,33.291231],[126.628438,33.291116],[126.628679,33.291143],[126.62879,33.291132],[126.628846,33.291094],[126.628868,33.291104],[126.628835,33.291156],[126.628848,33.291404],[126.628744,33.291496],[126.628526,33.291481],[126.628431,33.291447],[126.628364,33.291438],[126.628411,33.291231]],[[126.628446,33.291307],[126.62842,33.291373],[126.628544,33.291414],[126.628573,33.291346],[126.628446,33.291307]],[[126.628482,33.29124],[126.628598,33.291276],[126.628626,33.291218],[126.628509,33.291181],[126.628482,33.29124]],[[126.62858,33.291362],[126.628641,33.291381],[126.628674,33.291303],[126.628614,33.291284],[126.62858,33.291362]]]}},{"type":"Feature","id":3853,"properties":{"code":"65200005013000000000UOC1000001001","collectionId":"2813","date":"2025-10-01"},"geometry":{"type":"Polygon","coordinates":[[[126.907924,33.407124],[126.907962,33.407355],[126.907959,33.407486],[126.907992,33.407813],[126.907959,33.40801],[126.907962,33.408207],[126.908211,33.40878],[126.907973,33.408815],[126.907835,33.408589],[126.907767,33.408449],[126.907697,33.408196],[126.907717,33.407885],[126.907712,33.407465],[126.907697,33.407393],[126.907645,33.407246],[126.907603,33.407163],[126.907517,33.407112],[126.907449,33.407057],[126.907245,33.406842],[126.907209,33.406779],[126.907123,33.406699],[126.906931,33.406552],[126.906888,33.406502],[126.906581,33.406338],[126.906387,33.406217],[126.906117,33.406024],[126.906046,33.405944],[126.905836,33.405736],[126.905789,33.405619],[126.905644,33.405459],[126.905901,33.405366],[126.906088,33.405619],[126.906205,33.405731],[126.906209,33.40575],[126.906309,33.405819],[126.906585,33.406059],[126.90706,33.406323],[126.907296,33.40652],[126.907406,33.40664],[126.907468,33.406688],[126.907579,33.406843],[126.907663,33.406856],[126.907682,33.40693],[126.907924,33.407124]],[[126.907827,33.407195],[126.907803,33.407206],[126.907822,33.407333],[126.907849,33.407328],[126.907827,33.407195]],[[126.907755,33.407116],[126.907661,33.407043],[126.907633,33.40707],[126.907741,33.407134],[126.907755,33.407116]],[[126.90764,33.407028],[126.907583,33.406971],[126.907573,33.406933],[126.907519,33.406925],[126.907425,33.406823],[126.907392,33.406848],[126.907528,33.406995],[126.907603,33.407056],[126.90764,33.407028]],[[126.907821,33.40737],[126.907825,33.407886],[126.907816,33.408216],[126.907854,33.408211],[126.907852,33.408004],[126.907884,33.407808],[126.907851,33.407489],[126.907854,33.40737],[126.907821,33.40737]],[[126.907424,33.406792],[126.907386,33.406748],[126.907326,33.4067],[126.907215,33.40658],[126.907005,33.406405],[126.906968,33.40644],[126.907012,33.406492],[126.907199,33.406635],[126.907295,33.406725],[126.907371,33.406823],[126.907424,33.406792]],[[126.906984,33.406389],[126.906515,33.406129],[126.906236,33.405886],[126.906111,33.405799],[126.906105,33.405772],[126.906001,33.405673],[126.905858,33.40548],[126.905797,33.405502],[126.905923,33.405682],[126.906131,33.405888],[126.906196,33.405963],[126.906454,33.406146],[126.906642,33.406264],[126.906935,33.40642],[126.906984,33.406389]],[[126.907858,33.408232],[126.907821,33.408246],[126.90787,33.408422],[126.907932,33.408552],[126.908032,33.408715],[126.908066,33.40871],[126.907858,33.408232]]]}},{"type":"Feature","id":3855,"properties":{"code":"65200005013000000000UOC1000001002","collectionId":"2814","date":"2025-10-01"},"geometry":{"type":"Polygon","coordinates":[[[126.910918,33.416576],[126.910935,33.416643],[126.91096,33.416891],[126.910982,33.416968],[126.911036,33.417252],[126.910775,33.41728],[126.910753,33.417121],[126.910641,33.416754],[126.910628,33.416615],[126.910502,33.416084],[126.910498,33.415963],[126.910563,33.415761],[126.910625,33.415765],[126.91062,33.41581],[126.910686,33.415811],[126.91069,33.415786],[126.9108,33.415793],[126.910782,33.415974],[126.910851,33.416309],[126.910918,33.416576]],[[126.910746,33.416326],[126.910673,33.415976],[126.910689,33.415859],[126.910614,33.415854],[126.910607,33.415914],[126.910609,33.416074],[126.910734,33.416603],[126.910748,33.416739],[126.910858,33.417104],[126.910869,33.417179],[126.910913,33.417175],[126.910877,33.416986],[126.910854,33.416906],[126.910828,33.416656],[126.910746,33.416326]]]}},{"type":"Feature","id":3856,"properties":{"code":"15500005013020100053UOC1000001001","collectionId":"2354","date":"2025-10-01"},"geometry":{"type":"Polygon","coordinates":[[[126.29158,33.218113],[126.292157,33.217985],[126.292134,33.21791],[126.292198,33.217756],[126.292197,33.217623],[126.292272,33.217463],[126.292188,33.217157],[126.292091,33.216884],[126.291958,33.216829],[126.291913,33.216862],[126.291904,33.21682],[126.292252,33.216565],[126.292328,33.216464],[126.292394,33.216311],[126.292452,33.216219],[126.292566,33.216194],[126.292854,33.216199],[126.292941,33.215938],[126.292708,33.215885],[126.29284,33.215653],[126.292849,33.215616],[126.292988,33.215587],[126.293214,33.215446],[126.293356,33.215175],[126.293424,33.214878],[126.293526,33.214801],[126.293637,33.214763],[126.293756,33.21457],[126.293539,33.214312],[126.293439,33.214235],[126.29333,33.214179],[126.293628,33.214088],[126.293807,33.214023],[126.293851,33.21402],[126.294029,33.214133],[126.294163,33.214429],[126.294255,33.214827],[126.294304,33.215106],[126.294286,33.215249],[126.294247,33.215346],[126.293743,33.216034],[126.293505,33.216229],[126.293435,33.216302],[126.293371,33.2164],[126.293334,33.216549],[126.293291,33.216808],[126.293297,33.217133],[126.293331,33.217235],[126.293761,33.218128],[126.29386,33.218343],[126.293919,33.218495],[126.294423,33.220251],[126.294628,33.220201],[126.294866,33.220511],[126.295589,33.221238],[126.295785,33.221545],[126.296179,33.222077],[126.296209,33.222159],[126.297252,33.22342],[126.296998,33.223681],[126.296605,33.223451],[126.295866,33.222998],[126.295991,33.223399],[126.295814,33.223817],[126.295703,33.223977],[126.295623,33.224055],[126.295458,33.224112],[126.295275,33.224108],[126.294891,33.224317],[126.294832,33.224327],[126.294403,33.224298],[126.294382,33.224262],[126.294208,33.22417],[126.294228,33.224047],[126.294189,33.223961],[126.294355,33.223873],[126.294119,33.223389],[126.293902,33.223059],[126.293595,33.223242],[126.293464,33.223244],[126.293495,33.223146],[126.293544,33.22283],[126.293442,33.222773],[126.293458,33.22257],[126.293289,33.222443],[126.293278,33.222327],[126.293053,33.221417],[126.292648,33.221024],[126.29226,33.220177],[126.292167,33.220006],[126.292004,33.219673],[126.292035,33.219566],[126.292103,33.219572],[126.292155,33.219712],[126.292266,33.219579],[126.292258,33.219299],[126.29227,33.218646],[126.29212,33.218352],[126.291698,33.218275],[126.29158,33.218113]]]}},{"type":"Feature","id":3857,"properties":{"code":"15000005013000000000UOC1001000008","collectionId":"2355","date":"2025-10-01"},"geometry":{"type":"Polygon","coordinates":[[[126.801185,33.387466],[126.801343,33.38748],[126.801363,33.387552],[126.801288,33.387539],[126.801212,33.387505],[126.801185,33.387466]]]}},{"type":"Feature","id":3858,"properties":{"code":"65000005013020050002UOC1001001001","collectionId":"2356","date":"2025-10-01"},"geometry":{"type":"Polygon","coordinates":[[[126.885961,33.448294],[126.885917,33.448443],[126.885847,33.448475],[126.885744,33.448441],[126.885576,33.448279],[126.885524,33.448217],[126.885503,33.448174],[126.885546,33.448141],[126.885442,33.448081],[126.885257,33.448062],[126.885165,33.447994],[126.885142,33.447917],[126.884944,33.44776],[126.884665,33.4476],[126.884414,33.447412],[126.884304,33.447295],[126.884322,33.447195],[126.884355,33.447166],[126.884477,33.447079],[126.884648,33.446927],[126.884746,33.446817],[126.884928,33.44669],[126.885462,33.446214],[126.885508,33.446204],[126.885541,33.446207],[126.885924,33.446375],[126.886243,33.446493],[126.886544,33.44662],[126.886694,33.446617],[126.886879,33.446706],[126.887017,33.446773],[126.88712,33.446899],[126.887133,33.446951],[126.887184,33.447009],[126.887191,33.447042],[126.8871,33.447193],[126.886988,33.447346],[126.88708,33.44752],[126.887088,33.447573],[126.886964,33.44767],[126.886841,33.447709],[126.886683,33.447789],[126.886637,33.44777],[126.886307,33.447957],[126.886166,33.448115],[126.88602,33.448239],[126.885947,33.448244],[126.885961,33.448294]]]}},{"type":"Feature","id":3859,"properties":{"code":"15500005013020080141UOC1000001003","collectionId":"2357","date":"2025-10-01"},"geometry":{"type":"Polygon","coordinates":[[[126.799866,33.3874],[126.799841,33.38737],[126.799857,33.387231],[126.800268,33.387218],[126.800271,33.387313],[126.800327,33.387409],[126.800163,33.387417],[126.80013,33.387362],[126.800012,33.387392],[126.799866,33.3874]]]}},{"type":"Feature","id":3861,"properties":{"code":"15000005013000000000UOC1001000005","collectionId":"2363","date":"2025-10-01"},"geometry":{"type":"Polygon","coordinates":[[[126.89796,33.388725],[126.895426,33.388845],[126.894563,33.388771],[126.893346,33.388233],[126.892627,33.388042],[126.891527,33.387948],[126.891524,33.387882],[126.892647,33.38796],[126.893349,33.388153],[126.894581,33.388697],[126.895418,33.388776],[126.897975,33.38865],[126.89796,33.388725]]]}},{"type":"Feature","id":3862,"properties":{"code":"65000005013020030001UOC1001001001","collectionId":"2358","date":"2025-10-01"},"geometry":{"type":"Polygon","coordinates":[[[126.277978,33.250614],[126.27791,33.2506],[126.277925,33.250516],[126.277918,33.250484],[126.277898,33.250462],[126.27795,33.250435],[126.27792,33.250324],[126.277942,33.250314],[126.277958,33.250324],[126.27797,33.250274],[126.277963,33.250244],[126.277894,33.250237],[126.277884,33.25014],[126.277873,33.250128],[126.277984,33.250114],[126.277967,33.249955],[126.278015,33.249943],[126.278013,33.249925],[126.278026,33.249893],[126.278024,33.249799],[126.27833,33.249755],[126.27832,33.249805],[126.278288,33.249821],[126.278175,33.249843],[126.278183,33.249974],[126.278162,33.250096],[126.278174,33.250169],[126.278178,33.250284],[126.278122,33.250287],[126.278109,33.250349],[126.278127,33.250373],[126.278123,33.250449],[126.278221,33.250531],[126.278319,33.250486],[126.278364,33.250453],[126.278424,33.250383],[126.278454,33.250327],[126.27847,33.250147],[126.278407,33.249961],[126.278387,33.249963],[126.278384,33.249957],[126.27839,33.249892],[126.27838,33.249749],[126.278582,33.249739],[126.278567,33.250659],[126.278446,33.250652],[126.278424,33.250643],[126.27831,33.250628],[126.27829,33.250615],[126.278252,33.250614],[126.278194,33.25057],[126.278068,33.250639],[126.277978,33.250614]]]}},{"type":"Feature","id":3863,"properties":{"code":"15500005013020080141UOC1000001001","collectionId":"2367","date":"2025-10-01"},"geometry":{"type":"Polygon","coordinates":[[[126.801543,33.386918],[126.801602,33.386662],[126.801902,33.386746],[126.801926,33.386922],[126.801874,33.387057],[126.801544,33.38694],[126.801543,33.386918]]]}},{"type":"Feature","id":3864,"properties":{"code":"15500005013020030002UOC1001001001","collectionId":"2359","date":"2025-10-01"},"geometry":{"type":"Polygon","coordinates":[[[126.936278,33.463982],[126.936041,33.464236],[126.935659,33.463639],[126.935654,33.463641],[126.93566,33.463594],[126.935742,33.463581],[126.935743,33.463348],[126.935841,33.463347],[126.935913,33.463381],[126.935965,33.463386],[126.936372,33.463206],[126.936365,33.463027],[126.936597,33.463021],[126.936694,33.463078],[126.936962,33.463153],[126.937094,33.463256],[126.937231,33.463278],[126.937355,33.463278],[126.93763,33.463211],[126.937739,33.463152],[126.937828,33.463073],[126.938008,33.463],[126.937681,33.462505],[126.937466,33.462293],[126.937392,33.462269],[126.937159,33.462344],[126.937123,33.46229],[126.93678,33.462398],[126.936515,33.462038],[126.936554,33.461956],[126.936352,33.461679],[126.936387,33.461639],[126.936258,33.461455],[126.93608,33.461064],[126.936156,33.461055],[126.936099,33.460699],[126.935964,33.460773],[126.935767,33.460836],[126.935626,33.460648],[126.935958,33.460362],[126.936344,33.459926],[126.936467,33.459749],[126.936616,33.459712],[126.937171,33.45944],[126.937439,33.459394],[126.937898,33.458247],[126.939023,33.457385],[126.939952,33.456794],[126.940947,33.456388],[126.941662,33.456241],[126.941805,33.456205],[126.942817,33.456147],[126.943821,33.456134],[126.944522,33.456347],[126.945275,33.456956],[126.945459,33.457391],[126.945113,33.457815],[126.945079,33.458841],[126.94479,33.459561],[126.943746,33.460397],[126.943041,33.460745],[126.942261,33.460927],[126.941495,33.460929],[126.940086,33.461138],[126.938684,33.461322],[126.938111,33.461613],[126.938028,33.4617],[126.937929,33.46242],[126.938001,33.462731],[126.938265,33.462968],[126.938555,33.463095],[126.938536,33.463196],[126.938153,33.463277],[126.937853,33.463555],[126.937384,33.463485],[126.936729,33.463499],[126.936278,33.463982]]]}},{"type":"Feature","id":3865,"properties":{"code":"15500005013020080182UOC1000001001","collectionId":"2360","date":"2025-10-01"},"geometry":{"type":"Polygon","coordinates":[[[126.425706,33.237967],[126.425393,33.237914],[126.425393,33.237816],[126.425513,33.237801],[126.42564,33.237801],[126.425774,33.23782],[126.425879,33.237844],[126.426087,33.237765],[126.426211,33.237724],[126.426277,33.23771],[126.426351,33.237712],[126.426494,33.237776],[126.426542,33.237778],[126.426591,33.237762],[126.426711,33.237808],[126.426635,33.237866],[126.42666,33.238119],[126.425937,33.238175],[126.425917,33.238002],[126.425706,33.237967]]]}},{"type":"Feature","id":3866,"properties":{"code":"15500005013020080141UOC1000001002","collectionId":"2361","date":"2025-10-01"},"geometry":{"type":"Polygon","coordinates":[[[126.801553,33.38604],[126.801621,33.385851],[126.801665,33.385693],[126.801972,33.385828],[126.801922,33.385908],[126.80179,33.386169],[126.801553,33.38604]]]}},{"type":"Feature","id":3867,"properties":{"code":"15500005013020050001UOC1001001001","collectionId":"2362","date":"2025-10-01"},"geometry":{"type":"Polygon","coordinates":[[[126.625036,33.36617],[126.622651,33.366684],[126.620813,33.36709],[126.618265,33.364591],[126.619213,33.363397],[126.619476,33.363077],[126.619678,33.362858],[126.619961,33.362522],[126.620562,33.361782],[126.62066,33.361626],[126.620696,33.361543],[126.620842,33.361741],[126.621595,33.362014],[126.622117,33.361974],[126.62234,33.361922],[126.622886,33.361859],[126.62346,33.36238],[126.623661,33.362992],[126.623828,33.36319],[126.623969,33.363605],[126.624084,33.363728],[126.624088,33.363878],[126.623923,33.364205],[126.623879,33.364418],[126.623964,33.365098],[126.624144,33.365354],[126.624441,33.365748],[126.625036,33.36617]]]}},{"type":"Feature","id":3868,"properties":{"code":"15000005013000000000UOC1001000016","collectionId":"2364","date":"2025-10-01"},"geometry":{"type":"Polygon","coordinates":[[[126.354689,33.255822],[126.355184,33.255945],[126.355498,33.256068],[126.355712,33.256372],[126.355299,33.256684],[126.355219,33.256673],[126.355054,33.256574],[126.354958,33.25661],[126.354744,33.256859],[126.354628,33.256894],[126.354493,33.256898],[126.354222,33.256856],[126.354033,33.256782],[126.353885,33.25675],[126.353809,33.256781],[126.353737,33.256884],[126.353632,33.257134],[126.35346,33.257315],[126.353159,33.257414],[126.35306,33.257436],[126.352799,33.257448],[126.352762,33.257396],[126.352705,33.257358],[126.352688,33.257105],[126.352972,33.257071],[126.353208,33.256941],[126.353289,33.25671],[126.353322,33.256485],[126.353341,33.256206],[126.353638,33.256214],[126.353858,33.256282],[126.354143,33.25639],[126.35424,33.256367],[126.354243,33.256308],[126.354295,33.256109],[126.354556,33.255875],[126.354689,33.255822]]]}},{"type":"Feature","id":3869,"properties":{"code":"65000005013020030012UOC1001001001","collectionId":"2365","date":"2025-10-01"},"geometry":{"type":"Polygon","coordinates":[[[126.628122,33.291366],[126.628161,33.291282],[126.628362,33.291089],[126.628395,33.291109],[126.62836,33.29116],[126.628411,33.291231],[126.628222,33.291394],[126.628122,33.291366]]]}},{"type":"Feature","id":3870,"properties":{"code":"65000005013020230175UOC1000001001","collectionId":"2369","date":"2025-10-01"},"geometry":{"type":"Polygon","coordinates":[[[126.910498,33.415963],[126.910563,33.415761],[126.910625,33.415765],[126.91062,33.41581],[126.910686,33.415811],[126.91069,33.415786],[126.9108,33.415793],[126.910782,33.415974],[126.910851,33.416309],[126.910935,33.416643],[126.91096,33.416891],[126.910982,33.416968],[126.911036,33.417252],[126.910775,33.41728],[126.910753,33.417121],[126.910641,33.416754],[126.910628,33.416615],[126.910502,33.416084],[126.910498,33.415963]],[[126.910869,33.417179],[126.910913,33.417175],[126.910877,33.416986],[126.910854,33.416906],[126.910828,33.416656],[126.910746,33.416326],[126.910673,33.415976],[126.910689,33.415859],[126.910614,33.415854],[126.910607,33.415914],[126.910609,33.416074],[126.910734,33.416603],[126.910748,33.416739],[126.910858,33.417104],[126.910869,33.417179]]]}},{"type":"Feature","id":3871,"properties":{"code":"15500005013020090013UOC1000001001","collectionId":"2368","date":"2025-10-01"},"geometry":{"type":"MultiPolygon","coordinates":[[[[126.551461,33.249171],[126.551499,33.249163],[126.551557,33.249126],[126.551634,33.249092],[126.551644,33.248977],[126.551614,33.248849],[126.551496,33.248713],[126.551437,33.248689],[126.551555,33.248625],[126.551747,33.248555],[126.551822,33.248458],[126.552105,33.248503],[126.552207,33.248499],[126.552273,33.248517],[126.552573,33.248736],[126.552668,33.248763],[126.552768,33.248763],[126.552836,33.248777],[126.552739,33.248993],[126.552672,33.249199],[126.552558,33.249155],[126.552524,33.249178],[126.552483,33.249157],[126.55231,33.249136],[126.552105,33.249089],[126.552052,33.249039],[126.551974,33.249015],[126.551894,33.249007],[126.551834,33.249034],[126.551798,33.249066],[126.551658,33.249106],[126.551575,33.249213],[126.551545,33.249225],[126.551557,33.249246],[126.551588,33.249226],[126.551677,33.249127],[126.551812,33.24909],[126.551898,33.249045],[126.552042,33.249062],[126.552096,33.249109],[126.552268,33.249151],[126.552508,33.2492],[126.552572,33.249183],[126.552669,33.24922],[126.55269,33.249345],[126.552672,33.249388],[126.552702,33.249476],[126.552704,33.249619],[126.552677,33.24972],[126.552589,33.249744],[126.55248,33.24985],[126.552276,33.24994],[126.552263,33.249923],[126.552245,33.249936],[126.552199,33.250038],[126.552155,33.250069],[126.552035,33.250044],[126.552004,33.250075],[126.55193,33.250127],[126.55186,33.250121],[126.551794,33.250158],[126.551778,33.250105],[126.551653,33.250095],[126.551601,33.250102],[126.551544,33.250082],[126.551468,33.250023],[126.551333,33.249501],[126.55127,33.249298],[126.551323,33.249241],[126.551461,33.249171]]],[[[126.551636,33.250941],[126.551708,33.250896],[126.551757,33.250847],[126.551801,33.250607],[126.551851,33.250486],[126.551823,33.250454],[126.551827,33.250177],[126.551867,33.250146],[126.551934,33.25014],[126.552022,33.25008],[126.552163,33.250086],[126.552204,33.250056],[126.552245,33.249967],[126.552299,33.249944],[126.552362,33.249931],[126.55248,33.249864],[126.552622,33.249756],[126.552666,33.249759],[126.552628,33.249901],[126.552651,33.249973],[126.552715,33.250081],[126.552711,33.25014],[126.552861,33.25032],[126.552781,33.250528],[126.552817,33.250659],[126.552859,33.250724],[126.552944,33.250761],[126.553022,33.250834],[126.552905,33.251173],[126.552855,33.251267],[126.552814,33.25137],[126.552816,33.251423],[126.552642,33.251609],[126.552575,33.251624],[126.552567,33.251657],[126.55264,33.251648],[126.552697,33.251596],[126.552736,33.251615],[126.552876,33.251465],[126.55285,33.251382],[126.552973,33.25116],[126.553041,33.25097],[126.553049,33.250856],[126.553178,33.250883],[126.553238,33.250718],[126.553275,33.250666],[126.553314,33.250652],[126.553389,33.25124],[126.55325,33.251333],[126.552947,33.251556],[126.552667,33.251743],[126.552557,33.251788],[126.552492,33.251768],[126.552369,33.251806],[126.552247,33.251714],[126.552277,33.251629],[126.552255,33.2515],[126.552321,33.251421],[126.552442,33.251187],[126.552499,33.250973],[126.552494,33.250802],[126.552412,33.250665],[126.552518,33.250606],[126.552444,33.250509],[126.552318,33.250406],[126.552267,33.250442],[126.551931,33.250843],[126.551812,33.251013],[126.551636,33.250941]]],[[[126.551233,33.248403],[126.551282,33.248424],[126.551392,33.248423],[126.551493,33.248396],[126.55161,33.248445],[126.551637,33.248404],[126.55179,33.248429],[126.551726,33.248542],[126.551459,33.248639],[126.551293,33.248613],[126.551182,33.248559],[126.551107,33.248494],[126.551033,33.248384],[126.550881,33.248389],[126.550876,33.248366],[126.551132,33.248342],[126.551233,33.248403]]],[[[126.553052,33.250814],[126.552899,33.250697],[126.55281,33.250534],[126.552887,33.250336],[126.55293,33.25035],[126.553002,33.250351],[126.553079,33.250453],[126.553175,33.250471],[126.553173,33.250691],[126.553125,33.250712],[126.553052,33.250814]]],[[[126.552857,33.248751],[126.552885,33.248702],[126.552916,33.248698],[126.552924,33.248781],[126.55293,33.248812],[126.552851,33.248838],[126.552857,33.248751]]]]}},{"type":"Feature","id":3872,"properties":{"code":"15000005013000000000UOC1001000006","collectionId":"2370","date":"2025-10-01"},"geometry":{"type":"Polygon","coordinates":[[[126.801148,33.387831],[126.801484,33.387887],[126.801488,33.388113],[126.801412,33.388318],[126.801412,33.388353],[126.801136,33.388329],[126.801148,33.387831]]]}},{"type":"Feature","id":3873,"properties":{"code":"15000005013000000000UOC1001000003","collectionId":"2371","date":"2025-10-01"},"geometry":{"type":"Polygon","coordinates":[[[126.89796,33.388725],[126.897975,33.38865],[126.89874,33.389014],[126.89949,33.389286],[126.899558,33.389319],[126.899841,33.389421],[126.900264,33.38965],[126.900399,33.389748],[126.901026,33.390134],[126.90111,33.3902],[126.901355,33.390343],[126.901803,33.390542],[126.90195,33.390617],[126.903346,33.390921],[126.903696,33.391008],[126.904088,33.391086],[126.905304,33.391559],[126.905829,33.391981],[126.906044,33.392316],[126.905947,33.393327],[126.905963,33.393477],[126.906493,33.394312],[126.906511,33.394924],[126.906316,33.395421],[126.90619,33.395921],[126.906238,33.396278],[126.906463,33.397288],[126.90647,33.397646],[126.906413,33.397928],[126.905713,33.398611],[126.905649,33.398567],[126.906326,33.397902],[126.90638,33.397638],[126.906382,33.397331],[126.906116,33.396154],[126.906091,33.395952],[126.906224,33.395387],[126.90642,33.39491],[126.906394,33.39435],[126.905865,33.393497],[126.905833,33.393295],[126.905931,33.392323],[126.905766,33.392055],[126.905226,33.391619],[126.904076,33.391156],[126.903431,33.391029],[126.903142,33.390956],[126.902345,33.390775],[126.901907,33.390687],[126.901283,33.390391],[126.900933,33.390193],[126.900779,33.390079],[126.900076,33.389634],[126.899826,33.389487],[126.899417,33.389349],[126.899268,33.389285],[126.898742,33.389099],[126.89796,33.388725]]]}},{"type":"Feature","id":3874,"properties":{"code":"15000005013000000000UOC1001000017","collectionId":"2372","date":"2025-10-01"},"geometry":{"type":"Polygon","coordinates":[[[126.311753,33.238349],[126.312407,33.238337],[126.313988,33.238078],[126.314442,33.23815],[126.31504,33.238302],[126.315601,33.238768],[126.315833,33.239021],[126.316181,33.239454],[126.316298,33.239567],[126.316543,33.239977],[126.316697,33.240095],[126.317158,33.240233],[126.317252,33.240686],[126.317467,33.24095],[126.318074,33.241562],[126.317913,33.241895],[126.318093,33.24239],[126.318333,33.242706],[126.318225,33.242728],[126.318102,33.242644],[126.316771,33.24184],[126.314886,33.240677],[126.314657,33.240551],[126.314579,33.240523],[126.314513,33.240481],[126.314454,33.240428],[126.313798,33.240035],[126.313241,33.239954],[126.311857,33.23978],[126.311824,33.239787],[126.311113,33.240248],[126.310922,33.240561],[126.310684,33.240987],[126.310228,33.24218],[126.310573,33.243979],[126.3093,33.243131],[126.308677,33.241655],[126.309368,33.24059],[126.309121,33.24017],[126.309066,33.23971],[126.309423,33.239015],[126.310138,33.238465],[126.311274,33.238344],[126.311753,33.238349]]]}},{"type":"Feature","id":3875,"properties":{"code":"15000005013020050001UOC1000001001","collectionId":"2374","date":"2025-10-01"},"geometry":{"type":"MultiPolygon","coordinates":[[[[126.415996,33.249686],[126.41597,33.249579],[126.415855,33.24936],[126.415583,33.248982],[126.415625,33.24896],[126.415638,33.248832],[126.41578,33.24865],[126.415873,33.248485],[126.416196,33.248234],[126.416522,33.247829],[126.416591,33.247833],[126.416678,33.24777],[126.416726,33.247698],[126.416996,33.247568],[126.417132,33.247433],[126.417375,33.247352],[126.417557,33.247306],[126.417696,33.247242],[126.417787,33.247158],[126.417905,33.247008],[126.417912,33.246802],[126.417814,33.246489],[126.418049,33.246384],[126.418231,33.246385],[126.41841,33.246417],[126.418316,33.246298],[126.4182,33.246225],[126.418217,33.246139],[126.418136,33.246024],[126.418116,33.245889],[126.418143,33.245828],[126.41811,33.245771],[126.41813,33.245699],[126.418116,33.245616],[126.418069,33.245648],[126.418042,33.245486],[126.418042,33.245434],[126.418092,33.2454],[126.418088,33.24532],[126.418124,33.24521],[126.418172,33.245186],[126.418351,33.245384],[126.418644,33.245747],[126.418805,33.245985],[126.41897,33.246145],[126.419057,33.24632],[126.419094,33.246451],[126.41904,33.246638],[126.418935,33.246844],[126.418916,33.246837],[126.418938,33.246725],[126.418806,33.246959],[126.418701,33.247089],[126.418589,33.247211],[126.418528,33.247307],[126.41845,33.247327],[126.41841,33.247408],[126.418314,33.24747],[126.418041,33.247598],[126.417695,33.2477],[126.416946,33.248027],[126.416751,33.248266],[126.416695,33.248468],[126.416399,33.249065],[126.416151,33.249646],[126.416094,33.249682],[126.415996,33.249686]]],[[[126.418702,33.253898],[126.41844,33.253426],[126.418381,33.253368],[126.417777,33.252521],[126.417382,33.252143],[126.417384,33.251973],[126.417572,33.251285],[126.417253,33.250828],[126.417235,33.250619],[126.417353,33.250288],[126.417662,33.249975],[126.417806,33.249893],[126.417633,33.250077],[126.417395,33.250302],[126.417378,33.250525],[126.417279,33.250612],[126.417293,33.250807],[126.417669,33.251303],[126.417636,33.251392],[126.417696,33.251603],[126.417582,33.252108],[126.417591,33.252165],[126.418118,33.252949],[126.418439,33.2534],[126.418647,33.253147],[126.418665,33.253168],[126.418478,33.253419],[126.418744,33.253867],[126.418702,33.253898]]],[[[126.419002,33.254324],[126.41883,33.25399],[126.419029,33.253901],[126.419139,33.254142],[126.419002,33.254324]]]]}},{"type":"Feature","id":3876,"properties":{"code":"15000005013020080158UOC1000001001","collectionId":"2375","date":"2025-10-01"},"geometry":{"type":"MultiPolygon","coordinates":[[[[126.485949,33.236054],[126.485929,33.235967],[126.485874,33.235968],[126.485776,33.235496],[126.485829,33.235517],[126.485863,33.235456],[126.485858,33.235422],[126.486123,33.235368],[126.486441,33.235313],[126.48639,33.235076],[126.486325,33.234926],[126.486324,33.234877],[126.486306,33.234824],[126.486292,33.23464],[126.486084,33.234648],[126.485949,33.23468],[126.485735,33.23471],[126.485694,33.234494],[126.485703,33.234293],[126.485755,33.234235],[126.485769,33.234146],[126.486001,33.234014],[126.486356,33.233944],[126.487027,33.233836],[126.487106,33.233811],[126.487126,33.233896],[126.487166,33.233912],[126.486884,33.233969],[126.486923,33.234135],[126.486974,33.23429],[126.487365,33.234192],[126.487542,33.234102],[126.487634,33.23415],[126.487691,33.234235],[126.487699,33.234318],[126.487548,33.234498],[126.487341,33.234626],[126.487314,33.234659],[126.487247,33.234785],[126.487269,33.23481],[126.487063,33.235043],[126.486915,33.235192],[126.486809,33.235277],[126.486696,33.235423],[126.486657,33.235686],[126.486375,33.235846],[126.486212,33.235898],[126.485949,33.236054]]],[[[126.484998,33.236381],[126.484918,33.236227],[126.484882,33.236058],[126.485036,33.236059],[126.485176,33.236034],[126.485139,33.235821],[126.484889,33.235114],[126.484778,33.235201],[126.484705,33.235182],[126.484735,33.235107],[126.484661,33.235088],[126.484659,33.235044],[126.484813,33.234803],[126.484913,33.234665],[126.484978,33.234871],[126.485036,33.234977],[126.485025,33.235076],[126.485075,33.235136],[126.485136,33.23531],[126.485133,33.23538],[126.485215,33.235623],[126.485306,33.236009],[126.485292,33.236096],[126.485313,33.236206],[126.4853,33.236298],[126.485012,33.236407],[126.484998,33.236381]]],[[[126.485386,33.236877],[126.485291,33.236653],[126.485216,33.236606],[126.485015,33.236457],[126.485137,33.236377],[126.485283,33.236333],[126.485352,33.236345],[126.485428,33.236434],[126.485418,33.236503],[126.48548,33.236513],[126.485543,33.236659],[126.485614,33.236856],[126.48559,33.236899],[126.485386,33.236877]]]]}},{"type":"Feature","id":3877,"properties":{"code":"13700005013019920001UOC1000001001","collectionId":"2373","date":"2025-10-01"},"geometry":{"type":"Polygon","coordinates":[[[126.625223,33.387021],[126.625131,33.386336],[126.624915,33.385036],[126.624461,33.385028],[126.623824,33.38458],[126.623695,33.384352],[126.623185,33.384266],[126.623099,33.38433],[126.622395,33.384724],[126.621373,33.385124],[126.621226,33.385167],[126.62104,33.385013],[126.620978,33.385044],[126.620219,33.384862],[126.620158,33.384816],[126.620162,33.384632],[126.620403,33.384583],[126.620424,33.384485],[126.619346,33.3842],[126.61874,33.383744],[126.617621,33.383192],[126.616791,33.383077],[126.615801,33.383121],[126.615235,33.383173],[126.614942,33.383133],[126.614066,33.382909],[126.613009,33.382919],[126.612755,33.382913],[126.611985,33.382946],[126.609883,33.382661],[126.609347,33.382486],[126.608236,33.382337],[126.606934,33.382238],[126.605293,33.381622],[126.604059,33.380963],[126.602682,33.380406],[126.601366,33.379677],[126.600364,33.379094],[126.598494,33.378525],[126.597732,33.378148],[126.596364,33.377127],[126.595201,33.376529],[126.594523,33.376424],[126.593225,33.376153],[126.592764,33.375777],[126.592506,33.375509],[126.591732,33.37385],[126.591579,33.373775],[126.590545,33.374113],[126.589322,33.374344],[126.588976,33.374236],[126.587847,33.374111],[126.586769,33.374176],[126.585625,33.37389],[126.584498,33.373626],[126.584258,33.373455],[126.583626,33.373545],[126.583096,33.373677],[126.582085,33.373763],[126.581188,33.373533],[126.580462,33.373407],[126.57967,33.373377],[126.578956,33.373246],[126.578047,33.37301],[126.577413,33.372939],[126.576188,33.372547],[126.575723,33.372378],[126.575243,33.372244],[126.574759,33.372023],[126.574572,33.371819],[126.573399,33.372093],[126.572853,33.371937],[126.572609,33.37195],[126.572267,33.371775],[126.57178,33.372061],[126.571602,33.372215],[126.571244,33.372439],[126.570881,33.372467],[126.570105,33.372328],[126.56921,33.371637],[126.568337,33.371875],[126.567663,33.371753],[126.567207,33.371631],[126.56669,33.371652],[126.566231,33.371811],[126.565554,33.371794],[126.564921,33.371743],[126.564589,33.371856],[126.564089,33.371908],[126.563652,33.372024],[126.56316,33.372293],[126.56159,33.372358],[126.561364,33.372517],[126.560283,33.373111],[126.559753,33.373162],[126.559685,33.373159],[126.559452,33.373242],[126.558754,33.37316],[126.55788,33.372135],[126.557366,33.372021],[126.556893,33.372133],[126.556601,33.37217],[126.556403,33.37224],[126.556094,33.372257],[126.55581,33.372367],[126.554555,33.373305],[126.553716,33.373676],[126.553232,33.373306],[126.552675,33.372963],[126.551548,33.372563],[126.551034,33.372229],[126.550778,33.371883],[126.54901,33.371039],[126.54837,33.370706],[126.547827,33.370558],[126.547326,33.370276],[126.546531,33.36969],[126.545499,33.369188],[126.544916,33.368843],[126.544489,33.36861],[126.543916,33.368099],[126.543105,33.367831],[126.542484,33.367519],[126.540682,33.36718],[126.541354,33.366366],[126.541639,33.365965],[126.543355,33.365224],[126.544452,33.364959],[126.54564,33.364917],[126.54621,33.364818],[126.546667,33.364809],[126.547308,33.364824],[126.548355,33.36463],[126.548783,33.36445],[126.549073,33.364317],[126.550081,33.363415],[126.550832,33.362421],[126.551644,33.361905],[126.553217,33.361056],[126.554753,33.360566],[126.555672,33.360095],[126.556532,33.359808],[126.557205,33.359695],[126.558277,33.359123],[126.55914,33.358915],[126.559935,33.357881],[126.560421,33.356737],[126.560677,33.356102],[126.561151,33.355581],[126.561505,33.354801],[126.562069,33.353889],[126.562122,33.353383],[126.562304,33.352876],[126.562408,33.352483],[126.563194,33.351666],[126.563644,33.351006],[126.564004,33.349961],[126.564366,33.349482],[126.564727,33.34917],[126.566148,33.348496],[126.566708,33.348018],[126.567142,33.347859],[126.567532,33.347438],[126.568399,33.346992],[126.568948,33.346521],[126.569601,33.346173],[126.57001,33.34586],[126.570165,33.345572],[126.5703,33.345295],[126.571095,33.345036],[126.572326,33.344206],[126.572482,33.344036],[126.57277,33.343827],[126.572874,33.343608],[126.573161,33.343207],[126.573501,33.342936],[126.573644,33.342667],[126.574232,33.342843],[126.576574,33.343471],[126.578418,33.343997],[126.58603,33.345906],[126.587323,33.346141],[126.587562,33.346154],[126.587682,33.346174],[126.588158,33.346284],[126.588155,33.345995],[126.588226,33.345644],[126.588235,33.344811],[126.588604,33.34444],[126.588901,33.343957],[126.58851,33.34311],[126.588869,33.342678],[126.589055,33.342335],[126.589468,33.341784],[126.589375,33.341097],[126.589817,33.340658],[126.589649,33.340372],[126.589655,33.340036],[126.589726,33.33958],[126.590041,33.339452],[126.590135,33.33924],[126.590087,33.338774],[126.590162,33.338191],[126.590337,33.337972],[126.590344,33.33757],[126.590618,33.336956],[126.590891,33.336748],[126.591229,33.336383],[126.591752,33.336178],[126.591963,33.335954],[126.592133,33.335426],[126.592551,33.3348],[126.592461,33.334559],[126.592553,33.334196],[126.592703,33.334114],[126.59321,33.33346],[126.593589,33.333399],[126.594231,33.33298],[126.59446,33.332667],[126.595604,33.331577],[126.595802,33.331592],[126.596149,33.331454],[126.596294,33.331259],[126.596884,33.331356],[126.596771,33.33163],[126.596155,33.332091],[126.595968,33.332087],[126.595517,33.332446],[126.594986,33.333061],[126.594534,33.333253],[126.59382,33.333712],[126.59344,33.333777],[126.593024,33.334136],[126.593062,33.334286],[126.59307,33.334679],[126.5928,33.335105],[126.592758,33.335664],[126.592696,33.335723],[126.592202,33.336514],[126.591713,33.336821],[126.59159,33.336959],[126.5909,33.337071],[126.590887,33.337434],[126.590934,33.337985],[126.590778,33.338178],[126.590728,33.338816],[126.590632,33.339683],[126.590373,33.339815],[126.590267,33.34004],[126.590308,33.340413],[126.590363,33.340646],[126.590189,33.340888],[126.590104,33.340929],[126.59,33.341022],[126.590064,33.341782],[126.589642,33.342334],[126.589565,33.342673],[126.58921,33.343109],[126.58943,33.343947],[126.589149,33.344434],[126.588666,33.344854],[126.588764,33.345611],[126.588754,33.346427],[126.588937,33.346473],[126.589633,33.346708],[126.591205,33.347158],[126.591744,33.347289],[126.592929,33.347548],[126.593854,33.347905],[126.594725,33.348129],[126.595834,33.348467],[126.597278,33.348665],[126.597424,33.348699],[126.597497,33.348724],[126.597619,33.348626],[126.597961,33.34692],[126.598169,33.346431],[126.598688,33.345847],[126.599242,33.345399],[126.599759,33.344635],[126.60024,33.344512],[126.600388,33.344311],[126.600287,33.343694],[126.60091,33.342923],[126.600809,33.341839],[126.60113,33.340973],[126.601858,33.340195],[126.602685,33.340059],[126.604037,33.33909],[126.60479,33.338329],[126.605525,33.337807],[126.606011,33.337315],[126.606654,33.337007],[126.607336,33.336697],[126.608395,33.336492],[126.608868,33.336591],[126.609585,33.336466],[126.609993,33.336458],[126.610078,33.336576],[126.610027,33.336639],[126.60998,33.336756],[126.610356,33.336987],[126.610742,33.336772],[126.611264,33.336412],[126.611689,33.336142],[126.612,33.335922],[126.612294,33.335728],[126.612787,33.335511],[126.613443,33.334831],[126.614472,33.334392],[126.615247,33.333827],[126.615867,33.333394],[126.61631,33.333524],[126.616826,33.335487],[126.618777,33.343022],[126.620542,33.345117],[126.623184,33.347475],[126.623236,33.347178],[126.623319,33.347077],[126.626351,33.349636],[126.627252,33.350593],[126.628092,33.351459],[126.628964,33.356395],[126.629267,33.358917],[126.631396,33.362713],[126.632349,33.366584],[126.631936,33.373714],[126.63186,33.375179],[126.631693,33.376927],[126.631571,33.37836],[126.630975,33.380301],[126.626549,33.383606],[126.625223,33.387021]]]}},{"type":"Feature","id":3878,"properties":{"code":"15000005013000000000UOC1001000007","collectionId":"2381","date":"2025-10-01"},"geometry":{"type":"Polygon","coordinates":[[[126.800937,33.387577],[126.801062,33.387596],[126.801052,33.387655],[126.801042,33.388161],[126.800836,33.38816],[126.800629,33.388149],[126.800688,33.387939],[126.80069,33.387815],[126.800789,33.387763],[126.800895,33.387745],[126.800893,33.38761],[126.800937,33.387577]]]}},{"type":"Feature","id":3879,"properties":{"code":"15500005013020080141UOC1000001005","collectionId":"2376","date":"2025-10-01"},"geometry":{"type":"Polygon","coordinates":[[[126.796416,33.386205],[126.796425,33.38597],[126.796461,33.385677],[126.796519,33.385386],[126.796599,33.385098],[126.796702,33.384816],[126.796875,33.384439],[126.79702,33.384171],[126.797187,33.383911],[126.797373,33.383661],[126.797579,33.383421],[126.797802,33.383194],[126.798043,33.382979],[126.7983,33.382778],[126.798572,33.382591],[126.798859,33.38242],[126.799158,33.382264],[126.799468,33.382126],[126.799789,33.382005],[126.800118,33.381901],[126.800455,33.381816],[126.800797,33.38175],[126.801144,33.381702],[126.801494,33.381674],[126.801846,33.381665],[126.802197,33.381675],[126.802547,33.381704],[126.802894,33.381753],[126.803375,33.381845],[126.803711,33.381932],[126.80404,33.382036],[126.80436,33.382158],[126.80467,33.382298],[126.804968,33.382454],[126.805253,33.382626],[126.805525,33.382814],[126.805781,33.383016],[126.806021,33.383232],[126.806243,33.38346],[126.806448,33.3837],[126.806633,33.383951],[126.806798,33.384211],[126.806963,33.384519],[126.807087,33.384795],[126.807188,33.385078],[126.807267,33.385365],[126.807324,33.385656],[126.807358,33.38595],[126.807369,33.386245],[126.807356,33.386539],[126.807321,33.386833],[126.807263,33.387124],[126.807183,33.387411],[126.80708,33.387693],[126.806956,33.387969],[126.80674,33.38836],[126.806574,33.38862],[126.806388,33.38887],[126.806182,33.389109],[126.805959,33.389337],[126.805718,33.389552],[126.805461,33.389753],[126.805189,33.38994],[126.804902,33.390111],[126.804603,33.390267],[126.804293,33.390405],[126.803972,33.390527],[126.803643,33.39063],[126.803306,33.390715],[126.802964,33.390781],[126.802616,33.390829],[126.802266,33.390857],[126.801915,33.390866],[126.801563,33.390856],[126.801214,33.390827],[126.800867,33.390778],[126.800524,33.390711],[126.800188,33.390624],[126.799859,33.39052],[126.799539,33.390398],[126.799229,33.390258],[126.798931,33.390102],[126.798507,33.389845],[126.798236,33.389657],[126.79798,33.389455],[126.79774,33.389239],[126.797517,33.389011],[126.797313,33.388771],[126.797128,33.38852],[126.796963,33.38826],[126.796818,33.387991],[126.796695,33.387714],[126.796594,33.387432],[126.796514,33.387144],[126.796458,33.386853],[126.796424,33.38656],[126.796416,33.386205]],[[126.801925,33.386358],[126.801995,33.386236],[126.801974,33.386198],[126.801835,33.386173],[126.801787,33.386274],[126.801925,33.386358]]]}},{"type":"Feature","id":3880,"properties":{"code":"15000005013000000000UOC1000012012","collectionId":"2377","date":"2025-10-01"},"geometry":{"type":"Polygon","coordinates":[[[126.554994,33.24802],[126.554997,33.248006],[126.554801,33.247769],[126.554528,33.24753],[126.554376,33.247257],[126.554302,33.247101],[126.554284,33.246949],[126.554343,33.246985],[126.554433,33.24701],[126.554483,33.24699],[126.554515,33.246959],[126.554543,33.24691],[126.554553,33.246831],[126.554551,33.246733],[126.554537,33.246661],[126.554514,33.246619],[126.55449,33.246586],[126.554414,33.246564],[126.554289,33.246575],[126.554238,33.246594],[126.554197,33.246628],[126.55419,33.246609],[126.554274,33.246401],[126.554275,33.246247],[126.554501,33.246148],[126.554591,33.24601],[126.555116,33.245639],[126.555514,33.245677],[126.555949,33.245886],[126.555931,33.24593],[126.556298,33.24596],[126.556506,33.245944],[126.55676,33.246021],[126.55687,33.246046],[126.556883,33.246076],[126.557447,33.246013],[126.557637,33.245955],[126.557815,33.24576],[126.558176,33.245266],[126.558211,33.245114],[126.558252,33.245038],[126.559328,33.244906],[126.559458,33.244972],[126.55969,33.244991],[126.559776,33.244959],[126.560057,33.244919],[126.560312,33.244747],[126.560439,33.244557],[126.560435,33.244496],[126.56053,33.244237],[126.560565,33.244091],[126.560688,33.243955],[126.560705,33.243841],[126.560595,33.243775],[126.560527,33.243697],[126.560563,33.243663],[126.560426,33.243487],[126.561526,33.243479],[126.56154,33.243484],[126.561602,33.243473],[126.561514,33.243549],[126.561423,33.243673],[126.561289,33.243826],[126.561194,33.243955],[126.561196,33.244017],[126.561076,33.244199],[126.561006,33.244339],[126.560983,33.244467],[126.560997,33.244503],[126.560869,33.244791],[126.560454,33.245365],[126.560424,33.245341],[126.560293,33.24534],[126.560182,33.245396],[126.559871,33.245381],[126.55985,33.245358],[126.559794,33.245319],[126.55963,33.245292],[126.559484,33.245252],[126.559371,33.245278],[126.558966,33.245321],[126.558646,33.2454],[126.55855,33.245472],[126.55842,33.245505],[126.55837,33.245558],[126.558223,33.245927],[126.557952,33.24611],[126.557773,33.246175],[126.557582,33.246194],[126.557315,33.246246],[126.556828,33.246273],[126.556684,33.246235],[126.556521,33.246167],[126.556367,33.246151],[126.55622,33.24612],[126.555886,33.246114],[126.555748,33.246131],[126.555405,33.246275],[126.555334,33.246318],[126.55526,33.246713],[126.555151,33.246861],[126.554977,33.247054],[126.554816,33.247048],[126.554745,33.24708],[126.554899,33.247373],[126.554994,33.247389],[126.555267,33.247767],[126.554994,33.24802]]]}},{"type":"Feature","id":3881,"properties":{"code":"15000005013000000000UOC1000013013","collectionId":"2378","date":"2025-10-01"},"geometry":{"type":"Polygon","coordinates":[[[126.554284,33.246949],[126.554272,33.246851],[126.554197,33.246628],[126.554238,33.246594],[126.554289,33.246575],[126.554345,33.246566],[126.554414,33.246564],[126.55449,33.246586],[126.554537,33.246661],[126.554551,33.246733],[126.554553,33.246831],[126.554543,33.24691],[126.554515,33.246959],[126.554483,33.24699],[126.554433,33.24701],[126.554343,33.246985],[126.554284,33.246949]]]}},{"type":"Feature","id":3882,"properties":{"code":"65000005013020080000UOC1000006006","collectionId":"2379","date":"2025-10-01"},"geometry":{"type":"Polygon","coordinates":[[[126.458853,33.2631],[126.45886,33.262882],[126.458893,33.262887],[126.458885,33.263119],[126.458853,33.2631]]]}},{"type":"Feature","id":3883,"properties":{"code":"15000005013000000000UOC1001000002","collectionId":"2380","date":"2025-10-01"},"geometry":{"type":"Polygon","coordinates":[[[126.905933,33.405503],[126.906307,33.405892],[126.906729,33.406182],[126.90708,33.406375],[126.907562,33.406786],[126.907793,33.40708],[126.908054,33.408378],[126.908233,33.408913],[126.908137,33.408932],[126.907953,33.408381],[126.907708,33.40711],[126.90751,33.406841],[126.907019,33.406417],[126.906668,33.406226],[126.906249,33.405941],[126.905864,33.405548],[126.905933,33.405503]]]}},{"type":"Feature","id":3884,"properties":{"code":"15000005013000000000UOC1001000018","collectionId":"2386","date":"2025-10-01"},"geometry":{"type":"Polygon","coordinates":[[[126.267387,33.113624],[126.267798,33.11372],[126.268425,33.113785],[126.268977,33.114099],[126.269303,33.11453],[126.269446,33.115174],[126.269916,33.116247],[126.26995,33.116826],[126.2697,33.119916],[126.269976,33.121125],[126.269629,33.12161],[126.269386,33.122867],[126.268778,33.122957],[126.268415,33.122623],[126.26789,33.122394],[126.267632,33.122225],[126.267202,33.121866],[126.266394,33.120285],[126.266345,33.120059],[126.266183,33.119944],[126.266166,33.119726],[126.26595,33.119584],[126.265908,33.119271],[126.26521,33.117931],[126.265393,33.117703],[126.26547,33.117534],[126.265505,33.117113],[126.265399,33.116937],[126.265325,33.116744],[126.265603,33.116194],[126.265805,33.115732],[126.265908,33.115678],[126.265954,33.115564],[126.265903,33.115324],[126.266062,33.115115],[126.266683,33.113907],[126.266933,33.113676],[126.267387,33.113624]],[[126.267401,33.120141],[126.267459,33.119869],[126.267522,33.119861],[126.267592,33.119596],[126.267217,33.119419],[126.267227,33.11931],[126.267203,33.118968],[126.267324,33.118968],[126.267316,33.118938],[126.267103,33.118954],[126.267007,33.118743],[126.26726,33.118714],[126.267447,33.118663],[126.267353,33.118445],[126.267313,33.11845],[126.267278,33.118368],[126.267135,33.118376],[126.26709,33.118019],[126.267098,33.117914],[126.267145,33.117917],[126.26721,33.117905],[126.267365,33.117809],[126.267397,33.117798],[126.267631,33.117785],[126.267633,33.117637],[126.267578,33.117592],[126.267556,33.117455],[126.267595,33.117449],[126.267573,33.117122],[126.267438,33.117132],[126.267401,33.116942],[126.267621,33.116935],[126.267574,33.116501],[126.267784,33.116454],[126.267829,33.116264],[126.267832,33.116073],[126.267888,33.11607],[126.267887,33.1159],[126.267686,33.115907],[126.267669,33.115755],[126.26768,33.115554],[126.267608,33.115434],[126.267514,33.115312],[126.26743,33.115237],[126.267323,33.115198],[126.267218,33.115175],[126.267089,33.11513],[126.266995,33.115121],[126.266822,33.115191],[126.266742,33.115176],[126.266959,33.115401],[126.267053,33.11577],[126.267068,33.116254],[126.266776,33.116296],[126.266726,33.116314],[126.266527,33.116334],[126.266052,33.116334],[126.266039,33.116509],[126.266299,33.11653],[126.266321,33.116745],[126.266299,33.116768],[126.266309,33.116968],[126.266295,33.116999],[126.265826,33.117031],[126.265871,33.117562],[126.26649,33.118998],[126.266556,33.119418],[126.266651,33.119616],[126.266817,33.119546],[126.26704,33.11964],[126.267025,33.119721],[126.267111,33.119824],[126.267039,33.119995],[126.267401,33.120141]]]}},{"type":"Feature","id":3885,"properties":{"code":"15000005013000000000UOC1000005005","collectionId":"2387","date":"2025-10-01"},"geometry":{"type":"Polygon","coordinates":[[[126.47025,33.276446],[126.470407,33.276543],[126.47063,33.27655],[126.470673,33.276918],[126.470746,33.276937],[126.470795,33.27729],[126.470969,33.277737],[126.471046,33.277973],[126.470846,33.278123],[126.470728,33.278083],[126.470596,33.278097],[126.470421,33.277845],[126.47037,33.277703],[126.470184,33.277706],[126.470113,33.277467],[126.47014,33.277307],[126.47016,33.277071],[126.470124,33.276871],[126.47025,33.276446]]]}},{"type":"Feature","id":3886,"properties":{"code":"15000005013000000000UOC1000004004","collectionId":"2382","date":"2025-10-01"},"geometry":{"type":"Polygon","coordinates":[[[126.551963,33.311787],[126.552807,33.310993],[126.55382,33.30975],[126.554004,33.309298],[126.554435,33.308177],[126.55521,33.307123],[126.555644,33.306267],[126.556172,33.305946],[126.557034,33.305663],[126.55794,33.305503],[126.559098,33.305585],[126.559917,33.305384],[126.560619,33.305453],[126.561322,33.30536],[126.56228,33.304953],[126.563255,33.304851],[126.564203,33.304437],[126.565541,33.303818],[126.565645,33.30343],[126.566139,33.303405],[126.566612,33.303705],[126.566779,33.303673],[126.567152,33.303486],[126.567379,33.303453],[126.567967,33.303526],[126.568131,33.303343],[126.568485,33.302992],[126.568513,33.302552],[126.568693,33.302013],[126.569065,33.30155],[126.569555,33.301333],[126.57008,33.300896],[126.570336,33.300869],[126.570852,33.301146],[126.571121,33.301131],[126.571312,33.300976],[126.571731,33.300666],[126.5723,33.300521],[126.572992,33.300431],[126.573909,33.300226],[126.575442,33.299838],[126.576271,33.299889],[126.576994,33.299852],[126.577006,33.299713],[126.577321,33.299496],[126.577322,33.299314],[126.577713,33.299028],[126.57801,33.299644],[126.578174,33.299835],[126.579369,33.299769],[126.579329,33.299602],[126.579582,33.299455],[126.579613,33.299341],[126.579915,33.299369],[126.580075,33.299277],[126.580539,33.299529],[126.58131,33.299304],[126.581261,33.299131],[126.581885,33.298956],[126.582197,33.298883],[126.582552,33.298878],[126.582714,33.299258],[126.583297,33.299198],[126.58326,33.29881],[126.583178,33.298667],[126.58309,33.298674],[126.583052,33.298525],[126.584147,33.298644],[126.584145,33.298969],[126.584514,33.298848],[126.584699,33.29876],[126.585422,33.298606],[126.585708,33.298484],[126.585661,33.29822],[126.585573,33.29793],[126.585739,33.297876],[126.58592,33.297438],[126.585524,33.297122],[126.58522,33.29718],[126.585063,33.297258],[126.584919,33.297206],[126.584781,33.297199],[126.584857,33.297098],[126.584874,33.296985],[126.584455,33.296794],[126.584532,33.296685],[126.584761,33.296593],[126.584919,33.296388],[126.585057,33.296273],[126.585049,33.296199],[126.58553,33.296038],[126.58571,33.296144],[126.585719,33.296467],[126.585499,33.296575],[126.585691,33.296975],[126.586125,33.296851],[126.586555,33.297342],[126.586579,33.29743],[126.586937,33.297293],[126.587145,33.297954],[126.587239,33.298059],[126.587629,33.29792],[126.587805,33.297842],[126.587994,33.297719],[126.588109,33.297862],[126.588295,33.297745],[126.588459,33.297626],[126.588615,33.297567],[126.58871,33.29769],[126.589339,33.297588],[126.589274,33.297493],[126.58929,33.297482],[126.589057,33.297263],[126.589164,33.297241],[126.589362,33.297525],[126.589417,33.298055],[126.589354,33.298213],[126.588332,33.298246],[126.587457,33.298365],[126.587456,33.298593],[126.587947,33.298537],[126.588366,33.298472],[126.589087,33.298421],[126.589493,33.298405],[126.589465,33.298089],[126.589557,33.298043],[126.589597,33.297858],[126.589672,33.297685],[126.589326,33.297352],[126.589304,33.297301],[126.589554,33.297158],[126.589477,33.297034],[126.590888,33.295906],[126.590853,33.295739],[126.591082,33.295834],[126.590983,33.296072],[126.590983,33.296143],[126.590931,33.296236],[126.59096,33.296228],[126.591004,33.296136],[126.591009,33.296073],[126.591119,33.295848],[126.591381,33.295945],[126.591675,33.296031],[126.591771,33.296052],[126.591884,33.296097],[126.592271,33.296188],[126.592839,33.295407],[126.593045,33.295149],[126.593119,33.295031],[126.593569,33.294877],[126.593824,33.294779],[126.594595,33.294551],[126.594839,33.294467],[126.594953,33.29432],[126.595032,33.294292],[126.595172,33.294308],[126.595298,33.294278],[126.595791,33.294073],[126.596315,33.293882],[126.596474,33.293766],[126.596544,33.293643],[126.596698,33.293429],[126.596486,33.293306],[126.596998,33.292879],[126.597642,33.293181],[126.597524,33.293417],[126.597211,33.293872],[126.597102,33.293957],[126.596856,33.294193],[126.596503,33.294367],[126.595962,33.294517],[126.595344,33.294718],[126.595211,33.294851],[126.594986,33.295027],[126.594711,33.295204],[126.594325,33.295316],[126.594135,33.295465],[126.593914,33.295655],[126.593754,33.295839],[126.593384,33.296093],[126.592879,33.296532],[126.592861,33.296654],[126.592687,33.296866],[126.592188,33.297137],[126.591898,33.297239],[126.591498,33.297424],[126.591372,33.297525],[126.591157,33.297595],[126.590917,33.29777],[126.590617,33.298044],[126.59057,33.298106],[126.589789,33.298558],[126.589583,33.298659],[126.589484,33.298632],[126.589242,33.298643],[126.589034,33.298634],[126.588265,33.298655],[126.588246,33.298721],[126.588149,33.298752],[126.588041,33.298715],[126.587612,33.298809],[126.587375,33.298891],[126.587119,33.29894],[126.586984,33.298992],[126.586839,33.2991],[126.586654,33.299391],[126.586296,33.299471],[126.585773,33.299509],[126.585186,33.299653],[126.584961,33.299549],[126.584754,33.299531],[126.583783,33.299524],[126.583479,33.299763],[126.583164,33.300023],[126.582719,33.300001],[126.582588,33.30004],[126.582484,33.300022],[126.582248,33.300082],[126.58208,33.300142],[126.582042,33.300188],[126.581987,33.30028],[126.581762,33.300381],[126.58149,33.300376],[126.580587,33.300534],[126.579958,33.300923],[126.579661,33.301033],[126.579008,33.301034],[126.578125,33.300759],[126.577352,33.300532],[126.577145,33.30056],[126.577061,33.300552],[126.576722,33.300597],[126.575546,33.300507],[126.574456,33.300819],[126.573944,33.300983],[126.573218,33.300926],[126.572978,33.300939],[126.572198,33.301053],[126.57127,33.30159],[126.570843,33.301574],[126.570469,33.301362],[126.570246,33.30136],[126.569567,33.301829],[126.569278,33.302253],[126.569217,33.302543],[126.569161,33.303081],[126.568384,33.303998],[126.567966,33.304041],[126.56753,33.303966],[126.566521,33.304196],[126.566222,33.304005],[126.566094,33.303981],[126.565613,33.304338],[126.563381,33.305354],[126.562508,33.305448],[126.561382,33.305864],[126.56061,33.305991],[126.55985,33.305949],[126.558895,33.306125],[126.55794,33.306022],[126.556271,33.306325],[126.555869,33.306719],[126.555641,33.30749],[126.55462,33.308417],[126.553878,33.310012],[126.552734,33.311273],[126.551963,33.311787]]]}},{"type":"Feature","id":3887,"properties":{"code":"15000005013000000000UOC1001000004","collectionId":"2383","date":"2025-10-01"},"geometry":{"type":"Polygon","coordinates":[[[126.793418,33.389436],[126.794192,33.388779],[126.794442,33.3885],[126.794658,33.388206],[126.794839,33.387837],[126.794946,33.387576],[126.795126,33.387394],[126.795132,33.387394],[126.795117,33.387329],[126.794997,33.387273],[126.795069,33.386425],[126.795158,33.386244],[126.795352,33.386125],[126.795457,33.385986],[126.795983,33.3854],[126.796413,33.384864],[126.796555,33.384774],[126.796643,33.384693],[126.796702,33.384584],[126.79692,33.384338],[126.797064,33.384139],[126.79724,33.384023],[126.797258,33.384023],[126.797429,33.384123],[126.798039,33.384347],[126.798373,33.384426],[126.798387,33.384396],[126.798462,33.38432],[126.798514,33.384224],[126.798647,33.383881],[126.798705,33.38366],[126.798737,33.383568],[126.798719,33.38354],[126.798981,33.383304],[126.79934,33.383057],[126.799848,33.382623],[126.799948,33.382616],[126.800274,33.382539],[126.800606,33.382653],[126.800964,33.382909],[126.80104,33.383107],[126.80101,33.383212],[126.801127,33.383526],[126.801371,33.383738],[126.801649,33.383869],[126.801716,33.383877],[126.801985,33.383969],[126.802287,33.384017],[126.802515,33.384102],[126.803039,33.384149],[126.803618,33.384303],[126.803672,33.384343],[126.804253,33.384515],[126.80469,33.384737],[126.805362,33.385127],[126.805637,33.385123],[126.805929,33.385454],[126.80632,33.386124],[126.806378,33.38636],[126.80603,33.387053],[126.805662,33.387623],[126.805199,33.387663],[126.805137,33.387706],[126.804984,33.387769],[126.804707,33.387736],[126.804716,33.387782],[126.804721,33.388293],[126.804679,33.388391],[126.804672,33.388453],[126.804543,33.388666],[126.804401,33.388683],[126.804211,33.388908],[126.804195,33.389199],[126.804074,33.389161],[126.803974,33.389296],[126.803785,33.389443],[126.803569,33.389517],[126.803529,33.389519],[126.803495,33.389656],[126.803644,33.38984],[126.803519,33.389886],[126.8031,33.389921],[126.802935,33.390246],[126.802764,33.390513],[126.802476,33.390328],[126.802445,33.390361],[126.802324,33.390434],[126.802197,33.390548],[126.801997,33.390872],[126.801999,33.391237],[126.802173,33.391591],[126.80144,33.391796],[126.801011,33.39199],[126.800766,33.392083],[126.800612,33.392133],[126.800589,33.392074],[126.80059,33.39194],[126.800563,33.391856],[126.796549,33.393617],[126.79633,33.393226],[126.796271,33.393037],[126.796088,33.392773],[126.795872,33.392337],[126.795993,33.392313],[126.796,33.392061],[126.79598,33.392043],[126.796005,33.391865],[126.795989,33.391615],[126.796129,33.391356],[126.796188,33.391195],[126.796066,33.391101],[126.796115,33.391017],[126.796078,33.39084],[126.796131,33.390639],[126.796154,33.390615],[126.796115,33.390513],[126.796035,33.390457],[126.795952,33.390424],[126.795834,33.390419],[126.795757,33.390209],[126.795578,33.390107],[126.795297,33.390027],[126.79507,33.390011],[126.794929,33.389984],[126.794487,33.389831],[126.794231,33.389728],[126.793808,33.389575],[126.793435,33.389486],[126.793418,33.389436]],[[126.801042,33.388161],[126.801052,33.387655],[126.801062,33.387596],[126.800937,33.387577],[126.800893,33.38761],[126.800895,33.387745],[126.800789,33.387763],[126.80069,33.387815],[126.800688,33.387939],[126.800629,33.388149],[126.800836,33.38816],[126.801042,33.388161]],[[126.801412,33.388353],[126.801412,33.388318],[126.801488,33.388113],[126.801484,33.387887],[126.801148,33.387831],[126.801136,33.388329],[126.801412,33.388353]],[[126.80179,33.386169],[126.801922,33.385908],[126.801972,33.385828],[126.801665,33.385693],[126.801621,33.385851],[126.801553,33.38604],[126.80179,33.386169]],[[126.801874,33.387057],[126.801926,33.386922],[126.801902,33.386746],[126.801602,33.386662],[126.801544,33.38694],[126.801874,33.387057]],[[126.803326,33.387361],[126.803358,33.387271],[126.803392,33.387006],[126.803279,33.38704],[126.803257,33.387079],[126.803068,33.387076],[126.803042,33.387233],[126.803326,33.387361]],[[126.800163,33.387417],[126.800327,33.387409],[126.800271,33.387313],[126.800268,33.387218],[126.799857,33.387231],[126.799841,33.38737],[126.799866,33.3874],[126.800012,33.387392],[126.80013,33.387362],[126.800163,33.387417]],[[126.801925,33.386358],[126.801995,33.386236],[126.801974,33.386198],[126.801835,33.386173],[126.801787,33.386274],[126.801925,33.386358]],[[126.801363,33.387552],[126.801343,33.38748],[126.801185,33.387466],[126.801212,33.387505],[126.801288,33.387539],[126.801363,33.387552]]]}},{"type":"Feature","id":3888,"properties":{"code":"15000005013019660002UOC1000001001","collectionId":"2384","date":"2025-10-01"},"geometry":{"type":"MultiPolygon","coordinates":[[[[126.557387,33.24667],[126.557275,33.246663],[126.557123,33.246627],[126.557037,33.246543],[126.556918,33.246512],[126.556716,33.246552],[126.556562,33.246487],[126.556649,33.246299],[126.557149,33.246256],[126.557324,33.246258],[126.557339,33.24628],[126.557711,33.246248],[126.557832,33.246214],[126.55793,33.24616],[126.557924,33.24612],[126.557952,33.24611],[126.558223,33.245927],[126.55837,33.245558],[126.55842,33.245505],[126.55855,33.245472],[126.558677,33.245477],[126.558713,33.245575],[126.558956,33.24564],[126.55905,33.245607],[126.559583,33.245591],[126.559619,33.245506],[126.559869,33.245382],[126.559994,33.245585],[126.56004,33.24558],[126.559913,33.245384],[126.560182,33.245396],[126.560293,33.24534],[126.560424,33.245341],[126.560454,33.245365],[126.560869,33.244791],[126.561112,33.244965],[126.561129,33.245007],[126.561021,33.245095],[126.560883,33.245275],[126.560867,33.245359],[126.560662,33.24563],[126.5599,33.246026],[126.559881,33.24594],[126.559822,33.245848],[126.559678,33.245868],[126.559429,33.245936],[126.559247,33.245973],[126.55903,33.245996],[126.558884,33.246002],[126.558793,33.246022],[126.558754,33.246074],[126.558721,33.246162],[126.558682,33.246234],[126.558487,33.246308],[126.558374,33.24643],[126.55831,33.246472],[126.558243,33.246545],[126.558228,33.246516],[126.558006,33.246577],[126.557907,33.246506],[126.557833,33.246497],[126.557662,33.246614],[126.557497,33.246676],[126.557387,33.24667]]],[[[126.560997,33.244503],[126.560983,33.244467],[126.561006,33.244339],[126.561076,33.244199],[126.561196,33.244017],[126.561194,33.243955],[126.561289,33.243826],[126.561423,33.243673],[126.561514,33.243549],[126.56172,33.243363],[126.561886,33.243322],[126.561894,33.243301],[126.56189,33.243243],[126.561874,33.243196],[126.561711,33.243195],[126.561816,33.243087],[126.561803,33.242976],[126.561767,33.242828],[126.561716,33.242711],[126.56161,33.242529],[126.561524,33.242422],[126.561469,33.242366],[126.561252,33.242216],[126.561118,33.242111],[126.56106,33.241991],[126.56105,33.241936],[126.561054,33.241903],[126.561106,33.241708],[126.561203,33.241667],[126.561325,33.241677],[126.561241,33.241865],[126.561233,33.24194],[126.561247,33.241978],[126.561327,33.24199],[126.561564,33.242105],[126.561628,33.242079],[126.561717,33.242214],[126.561618,33.242304],[126.561838,33.242659],[126.561867,33.242695],[126.561879,33.242851],[126.562022,33.243073],[126.562142,33.242946],[126.562215,33.243041],[126.562238,33.243092],[126.562207,33.243282],[126.562092,33.243501],[126.561985,33.243841],[126.561945,33.243929],[126.561772,33.244109],[126.56167,33.244195],[126.561512,33.244409],[126.56123,33.244194],[126.561121,33.244321],[126.561038,33.244472],[126.560997,33.244503]]],[[[126.555267,33.247767],[126.554994,33.247389],[126.554899,33.247373],[126.554745,33.24708],[126.554816,33.247048],[126.55499,33.247058],[126.555658,33.246911],[126.555717,33.247223],[126.55564,33.247222],[126.555645,33.24727],[126.555534,33.247281],[126.555536,33.247303],[126.55607,33.247308],[126.55608,33.247402],[126.555595,33.24763],[126.555267,33.247767]]],[[[126.555007,33.247023],[126.555151,33.246861],[126.55526,33.246713],[126.555408,33.246683],[126.555627,33.246624],[126.555797,33.246642],[126.556088,33.246541],[126.556192,33.246739],[126.555948,33.246802],[126.555952,33.246814],[126.555007,33.247023]]],[[[126.561156,33.245002],[126.561165,33.244962],[126.561267,33.244889],[126.561386,33.244746],[126.561516,33.244518],[126.561538,33.244414],[126.561587,33.244338],[126.561693,33.244199],[126.561796,33.244145],[126.561875,33.244212],[126.561927,33.244393],[126.561983,33.244522],[126.561197,33.245015],[126.561156,33.245002]]],[[[126.560565,33.244091],[126.560488,33.243972],[126.560479,33.243928],[126.560428,33.243883],[126.560444,33.243728],[126.560297,33.24337],[126.560021,33.243306],[126.560004,33.243323],[126.559883,33.24329],[126.559971,33.243111],[126.560112,33.243131],[126.560338,33.243147],[126.560389,33.243307],[126.560342,33.243353],[126.560426,33.243487],[126.560563,33.243663],[126.560527,33.243697],[126.560595,33.243775],[126.560705,33.243841],[126.560688,33.243955],[126.560565,33.244091]]],[[[126.554591,33.24601],[126.554635,33.245925],[126.554665,33.245892],[126.554703,33.24588],[126.554726,33.245826],[126.554773,33.245775],[126.554835,33.24572],[126.554868,33.245711],[126.554819,33.245422],[126.555098,33.245392],[126.555138,33.245404],[126.555179,33.245427],[126.555172,33.245463],[126.555115,33.245465],[126.555113,33.245489],[126.555016,33.245478],[126.555015,33.245522],[126.555116,33.24555],[126.555175,33.245609],[126.555116,33.245639],[126.554591,33.24601]]],[[[126.554741,33.247939],[126.554746,33.247917],[126.554665,33.247645],[126.554801,33.247769],[126.554916,33.247908],[126.554741,33.247939]]],[[[126.561147,33.245022],[126.56117,33.24503],[126.561069,33.245096],[126.560904,33.245303],[126.560907,33.245276],[126.561058,33.245089],[126.561147,33.245022]]]]}},{"type":"Feature","id":3889,"properties":{"code":"15500005013020080141UOC1000001004","collectionId":"2385","date":"2025-10-01"},"geometry":{"type":"Polygon","coordinates":[[[126.797672,33.387136],[126.797681,33.386929],[126.797716,33.386636],[126.7978,33.386188],[126.79788,33.385901],[126.797983,33.385619],[126.798107,33.385343],[126.798253,33.385074],[126.79842,33.384815],[126.798606,33.384564],[126.798811,33.384325],[126.799035,33.384097],[126.799276,33.383882],[126.799533,33.383681],[126.799805,33.383494],[126.800091,33.383323],[126.80039,33.383168],[126.800701,33.383029],[126.801021,33.382908],[126.801351,33.382805],[126.801687,33.382719],[126.802354,33.382583],[126.802701,33.382535],[126.803051,33.382507],[126.803402,33.382498],[126.803753,33.382508],[126.804103,33.382538],[126.80445,33.382586],[126.804792,33.382654],[126.805129,33.38274],[126.805458,33.382844],[126.805778,33.382967],[126.806087,33.383106],[126.806386,33.383262],[126.806671,33.383435],[126.806943,33.383622],[126.807199,33.383824],[126.807439,33.38404],[126.807661,33.384268],[126.807866,33.384509],[126.808051,33.384759],[126.808216,33.38502],[126.80836,33.385289],[126.808484,33.385565],[126.808585,33.385847],[126.808664,33.386135],[126.808721,33.386426],[126.808755,33.38672],[126.808766,33.387014],[126.808753,33.387309],[126.808734,33.387491],[126.808684,33.387868],[126.808626,33.388159],[126.808546,33.388446],[126.808476,33.388648],[126.808411,33.388818],[126.808287,33.389094],[126.808141,33.389363],[126.807975,33.389623],[126.807788,33.389873],[126.807583,33.390112],[126.807359,33.39034],[126.807118,33.390555],[126.806861,33.390756],[126.806589,33.390943],[126.806303,33.391114],[126.806004,33.39127],[126.805693,33.391408],[126.805373,33.39153],[126.805043,33.391633],[126.804707,33.391718],[126.804364,33.391784],[126.804017,33.391832],[126.803667,33.39186],[126.803315,33.391869],[126.802964,33.391859],[126.802614,33.39183],[126.802267,33.391781],[126.801925,33.391714],[126.801589,33.391627],[126.80126,33.391523],[126.80094,33.391401],[126.800765,33.391325],[126.800347,33.391132],[126.800048,33.390976],[126.799763,33.390804],[126.799491,33.390616],[126.799235,33.390414],[126.798995,33.390198],[126.798773,33.38997],[126.798568,33.38973],[126.798383,33.389479],[126.798218,33.389219],[126.798074,33.38895],[126.79795,33.388673],[126.797849,33.388391],[126.79777,33.388104],[126.797713,33.387812],[126.797679,33.387519],[126.797672,33.387136]],[[126.803326,33.387361],[126.803358,33.387271],[126.803392,33.387006],[126.803279,33.38704],[126.803257,33.387079],[126.803068,33.387076],[126.803042,33.387233],[126.803326,33.387361]]]}},{"type":"Feature","id":3891,"properties":{"code":"65000005013020240170UOC1000001029","collectionId":"2591","date":"2025-10-01"},"geometry":{"type":"Polygon","coordinates":[[[126.636705,33.274223],[126.636681,33.274215],[126.636663,33.274195],[126.636654,33.274162],[126.636687,33.274127],[126.636738,33.274127],[126.636777,33.274165],[126.636764,33.274188],[126.63676,33.274222],[126.636705,33.274223]],[[126.636712,33.274187],[126.636721,33.274187],[126.636727,33.274171],[126.636719,33.274163],[126.636701,33.27417],[126.636712,33.274187]]]}},{"type":"Feature","id":3893,"properties":{"code":"65000005013020240170UOC1000001027","collectionId":"2589","date":"2025-10-01"},"geometry":{"type":"Polygon","coordinates":[[[126.419921,33.261785],[126.419934,33.261845],[126.419912,33.261871],[126.419873,33.261876],[126.419821,33.261869],[126.419819,33.261823],[126.419831,33.261795],[126.419921,33.261785]],[[126.419891,33.261834],[126.419885,33.26181],[126.419869,33.261813],[126.419862,33.261838],[126.419891,33.261834]]]}},{"type":"Feature","id":3894,"properties":{"code":"65000005013020240170UOC1000001028","collectionId":"2590","date":"2025-10-01"},"geometry":{"type":"Polygon","coordinates":[[[126.644181,33.268361],[126.644219,33.268337],[126.644271,33.268345],[126.644287,33.268369],[126.64429,33.268392],[126.644265,33.268435],[126.644209,33.268423],[126.644185,33.268404],[126.644181,33.268361]],[[126.644225,33.268377],[126.644226,33.268387],[126.644242,33.268393],[126.644243,33.268377],[126.644225,33.268377]]]}},{"type":"Feature","id":3895,"properties":{"code":"65000005013020240170UOC1000001031","collectionId":"2593","date":"2025-10-01"},"geometry":{"type":"Polygon","coordinates":[[[126.367583,33.241432],[126.367548,33.241463],[126.367502,33.241468],[126.367449,33.241438],[126.367471,33.241396],[126.367508,33.241359],[126.367565,33.241391],[126.367583,33.241432]],[[126.367534,33.241423],[126.367516,33.241407],[126.367502,33.241425],[126.367513,33.241431],[126.367534,33.241423]]]}},{"type":"Feature","id":3896,"properties":{"code":"65000005013020240170UOC1000001032","collectionId":"2594","date":"2025-10-01"},"geometry":{"type":"Polygon","coordinates":[[[126.59385,33.320534],[126.593858,33.320642],[126.593718,33.320861],[126.593304,33.320676],[126.593503,33.320366],[126.593689,33.320448],[126.59385,33.320534]],[[126.593547,33.320487],[126.59345,33.320639],[126.593674,33.320739],[126.593772,33.320586],[126.593547,33.320487]]]}},{"type":"Feature","id":3897,"properties":{"code":"65000005013020240170UOC1000001033","collectionId":"2595","date":"2025-10-01"},"geometry":{"type":"Polygon","coordinates":[[[126.279911,33.243141],[126.279664,33.243139],[126.279665,33.243052],[126.279666,33.24297],[126.279912,33.242971],[126.279912,33.243053],[126.279911,33.243141]],[[126.279804,33.243062],[126.279804,33.243035],[126.279772,33.243035],[126.279772,33.243062],[126.279804,33.243062]]]}},{"type":"Feature","id":3898,"properties":{"code":"65000005013020240170UOC1000001036","collectionId":"2598","date":"2025-10-01"},"geometry":{"type":"Polygon","coordinates":[[[126.197056,33.266952],[126.197054,33.267158],[126.197021,33.267158],[126.196836,33.267076],[126.196839,33.266951],[126.197056,33.266952]],[[126.196946,33.267042],[126.196946,33.267067],[126.196976,33.267067],[126.196976,33.267042],[126.196946,33.267042]]]}},{"type":"Feature","id":3899,"properties":{"code":"65000005013020240170UOC1000001037","collectionId":"2599","date":"2025-10-01"},"geometry":{"type":"Polygon","coordinates":[[[126.838327,33.352809],[126.838176,33.352812],[126.838101,33.352846],[126.83803,33.352894],[126.837933,33.352865],[126.837706,33.352757],[126.837737,33.352543],[126.837832,33.35248],[126.83789,33.352526],[126.838059,33.352605],[126.838041,33.352629],[126.838107,33.352707],[126.838327,33.352809]],[[126.837933,33.352612],[126.837856,33.352574],[126.837783,33.352671],[126.83786,33.352713],[126.837933,33.352612]]]}},{"type":"Feature","id":3900,"properties":{"code":"65000005013020240170UOC1000001039","collectionId":"2601","date":"2025-10-01"},"geometry":{"type":"Polygon","coordinates":[[[126.89621,33.395489],[126.896194,33.395516],[126.896169,33.395537],[126.896108,33.395553],[126.896065,33.395546],[126.895934,33.395493],[126.89596,33.395433],[126.895956,33.395289],[126.895963,33.395277],[126.896008,33.395255],[126.896059,33.395252],[126.896187,33.395296],[126.896217,33.395314],[126.89624,33.395346],[126.896246,33.395377],[126.89621,33.395489]],[[126.896138,33.395376],[126.896039,33.395341],[126.896008,33.395427],[126.896107,33.395463],[126.896138,33.395376]]]}},{"type":"Feature","id":3901,"properties":{"code":"65000005013020240170UOC1000001038","collectionId":"2600","date":"2025-10-01"},"geometry":{"type":"Polygon","coordinates":[[[126.285525,33.281786],[126.28553,33.281732],[126.285634,33.281693],[126.285673,33.281774],[126.285572,33.281797],[126.285525,33.281786]],[[126.285551,33.281744],[126.285548,33.281772],[126.285572,33.281778],[126.285644,33.281762],[126.285622,33.281717],[126.285551,33.281744]]]}},{"type":"Feature","id":3902,"properties":{"code":"65000005013020240170UOC1000001046","collectionId":"2608","date":"2025-10-01"},"geometry":{"type":"Polygon","coordinates":[[[126.242247,33.250994],[126.242296,33.25095],[126.242369,33.250963],[126.242371,33.251034],[126.242295,33.251055],[126.242247,33.250994]],[[126.242301,33.250998],[126.242312,33.251012],[126.242327,33.251008],[126.242327,33.250993],[126.242311,33.25099],[126.242301,33.250998]]]}},{"type":"Feature","id":3904,"properties":{"code":"65000005013020240170UOC1000001019","collectionId":"2581","date":"2025-10-01"},"geometry":{"type":"Polygon","coordinates":[[[126.886482,33.4477],[126.886325,33.447681],[126.88581,33.448145],[126.884472,33.447287],[126.885599,33.446257],[126.885652,33.446274],[126.886938,33.447113],[126.886533,33.44749],[126.886543,33.447515],[126.886535,33.447582],[126.886482,33.4477]],[[126.886405,33.447616],[126.88643,33.447562],[126.886434,33.447525],[126.886411,33.447475],[126.886457,33.44742],[126.88674,33.447161],[126.886747,33.447141],[126.886744,33.447095],[126.886592,33.446995],[126.886575,33.447019],[126.886581,33.447037],[126.886699,33.447087],[126.886718,33.447109],[126.88667,33.447174],[126.886576,33.447238],[126.886533,33.447299],[126.886449,33.447379],[126.886369,33.447496],[126.886308,33.447528],[126.886298,33.447551],[126.886271,33.447575],[126.886255,33.447586],[126.886187,33.447573],[126.886053,33.447667],[126.88582,33.447887],[126.885845,33.447913],[126.885787,33.447963],[126.885676,33.447894],[126.885696,33.447877],[126.885573,33.447786],[126.885545,33.447774],[126.885527,33.447785],[126.8855,33.447772],[126.885478,33.447747],[126.885468,33.447747],[126.885168,33.447536],[126.885171,33.447531],[126.884874,33.44735],[126.884758,33.447267],[126.88479,33.447228],[126.884775,33.447211],[126.884863,33.44714],[126.885032,33.44697],[126.885016,33.446944],[126.885029,33.44692],[126.885072,33.446888],[126.885057,33.446876],[126.88502,33.446901],[126.88499,33.446946],[126.88467,33.44724],[126.884596,33.447252],[126.884594,33.447284],[126.884614,33.447328],[126.884658,33.447313],[126.884706,33.44732],[126.885688,33.44795],[126.885782,33.448011],[126.885799,33.448031],[126.885845,33.448049],[126.88585,33.448031],[126.885833,33.447995],[126.886099,33.447756],[126.886256,33.447606],[126.886309,33.447564],[126.886405,33.447616]],[[126.886289,33.447431],[126.886362,33.447326],[126.886446,33.447246],[126.886494,33.447178],[126.886452,33.447098],[126.886,33.446783],[126.885636,33.446561],[126.885383,33.446796],[126.885396,33.446811],[126.885212,33.446981],[126.885162,33.44698],[126.884917,33.447221],[126.884927,33.447232],[126.884905,33.447254],[126.885304,33.447502],[126.8853,33.447509],[126.885509,33.447657],[126.885534,33.447657],[126.885548,33.447674],[126.885637,33.447712],[126.885762,33.447806],[126.885977,33.447603],[126.886158,33.447475],[126.886219,33.447468],[126.886289,33.447431]],[[126.886462,33.446987],[126.886509,33.446964],[126.886517,33.446967],[126.886533,33.446951],[126.886149,33.446705],[126.886133,33.446719],[126.886142,33.446765],[126.886462,33.446987]],[[126.886075,33.446684],[126.88609,33.446671],[126.885665,33.446399],[126.885646,33.446336],[126.885578,33.446346],[126.88557,33.446354],[126.885572,33.446409],[126.885106,33.446846],[126.885125,33.446858],[126.885148,33.446857],[126.885182,33.44687],[126.885256,33.446802],[126.885245,33.44679],[126.885568,33.446487],[126.885609,33.446473],[126.885671,33.44647],[126.886023,33.446686],[126.886075,33.446684]]]}},{"type":"Feature","id":3905,"properties":{"code":"65000005013020240170UOC1000001020","collectionId":"2582","date":"2025-10-01"},"geometry":{"type":"Polygon","coordinates":[[[126.932342,33.426478],[126.932267,33.42653],[126.932224,33.426534],[126.932177,33.42652],[126.93209,33.426446],[126.932071,33.42642],[126.932063,33.426378],[126.932079,33.426337],[126.932169,33.426263],[126.9322,33.426247],[126.93225,33.42624],[126.932298,33.426254],[126.93239,33.426333],[126.932413,33.426377],[126.932414,33.426389],[126.932342,33.426478]],[[126.932306,33.426389],[126.932242,33.42633],[126.93217,33.426385],[126.932234,33.426444],[126.932306,33.426389]]]}},{"type":"Feature","id":3906,"properties":{"code":"65000005013020240170UOC1000001021","collectionId":"2583","date":"2025-10-01"},"geometry":{"type":"Polygon","coordinates":[[[126.85143,33.344442],[126.851389,33.344401],[126.851383,33.344353],[126.851399,33.344319],[126.851467,33.344244],[126.851512,33.344224],[126.851556,33.344223],[126.851591,33.344233],[126.851651,33.344266],[126.851658,33.344349],[126.85162,33.344418],[126.851624,33.344483],[126.851578,33.344498],[126.851536,33.344496],[126.85143,33.344442]],[[126.851563,33.344409],[126.851612,33.344353],[126.851538,33.344312],[126.851489,33.344367],[126.851563,33.344409]]]}},{"type":"Feature","id":3907,"properties":{"code":"65000005013020240170UOC1000001023","collectionId":"2585","date":"2025-10-01"},"geometry":{"type":"Polygon","coordinates":[[[126.376926,33.235061],[126.376827,33.235052],[126.37675,33.235013],[126.376781,33.234856],[126.376813,33.234834],[126.376938,33.234834],[126.376986,33.23492],[126.376926,33.235061]],[[126.376825,33.234995],[126.376885,33.235003],[126.376882,33.235031],[126.376891,33.235033],[126.376899,33.235005],[126.376917,33.235007],[126.376932,33.234925],[126.37684,33.234911],[126.376825,33.234995]]]}},{"type":"Feature","id":3909,"properties":{"code":"65000005013020240170UOC1000001024","collectionId":"2586","date":"2025-10-01"},"geometry":{"type":"Polygon","coordinates":[[[126.523471,33.242517],[126.523312,33.242456],[126.523247,33.242412],[126.523243,33.242366],[126.523331,33.242422],[126.523517,33.242496],[126.523513,33.242514],[126.523561,33.242658],[126.5236,33.242676],[126.523887,33.242596],[126.523943,33.242484],[126.523925,33.242285],[126.523885,33.242175],[126.523889,33.242054],[126.523913,33.24196],[126.523979,33.241994],[126.524119,33.241974],[126.524189,33.241907],[126.524269,33.241884],[126.524347,33.241875],[126.52441,33.241938],[126.524413,33.241992],[126.524375,33.24209],[126.524262,33.24211],[126.524194,33.242098],[126.524149,33.242024],[126.52394,33.242054],[126.523939,33.242165],[126.523963,33.242244],[126.524033,33.242351],[126.524015,33.242478],[126.523928,33.242652],[126.52376,33.242669],[126.523466,33.242751],[126.523515,33.242653],[126.523471,33.242517]],[[126.524226,33.24206],[126.52432,33.242068],[126.524329,33.24199],[126.524235,33.241982],[126.524231,33.242015],[126.524215,33.242015],[126.524214,33.242025],[126.52423,33.242027],[126.524226,33.24206]]]}},{"type":"Feature","id":3911,"properties":{"code":"15000005013000000002UOC1000001001","collectionId":"2390","date":"2025-10-01"},"geometry":{"type":"Polygon","coordinates":[[[126.481981,33.349618],[126.480083,33.345053],[126.478583,33.343642],[126.479817,33.340316],[126.480454,33.340438],[126.479296,33.343519],[126.480535,33.344635],[126.483573,33.343802],[126.485513,33.348667],[126.481981,33.349618]],[[126.482639,33.348349],[126.484163,33.34792],[126.483506,33.3464],[126.481981,33.346832],[126.482639,33.348349]]]}},{"type":"Feature","id":3912,"properties":{"code":"65000005013020050001UOC1001001001","collectionId":"2388","date":"2025-10-01"},"geometry":{"type":"Polygon","coordinates":[[[126.313935,33.23648],[126.313935,33.23642],[126.314006,33.23642],[126.314006,33.236479],[126.313935,33.23648]]]}},{"type":"Feature","id":3913,"properties":{"code":"65000005013020030011UOC1001001001","collectionId":"2391","date":"2025-10-01"},"geometry":{"type":"Polygon","coordinates":[[[126.838298,33.35281],[126.838176,33.352812],[126.838101,33.352846],[126.83803,33.352894],[126.837933,33.352865],[126.837706,33.352757],[126.837737,33.352543],[126.837832,33.35248],[126.83789,33.352526],[126.838059,33.352605],[126.838041,33.352629],[126.838107,33.352707],[126.838327,33.352809],[126.838298,33.35281]]]}},{"type":"Feature","id":3914,"properties":{"code":"15000005013000000000UOC1001000001","collectionId":"2392","date":"2025-10-01"},"geometry":{"type":"Polygon","coordinates":[[[126.910755,33.416079],[126.910751,33.416148],[126.91099,33.417214],[126.910907,33.417224],[126.910662,33.416144],[126.910668,33.416082],[126.910755,33.416079]]]}},{"type":"Feature","id":3915,"properties":{"code":"65000005013020050001UOC1000001001","collectionId":"2394","date":"2025-10-01"},"geometry":{"type":"Polygon","coordinates":[[[126.560284,33.243078],[126.560207,33.242902],[126.560042,33.242602],[126.560092,33.242585],[126.560266,33.242904],[126.560306,33.243073],[126.560284,33.243078]]]}},{"type":"Feature","id":3916,"properties":{"code":"15000005013000000000UOC1000002002","collectionId":"2395","date":"2025-10-01"},"geometry":{"type":"Polygon","coordinates":[[[126.490324,33.354955],[126.491065,33.35398],[126.491905,33.352896],[126.495161,33.348722],[126.49555,33.349092],[126.496895,33.349078],[126.497198,33.348606],[126.49708,33.348104],[126.496626,33.347824],[126.496868,33.347243],[126.499643,33.340305],[126.499965,33.340157],[126.505576,33.337332],[126.519395,33.330327],[126.520679,33.329501],[126.523157,33.328385],[126.526801,33.326518],[126.528288,33.325794],[126.532094,33.327271],[126.539786,33.330274],[126.54206,33.331146],[126.542234,33.33083],[126.542368,33.32915],[126.543094,33.328549],[126.543386,33.327881],[126.54343,33.327227],[126.543855,33.32602],[126.544257,33.324831],[126.544034,33.324406],[126.544528,33.323244],[126.544705,33.322403],[126.545411,33.32184],[126.545288,33.320909],[126.545191,33.320525],[126.545475,33.320169],[126.545178,33.319329],[126.54559,33.318362],[126.546014,33.317811],[126.546386,33.31725],[126.5467,33.316832],[126.54718,33.316626],[126.547405,33.316036],[126.548295,33.315252],[126.548851,33.314095],[126.548778,33.3134],[126.54833,33.311949],[126.549126,33.311415],[126.549381,33.311285],[126.550277,33.311109],[126.551201,33.310684],[126.551857,33.310267],[126.552437,33.310146],[126.552907,33.310231],[126.553336,33.310077],[126.553704,33.309539],[126.553775,33.308518],[126.554069,33.308054],[126.554599,33.307356],[126.554958,33.306959],[126.55521,33.307123],[126.555644,33.306267],[126.556172,33.305946],[126.557034,33.305663],[126.55794,33.305503],[126.559098,33.305585],[126.559917,33.305384],[126.560619,33.305453],[126.561322,33.30536],[126.56228,33.304953],[126.563255,33.304851],[126.564203,33.304437],[126.565541,33.303818],[126.565645,33.30343],[126.566139,33.303405],[126.566612,33.303705],[126.566779,33.303673],[126.567152,33.303486],[126.567379,33.303453],[126.567967,33.303526],[126.568131,33.303343],[126.568485,33.302992],[126.568513,33.302552],[126.568693,33.302013],[126.569065,33.30155],[126.569555,33.301333],[126.57008,33.300896],[126.570336,33.300869],[126.570852,33.301146],[126.571121,33.301131],[126.571312,33.300976],[126.571731,33.300666],[126.572026,33.300587],[126.5723,33.300521],[126.572992,33.300431],[126.573789,33.300469],[126.574303,33.300299],[126.57542,33.300031],[126.576909,33.300062],[126.577256,33.299993],[126.579056,33.300344],[126.579294,33.300288],[126.579581,33.300183],[126.580396,33.299867],[126.581003,33.299621],[126.58221,33.299406],[126.58322,33.299366],[126.584039,33.299065],[126.584935,33.298836],[126.585246,33.298744],[126.585603,33.29865],[126.585968,33.298652],[126.586857,33.298375],[126.587457,33.298365],[126.588332,33.298246],[126.589354,33.298213],[126.589388,33.298126],[126.58964,33.298006],[126.59006,33.297448],[126.590193,33.297222],[126.590575,33.29713],[126.590699,33.297053],[126.590757,33.297051],[126.590918,33.296985],[126.590952,33.297003],[126.590804,33.297085],[126.590735,33.297104],[126.590631,33.29716],[126.590727,33.297178],[126.590771,33.297131],[126.590873,33.297097],[126.591021,33.297017],[126.591172,33.296889],[126.591498,33.296703],[126.591608,33.296676],[126.591806,33.29661],[126.59202,33.296568],[126.592271,33.296188],[126.592839,33.295407],[126.593045,33.295149],[126.593119,33.295031],[126.593569,33.294877],[126.593824,33.294779],[126.594595,33.294551],[126.594839,33.294467],[126.594953,33.29432],[126.595032,33.294292],[126.595172,33.294308],[126.595298,33.294278],[126.595791,33.294073],[126.596315,33.293882],[126.596474,33.293766],[126.596544,33.293643],[126.596698,33.293429],[126.596486,33.293306],[126.597054,33.292831],[126.5972,33.292771],[126.597322,33.292622],[126.597752,33.292162],[126.597953,33.292049],[126.598225,33.291859],[126.59844,33.29192],[126.598497,33.291979],[126.598551,33.291888],[126.598998,33.291737],[126.599138,33.291616],[126.59913,33.291479],[126.598948,33.291436],[126.598856,33.291259],[126.598672,33.291038],[126.598648,33.290863],[126.598747,33.290695],[126.599001,33.29046],[126.599108,33.290207],[126.599271,33.289972],[126.599432,33.289512],[126.599329,33.289346],[126.599439,33.289119],[126.599546,33.288853],[126.599678,33.288115],[126.59976,33.287867],[126.600045,33.287482],[126.601097,33.287822],[126.601778,33.288122],[126.602578,33.288195],[126.604776,33.287476],[126.605396,33.287253],[126.606395,33.28697],[126.606928,33.286849],[126.607716,33.28659],[126.607892,33.286508],[126.608015,33.286273],[126.60861,33.286135],[126.608732,33.286002],[126.608991,33.285749],[126.609023,33.285657],[126.609101,33.285521],[126.609178,33.285437],[126.609284,33.285365],[126.609516,33.285273],[126.609743,33.285226],[126.610009,33.285204],[126.61111,33.28564],[126.61272,33.285962],[126.613014,33.285786],[126.613494,33.285788],[126.61387,33.285495],[126.613879,33.285197],[126.613775,33.284903],[126.613839,33.284571],[126.614206,33.283739],[126.614361,33.283553],[126.614033,33.283541],[126.613999,33.283387],[126.613829,33.283318],[126.6138,33.283279],[126.613742,33.283225],[126.613691,33.28304],[126.613668,33.283003],[126.613678,33.282877],[126.613641,33.282628],[126.613668,33.282373],[126.613847,33.282012],[126.613884,33.281839],[126.614109,33.281702],[126.61441,33.281213],[126.614592,33.280866],[126.614614,33.280641],[126.614646,33.280531],[126.614724,33.280439],[126.61475,33.280335],[126.61485,33.280143],[126.614903,33.280063],[126.614966,33.280093],[126.615225,33.279964],[126.615906,33.279546],[126.616619,33.279124],[126.616691,33.279104],[126.616883,33.278927],[126.617216,33.278673],[126.617165,33.278601],[126.617201,33.278538],[126.617293,33.278464],[126.617344,33.27839],[126.617326,33.27836],[126.617331,33.278287],[126.61773,33.278436],[126.61822,33.278531],[126.618674,33.278633],[126.619002,33.278745],[126.619249,33.278742],[126.619697,33.278684],[126.620164,33.278494],[126.620172,33.277876],[126.620077,33.277415],[126.619981,33.277348],[126.619964,33.276974],[126.6199,33.276533],[126.62007,33.276051],[126.620111,33.275887],[126.620287,33.275687],[126.620458,33.275368],[126.620669,33.275155],[126.620886,33.275007],[126.621046,33.274816],[126.621144,33.274794],[126.621209,33.274597],[126.621246,33.274558],[126.621316,33.274417],[126.621341,33.274389],[126.621407,33.274373],[126.621446,33.274316],[126.621521,33.274252],[126.621778,33.273916],[126.621843,33.273847],[126.621861,33.273799],[126.622006,33.27369],[126.622103,33.273435],[126.622263,33.273103],[126.622226,33.272994],[126.62228,33.272965],[126.622325,33.272923],[126.622329,33.27289],[126.62241,33.272747],[126.622483,33.272648],[126.622595,33.272292],[126.622594,33.27223],[126.622641,33.272083],[126.6226,33.271819],[126.622564,33.271701],[126.622604,33.271679],[126.622422,33.271435],[126.622377,33.271337],[126.622384,33.271302],[126.6223,33.271118],[126.62222,33.271025],[126.622164,33.270991],[126.622099,33.270863],[126.622016,33.270864],[126.622043,33.270818],[126.622075,33.270556],[126.622062,33.270526],[126.622093,33.270493],[126.62212,33.270377],[126.622247,33.270207],[126.622264,33.27008],[126.62236,33.270066],[126.622473,33.26979],[126.62258,33.269586],[126.62291,33.26944],[126.623104,33.269229],[126.62312,33.269125],[126.623009,33.268967],[126.622909,33.268874],[126.622937,33.268813],[126.622766,33.268537],[126.622736,33.268448],[126.62257,33.268216],[126.622403,33.268092],[126.622339,33.268133],[126.622116,33.267804],[126.621908,33.267765],[126.621799,33.267686],[126.621769,33.267635],[126.621659,33.267574],[126.621545,33.267491],[126.621477,33.267371],[126.621419,33.267314],[126.621331,33.267326],[126.621297,33.267311],[126.621126,33.267169],[126.621016,33.267118],[126.621082,33.266893],[126.621085,33.26676],[126.621068,33.266743],[126.621055,33.266704],[126.621044,33.266595],[126.621101,33.266045],[126.621154,33.265938],[126.621415,33.265633],[126.621687,33.265032],[126.622002,33.264576],[126.622527,33.264058],[126.6229,33.263844],[126.623096,33.263775],[126.623542,33.263746],[126.624106,33.263547],[126.624167,33.263477],[126.624301,33.263022],[126.624203,33.262437],[126.624217,33.262289],[126.624192,33.262139],[126.624144,33.261968],[126.624094,33.261451],[126.624102,33.26141],[126.624038,33.261085],[126.623832,33.260569],[126.623787,33.260382],[126.623728,33.260236],[126.62371,33.260122],[126.623711,33.260001],[126.623741,33.259736],[126.62376,33.259476],[126.623731,33.259424],[126.62369,33.259182],[126.6236,33.259141],[126.623688,33.25907],[126.62364,33.257788],[126.623562,33.257365],[126.623324,33.257003],[126.622904,33.256179],[126.622865,33.255941],[126.622703,33.255174],[126.622709,33.254304],[126.622716,33.254216],[126.622709,33.253631],[126.622796,33.253161],[126.623058,33.252665],[126.623169,33.252536],[126.623374,33.252374],[126.623499,33.25218],[126.624015,33.252385],[126.624049,33.252],[126.624676,33.252043],[126.624504,33.252757],[126.623634,33.252773],[126.623521,33.252868],[126.623303,33.253523],[126.623323,33.254262],[126.623137,33.255112],[126.623346,33.255986],[126.624039,33.257329],[126.624174,33.257874],[126.624177,33.258155],[126.62425,33.259283],[126.624339,33.259676],[126.624218,33.260464],[126.624464,33.260866],[126.624528,33.261232],[126.624624,33.261434],[126.624594,33.261492],[126.62468,33.261669],[126.624947,33.261886],[126.625182,33.261997],[126.625461,33.262367],[126.625474,33.262773],[126.624853,33.263556],[126.62448,33.263834],[126.623615,33.26412],[126.623427,33.264199],[126.623033,33.26424],[126.622714,33.264397],[126.62245,33.264968],[126.622429,33.265034],[126.622368,33.265148],[126.621909,33.265859],[126.621847,33.266582],[126.621996,33.266917],[126.622896,33.267511],[126.623097,33.267878],[126.623405,33.268066],[126.623879,33.268723],[126.623993,33.269069],[126.623828,33.269528],[126.623656,33.269626],[126.623548,33.269841],[126.623203,33.26992],[126.622923,33.270273],[126.622853,33.270786],[126.623166,33.271445],[126.623274,33.271952],[126.623193,33.271972],[126.623184,33.272016],[126.623193,33.272135],[126.62324,33.272177],[126.623356,33.27221],[126.623364,33.27226],[126.622871,33.273354],[126.622606,33.274061],[126.622392,33.274235],[126.622287,33.274632],[126.62192,33.275023],[126.621868,33.275116],[126.621818,33.275178],[126.621577,33.275313],[126.621489,33.275412],[126.621515,33.275465],[126.621395,33.275501],[126.62119,33.275528],[126.62097,33.275615],[126.620969,33.275692],[126.620934,33.275812],[126.620924,33.275931],[126.620748,33.276223],[126.620659,33.276346],[126.620592,33.276583],[126.62058,33.276668],[126.620616,33.276879],[126.620716,33.277038],[126.620833,33.277199],[126.620926,33.277264],[126.620971,33.277269],[126.620917,33.277598],[126.620918,33.277738],[126.620956,33.277857],[126.621016,33.277931],[126.620904,33.278149],[126.620765,33.278694],[126.620722,33.278707],[126.620676,33.27875],[126.620479,33.279035],[126.620446,33.279023],[126.620353,33.279205],[126.620299,33.279174],[126.62022,33.279153],[126.619921,33.279209],[126.619753,33.279322],[126.619604,33.27946],[126.61957,33.279278],[126.61943,33.27936],[126.619239,33.279171],[126.619131,33.279201],[126.617983,33.279019],[126.617373,33.279059],[126.616842,33.279571],[126.616775,33.279788],[126.615938,33.280073],[126.615484,33.28037],[126.615079,33.280865],[126.614656,33.281742],[126.614035,33.282365],[126.61416,33.282448],[126.614686,33.2827],[126.615051,33.282817],[126.615082,33.282874],[126.615189,33.282959],[126.615306,33.283069],[126.615154,33.283177],[126.615276,33.283639],[126.615281,33.283722],[126.615265,33.283931],[126.615211,33.2841],[126.615151,33.284186],[126.615172,33.284372],[126.615044,33.284401],[126.614906,33.284316],[126.614746,33.28481],[126.614881,33.28529],[126.614878,33.285349],[126.614901,33.285533],[126.614897,33.285772],[126.614788,33.285964],[126.614669,33.285917],[126.614733,33.285822],[126.614713,33.285769],[126.614744,33.28558],[126.614668,33.28556],[126.61443,33.285777],[126.614315,33.285854],[126.61422,33.285905],[126.614106,33.286033],[126.613925,33.286323],[126.613833,33.286319],[126.613846,33.286237],[126.613821,33.286157],[126.613783,33.286119],[126.613384,33.286259],[126.612963,33.286367],[126.61296,33.28659],[126.612626,33.286457],[126.611828,33.286422],[126.611657,33.286479],[126.611372,33.286814],[126.611139,33.286808],[126.610974,33.286622],[126.611094,33.286582],[126.611208,33.286264],[126.610509,33.286098],[126.610221,33.286392],[126.610205,33.286174],[126.610233,33.286067],[126.610311,33.285949],[126.610299,33.285895],[126.610101,33.285828],[126.609931,33.285798],[126.609819,33.285814],[126.609766,33.285858],[126.609631,33.285913],[126.609526,33.285987],[126.609439,33.286082],[126.609281,33.286227],[126.609226,33.286338],[126.609256,33.286436],[126.609371,33.286515],[126.609475,33.286569],[126.609009,33.286632],[126.608963,33.286645],[126.608067,33.286743],[126.607988,33.286704],[126.607915,33.286702],[126.607559,33.286791],[126.607198,33.286922],[126.607172,33.286953],[126.607278,33.287015],[126.607312,33.28705],[126.607052,33.287273],[126.607033,33.287236],[126.606968,33.287188],[126.606919,33.287191],[126.606875,33.28717],[126.60636,33.287292],[126.606388,33.287441],[126.60576,33.28763],[126.605557,33.287761],[126.605447,33.287855],[126.605258,33.287982],[126.605222,33.288019],[126.605223,33.288073],[126.605201,33.288175],[126.605166,33.288183],[126.605039,33.288136],[126.604844,33.288106],[126.604722,33.288119],[126.604608,33.28819],[126.604564,33.288253],[126.604549,33.288347],[126.604604,33.288363],[126.604707,33.288445],[126.604613,33.288564],[126.604562,33.288664],[126.604504,33.288999],[126.604217,33.289471],[126.604194,33.289487],[126.604024,33.289445],[126.603786,33.289554],[126.603642,33.289663],[126.603383,33.289915],[126.60328,33.290134],[126.603251,33.290259],[126.603204,33.290351],[126.60314,33.290566],[126.603133,33.290776],[126.60308,33.290874],[126.603135,33.290938],[126.603148,33.291168],[126.60325,33.29126],[126.603346,33.29155],[126.603763,33.291846],[126.603985,33.292067],[126.604137,33.292001],[126.604276,33.292172],[126.60448,33.292352],[126.604686,33.292525],[126.604905,33.292657],[126.605032,33.292807],[126.605151,33.292984],[126.605252,33.29328],[126.605345,33.293305],[126.605325,33.293441],[126.605322,33.293742],[126.605349,33.293942],[126.605509,33.294208],[126.605601,33.294147],[126.605648,33.294203],[126.605672,33.294395],[126.605611,33.294596],[126.605581,33.294592],[126.605337,33.295106],[126.605356,33.2952],[126.605311,33.295462],[126.605339,33.296012],[126.605332,33.296249],[126.60559,33.296258],[126.605303,33.296478],[126.605094,33.297135],[126.604912,33.297493],[126.604444,33.297981],[126.60372,33.298274],[126.6032,33.298608],[126.603145,33.298609],[126.601835,33.299731],[126.602045,33.301108],[126.601786,33.302153],[126.601792,33.302494],[126.601628,33.302343],[126.601431,33.302192],[126.601383,33.302697],[126.601555,33.303924],[126.601675,33.303941],[126.601792,33.303701],[126.601954,33.303516],[126.60176,33.304409],[126.601807,33.304681],[126.602124,33.305401],[126.601926,33.305458],[126.601848,33.305458],[126.601872,33.305155],[126.601758,33.304845],[126.601603,33.30476],[126.601501,33.304784],[126.601404,33.305251],[126.601441,33.305463],[126.601449,33.306457],[126.601295,33.306628],[126.60125,33.307167],[126.600846,33.308299],[126.599551,33.309602],[126.599251,33.310489],[126.599099,33.311236],[126.599652,33.312909],[126.599829,33.312624],[126.600405,33.313248],[126.60054,33.313311],[126.600419,33.313887],[126.600172,33.314258],[126.600243,33.314575],[126.60004,33.314899],[126.598905,33.315408],[126.598841,33.315979],[126.598091,33.316446],[126.597646,33.316507],[126.597502,33.316352],[126.59725,33.316413],[126.596582,33.316696],[126.595732,33.317505],[126.595526,33.317459],[126.59539,33.317755],[126.595636,33.318074],[126.595172,33.318879],[126.595082,33.319636],[126.595002,33.320173],[126.595033,33.320232],[126.594918,33.320629],[126.595094,33.321214],[126.594861,33.321461],[126.594818,33.321517],[126.594532,33.32196],[126.594326,33.322633],[126.594037,33.322918],[126.593552,33.323607],[126.593191,33.323987],[126.593035,33.324103],[126.59287,33.324245],[126.592704,33.324484],[126.592502,33.324626],[126.592003,33.324807],[126.591428,33.325745],[126.591289,33.327105],[126.591171,33.327295],[126.590596,33.327404],[126.590547,33.327671],[126.589955,33.328109],[126.589648,33.32829],[126.589367,33.328423],[126.589268,33.328481],[126.590248,33.327683],[126.590321,33.327358],[126.590898,33.32716],[126.590811,33.32683],[126.590958,33.32652],[126.591121,33.325773],[126.591754,33.324647],[126.592691,33.324204],[126.593276,33.323621],[126.593486,33.323301],[126.593966,33.322671],[126.593777,33.322513],[126.594154,33.321921],[126.594192,33.321726],[126.594091,33.321597],[126.594318,33.321409],[126.594291,33.321229],[126.594105,33.321053],[126.593829,33.321083],[126.59378,33.320983],[126.593878,33.320837],[126.593849,33.320518],[126.594348,33.319777],[126.594476,33.319212],[126.594524,33.319068],[126.594688,33.318783],[126.594616,33.318422],[126.593712,33.318571],[126.593911,33.318338],[126.594889,33.318102],[126.594922,33.317978],[126.595189,33.317429],[126.595792,33.316979],[126.596291,33.316586],[126.597408,33.316146],[126.597895,33.31622],[126.598181,33.315969],[126.598232,33.315491],[126.599592,33.314743],[126.599699,33.314562],[126.599621,33.3143],[126.599934,33.313729],[126.599481,33.313064],[126.598907,33.311534],[126.598868,33.311287],[126.599019,33.310684],[126.599044,33.310452],[126.599236,33.310475],[126.599515,33.30955],[126.600103,33.308958],[126.600754,33.308337],[126.601181,33.307184],[126.601203,33.306595],[126.600286,33.306272],[126.600393,33.306034],[126.600507,33.30599],[126.600573,33.305663],[126.600805,33.305034],[126.600883,33.305021],[126.600933,33.304737],[126.60109,33.30412],[126.601112,33.303968],[126.600886,33.303611],[126.600768,33.303443],[126.600817,33.30324],[126.600915,33.303135],[126.60095,33.302966],[126.60082,33.302589],[126.601055,33.302143],[126.600958,33.302075],[126.600918,33.301914],[126.601108,33.301941],[126.601271,33.301866],[126.601373,33.301547],[126.601431,33.301256],[126.601426,33.300824],[126.60137,33.300623],[126.601351,33.300194],[126.601331,33.29998],[126.601046,33.300029],[126.600879,33.300043],[126.60082,33.299991],[126.60085,33.299961],[126.601109,33.299826],[126.601205,33.299677],[126.601208,33.299582],[126.601435,33.299418],[126.601643,33.299132],[126.601887,33.298903],[126.602176,33.298678],[126.602944,33.298163],[126.603871,33.297562],[126.604006,33.297494],[126.604336,33.297279],[126.604572,33.296819],[126.604694,33.29627],[126.604697,33.295949],[126.604667,33.295624],[126.604676,33.295387],[126.604505,33.295189],[126.604199,33.294881],[126.604028,33.294617],[126.604067,33.294609],[126.604099,33.294681],[126.604223,33.29487],[126.604281,33.294925],[126.604315,33.294944],[126.604532,33.29518],[126.604678,33.295359],[126.604699,33.295332],[126.604715,33.295163],[126.60474,33.294836],[126.604742,33.294556],[126.604779,33.294026],[126.604824,33.293719],[126.604776,33.293534],[126.604759,33.293331],[126.604712,33.293193],[126.60438,33.292713],[126.604076,33.292475],[126.603813,33.292293],[126.603589,33.292254],[126.603505,33.292206],[126.603427,33.292171],[126.60311,33.291955],[126.602741,33.291674],[126.602501,33.291201],[126.602507,33.290802],[126.602563,33.290522],[126.602683,33.290282],[126.602816,33.290171],[126.602714,33.290076],[126.602863,33.289722],[126.602925,33.289662],[126.603336,33.289124],[126.603409,33.288792],[126.603577,33.288817],[126.603604,33.288691],[126.603524,33.288339],[126.603331,33.288364],[126.603226,33.288343],[126.60308,33.288375],[126.602854,33.288464],[126.60262,33.288498],[126.602191,33.288483],[126.601766,33.288411],[126.601648,33.288375],[126.60096,33.288107],[126.600255,33.287963],[126.600137,33.288191],[126.599796,33.289629],[126.599482,33.290192],[126.599145,33.290832],[126.599353,33.29096],[126.599527,33.291402],[126.599164,33.29201],[126.599084,33.292],[126.598957,33.292059],[126.598474,33.292221],[126.598024,33.2926],[126.597642,33.293181],[126.597524,33.293417],[126.59726,33.293807],[126.597211,33.293872],[126.597102,33.293957],[126.596856,33.294193],[126.596503,33.294367],[126.595962,33.294517],[126.595344,33.294718],[126.595211,33.294851],[126.594986,33.295027],[126.594711,33.295204],[126.594325,33.295316],[126.594135,33.295465],[126.593914,33.295655],[126.593754,33.295839],[126.593384,33.296093],[126.592879,33.296532],[126.592861,33.296654],[126.592687,33.296866],[126.592188,33.297137],[126.591898,33.297239],[126.591498,33.297424],[126.591372,33.297525],[126.591157,33.297595],[126.590917,33.29777],[126.590617,33.298044],[126.59057,33.298106],[126.589789,33.298558],[126.589583,33.298659],[126.589484,33.298632],[126.589242,33.298643],[126.589034,33.298634],[126.588265,33.298655],[126.588246,33.298721],[126.588149,33.298752],[126.588041,33.298715],[126.587612,33.298809],[126.587375,33.298891],[126.587119,33.29894],[126.586984,33.298992],[126.586839,33.2991],[126.586654,33.299391],[126.586296,33.299471],[126.585773,33.299509],[126.585186,33.299653],[126.584961,33.299549],[126.584754,33.299531],[126.583783,33.299524],[126.583479,33.299763],[126.583164,33.300023],[126.582719,33.300001],[126.582588,33.30004],[126.582484,33.300022],[126.582248,33.300082],[126.58208,33.300142],[126.582042,33.300188],[126.581987,33.30028],[126.581762,33.300381],[126.58149,33.300376],[126.580587,33.300534],[126.579958,33.300923],[126.579661,33.301033],[126.579008,33.301034],[126.578125,33.300759],[126.577352,33.300532],[126.577145,33.30056],[126.577061,33.300552],[126.576722,33.300597],[126.575546,33.300507],[126.574456,33.300819],[126.573944,33.300983],[126.573218,33.300926],[126.572978,33.300939],[126.572198,33.301053],[126.57127,33.30159],[126.570843,33.301574],[126.570469,33.301362],[126.570246,33.30136],[126.569567,33.301829],[126.569278,33.302253],[126.569217,33.302543],[126.569161,33.303081],[126.568384,33.303998],[126.567966,33.304041],[126.56753,33.303966],[126.566521,33.304196],[126.566222,33.304005],[126.566094,33.303981],[126.565613,33.304338],[126.563381,33.305354],[126.562508,33.305448],[126.561382,33.305864],[126.56061,33.305991],[126.55985,33.305949],[126.558895,33.306125],[126.55794,33.306022],[126.556271,33.306325],[126.555869,33.306719],[126.555641,33.30749],[126.555347,33.307879],[126.554528,33.308741],[126.554371,33.309893],[126.553934,33.310585],[126.553117,33.31109],[126.551991,33.311953],[126.550771,33.312107],[126.550046,33.312233],[126.549516,33.312664],[126.54965,33.313423],[126.549497,33.314193],[126.548802,33.315671],[126.547886,33.316481],[126.547574,33.317003],[126.547101,33.317334],[126.546585,33.318106],[126.546412,33.318243],[126.546164,33.318511],[126.545941,33.319351],[126.546024,33.320165],[126.545739,33.320529],[126.545898,33.320951],[126.545974,33.321571],[126.545804,33.322009],[126.545283,33.322408],[126.545174,33.323266],[126.544792,33.324401],[126.545004,33.324832],[126.544691,33.326023],[126.544285,33.327248],[126.544257,33.327885],[126.543864,33.328855],[126.543334,33.329228],[126.543207,33.330916],[126.542917,33.331481],[126.543321,33.331636],[126.545899,33.332781],[126.551358,33.334905],[126.556203,33.336772],[126.561668,33.338897],[126.566102,33.34061],[126.573161,33.343207],[126.572874,33.343608],[126.57277,33.343827],[126.572482,33.344036],[126.572326,33.344206],[126.571095,33.345036],[126.5703,33.345295],[126.570165,33.345572],[126.57001,33.34586],[126.569601,33.346173],[126.568948,33.346521],[126.568399,33.346992],[126.567532,33.347438],[126.567142,33.347859],[126.566708,33.348018],[126.566148,33.348496],[126.564727,33.34917],[126.564366,33.349482],[126.564004,33.349961],[126.563644,33.351006],[126.563194,33.351666],[126.562408,33.352483],[126.562304,33.352876],[126.562122,33.353383],[126.562069,33.353889],[126.561505,33.354801],[126.561151,33.355581],[126.560677,33.356102],[126.560421,33.356737],[126.559935,33.357881],[126.55914,33.358915],[126.558277,33.359123],[126.557205,33.359695],[126.556532,33.359808],[126.555672,33.360095],[126.554753,33.360566],[126.553217,33.361056],[126.551644,33.361905],[126.550832,33.362421],[126.550081,33.363415],[126.549073,33.364317],[126.548783,33.36445],[126.548355,33.36463],[126.547308,33.364824],[126.546667,33.364809],[126.54621,33.364818],[126.54564,33.364917],[126.544452,33.364959],[126.543355,33.365224],[126.541639,33.365965],[126.541354,33.366366],[126.540682,33.36718],[126.539649,33.366553],[126.538381,33.36567],[126.536091,33.364047],[126.534736,33.363233],[126.534325,33.36326],[126.533332,33.363426],[126.53239,33.363081],[126.531368,33.362931],[126.530483,33.362602],[126.529968,33.362539],[126.52982,33.362198],[126.529653,33.36186],[126.529523,33.36174],[126.528797,33.362104],[126.528408,33.362529],[126.526908,33.363035],[126.525547,33.362553],[126.523896,33.361775],[126.523228,33.361502],[126.522388,33.361175],[126.521536,33.360853],[126.520821,33.360723],[126.519668,33.360682],[126.517471,33.360385],[126.516699,33.36059],[126.51554,33.360885],[126.51429,33.361224],[126.513431,33.361153],[126.512095,33.361019],[126.511104,33.36104],[126.510029,33.360042],[126.508668,33.358675],[126.507686,33.35812],[126.506635,33.357996],[126.506018,33.358451],[126.505174,33.358824],[126.503402,33.359146],[126.50271,33.359373],[126.501082,33.359619],[126.499091,33.359847],[126.498269,33.35953],[126.497735,33.35919],[126.497196,33.358861],[126.495657,33.358044],[126.494007,33.357219],[126.492231,33.356481],[126.491148,33.355542],[126.490448,33.354954],[126.490324,33.354955]]]}},{"type":"Feature","id":3917,"properties":{"code":"65000005013020240170UOC1000001015","collectionId":"2577","date":"2025-10-01"},"geometry":{"type":"Polygon","coordinates":[[[126.825899,33.309323],[126.825938,33.30936],[126.825947,33.309415],[126.825886,33.309514],[126.825857,33.309541],[126.825809,33.309558],[126.825758,33.309554],[126.825726,33.309539],[126.825639,33.309475],[126.82562,33.309437],[126.825623,33.309395],[126.825677,33.309311],[126.825708,33.309285],[126.825748,33.309271],[126.825791,33.309272],[126.825899,33.309323]],[[126.825841,33.309399],[126.825767,33.30936],[126.825726,33.309423],[126.825793,33.309468],[126.825841,33.309399]]]}},{"type":"Feature","id":3918,"properties":{"code":"65000005013020240170UOC1000001084","collectionId":"2788","date":"2025-10-01"},"geometry":{"type":"Polygon","coordinates":[[[126.470449,33.277611],[126.470774,33.27752],[126.470866,33.277762],[126.470925,33.277943],[126.470824,33.278018],[126.470819,33.278036],[126.470237,33.27821],[126.470235,33.278186],[126.470172,33.278174],[126.470189,33.278139],[126.470653,33.278],[126.47052,33.277809],[126.470449,33.277611]]]}},{"type":"Feature","id":3919,"properties":{"code":"65000005013020240170UOC1000001083","collectionId":"2776","date":"2025-10-01"},"geometry":{"type":"Polygon","coordinates":[[[126.459982,33.263789],[126.459808,33.263859],[126.459589,33.263876],[126.459578,33.263903],[126.459433,33.263949],[126.459333,33.264093],[126.459019,33.264213],[126.458789,33.264268],[126.458703,33.264329],[126.458566,33.264383],[126.458502,33.264392],[126.458394,33.264544],[126.45822,33.264591],[126.458241,33.264703],[126.458049,33.264748],[126.45775,33.264804],[126.457881,33.264809],[126.457874,33.264855],[126.457856,33.264856],[126.457856,33.264822],[126.457726,33.264824],[126.457726,33.264803],[126.457635,33.264801],[126.457471,33.264816],[126.457213,33.264853],[126.457235,33.264775],[126.457078,33.264796],[126.456925,33.264728],[126.456909,33.264698],[126.456861,33.264705],[126.456761,33.26461],[126.456635,33.264385],[126.456595,33.264247],[126.456564,33.264228],[126.456739,33.263876],[126.4569,33.263656],[126.456973,33.263585],[126.457124,33.26354],[126.457428,33.263509],[126.457391,33.263097],[126.457325,33.262734],[126.457457,33.262723],[126.457525,33.262643],[126.457748,33.262692],[126.45886,33.262882],[126.459629,33.262997],[126.459829,33.263068],[126.459951,33.263159],[126.460083,33.263404],[126.460121,33.263419],[126.46021,33.263619],[126.459982,33.263789]]]}},{"type":"Feature","id":3926,"properties":{"code":"65000005013020240170UOC1000001086","collectionId":"2835","date":"2025-10-01"},"geometry":{"type":"Polygon","coordinates":[[[126.916327,33.471732],[126.916271,33.471624],[126.916272,33.471588],[126.91629,33.471556],[126.916341,33.471508],[126.916388,33.471489],[126.916467,33.471483],[126.916522,33.471498],[126.91656,33.471535],[126.916602,33.471613],[126.916609,33.471654],[126.916484,33.471751],[126.916452,33.471768],[126.916386,33.471769],[126.916352,33.471754],[126.916327,33.471732]],[[126.916462,33.471573],[126.916424,33.471589],[126.916416,33.471576],[126.916406,33.471579],[126.916414,33.471593],[126.916377,33.471609],[126.916417,33.471682],[126.916502,33.471646],[126.916462,33.471573]]]}},{"type":"Feature","id":3927,"properties":{"code":"65000005013020240170UOC1000001079","collectionId":"2727","date":"2025-10-01"},"geometry":{"type":"Polygon","coordinates":[[[126.23067,33.236384],[126.230736,33.236382],[126.23079,33.236413],[126.230841,33.236524],[126.230846,33.23656],[126.230843,33.236578],[126.230632,33.236671],[126.230585,33.236658],[126.23055,33.236628],[126.230505,33.236516],[126.230503,33.236485],[126.230518,33.236451],[126.230548,33.236424],[126.23067,33.236384]],[[126.230706,33.236469],[126.23061,33.236497],[126.230642,33.236581],[126.230739,33.236553],[126.230706,33.236469]]]}}]}
