{"type":"FeatureCollection","name":"제주도 공장설립제한지역","metadata":{"sourceLayer":"K05UM1100","sourceCrs":"Korea 2000 / Central Belt 2010","featureCount":59,"simplifyMeters":1.0,"standardDates":["2021-03-11","2021-05-27"]},"features":[{"type":"Feature","id":31,"properties":{"code":"14800005011020160213UM11000001005","date":"2021-03-11"},"geometry":{"type":"Polygon","coordinates":[[[126.750281,33.515876],[126.750302,33.515373],[126.750356,33.514873],[126.750549,33.513877],[126.750673,33.513379],[126.75083,33.512887],[126.751128,33.512166],[126.751366,33.511698],[126.751636,33.511242],[126.752097,33.510583],[126.752623,33.50996],[126.753008,33.509566],[126.753418,33.509191],[126.75408,33.508666],[126.754549,33.508343],[126.75504,33.508043],[126.756049,33.507487],[126.756576,33.507241],[126.757118,33.50702],[126.757957,33.506737],[126.758531,33.506582],[126.759114,33.506454],[126.759704,33.506353],[126.760301,33.506281],[126.761203,33.506224],[126.762107,33.506231],[126.762708,33.506271],[126.763305,33.50634],[126.76419,33.506494],[126.76477,33.506632],[126.76534,33.506796],[126.765898,33.506987],[126.766443,33.507204],[126.76723,33.507576],[126.767978,33.508002],[126.768451,33.508315],[126.768903,33.508649],[126.769331,33.509004],[126.769736,33.509379],[126.770124,33.509767],[126.770496,33.510168],[126.77084,33.510586],[126.771155,33.51102],[126.771573,33.511697],[126.771812,33.512163],[126.77202,33.51264],[126.772271,33.513372],[126.772448,33.514119],[126.772523,33.514623],[126.772565,33.51513],[126.772563,33.515891],[126.772519,33.516398],[126.772441,33.516901],[126.77233,33.517401],[126.772185,33.517894],[126.772007,33.518379],[126.771797,33.518855],[126.771555,33.519321],[126.771282,33.519775],[126.77098,33.520215],[126.770527,33.520825],[126.769694,33.521799],[126.769118,33.522372],[126.768487,33.522904],[126.768038,33.523233],[126.767567,33.523541],[126.766825,33.52396],[126.766309,33.524211],[126.765776,33.524437],[126.76523,33.524638],[126.764671,33.524813],[126.763813,33.525027],[126.762936,33.52518],[126.762345,33.525248],[126.76175,33.525288],[126.761153,33.525301],[126.760554,33.525286],[126.759957,33.525243],[126.759363,33.525172],[126.758775,33.525073],[126.758195,33.524948],[126.757342,33.524709],[126.756788,33.524517],[126.756248,33.524299],[126.755723,33.524057],[126.755215,33.523791],[126.754725,33.523501],[126.754255,33.523189],[126.753592,33.522681],[126.753178,33.522317],[126.75279,33.521935],[126.752256,33.521328],[126.751935,33.520905],[126.751642,33.520466],[126.751259,33.519785],[126.751042,33.519317],[126.750763,33.518601],[126.750533,33.517872],[126.75042,33.517378],[126.750341,33.51688],[126.750294,33.516378],[126.750281,33.515876]]]}},{"type":"Feature","id":32,"properties":{"code":"14800005011020160213UM11000001009","date":"2021-03-11"},"geometry":{"type":"Polygon","coordinates":[[[126.694187,33.452903],[126.69421,33.452395],[126.694267,33.45189],[126.694416,33.451138],[126.694641,33.4504],[126.694831,33.449918],[126.695054,33.449445],[126.695446,33.448758],[126.695746,33.448316],[126.696075,33.44789],[126.696432,33.447479],[126.696816,33.447086],[126.69744,33.446532],[126.697885,33.446188],[126.698354,33.445866],[126.699095,33.445425],[126.699878,33.445038],[126.700421,33.444812],[126.700977,33.444611],[126.701547,33.444438],[126.702127,33.444291],[126.703013,33.444123],[126.703612,33.444046],[126.704215,33.443997],[126.705124,33.443978],[126.705729,33.444001],[126.706332,33.444052],[126.707227,33.444183],[126.707816,33.444305],[126.708395,33.444454],[126.709242,33.444729],[126.709791,33.444945],[126.710324,33.445187],[126.711091,33.445595],[126.711578,33.445898],[126.712044,33.446222],[126.712701,33.446749],[126.713108,33.447125],[126.713489,33.44752],[126.71401,33.448144],[126.714466,33.448803],[126.714732,33.44926],[126.714967,33.449728],[126.715171,33.450206],[126.715342,33.450694],[126.715536,33.451438],[126.715655,33.452193],[126.715692,33.4527],[126.715694,33.453208],[126.715634,33.453969],[126.715498,33.454722],[126.715365,33.455217],[126.715199,33.455706],[126.714889,33.456422],[126.714508,33.457114],[126.714216,33.457559],[126.713894,33.45799],[126.713359,33.458605],[126.712969,33.458994],[126.712553,33.459363],[126.712113,33.459713],[126.71165,33.460041],[126.710916,33.46049],[126.710139,33.460886],[126.709601,33.461119],[126.709047,33.461326],[126.708481,33.461507],[126.707903,33.46166],[126.707019,33.461839],[126.706121,33.461954],[126.705517,33.461996],[126.704911,33.462009],[126.704305,33.461993],[126.703701,33.461948],[126.702804,33.461829],[126.701921,33.461646],[126.701345,33.46149],[126.700779,33.461306],[126.699957,33.460982],[126.699428,33.460734],[126.698917,33.460461],[126.698424,33.460165],[126.697953,33.459846],[126.697287,33.459327],[126.696874,33.458955],[126.696486,33.458565],[126.695955,33.457947],[126.695636,33.457515],[126.695347,33.457068],[126.694971,33.456375],[126.694666,33.455657],[126.694503,33.455168],[126.694374,33.454671],[126.694278,33.45417],[126.694216,33.453664],[126.694187,33.452903]]]}},{"type":"Feature","id":33,"properties":{"code":"14800005011020160213UM11000001011","date":"2021-03-11"},"geometry":{"type":"Polygon","coordinates":[[[126.654291,33.44419],[126.654314,33.443682],[126.654371,33.443176],[126.654521,33.442425],[126.654746,33.441687],[126.654936,33.441205],[126.655159,33.440732],[126.655552,33.440045],[126.655852,33.439604],[126.656181,33.439177],[126.656538,33.438767],[126.656922,33.438374],[126.657546,33.43782],[126.657992,33.437476],[126.658461,33.437154],[126.659202,33.436713],[126.659985,33.436327],[126.660528,33.436101],[126.661085,33.4359],[126.661654,33.435727],[126.662234,33.43558],[126.66312,33.435412],[126.663719,33.435336],[126.664322,33.435287],[126.665231,33.435268],[126.665836,33.435291],[126.666439,33.435343],[126.667334,33.435474],[126.667922,33.435596],[126.668501,33.435745],[126.669349,33.43602],[126.669897,33.436237],[126.67043,33.436479],[126.671196,33.436888],[126.671683,33.43719],[126.672149,33.437515],[126.672806,33.438042],[126.673213,33.438418],[126.673594,33.438813],[126.674114,33.439437],[126.67457,33.440097],[126.674836,33.440553],[126.675071,33.441021],[126.675274,33.4415],[126.675445,33.441987],[126.675639,33.442732],[126.675726,33.443234],[126.67578,33.44374],[126.675796,33.444502],[126.675736,33.445262],[126.675653,33.445765],[126.675536,33.446264],[126.6753,33.446999],[126.675101,33.447479],[126.67487,33.447949],[126.674608,33.448407],[126.674316,33.448852],[126.673823,33.449492],[126.673267,33.450095],[126.672863,33.450474],[126.672435,33.450833],[126.671983,33.451172],[126.671509,33.451488],[126.67076,33.45192],[126.670238,33.452178],[126.669699,33.452411],[126.668864,33.452711],[126.668002,33.452951],[126.667415,33.453077],[126.66682,33.453175],[126.665918,33.453269],[126.66501,33.453299],[126.664404,33.453283],[126.6638,33.453238],[126.662903,33.453118],[126.662021,33.452935],[126.661444,33.452779],[126.660879,33.452595],[126.660057,33.452271],[126.659528,33.452022],[126.659017,33.45175],[126.658525,33.451453],[126.658053,33.451134],[126.657388,33.450615],[126.656975,33.450243],[126.656587,33.449853],[126.656057,33.449234],[126.655738,33.448802],[126.655449,33.448355],[126.655074,33.447662],[126.654769,33.446944],[126.654607,33.446454],[126.654477,33.445958],[126.654381,33.445456],[126.65432,33.444951],[126.654291,33.44419]]]}},{"type":"Feature","id":34,"properties":{"code":"14800005011020160213UM11000001012","date":"2021-03-11"},"geometry":{"type":"Polygon","coordinates":[[[126.597246,33.517085],[126.597258,33.516576],[126.59734,33.515817],[126.597438,33.515315],[126.597568,33.514819],[126.597733,33.51433],[126.597929,33.513849],[126.598158,33.513378],[126.598418,33.512919],[126.598865,33.512255],[126.5992,33.511831],[126.599562,33.511423],[126.599952,33.511033],[126.600367,33.510663],[126.600806,33.510312],[126.601268,33.509982],[126.601752,33.509675],[126.602255,33.509392],[126.602777,33.509132],[126.603315,33.508898],[126.603859,33.508683],[126.604684,33.508401],[126.605248,33.508245],[126.605822,33.508115],[126.606404,33.508012],[126.606992,33.507936],[126.60788,33.507874],[126.608772,33.507873],[126.609964,33.507947],[126.610849,33.507723],[126.611717,33.507568],[126.612597,33.507473],[126.613487,33.507422],[126.614084,33.507415],[126.61468,33.507437],[126.615273,33.507486],[126.615863,33.507562],[126.616446,33.507666],[126.617022,33.507797],[126.617867,33.508042],[126.618416,33.508238],[126.618951,33.508459],[126.619723,33.508837],[126.620217,33.509118],[126.620691,33.509421],[126.621362,33.509916],[126.621782,33.510272],[126.622177,33.510646],[126.622722,33.51124],[126.623051,33.511656],[126.623353,33.512088],[126.623892,33.512985],[126.624233,33.513687],[126.624421,33.514167],[126.624576,33.514655],[126.624699,33.51515],[126.624788,33.515649],[126.624859,33.516405],[126.624854,33.517162],[126.624808,33.517666],[126.624729,33.518167],[126.624616,33.518663],[126.624471,33.519153],[126.624293,33.519636],[126.624083,33.52011],[126.623841,33.520573],[126.623569,33.521023],[126.623267,33.521461],[126.622937,33.521883],[126.622389,33.522486],[126.621991,33.522866],[126.621569,33.523227],[126.620892,33.523729],[126.620413,33.524036],[126.619915,33.524321],[126.619398,33.524582],[126.618865,33.524818],[126.618317,33.525029],[126.617755,33.525213],[126.617183,33.525371],[126.6166,33.525502],[126.616015,33.525615],[126.61543,33.52571],[126.614838,33.525777],[126.613946,33.525826],[126.613047,33.525812],[126.612449,33.525768],[126.612002,33.525716],[126.611257,33.525918],[126.61038,33.526093],[126.609489,33.526205],[126.60859,33.526255],[126.607691,33.526242],[126.607093,33.526198],[126.6065,33.526126],[126.605912,33.526027],[126.605332,33.525901],[126.604761,33.525747],[126.604201,33.525568],[126.603654,33.525362],[126.603121,33.525132],[126.602353,33.52474],[126.601627,33.524296],[126.600937,33.523808],[126.600491,33.523463],[126.599867,33.522908],[126.599483,33.522515],[126.599127,33.522103],[126.598645,33.521457],[126.59836,33.521008],[126.598107,33.520546],[126.597786,33.519832],[126.597612,33.519345],[126.597472,33.518851],[126.597365,33.518351],[126.597292,33.517846],[126.597246,33.517085]]]}},{"type":"Feature","id":35,"properties":{"code":"14800005011020160213UM11000001016","date":"2021-03-11"},"geometry":{"type":"Polygon","coordinates":[[[126.492989,33.492876],[126.493013,33.492368],[126.493113,33.491611],[126.493223,33.491112],[126.493365,33.490618],[126.493641,33.489892],[126.493864,33.48942],[126.49412,33.488959],[126.49456,33.488292],[126.494889,33.487866],[126.495248,33.487456],[126.495633,33.487064],[126.496258,33.486511],[126.496705,33.486167],[126.497417,33.485694],[126.497917,33.485406],[126.498523,33.485103],[126.49876,33.484549],[126.499,33.484083],[126.49927,33.483628],[126.499732,33.482972],[126.500076,33.482554],[126.500448,33.482152],[126.500846,33.481769],[126.501391,33.481309],[126.501276,33.480861],[126.501181,33.480359],[126.50112,33.479854],[126.501093,33.479346],[126.501101,33.478838],[126.501142,33.478331],[126.501217,33.477827],[126.501326,33.477328],[126.501469,33.476834],[126.501644,33.476348],[126.501852,33.47587],[126.502092,33.475404],[126.502362,33.474949],[126.502663,33.474508],[126.502993,33.474082],[126.503269,33.473762],[126.503097,33.473292],[126.502952,33.472799],[126.502797,33.472048],[126.502718,33.471289],[126.502716,33.470528],[126.502791,33.469768],[126.502942,33.469017],[126.503168,33.468279],[126.503488,33.467518],[126.503156,33.466938],[126.502828,33.466227],[126.502574,33.465496],[126.502393,33.464749],[126.502289,33.463992],[126.502262,33.463231],[126.502311,33.46247],[126.502436,33.461716],[126.502562,33.461219],[126.502721,33.460728],[126.503021,33.460009],[126.503392,33.459314],[126.503677,33.458866],[126.503993,33.458432],[126.504337,33.458014],[126.504708,33.457612],[126.505314,33.457045],[126.505976,33.456522],[126.506445,33.4562],[126.506854,33.455949],[126.506778,33.4556],[126.5067,33.455096],[126.506656,33.45459],[126.506647,33.454082],[126.506671,33.453574],[126.506729,33.453069],[126.506821,33.452566],[126.506947,33.45207],[126.507106,33.451579],[126.507298,33.451097],[126.507521,33.450625],[126.507776,33.450164],[126.508062,33.449716],[126.508377,33.449283],[126.508721,33.448864],[126.509092,33.448463],[126.50949,33.44808],[126.509913,33.447716],[126.51036,33.447373],[126.510829,33.447051],[126.511319,33.446752],[126.511828,33.446477],[126.512355,33.446226],[126.512898,33.446],[126.513455,33.445801],[126.514025,33.445628],[126.514605,33.445482],[126.515492,33.445315],[126.516091,33.445239],[126.516694,33.445191],[126.5173,33.445172],[126.517906,33.445182],[126.518811,33.44525],[126.519409,33.44533],[126.520001,33.445439],[126.520873,33.445654],[126.521441,33.445832],[126.521996,33.446036],[126.5228,33.44639],[126.523316,33.446657],[126.523812,33.446948],[126.524518,33.447428],[126.524961,33.447775],[126.525259,33.448033],[126.525882,33.447825],[126.526457,33.447665],[126.527042,33.447533],[126.527934,33.447387],[126.528838,33.447305],[126.529443,33.447286],[126.530352,33.447311],[126.530954,33.447363],[126.53185,33.447495],[126.532438,33.447617],[126.533302,33.447853],[126.533864,33.448044],[126.53468,33.448379],[126.535204,33.448634],[126.53571,33.448913],[126.536432,33.449375],[126.537105,33.449887],[126.537724,33.450445],[126.538105,33.450841],[126.538458,33.451253],[126.538935,33.451902],[126.539344,33.452582],[126.539684,33.453289],[126.539951,33.454017],[126.540088,33.454512],[126.540191,33.455012],[126.540283,33.45577],[126.540302,33.456278],[126.540286,33.456786],[126.540199,33.457544],[126.540036,33.458294],[126.539798,33.459029],[126.539487,33.459745],[126.53924,33.460209],[126.538962,33.46066],[126.538489,33.461311],[126.538138,33.461725],[126.53776,33.462122],[126.537144,33.462683],[126.536475,33.463198],[126.536,33.463514],[126.535505,33.463807],[126.534728,33.464202],[126.534189,33.464434],[126.533635,33.46464],[126.53278,33.4649],[126.532197,33.465039],[126.531606,33.46515],[126.530707,33.465264],[126.530103,33.465305],[126.529497,33.465317],[126.528589,33.465281],[126.527987,33.465222],[126.52739,33.465134],[126.526508,33.46495],[126.525932,33.464793],[126.525367,33.464609],[126.524545,33.464283],[126.523753,33.463898],[126.523671,33.464582],[126.523508,33.465331],[126.52327,33.466066],[126.522995,33.466705],[126.523193,33.46704],[126.523975,33.466814],[126.524856,33.466627],[126.525453,33.466536],[126.526357,33.466454],[126.526962,33.466435],[126.527871,33.46646],[126.528774,33.466549],[126.529369,33.466644],[126.530248,33.466838],[126.530822,33.467002],[126.531659,33.467298],[126.5322,33.467528],[126.532724,33.467783],[126.53323,33.468062],[126.533953,33.468525],[126.534407,33.468861],[126.534838,33.469218],[126.535438,33.46979],[126.535805,33.470195],[126.536304,33.470832],[126.536736,33.471502],[126.536986,33.471965],[126.537205,33.472438],[126.537472,33.473167],[126.537609,33.473662],[126.537752,33.474414],[126.537804,33.47492],[126.537819,33.475682],[126.537758,33.476442],[126.537674,33.476945],[126.537486,33.47769],[126.537319,33.478179],[126.537007,33.478894],[126.53676,33.479358],[126.536482,33.47981],[126.536174,33.480247],[126.535837,33.48067],[126.535473,33.481075],[126.535081,33.481463],[126.534665,33.481832],[126.534224,33.482181],[126.53352,33.482663],[126.53277,33.483094],[126.532247,33.483351],[126.531708,33.483583],[126.530872,33.483883],[126.530299,33.484049],[126.529716,33.484188],[126.529125,33.4843],[126.528527,33.484383],[126.527924,33.484438],[126.527319,33.484464],[126.526712,33.484462],[126.526107,33.484431],[126.525206,33.484331],[126.524612,33.484229],[126.524026,33.484099],[126.523449,33.483942],[126.52305,33.483814],[126.52328,33.484396],[126.523498,33.485136],[126.52364,33.485888],[126.523706,33.486648],[126.523696,33.48741],[126.523609,33.488168],[126.523445,33.488918],[126.523207,33.489653],[126.523007,33.490133],[126.522648,33.490833],[126.52237,33.491284],[126.521897,33.491935],[126.52136,33.49255],[126.520969,33.492937],[126.520334,33.493483],[126.519693,33.49395],[126.519684,33.49473],[126.519596,33.495489],[126.519496,33.495989],[126.519362,33.496485],[126.519099,33.497214],[126.518763,33.497922],[126.5185,33.49838],[126.518207,33.498825],[126.517712,33.499464],[126.517155,33.500066],[126.516539,33.500626],[126.516098,33.500975],[126.515634,33.501302],[126.514899,33.50175],[126.514121,33.502145],[126.513306,33.502483],[126.512745,33.502676],[126.512172,33.502843],[126.511294,33.503041],[126.510699,33.503138],[126.510098,33.503207],[126.509191,33.503257],[126.508282,33.503243],[126.507678,33.503197],[126.50678,33.503076],[126.505897,33.502892],[126.505037,33.502646],[126.504204,33.50234],[126.503444,33.501995],[126.502789,33.501963],[126.501887,33.501863],[126.500999,33.5017],[126.50013,33.501474],[126.499287,33.501188],[126.498743,33.500964],[126.497957,33.500582],[126.497212,33.500145],[126.496513,33.499657],[126.495867,33.499121],[126.495276,33.498542],[126.494916,33.498133],[126.494584,33.497708],[126.49414,33.497043],[126.493766,33.496349],[126.493462,33.495631],[126.493232,33.494894],[126.493077,33.494143],[126.492999,33.493384],[126.492989,33.492876]]]}},{"type":"Feature","id":43,"properties":{"code":"14800005011020160213UM11000001006","date":"2021-03-11"},"geometry":{"type":"Polygon","coordinates":[[[126.734938,33.480727],[126.734951,33.480221],[126.734999,33.479717],[126.73508,33.479216],[126.735195,33.478719],[126.735429,33.477986],[126.735625,33.477508],[126.735853,33.477039],[126.736113,33.476582],[126.736402,33.476138],[126.736891,33.475499],[126.737441,33.474897],[126.737841,33.474518],[126.738266,33.474159],[126.738714,33.47382],[126.739184,33.473502],[126.739928,33.473069],[126.740446,33.47281],[126.740981,33.472575],[126.741811,33.472272],[126.742668,33.472028],[126.743252,33.471899],[126.743843,33.471798],[126.744741,33.471699],[126.745344,33.471668],[126.745947,33.471666],[126.74655,33.471692],[126.74715,33.471746],[126.748041,33.47188],[126.748627,33.472004],[126.749203,33.472155],[126.750045,33.472433],[126.750591,33.47265],[126.75112,33.472893],[126.751882,33.473303],[126.752601,33.473764],[126.753053,33.4741],[126.753481,33.474456],[126.753886,33.474832],[126.754272,33.475222],[126.754638,33.475626],[126.754978,33.476046],[126.755432,33.476705],[126.755697,33.477161],[126.755932,33.477629],[126.756224,33.47835],[126.756377,33.478841],[126.756498,33.479339],[126.756585,33.479841],[126.756638,33.480346],[126.756653,33.481107],[126.756621,33.481614],[126.756555,33.482119],[126.756393,33.482868],[126.756156,33.483602],[126.755957,33.484082],[126.755726,33.484551],[126.755464,33.485009],[126.755172,33.485453],[126.754679,33.486093],[126.754123,33.486695],[126.75372,33.487073],[126.753292,33.487432],[126.752606,33.487932],[126.752122,33.488237],[126.751618,33.488519],[126.751096,33.488776],[126.750558,33.489009],[126.749723,33.489309],[126.749151,33.489476],[126.748569,33.489616],[126.74768,33.489774],[126.746779,33.489868],[126.746174,33.489895],[126.745572,33.489894],[126.744974,33.489865],[126.744379,33.489808],[126.743495,33.489671],[126.742629,33.489472],[126.742064,33.489307],[126.74151,33.489115],[126.740706,33.488779],[126.74019,33.488525],[126.739691,33.488247],[126.739212,33.487946],[126.738753,33.487624],[126.738107,33.487101],[126.737706,33.486728],[126.737322,33.48634],[126.736784,33.48573],[126.73646,33.485303],[126.736165,33.484861],[126.735779,33.484175],[126.735561,33.483703],[126.735374,33.483222],[126.735156,33.482486],[126.735012,33.481737],[126.734958,33.481233],[126.734938,33.480727]]]}},{"type":"Feature","id":72,"properties":{"code":"14800005011020160213UM11000001001","date":"2021-03-11"},"geometry":{"type":"Polygon","coordinates":[[[126.793353,33.513839],[126.793373,33.513331],[126.793466,33.512571],[126.793571,33.51207],[126.793792,33.511329],[126.79398,33.510845],[126.7942,33.510371],[126.79459,33.509681],[126.794888,33.509238],[126.795215,33.508809],[126.795759,33.508196],[126.796155,33.50781],[126.796796,33.507268],[126.797253,33.506933],[126.797979,33.506471],[126.798487,33.506193],[126.799283,33.505822],[126.800114,33.505508],[126.800684,33.505332],[126.801265,33.505184],[126.802153,33.505013],[126.802754,33.504934],[126.803358,33.504884],[126.804269,33.504863],[126.804876,33.504884],[126.805781,33.50497],[126.806378,33.505063],[126.80726,33.505255],[126.807836,33.505417],[126.808677,33.505711],[126.80922,33.50594],[126.810003,33.50633],[126.810502,33.50662],[126.810981,33.506934],[126.811657,33.507445],[126.812078,33.507812],[126.81253,33.508148],[126.812958,33.508506],[126.813553,33.509079],[126.813917,33.509483],[126.814411,33.51012],[126.814839,33.510789],[126.815198,33.511487],[126.815486,33.512207],[126.815701,33.512945],[126.815841,33.513695],[126.815905,33.514453],[126.815892,33.515212],[126.815804,33.515968],[126.815639,33.516715],[126.815451,33.517309],[126.816231,33.517502],[126.8168,33.517678],[126.817356,33.517881],[126.817897,33.518109],[126.818423,33.518363],[126.81893,33.518641],[126.819655,33.519102],[126.82011,33.519437],[126.820543,33.519793],[126.821145,33.520364],[126.821514,33.520767],[126.821855,33.521187],[126.822167,33.521623],[126.822449,33.522072],[126.822701,33.522535],[126.822921,33.523008],[126.823109,33.523491],[126.823265,33.523982],[126.823435,33.52473],[126.823507,33.525235],[126.82355,33.525996],[126.823536,33.526504],[126.823488,33.52701],[126.823406,33.527513],[126.82329,33.528012],[126.823141,33.528504],[126.822959,33.528989],[126.822745,33.529464],[126.822499,33.529929],[126.822223,33.530381],[126.821752,33.531033],[126.821402,33.531448],[126.820827,33.532038],[126.820411,33.532407],[126.819971,33.532757],[126.819268,33.533241],[126.818774,33.533536],[126.81826,33.533806],[126.81773,33.534052],[126.817183,33.534273],[126.816338,33.534554],[126.815467,33.534775],[126.814876,33.534888],[126.814278,33.534972],[126.813675,33.535028],[126.813069,33.535056],[126.812159,33.535044],[126.811254,33.534968],[126.810656,33.534881],[126.810065,33.534767],[126.809483,33.534625],[126.808911,33.534455],[126.808077,33.534151],[126.807276,33.533789],[126.806764,33.533517],[126.806271,33.533221],[126.805571,33.532735],[126.805132,33.532384],[126.80452,33.53182],[126.803968,33.531215],[126.803634,33.530791],[126.803188,33.530127],[126.802811,33.529434],[126.802504,33.528717],[126.802272,33.52798],[126.802114,33.52723],[126.802033,33.526471],[126.802021,33.525963],[126.802043,33.525455],[126.802141,33.524698],[126.802315,33.52395],[126.802479,33.523443],[126.801614,33.523225],[126.800782,33.52295],[126.799981,33.522618],[126.799466,33.522366],[126.798968,33.522091],[126.798258,33.521636],[126.797811,33.521306],[126.797182,33.520774],[126.796511,33.520258],[126.796093,33.519888],[126.795701,33.519499],[126.795163,33.518883],[126.79469,33.518231],[126.794284,33.517547],[126.793949,33.516837],[126.793687,33.516106],[126.793499,33.515359],[126.793388,33.514602],[126.793353,33.513839]]]}},{"type":"Feature","id":73,"properties":{"code":"14800005011020160213UM11000001003","date":"2021-03-11"},"geometry":{"type":"Polygon","coordinates":[[[126.851529,33.462511],[126.851903,33.462528],[126.852213,33.462649],[126.852459,33.462807],[126.852779,33.46285],[126.853156,33.463053],[126.853867,33.463133],[126.854216,33.463146],[126.854422,33.463257],[126.854692,33.463314],[126.855227,33.463961],[126.854847,33.463875],[126.85427,33.46372],[126.853427,33.463436],[126.852882,33.463214],[126.852352,33.462966],[126.85184,33.462694],[126.851529,33.462511]]]}},{"type":"Feature","id":74,"properties":{"code":"14800005011020160213UM11000001004","date":"2021-03-11"},"geometry":{"type":"Polygon","coordinates":[[[126.773149,33.524102],[126.773162,33.5236],[126.77321,33.5231],[126.773328,33.522352],[126.77343,33.521855],[126.773566,33.521363],[126.773734,33.520878],[126.774046,33.520167],[126.774293,33.519706],[126.77457,33.519258],[126.775042,33.518612],[126.775391,33.5182],[126.775767,33.517806],[126.77617,33.517429],[126.776596,33.517073],[126.777279,33.516577],[126.777761,33.516273],[126.778263,33.515993],[126.778782,33.515737],[126.779318,33.515505],[126.779868,33.515299],[126.780432,33.515119],[126.781006,33.514966],[126.78159,33.51484],[126.782479,33.514703],[126.783379,33.514628],[126.784276,33.514585],[126.784872,33.514581],[126.785766,33.514626],[126.786357,33.51469],[126.786944,33.514782],[126.78781,33.514971],[126.788376,33.515129],[126.78893,33.515314],[126.789472,33.515525],[126.789998,33.51576],[126.790757,33.516157],[126.79124,33.516451],[126.791702,33.516767],[126.792143,33.517104],[126.792561,33.517461],[126.793344,33.518212],[126.793707,33.518606],[126.794044,33.519016],[126.794497,33.519658],[126.794763,33.520103],[126.795,33.52056],[126.795206,33.521026],[126.795381,33.521502],[126.795525,33.521984],[126.795636,33.522473],[126.795715,33.522966],[126.795787,33.523712],[126.795811,33.524464],[126.795761,33.525216],[126.795686,33.525714],[126.795578,33.526207],[126.795437,33.526695],[126.795265,33.527175],[126.794946,33.527879],[126.794559,33.528558],[126.794264,33.528995],[126.79394,33.529417],[126.793403,33.53002],[126.793012,33.530401],[126.792597,33.530762],[126.791931,33.531267],[126.79146,33.531577],[126.790969,33.531865],[126.79046,33.532129],[126.789933,33.532369],[126.789116,33.532682],[126.788556,33.532859],[126.787984,33.533009],[126.78711,33.533184],[126.786519,33.533266],[126.785923,33.533321],[126.785325,33.533348],[126.784747,33.533347],[126.783915,33.533301],[126.783363,33.53324],[126.782816,33.533155],[126.78144,33.532859],[126.780594,33.532635],[126.78003,33.532467],[126.779206,33.532166],[126.778674,33.531934],[126.778159,33.531678],[126.77742,33.53125],[126.776953,33.530936],[126.776507,33.530601],[126.776083,33.530246],[126.775685,33.529871],[126.775311,33.529479],[126.774964,33.52907],[126.774497,33.528427],[126.774221,33.527981],[126.773975,33.527524],[126.773761,33.527055],[126.773577,33.526577],[126.773362,33.525847],[126.773221,33.525103],[126.773168,33.524604],[126.773149,33.524102]]]}},{"type":"Feature","id":75,"properties":{"code":"14800005011020160213UM11000001010","date":"2021-03-11"},"geometry":{"type":"Polygon","coordinates":[[[126.624827,33.490448],[126.624875,33.489687],[126.625,33.488933],[126.6252,33.488189],[126.625475,33.487463],[126.625821,33.486759],[126.626237,33.486081],[126.62672,33.485436],[126.627267,33.484827],[126.627872,33.484259],[126.628533,33.483736],[126.629244,33.483261],[126.630001,33.482838],[126.630797,33.482471],[126.631628,33.482161],[126.632486,33.48191],[126.633199,33.481754],[126.632792,33.481492],[126.632331,33.481162],[126.631893,33.48081],[126.63148,33.480439],[126.631093,33.480048],[126.630732,33.47964],[126.630399,33.479215],[126.630095,33.478775],[126.629822,33.478322],[126.629579,33.477857],[126.629368,33.47738],[126.629189,33.476895],[126.629043,33.476402],[126.628931,33.475903],[126.628852,33.475399],[126.628807,33.474893],[126.628797,33.474385],[126.62882,33.473877],[126.628878,33.473371],[126.628969,33.472869],[126.629094,33.472372],[126.629253,33.471882],[126.629444,33.4714],[126.629667,33.470927],[126.629921,33.470466],[126.630206,33.470018],[126.630521,33.469584],[126.630864,33.469165],[126.631235,33.468763],[126.631633,33.46838],[126.632055,33.468016],[126.632502,33.467672],[126.63297,33.46735],[126.63346,33.46705],[126.633969,33.466775],[126.634496,33.466523],[126.635038,33.466297],[126.635595,33.466097],[126.636165,33.465923],[126.636745,33.465777],[126.637335,33.465658],[126.637931,33.465567],[126.638533,33.465505],[126.639137,33.465471],[126.639743,33.465465],[126.640349,33.465489],[126.640952,33.46554],[126.641847,33.465671],[126.642436,33.465793],[126.643015,33.465943],[126.643583,33.46612],[126.644138,33.466324],[126.644944,33.466677],[126.645459,33.466944],[126.645957,33.467234],[126.646433,33.467548],[126.646888,33.467884],[126.64732,33.46824],[126.647727,33.468617],[126.648108,33.469012],[126.648462,33.469424],[126.648787,33.469853],[126.649084,33.470296],[126.649452,33.470947],[126.649426,33.470239],[126.64945,33.469731],[126.649507,33.469226],[126.649599,33.468723],[126.649724,33.468226],[126.649882,33.467736],[126.65018,33.467016],[126.650419,33.466549],[126.650689,33.466095],[126.650989,33.465653],[126.651318,33.465226],[126.651675,33.464816],[126.652059,33.464423],[126.652469,33.464049],[126.652904,33.463695],[126.653598,33.463203],[126.654088,33.462904],[126.654597,33.462628],[126.655123,33.462377],[126.655666,33.46215],[126.656223,33.46195],[126.656792,33.461776],[126.657373,33.46163],[126.658259,33.461462],[126.658859,33.461385],[126.659765,33.461323],[126.660371,33.461318],[126.660976,33.461341],[126.661579,33.461393],[126.662177,33.461473],[126.663063,33.461646],[126.663642,33.461795],[126.66421,33.461972],[126.664766,33.462175],[126.665571,33.462529],[126.666087,33.462795],[126.666584,33.463086],[126.667061,33.463399],[126.667516,33.463735],[126.667947,33.464092],[126.668354,33.464468],[126.668736,33.464863],[126.66909,33.465275],[126.669415,33.465704],[126.669712,33.466147],[126.670099,33.466836],[126.670319,33.46731],[126.670506,33.467793],[126.670725,33.468532],[126.670829,33.469033],[126.6709,33.469537],[126.670936,33.470044],[126.670938,33.470552],[126.670907,33.471059],[126.670841,33.471564],[126.670741,33.472066],[126.670608,33.472561],[126.670442,33.47305],[126.670243,33.47353],[126.670012,33.473999],[126.66975,33.474457],[126.6693,33.475119],[126.668964,33.475542],[126.6686,33.475948],[126.668004,33.476524],[126.667576,33.476883],[126.666889,33.477383],[126.666405,33.477688],[126.665642,33.478102],[126.664839,33.478461],[126.664286,33.478667],[126.663719,33.478848],[126.662849,33.479068],[126.661959,33.479225],[126.661359,33.479295],[126.660754,33.479336],[126.659845,33.479344],[126.65924,33.479314],[126.658339,33.479215],[126.657745,33.479114],[126.656869,33.47891],[126.656297,33.47874],[126.655464,33.478435],[126.654927,33.478199],[126.654154,33.477799],[126.653661,33.477503],[126.652962,33.477015],[126.652315,33.476481],[126.651914,33.476099],[126.65154,33.4757],[126.65103,33.475069],[126.650585,33.474405],[126.650287,33.473865],[126.650307,33.474193],[126.650309,33.474701],[126.650249,33.475462],[126.650112,33.476215],[126.649899,33.476956],[126.649613,33.477679],[126.649382,33.478148],[126.64912,33.478606],[126.64867,33.479268],[126.648155,33.479896],[126.647579,33.480486],[126.646945,33.481032],[126.646259,33.481531],[126.645524,33.481981],[126.644747,33.482376],[126.643933,33.482715],[126.643088,33.482996],[126.64251,33.483149],[126.641944,33.48327],[126.642467,33.483612],[126.642922,33.483948],[126.643354,33.484305],[126.643761,33.484681],[126.644142,33.485076],[126.644496,33.485488],[126.644974,33.486137],[126.645255,33.486587],[126.645506,33.487049],[126.645725,33.487523],[126.645993,33.488251],[126.646131,33.488746],[126.646235,33.489246],[126.646306,33.489751],[126.646342,33.490258],[126.646336,33.490936],[126.64679,33.490659],[126.647299,33.490383],[126.647826,33.490132],[126.648369,33.489905],[126.648926,33.489705],[126.649496,33.489532],[126.65037,33.489322],[126.650963,33.489217],[126.651563,33.489141],[126.652166,33.489092],[126.652772,33.489073],[126.653378,33.489081],[126.653983,33.489119],[126.654883,33.489228],[126.655475,33.489337],[126.656059,33.489473],[126.656633,33.489636],[126.657195,33.489826],[126.657744,33.490042],[126.658277,33.490284],[126.659044,33.490693],[126.659767,33.491155],[126.660222,33.491491],[126.660654,33.491848],[126.661061,33.492224],[126.661442,33.492619],[126.661797,33.493031],[126.662048,33.493358],[126.662321,33.492958],[126.66265,33.492531],[126.663007,33.492121],[126.663391,33.491728],[126.663801,33.491354],[126.664236,33.491],[126.664694,33.490666],[126.665173,33.490355],[126.665673,33.490068],[126.666191,33.489804],[126.666726,33.489565],[126.667276,33.489351],[126.667839,33.489164],[126.668415,33.489004],[126.669,33.488871],[126.669552,33.488773],[126.669338,33.488291],[126.669081,33.48756],[126.6689,33.486814],[126.668821,33.48631],[126.668776,33.485804],[126.668772,33.485042],[126.668846,33.484282],[126.668995,33.483531],[126.66922,33.482793],[126.669518,33.482073],[126.669888,33.481377],[126.670173,33.480928],[126.670487,33.480494],[126.671013,33.479872],[126.671599,33.47929],[126.672241,33.478751],[126.672699,33.478418],[126.673425,33.47796],[126.673934,33.477684],[126.67473,33.477316],[126.675561,33.477006],[126.67613,33.476832],[126.676711,33.476685],[126.677598,33.476517],[126.678498,33.476413],[126.679103,33.476378],[126.679709,33.476373],[126.680616,33.476418],[126.681218,33.476484],[126.682109,33.476636],[126.682981,33.47685],[126.683549,33.477026],[126.684377,33.477341],[126.685171,33.477713],[126.685924,33.47814],[126.686631,33.478618],[126.687288,33.479145],[126.687889,33.479717],[126.68843,33.480329],[126.688908,33.480977],[126.689319,33.481657],[126.689554,33.482125],[126.689847,33.482846],[126.690067,33.483585],[126.690211,33.484338],[126.690278,33.485098],[126.690269,33.485859],[126.690183,33.486618],[126.690021,33.487367],[126.689784,33.488103],[126.689586,33.488583],[126.689228,33.489283],[126.688801,33.489956],[126.688307,33.490596],[126.687943,33.491002],[126.687347,33.491578],[126.686696,33.492109],[126.685993,33.492592],[126.685498,33.492886],[126.684721,33.493282],[126.683907,33.493621],[126.683062,33.493902],[126.682191,33.494122],[126.681491,33.494251],[126.681755,33.494853],[126.681999,33.495587],[126.68212,33.496085],[126.682238,33.49684],[126.682275,33.497347],[126.682266,33.498109],[126.68218,33.498868],[126.682018,33.499617],[126.681781,33.500353],[126.68147,33.501069],[126.681224,33.501533],[126.680796,33.502206],[126.680303,33.502845],[126.679747,33.503448],[126.679132,33.504009],[126.67869,33.504359],[126.679047,33.504243],[126.679622,33.504081],[126.680208,33.503946],[126.680801,33.503839],[126.681703,33.503732],[126.682612,33.503689],[126.683507,33.503613],[126.684407,33.5036],[126.685306,33.50365],[126.686196,33.503762],[126.687071,33.503937],[126.687644,33.504087],[126.688206,33.504264],[126.689025,33.504577],[126.68981,33.504947],[126.690555,33.50537],[126.691255,33.505844],[126.691905,33.506366],[126.692501,33.506931],[126.692866,33.50733],[126.693124,33.507644],[126.693714,33.507179],[126.694425,33.506704],[126.695182,33.506281],[126.695708,33.506029],[126.696528,33.5057],[126.697378,33.505429],[126.697959,33.505282],[126.698846,33.505114],[126.699445,33.505037],[126.700049,33.504988],[126.700655,33.504968],[126.701261,33.504977],[126.701866,33.505014],[126.702467,33.50508],[126.703063,33.505174],[126.703551,33.505274],[126.704173,33.504977],[126.704709,33.504758],[126.70526,33.504563],[126.705822,33.504394],[126.706395,33.504252],[126.707269,33.504089],[126.70786,33.504014],[126.708454,33.503967],[126.709051,33.503948],[126.709649,33.503956],[126.710244,33.503993],[126.710837,33.504056],[126.711424,33.504148],[126.712004,33.504266],[126.712858,33.504494],[126.713413,33.504678],[126.713955,33.504888],[126.714741,33.50525],[126.715243,33.505521],[126.715726,33.505814],[126.716642,33.50646],[126.717294,33.506983],[126.717699,33.507357],[126.718078,33.507749],[126.718596,33.508369],[126.718906,33.508801],[126.719187,33.509248],[126.719551,33.50994],[126.719755,33.510415],[126.719926,33.510898],[126.720065,33.511389],[126.720172,33.511885],[126.720268,33.512638],[126.720289,33.513394],[126.720261,33.513898],[126.7202,33.5144],[126.720105,33.514898],[126.719976,33.515391],[126.719635,33.516359],[126.719435,33.516837],[126.719203,33.517305],[126.718798,33.517985],[126.71849,33.518421],[126.717975,33.519047],[126.717597,33.519442],[126.717193,33.51982],[126.716542,33.520349],[126.716079,33.520675],[126.715346,33.521122],[126.71457,33.521516],[126.714032,33.521748],[126.713199,33.522047],[126.712627,33.522214],[126.711751,33.522412],[126.711158,33.52251],[126.710559,33.522579],[126.709956,33.52262],[126.708738,33.522636],[126.708131,33.522621],[126.707225,33.522543],[126.706627,33.522456],[126.706036,33.522341],[126.705313,33.522158],[126.704601,33.522411],[126.703738,33.522651],[126.702854,33.52283],[126.701955,33.522945],[126.701047,33.522997],[126.700441,33.522995],[126.699533,33.52294],[126.698635,33.52282],[126.698044,33.522705],[126.697462,33.522562],[126.696609,33.522297],[126.696057,33.522087],[126.69552,33.521852],[126.694745,33.521452],[126.694253,33.521156],[126.693781,33.520837],[126.693115,33.520318],[126.692504,33.519753],[126.691952,33.519148],[126.691402,33.519616],[126.690517,33.520294],[126.690044,33.520608],[126.689297,33.521036],[126.688509,33.52141],[126.687965,33.521628],[126.687122,33.521906],[126.686255,33.522124],[126.685369,33.52228],[126.684771,33.522349],[126.68417,33.52239],[126.683292,33.522399],[126.682746,33.522375],[126.681601,33.522288],[126.681004,33.522221],[126.680119,33.522068],[126.679539,33.521932],[126.678688,33.521677],[126.678136,33.521474],[126.677599,33.521246],[126.676824,33.520857],[126.67609,33.520416],[126.675626,33.520093],[126.675185,33.51975],[126.674768,33.519386],[126.674189,33.518805],[126.673836,33.518396],[126.673359,33.517753],[126.673078,33.517307],[126.672827,33.516848],[126.672509,33.51614],[126.672337,33.515657],[126.672197,33.515166],[126.67209,33.514669],[126.671993,33.513917],[126.671971,33.51316],[126.672005,33.512402],[126.672042,33.511894],[126.672163,33.511138],[126.672285,33.51064],[126.672441,33.510148],[126.672629,33.509665],[126.672972,33.508958],[126.67324,33.508502],[126.673698,33.507843],[126.67404,33.507422],[126.674604,33.506824],[126.675013,33.506448],[126.675592,33.505981],[126.675057,33.506151],[126.674479,33.506305],[126.673595,33.506483],[126.672696,33.506598],[126.671788,33.50665],[126.670879,33.506636],[126.669974,33.506559],[126.66908,33.506418],[126.668204,33.506214],[126.667633,33.506044],[126.667074,33.505847],[126.666262,33.505504],[126.665488,33.505104],[126.664757,33.50465],[126.664074,33.504147],[126.663445,33.503597],[126.662873,33.503005],[126.662358,33.502367],[126.662006,33.502875],[126.66167,33.503298],[126.661306,33.503704],[126.660915,33.504093],[126.660499,33.504462],[126.659829,33.504977],[126.659355,33.505294],[126.658822,33.505608],[126.658531,33.505973],[126.658166,33.506379],[126.657775,33.506767],[126.657359,33.507137],[126.656689,33.507652],[126.656215,33.507969],[126.655466,33.5084],[126.654676,33.508778],[126.654129,33.508997],[126.653568,33.509191],[126.652705,33.509431],[126.651821,33.509609],[126.651223,33.509693],[126.65062,33.509749],[126.649711,33.509778],[126.649105,33.509762],[126.648501,33.509718],[126.647901,33.509645],[126.647307,33.509543],[126.64672,33.509414],[126.646144,33.509258],[126.6453,33.508972],[126.644489,33.508628],[126.643715,33.508228],[126.642984,33.507775],[126.642523,33.507445],[126.642085,33.507093],[126.641475,33.506529],[126.640923,33.505923],[126.640435,33.50528],[126.640013,33.504605],[126.63966,33.503903],[126.63938,33.503178],[126.639234,33.502685],[126.639121,33.502186],[126.639016,33.501429],[126.638987,33.500668],[126.639035,33.499907],[126.639109,33.499403],[126.639186,33.49904],[126.638543,33.499213],[126.637955,33.499339],[126.63736,33.499436],[126.63676,33.499506],[126.636155,33.499547],[126.635549,33.49956],[126.634641,33.499525],[126.634038,33.499466],[126.633441,33.499379],[126.632851,33.499263],[126.632269,33.49912],[126.631697,33.49895],[126.631139,33.498753],[126.630594,33.49853],[126.629807,33.498149],[126.629305,33.497864],[126.628823,33.497556],[126.628362,33.497225],[126.627715,33.49669],[126.627314,33.496309],[126.626939,33.495909],[126.626593,33.495493],[126.626274,33.495061],[126.625985,33.494614],[126.625727,33.494154],[126.625398,33.493444],[126.62522,33.492959],[126.625074,33.492465],[126.624961,33.491966],[126.624883,33.491463],[126.624838,33.490956],[126.624827,33.490448]]]}},{"type":"Feature","id":623,"properties":{"code":"14800005011020160213UM11000001017","date":"2021-03-11"},"geometry":{"type":"Polygon","coordinates":[[[126.453579,33.472736],[126.453603,33.472228],[126.453662,33.471723],[126.453813,33.470971],[126.45404,33.470233],[126.45434,33.469514],[126.454711,33.468819],[126.455151,33.468152],[126.455657,33.467519],[126.456224,33.466924],[126.456635,33.466551],[126.457071,33.466197],[126.457766,33.465707],[126.458509,33.465268],[126.459293,33.464882],[126.460113,33.464554],[126.460964,33.464285],[126.461838,33.464077],[126.462431,33.463973],[126.463031,33.463897],[126.463937,33.463837],[126.464846,33.463841],[126.465751,33.463909],[126.466349,33.46399],[126.466941,33.464099],[126.467813,33.464315],[126.46866,33.464591],[126.469476,33.464926],[126.470256,33.465318],[126.470752,33.46561],[126.471458,33.46609],[126.471901,33.466437],[126.47232,33.466804],[126.4729,33.46739],[126.473419,33.468016],[126.473865,33.468663],[126.474354,33.468804],[126.474916,33.468995],[126.475464,33.469212],[126.475996,33.469455],[126.476762,33.469865],[126.477249,33.470168],[126.477685,33.470472],[126.477589,33.470171],[126.47746,33.469675],[126.477366,33.469173],[126.477305,33.468668],[126.477278,33.46816],[126.477285,33.467652],[126.477327,33.467145],[126.477402,33.466641],[126.477511,33.466142],[126.477654,33.465648],[126.47783,33.465162],[126.478038,33.464685],[126.478409,33.463989],[126.478694,33.463541],[126.47901,33.463108],[126.479354,33.462689],[126.479726,33.462288],[126.480245,33.461769],[126.480655,33.461395],[126.481091,33.461041],[126.481549,33.460709],[126.482276,33.460252],[126.482786,33.459977],[126.483313,33.459726],[126.483856,33.459501],[126.484413,33.459301],[126.485272,33.459052],[126.485857,33.45892],[126.486451,33.458816],[126.48705,33.45874],[126.487653,33.458693],[126.488562,33.458675],[126.489469,33.458722],[126.49007,33.458788],[126.490665,33.458883],[126.491544,33.459078],[126.492118,33.459242],[126.492679,33.459433],[126.493227,33.45965],[126.493759,33.459893],[126.494526,33.460303],[126.495248,33.460766],[126.495702,33.461102],[126.496133,33.461459],[126.496539,33.461836],[126.496919,33.462231],[126.497439,33.462857],[126.497749,33.463293],[126.498029,33.463743],[126.498392,33.464442],[126.498684,33.465164],[126.498837,33.465655],[126.498957,33.466153],[126.499044,33.466656],[126.49911,33.467416],[126.499099,33.468177],[126.499011,33.468936],[126.498848,33.469685],[126.498609,33.47042],[126.498409,33.4709],[126.49805,33.4716],[126.497622,33.472272],[126.497127,33.472911],[126.496762,33.473316],[126.496047,33.47403],[126.495413,33.474575],[126.49496,33.474913],[126.49424,33.475379],[126.493476,33.475792],[126.492945,33.476036],[126.492119,33.476355],[126.491265,33.476614],[126.490387,33.476812],[126.489492,33.476947],[126.488587,33.477019],[126.487981,33.47703],[126.487073,33.476994],[126.486171,33.476894],[126.485284,33.476731],[126.484702,33.476587],[126.48385,33.476321],[126.483029,33.475995],[126.482242,33.475613],[126.481498,33.475176],[126.480942,33.474793],[126.481137,33.475466],[126.48124,33.475967],[126.481332,33.476725],[126.48135,33.477232],[126.481334,33.47774],[126.481284,33.478247],[126.4812,33.47875],[126.481078,33.479264],[126.48108,33.479778],[126.481018,33.480538],[126.480879,33.481291],[126.480745,33.481786],[126.480578,33.482274],[126.480266,33.48299],[126.480018,33.483454],[126.47974,33.483905],[126.479432,33.484342],[126.479095,33.484765],[126.47873,33.48517],[126.478338,33.485558],[126.477921,33.485927],[126.47748,33.486275],[126.477016,33.486602],[126.476531,33.486907],[126.476026,33.487188],[126.475503,33.487445],[126.474963,33.487676],[126.474409,33.487882],[126.473842,33.488062],[126.473264,33.488214],[126.472676,33.488339],[126.472081,33.488436],[126.47148,33.488505],[126.470876,33.488545],[126.47027,33.488557],[126.469664,33.48854],[126.46906,33.488495],[126.46846,33.488421],[126.467866,33.488319],[126.466991,33.488114],[126.46642,33.487943],[126.465861,33.487745],[126.465317,33.487521],[126.464531,33.487138],[126.46403,33.486853],[126.463548,33.486544],[126.463088,33.486213],[126.462651,33.485861],[126.462042,33.485296],[126.461668,33.484896],[126.46116,33.484264],[126.460807,33.483744],[126.460462,33.483544],[126.45998,33.483236],[126.459299,33.482731],[126.458671,33.48218],[126.458101,33.481587],[126.457592,33.480955],[126.457149,33.48029],[126.456775,33.479596],[126.456542,33.47906],[126.456053,33.4786],[126.45568,33.4782],[126.455334,33.477783],[126.455016,33.47735],[126.454728,33.476903],[126.454471,33.476443],[126.454144,33.475732],[126.453966,33.475247],[126.453821,33.474753],[126.453667,33.474003],[126.453588,33.473244],[126.453579,33.472736]]]}},{"type":"Feature","id":624,"properties":{"code":"14800005011020160213UM11000001021","date":"2021-03-11"},"geometry":{"type":"Polygon","coordinates":[[[126.328565,33.411782],[126.328611,33.411026],[126.328732,33.410276],[126.328927,33.409537],[126.329196,33.408814],[126.329415,33.408344],[126.329665,33.407885],[126.330097,33.40722],[126.330593,33.406588],[126.331151,33.405993],[126.331767,33.405439],[126.332435,33.40493],[126.333152,33.404471],[126.333913,33.404063],[126.334712,33.403711],[126.335815,33.403294],[126.336673,33.403043],[126.337553,33.402853],[126.338748,33.402683],[126.339652,33.402596],[126.340561,33.402574],[126.34147,33.402616],[126.342371,33.402723],[126.343257,33.402893],[126.344124,33.403126],[126.344964,33.403419],[126.345771,33.40377],[126.34654,33.404178],[126.347265,33.404638],[126.347942,33.405149],[126.348564,33.405705],[126.348947,33.4061],[126.349302,33.406512],[126.349782,33.40716],[126.350195,33.40784],[126.350538,33.408547],[126.350809,33.409275],[126.350948,33.40977],[126.351094,33.410524],[126.351163,33.411284],[126.351166,33.411793],[126.351088,33.412802],[126.35098,33.413539],[126.350868,33.414025],[126.350641,33.414743],[126.350451,33.415212],[126.350109,33.415897],[126.349844,33.416339],[126.349394,33.416979],[126.349059,33.417387],[126.348267,33.41825],[126.348946,33.418661],[126.349628,33.419148],[126.350259,33.41968],[126.350649,33.420059],[126.351013,33.420456],[126.351509,33.42108],[126.351942,33.421738],[126.352308,33.422423],[126.352639,33.423126],[126.352916,33.423848],[126.35312,33.424587],[126.353249,33.425337],[126.353303,33.426094],[126.35328,33.426853],[126.353182,33.427606],[126.353057,33.428167],[126.353489,33.428197],[126.354088,33.428265],[126.354977,33.42842],[126.355846,33.428637],[126.356698,33.428902],[126.357258,33.429096],[126.358072,33.429437],[126.358594,33.429695],[126.359098,33.429978],[126.359817,33.430445],[126.360486,33.430962],[126.3611,33.431525],[126.361477,33.431923],[126.361827,33.432338],[126.362298,33.432991],[126.362701,33.433674],[126.363034,33.434384],[126.363294,33.435115],[126.36348,33.435861],[126.363562,33.436365],[126.36361,33.436872],[126.363623,33.43738],[126.36358,33.438142],[126.363459,33.438898],[126.363282,33.439641],[126.363068,33.440367],[126.362887,33.440842],[126.362674,33.441307],[126.362298,33.441986],[126.361856,33.442635],[126.361527,33.44305],[126.36117,33.44345],[126.360588,33.444016],[126.359951,33.44454],[126.359499,33.444864],[126.359026,33.445166],[126.358442,33.445494],[126.358495,33.446004],[126.358508,33.446765],[126.358445,33.447525],[126.358361,33.448028],[126.358242,33.448527],[126.358003,33.449262],[126.35769,33.449977],[126.357306,33.450667],[126.356854,33.451328],[126.356337,33.451955],[126.355759,33.452543],[126.355124,33.453088],[126.354436,33.453586],[126.353701,33.454033],[126.353186,33.454302],[126.352383,33.454658],[126.351829,33.454864],[126.351262,33.455043],[126.350391,33.45526],[126.349799,33.455371],[126.349201,33.455453],[126.348296,33.455523],[126.34769,33.455534],[126.347085,33.455517],[126.346181,33.455437],[126.345584,33.455348],[126.344994,33.455232],[126.344126,33.455005],[126.343562,33.45482],[126.343011,33.454609],[126.342213,33.454244],[126.341455,33.453824],[126.340974,33.453515],[126.340515,33.453183],[126.339869,33.452647],[126.33947,33.452265],[126.339097,33.451864],[126.338752,33.451447],[126.338435,33.451014],[126.338016,33.450338],[126.337666,33.449635],[126.337388,33.448909],[126.337184,33.448167],[126.337091,33.447665],[126.337013,33.446906],[126.337013,33.446144],[126.337089,33.445385],[126.337182,33.444883],[126.337384,33.44414],[126.337661,33.443415],[126.33801,33.442711],[126.338281,33.442257],[126.338582,33.441816],[126.338913,33.44139],[126.339271,33.440981],[126.339859,33.4404],[126.340504,33.439863],[126.340962,33.439531],[126.341356,33.439276],[126.341254,33.438759],[126.341191,33.438262],[126.341161,33.437764],[126.341164,33.437264],[126.341196,33.436803],[126.341242,33.436435],[126.341327,33.435965],[126.341442,33.4355],[126.340558,33.435428],[126.339975,33.435347],[126.339112,33.435174],[126.338547,33.435026],[126.337993,33.434852],[126.337185,33.434545],[126.33641,33.434182],[126.335915,33.433911],[126.335207,33.433463],[126.334715,33.43318],[126.334243,33.432875],[126.333575,33.432378],[126.332959,33.431836],[126.332398,33.431253],[126.331896,33.430633],[126.331597,33.430202],[126.331203,33.429529],[126.330876,33.428832],[126.330698,33.428356],[126.330489,33.427627],[126.33039,33.427135],[126.330304,33.426389],[126.330287,33.42589],[126.330324,33.425142],[126.330397,33.424605],[126.330602,33.423665],[126.330799,33.422958],[126.330968,33.422496],[126.331275,33.421819],[126.331584,33.421264],[126.33203,33.420602],[126.332541,33.419974],[126.333051,33.419444],[126.3326,33.419109],[126.331976,33.418575],[126.331589,33.418196],[126.331229,33.417799],[126.330845,33.41741],[126.330319,33.416795],[126.330004,33.416365],[126.329718,33.415921],[126.329462,33.415464],[126.329237,33.414996],[126.329043,33.414518],[126.328882,33.414032],[126.328701,33.41329],[126.328622,33.41279],[126.328577,33.412286],[126.328565,33.411782]]]}},{"type":"Feature","id":655,"properties":{"code":"14800005013020160213UM11000001103","date":"2021-03-11"},"geometry":{"type":"Polygon","coordinates":[[[126.292173,33.284567],[126.292198,33.284059],[126.292257,33.283554],[126.292351,33.283052],[126.292477,33.282555],[126.292637,33.282065],[126.29283,33.281584],[126.293054,33.281112],[126.29331,33.280651],[126.293596,33.280204],[126.293911,33.279771],[126.294438,33.27915],[126.294823,33.278759],[126.295234,33.278386],[126.295669,33.278033],[126.296127,33.277701],[126.296606,33.277391],[126.297106,33.277105],[126.297889,33.276721],[126.298431,33.276496],[126.298988,33.276297],[126.299846,33.27605],[126.300725,33.275863],[126.30132,33.275774],[126.301921,33.275713],[126.302524,33.275681],[126.303129,33.275677],[126.303733,33.275702],[126.304266,33.275748],[126.304467,33.275182],[126.304791,33.27447],[126.305186,33.273784],[126.305648,33.273129],[126.306175,33.272509],[126.306762,33.271928],[126.307405,33.271391],[126.3081,33.270901],[126.308842,33.270463],[126.309625,33.270079],[126.310444,33.269751],[126.311293,33.269483],[126.311873,33.269338],[126.312758,33.269173],[126.313657,33.269071],[126.314562,33.269033],[126.315469,33.269059],[126.31607,33.269113],[126.316667,33.269194],[126.31755,33.26937],[126.318127,33.269521],[126.318693,33.269699],[126.319247,33.269904],[126.319785,33.270135],[126.320562,33.270528],[126.321297,33.270974],[126.321761,33.2713],[126.322202,33.271648],[126.322619,33.272015],[126.323011,33.272402],[126.323549,33.273016],[126.323872,33.273445],[126.324166,33.273889],[126.32455,33.274579],[126.324767,33.275054],[126.324952,33.275537],[126.325167,33.276277],[126.325308,33.27703],[126.325359,33.277536],[126.325376,33.277999],[126.325753,33.277771],[126.326262,33.277496],[126.326788,33.277246],[126.327331,33.277021],[126.327887,33.276822],[126.328456,33.27665],[126.329036,33.276505],[126.329624,33.276388],[126.330519,33.276265],[126.331122,33.276218],[126.332028,33.276201],[126.332632,33.276226],[126.333234,33.276279],[126.334127,33.276412],[126.335003,33.276608],[126.335622,33.276788],[126.336333,33.276441],[126.336875,33.276216],[126.337432,33.276017],[126.338001,33.275845],[126.33858,33.2757],[126.339169,33.275583],[126.339764,33.275493],[126.340365,33.275432],[126.340968,33.2754],[126.341573,33.275396],[126.342478,33.275443],[126.343077,33.275511],[126.343966,33.275665],[126.344548,33.275802],[126.345402,33.27606],[126.345955,33.276264],[126.346494,33.276495],[126.347271,33.276888],[126.348006,33.277334],[126.34847,33.27766],[126.348911,33.278007],[126.349528,33.278566],[126.350086,33.279167],[126.350424,33.279588],[126.350733,33.280025],[126.35114,33.280705],[126.351478,33.281413],[126.351663,33.281896],[126.351878,33.282636],[126.351981,33.283137],[126.352071,33.283895],[126.352088,33.284403],[126.352072,33.284911],[126.352021,33.285417],[126.351937,33.28592],[126.351747,33.286665],[126.35158,33.287153],[126.351379,33.287632],[126.351147,33.288101],[126.350741,33.288783],[126.350433,33.28922],[126.350096,33.289642],[126.349539,33.290243],[126.349135,33.290621],[126.348483,33.291151],[126.348019,33.291477],[126.347285,33.291924],[126.346772,33.292193],[126.34597,33.29255],[126.345417,33.292755],[126.344851,33.292934],[126.343981,33.293151],[126.343093,33.293307],[126.342494,33.293375],[126.341891,33.293414],[126.341286,33.293425],[126.34038,33.293388],[126.339779,33.293328],[126.338888,33.293185],[126.338304,33.293054],[126.337541,33.292837],[126.336962,33.293124],[126.336149,33.293461],[126.335589,33.293654],[126.334727,33.293892],[126.334141,33.294016],[126.333248,33.29415],[126.332646,33.294204],[126.331739,33.294231],[126.330833,33.294194],[126.330233,33.294134],[126.329637,33.294045],[126.328757,33.293859],[126.328182,33.293701],[126.327619,33.293516],[126.326799,33.29319],[126.326273,33.29294],[126.325763,33.292666],[126.325273,33.292368],[126.324804,33.292048],[126.324142,33.291527],[126.323731,33.291154],[126.323346,33.290762],[126.322818,33.290143],[126.322502,33.289709],[126.322216,33.289262],[126.321843,33.288567],[126.321542,33.287849],[126.321381,33.287359],[126.321254,33.286862],[126.321126,33.286108],[126.321083,33.285601],[126.321075,33.285267],[126.320317,33.285702],[126.319795,33.285958],[126.319256,33.286189],[126.318422,33.286487],[126.31785,33.286653],[126.317268,33.286791],[126.316677,33.286901],[126.31608,33.286983],[126.315177,33.287053],[126.31427,33.287059],[126.313666,33.287027],[126.313285,33.286991],[126.313131,33.287437],[126.31293,33.287917],[126.312698,33.288386],[126.312435,33.288843],[126.312141,33.289287],[126.311818,33.289717],[126.311467,33.29013],[126.311089,33.290527],[126.310685,33.290905],[126.310256,33.291263],[126.309803,33.2916],[126.309329,33.291915],[126.308834,33.292208],[126.308321,33.292476],[126.30779,33.29272],[126.307244,33.292938],[126.306399,33.293216],[126.30553,33.293434],[126.304642,33.293588],[126.303741,33.29368],[126.302834,33.293707],[126.301928,33.293669],[126.301328,33.293609],[126.300732,33.29352],[126.299852,33.293334],[126.298994,33.293087],[126.298164,33.29278],[126.297368,33.292415],[126.296611,33.291994],[126.2959,33.291522],[126.295238,33.291001],[126.294631,33.290434],[126.294259,33.290034],[126.293753,33.289402],[126.293312,33.288736],[126.29294,33.288041],[126.292639,33.287322],[126.292411,33.286585],[126.292258,33.285834],[126.292181,33.285075],[126.292173,33.284567]]]}},{"type":"Feature","id":656,"properties":{"code":"14800005013020160213UM11002016127","date":"2021-03-11"},"geometry":{"type":"Polygon","coordinates":[[[126.823758,33.38178],[126.82378,33.381273],[126.823837,33.380767],[126.823985,33.380015],[126.824208,33.379277],[126.824398,33.378794],[126.824619,33.378321],[126.825011,33.377634],[126.825309,33.377192],[126.825637,33.376765],[126.825993,33.376354],[126.826376,33.375961],[126.826999,33.375406],[126.827444,33.375062],[126.827911,33.374739],[126.828651,33.374297],[126.829433,33.37391],[126.830251,33.373579],[126.8311,33.373307],[126.831972,33.373096],[126.832863,33.372948],[126.833464,33.372885],[126.834045,33.372851],[126.834241,33.372546],[126.834554,33.372111],[126.834896,33.371692],[126.835266,33.37129],[126.83587,33.370721],[126.836303,33.370366],[126.836759,33.370032],[126.837237,33.36972],[126.837736,33.369432],[126.838517,33.369044],[126.839059,33.368817],[126.839615,33.368616],[126.840472,33.368364],[126.841351,33.368174],[126.841947,33.368083],[126.842547,33.368019],[126.843151,33.367984],[126.843757,33.367978],[126.844663,33.368022],[126.845562,33.36813],[126.846154,33.368237],[126.846737,33.368372],[126.847594,33.368626],[126.848149,33.368829],[126.84869,33.369057],[126.84947,33.369447],[126.849967,33.369736],[126.850444,33.370049],[126.851118,33.37056],[126.851538,33.370926],[126.851933,33.371311],[126.852475,33.371922],[126.852801,33.37235],[126.853098,33.372793],[126.853487,33.373481],[126.853707,33.373955],[126.853895,33.374438],[126.85405,33.374929],[126.85422,33.375677],[126.854292,33.376181],[126.854329,33.376688],[126.854333,33.377196],[126.854302,33.377704],[126.854237,33.378209],[126.854139,33.37871],[126.854007,33.379206],[126.853842,33.379695],[126.853644,33.380175],[126.853288,33.380876],[126.853012,33.381328],[126.852706,33.381766],[126.852193,33.382395],[126.851817,33.382793],[126.851414,33.383173],[126.850987,33.383533],[126.850536,33.383872],[126.850063,33.384189],[126.84957,33.384484],[126.849058,33.384754],[126.848257,33.385114],[126.847423,33.385416],[126.846852,33.385583],[126.84627,33.385724],[126.845679,33.385837],[126.845082,33.385922],[126.84448,33.385978],[126.844051,33.386],[126.843778,33.386415],[126.843457,33.386846],[126.843108,33.387262],[126.842732,33.387659],[126.84233,33.388039],[126.841902,33.388399],[126.841218,33.3889],[126.840734,33.389206],[126.840231,33.389488],[126.839443,33.389867],[126.838897,33.390087],[126.838338,33.390282],[126.837476,33.390523],[126.83689,33.39065],[126.836296,33.390749],[126.835696,33.390819],[126.835093,33.390861],[126.834487,33.390875],[126.833882,33.39086],[126.833279,33.390816],[126.832679,33.390744],[126.832086,33.390643],[126.8315,33.390515],[126.830639,33.390271],[126.83008,33.390075],[126.829536,33.389853],[126.829007,33.389606],[126.828495,33.389334],[126.828003,33.389038],[126.827531,33.388719],[126.827082,33.388379],[126.826656,33.388018],[126.826255,33.387637],[126.82588,33.387238],[126.825532,33.386822],[126.825214,33.386391],[126.824924,33.385944],[126.824665,33.385485],[126.824335,33.384775],[126.824156,33.38429],[126.824009,33.383797],[126.823895,33.383298],[126.823816,33.382795],[126.82377,33.382288],[126.823758,33.38178]]]}},{"type":"Feature","id":657,"properties":{"code":"14800005011020160213UM11000001022","date":"2021-03-11"},"geometry":{"type":"Polygon","coordinates":[[[126.396076,33.412977],[126.396101,33.41247],[126.39616,33.411964],[126.396312,33.411213],[126.396539,33.410475],[126.396731,33.409993],[126.396955,33.409521],[126.39735,33.408835],[126.397651,33.408394],[126.397981,33.407969],[126.398339,33.407559],[126.398724,33.407167],[126.39935,33.406614],[126.399796,33.406271],[126.400266,33.40595],[126.401008,33.405511],[126.401792,33.405126],[126.402335,33.404901],[126.402892,33.404702],[126.403462,33.40453],[126.404042,33.404384],[126.404929,33.404218],[126.405528,33.404143],[126.406131,33.404096],[126.407039,33.404079],[126.407945,33.404126],[126.408546,33.404193],[126.409141,33.404288],[126.409728,33.404412],[126.410307,33.404562],[126.411153,33.404839],[126.4117,33.405057],[126.412232,33.4053],[126.412997,33.40571],[126.413483,33.406014],[126.413948,33.406339],[126.414602,33.406868],[126.415008,33.407245],[126.415388,33.407641],[126.415906,33.408266],[126.41636,33.408926],[126.416624,33.409383],[126.416858,33.409852],[126.41706,33.410331],[126.417229,33.410819],[126.417421,33.411563],[126.417537,33.412319],[126.417572,33.412826],[126.417573,33.413334],[126.41751,33.414094],[126.417426,33.414597],[126.417308,33.415096],[126.417069,33.415831],[126.416869,33.41631],[126.416637,33.416779],[126.416374,33.417237],[126.41608,33.417681],[126.415585,33.41832],[126.415028,33.418922],[126.414623,33.4193],[126.414194,33.419658],[126.413507,33.420156],[126.412772,33.420604],[126.412258,33.420873],[126.411727,33.421117],[126.410901,33.421436],[126.410334,33.421615],[126.409756,33.421767],[126.408873,33.421944],[126.407974,33.422057],[126.40737,33.422097],[126.406765,33.422108],[126.405857,33.422072],[126.405256,33.422012],[126.404659,33.421923],[126.403778,33.421738],[126.403202,33.421581],[126.402637,33.421396],[126.401816,33.42107],[126.401289,33.420821],[126.400778,33.420547],[126.400287,33.420249],[126.399817,33.419929],[126.399154,33.419408],[126.398742,33.419036],[126.398356,33.418645],[126.397827,33.418025],[126.39751,33.417592],[126.397222,33.417145],[126.396849,33.416451],[126.396546,33.415732],[126.396386,33.415242],[126.396258,33.414746],[126.396163,33.414244],[126.396103,33.413739],[126.396076,33.412977]]]}},{"type":"Feature","id":658,"properties":{"code":"14800005011020160213UM11000001026","date":"2021-03-11"},"geometry":{"type":"Polygon","coordinates":[[[126.300532,33.350009],[126.300558,33.349501],[126.300617,33.348996],[126.300769,33.348245],[126.300997,33.347507],[126.301189,33.347026],[126.301414,33.346554],[126.301809,33.345868],[126.30211,33.345427],[126.302441,33.345002],[126.302799,33.344592],[126.303184,33.344201],[126.303595,33.343828],[126.30403,33.343475],[126.304726,33.342985],[126.305216,33.342687],[126.305725,33.342413],[126.306252,33.342163],[126.306795,33.341938],[126.307635,33.34165],[126.308501,33.341422],[126.30909,33.341305],[126.309686,33.341216],[126.310287,33.341155],[126.310891,33.341122],[126.311799,33.341128],[126.312702,33.341197],[126.313596,33.34133],[126.314473,33.341526],[126.315286,33.34177],[126.31576,33.341746],[126.316365,33.341742],[126.317271,33.34179],[126.318169,33.341902],[126.319053,33.342077],[126.319915,33.342314],[126.320476,33.342506],[126.321022,33.342724],[126.321813,33.343098],[126.322318,33.343378],[126.322803,33.343682],[126.323267,33.344008],[126.323709,33.344355],[126.324326,33.344914],[126.324705,33.34531],[126.325057,33.345723],[126.32538,33.346153],[126.325674,33.346597],[126.325938,33.347054],[126.326171,33.347522],[126.326372,33.348002],[126.326541,33.348489],[126.326677,33.348985],[126.326779,33.349485],[126.326847,33.34999],[126.326882,33.350497],[126.326869,33.351259],[126.326781,33.352017],[126.326679,33.352518],[126.326544,33.353013],[126.32628,33.353742],[126.326064,33.354216],[126.325816,33.35468],[126.325537,33.355131],[126.325228,33.355568],[126.324712,33.356194],[126.324333,33.356591],[126.323929,33.356969],[126.323276,33.357498],[126.322812,33.357824],[126.322327,33.358128],[126.321563,33.35854],[126.320761,33.358896],[126.320207,33.359102],[126.319641,33.359281],[126.319063,33.359432],[126.318476,33.359557],[126.317582,33.35969],[126.316678,33.35976],[126.316073,33.359771],[126.315468,33.359754],[126.314565,33.359674],[126.313673,33.35953],[126.3128,33.359324],[126.312133,33.359119],[126.311203,33.359148],[126.310296,33.359111],[126.309396,33.359009],[126.30851,33.358845],[126.307929,33.3587],[126.30736,33.358529],[126.306529,33.358221],[126.305994,33.357984],[126.305475,33.357722],[126.304732,33.357284],[126.304263,33.356964],[126.303815,33.356621],[126.303392,33.356258],[126.302993,33.355876],[126.302621,33.355476],[126.302276,33.355058],[126.30196,33.354625],[126.301673,33.354178],[126.301417,33.353717],[126.301192,33.353246],[126.300999,33.352764],[126.300771,33.352027],[126.30066,33.351527],[126.300584,33.351023],[126.300541,33.350517],[126.300532,33.350009]]]}},{"type":"Feature","id":659,"properties":{"code":"14800005011020160213UM11000001018","date":"2021-03-11"},"geometry":{"type":"Polygon","coordinates":[[[126.47118,33.414053],[126.471204,33.413546],[126.471263,33.41304],[126.471414,33.412289],[126.47164,33.411551],[126.471832,33.411069],[126.472055,33.410597],[126.47245,33.409911],[126.47275,33.40947],[126.47308,33.409043],[126.473438,33.408634],[126.473822,33.408241],[126.474447,33.407688],[126.474894,33.407345],[126.475363,33.407024],[126.476105,33.406584],[126.476889,33.406199],[126.477431,33.405973],[126.477988,33.405774],[126.478558,33.405601],[126.479138,33.405456],[126.480025,33.405289],[126.480624,33.405213],[126.481227,33.405166],[126.482135,33.405148],[126.483041,33.405195],[126.483642,33.405261],[126.484237,33.405356],[126.484824,33.405479],[126.485403,33.40563],[126.486249,33.405906],[126.486797,33.406123],[126.487329,33.406366],[126.488095,33.406776],[126.488581,33.407079],[126.489046,33.407404],[126.489701,33.407932],[126.490107,33.408309],[126.490487,33.408705],[126.491006,33.40933],[126.49146,33.40999],[126.491725,33.410447],[126.491959,33.410915],[126.49225,33.411637],[126.492403,33.412129],[126.492523,33.412627],[126.492609,33.413129],[126.492662,33.413635],[126.492677,33.414397],[126.492615,33.415157],[126.492531,33.41566],[126.492413,33.416159],[126.492175,33.416894],[126.491975,33.417374],[126.491744,33.417843],[126.491481,33.418301],[126.491188,33.418745],[126.490693,33.419384],[126.490136,33.419986],[126.489732,33.420365],[126.489303,33.420723],[126.488851,33.421061],[126.488377,33.421377],[126.487627,33.421808],[126.487105,33.422065],[126.486566,33.422297],[126.48573,33.422596],[126.484867,33.422835],[126.48428,33.42296],[126.483686,33.423057],[126.482784,33.42315],[126.481876,33.423178],[126.48127,33.423161],[126.480667,33.423116],[126.47977,33.422994],[126.47918,33.422878],[126.478599,33.422735],[126.477748,33.422468],[126.476927,33.422142],[126.476399,33.421893],[126.475888,33.42162],[126.475397,33.421323],[126.474926,33.421003],[126.474263,33.420483],[126.47385,33.42011],[126.473464,33.419719],[126.472934,33.4191],[126.472617,33.418667],[126.472329,33.41822],[126.471955,33.417526],[126.471652,33.416808],[126.471491,33.416318],[126.471363,33.415822],[126.471268,33.41532],[126.471207,33.414815],[126.47118,33.414053]]]}},{"type":"Feature","id":660,"properties":{"code":"14800005011020160213UM11000001027","date":"2021-03-11"},"geometry":{"type":"Polygon","coordinates":[[[126.312712,33.332821],[126.312754,33.332065],[126.312872,33.331314],[126.313064,33.330575],[126.313329,33.329852],[126.313666,33.32915],[126.314072,33.328474],[126.314544,33.327829],[126.314893,33.327418],[126.31524,33.327054],[126.31735,33.327264],[126.318333,33.327426],[126.319299,33.327212],[126.319983,33.326822],[126.32057,33.326068],[126.320966,33.325738],[126.321342,33.32568],[126.321535,33.32558],[126.322023,33.325638],[126.322572,33.325814],[126.322897,33.32605],[126.323397,33.3263],[126.323849,33.32659],[126.323579,33.327125],[126.323833,33.327338],[126.324103,33.327445],[126.324534,33.327454],[126.326619,33.32979],[126.329379,33.332833],[126.330055,33.333115],[126.330691,33.334029],[126.331052,33.333945],[126.33134,33.333755],[126.331709,33.334033],[126.331928,33.334496],[126.332387,33.334792],[126.332538,33.335457],[126.33281,33.335724],[126.333427,33.335876],[126.333988,33.33613],[126.334281,33.336203],[126.334658,33.33639],[126.33432,33.337072],[126.333908,33.337741],[126.333596,33.33817],[126.333091,33.338793],[126.332553,33.339397],[126.331956,33.339961],[126.331305,33.340482],[126.330843,33.340803],[126.330361,33.341101],[126.329602,33.341506],[126.328805,33.341855],[126.328256,33.342057],[126.327694,33.342232],[126.326832,33.342446],[126.325951,33.342598],[126.325357,33.342664],[126.324759,33.342703],[126.323857,33.342709],[126.322952,33.34265],[126.322055,33.342527],[126.321174,33.342341],[126.320315,33.342094],[126.319483,33.341786],[126.318686,33.34142],[126.317929,33.341],[126.317216,33.340527],[126.316554,33.340005],[126.315946,33.339438],[126.315398,33.338829],[126.314831,33.338241],[126.314486,33.337828],[126.314021,33.337179],[126.313749,33.336729],[126.313506,33.336268],[126.313295,33.335795],[126.313115,33.335313],[126.312907,33.334577],[126.312773,33.333829],[126.312726,33.333325],[126.312712,33.332821]]]}},{"type":"Feature","id":661,"properties":{"code":"14800005011020160000UM11000001019","date":"2021-03-11"},"geometry":{"type":"Polygon","coordinates":[[[126.395791,33.468483],[126.395816,33.467975],[126.395874,33.467469],[126.396026,33.466718],[126.396253,33.465981],[126.396446,33.465499],[126.39667,33.465027],[126.397065,33.464341],[126.397366,33.4639],[126.397696,33.463474],[126.398055,33.463064],[126.39844,33.462672],[126.398851,33.462299],[126.399287,33.461946],[126.399983,33.461456],[126.400473,33.461157],[126.400983,33.460882],[126.40151,33.460632],[126.402053,33.460407],[126.402611,33.460208],[126.403181,33.460035],[126.404055,33.459828],[126.404649,33.459724],[126.405248,33.459648],[126.405851,33.459601],[126.406457,33.459583],[126.407063,33.459593],[126.407511,33.45962],[126.407357,33.4591],[126.407246,33.4586],[126.407169,33.458096],[126.407116,33.457336],[126.407141,33.456574],[126.4072,33.456069],[126.407292,33.455567],[126.407419,33.45507],[126.407578,33.45458],[126.407879,33.453861],[126.408119,33.453394],[126.40839,33.45294],[126.408691,33.452499],[126.409197,33.451866],[126.409568,33.451465],[126.409967,33.451082],[126.41039,33.450719],[126.410837,33.450376],[126.411549,33.449902],[126.412306,33.449481],[126.412834,33.449231],[126.413377,33.449005],[126.414218,33.448717],[126.414793,33.448558],[126.415379,33.448426],[126.415972,33.448322],[126.416571,33.448247],[126.417174,33.4482],[126.41778,33.448181],[126.418688,33.448207],[126.419291,33.44826],[126.419889,33.448341],[126.420774,33.448515],[126.421638,33.448752],[126.422475,33.449048],[126.423015,33.449279],[126.423539,33.449534],[126.42429,33.449962],[126.424996,33.450442],[126.425651,33.450971],[126.42625,33.451544],[126.426789,33.452157],[126.427114,33.452586],[126.427409,33.453029],[126.427795,33.453719],[126.428013,33.454193],[126.428198,33.454677],[126.428415,33.455417],[126.428557,33.456169],[126.428609,33.456675],[126.428627,33.457183],[126.428611,33.457691],[126.428561,33.458197],[126.428476,33.4587],[126.428359,33.459198],[126.42812,33.459933],[126.427807,33.460649],[126.42756,33.461112],[126.427281,33.461564],[126.426973,33.462001],[126.426635,33.462423],[126.426078,33.463025],[126.425673,33.463403],[126.425244,33.463761],[126.424791,33.464099],[126.424316,33.464415],[126.423566,33.464845],[126.423043,33.465102],[126.422503,33.465333],[126.421667,33.465632],[126.421094,33.465798],[126.420511,33.465936],[126.41992,33.466047],[126.419322,33.46613],[126.418719,33.466184],[126.418218,33.466207],[126.418607,33.466573],[126.418984,33.466971],[126.419498,33.4676],[126.419946,33.468262],[126.420208,33.468721],[126.420438,33.469191],[126.420845,33.470146],[126.421008,33.470634],[126.421138,33.47113],[126.42127,33.471882],[126.421339,33.47264],[126.421361,33.473111],[126.421589,33.472718],[126.421882,33.472276],[126.422203,33.471849],[126.422553,33.471438],[126.422929,33.471044],[126.423331,33.470668],[126.42398,33.470141],[126.424441,33.469816],[126.424923,33.469513],[126.425681,33.469102],[126.426727,33.468621],[126.427259,33.468408],[126.427805,33.46822],[126.428362,33.468058],[126.428929,33.467921],[126.430096,33.467703],[126.430994,33.467595],[126.431901,33.467551],[126.432506,33.467557],[126.43311,33.467592],[126.43401,33.467698],[126.43519,33.467916],[126.43577,33.468057],[126.436263,33.4682],[126.436232,33.468154],[126.436455,33.466875],[126.436325,33.465959],[126.436612,33.465135],[126.436733,33.464965],[126.436783,33.464555],[126.436786,33.464104],[126.436739,33.463604],[126.436426,33.462111],[126.436584,33.460585],[126.436722,33.460504],[126.436991,33.460568],[126.437157,33.460541],[126.437362,33.460651],[126.437462,33.46119],[126.436986,33.461407],[126.436914,33.461527],[126.436874,33.462127],[126.436981,33.462128],[126.437256,33.461998],[126.437488,33.461766],[126.43795,33.461991],[126.438323,33.461814],[126.438548,33.461734],[126.438759,33.461634],[126.438969,33.461735],[126.43943,33.461819],[126.439399,33.461549],[126.439705,33.461468],[126.440454,33.461925],[126.440649,33.461909],[126.440474,33.461651],[126.440497,33.461475],[126.440852,33.461066],[126.441297,33.460929],[126.44157,33.460516],[126.44195,33.460044],[126.441735,33.459772],[126.440835,33.459539],[126.440271,33.459354],[126.439719,33.459143],[126.439183,33.458907],[126.438663,33.458645],[126.437919,33.458208],[126.437221,33.45772],[126.436785,33.457368],[126.436372,33.456995],[126.435802,33.456402],[126.435457,33.455985],[126.435139,33.455552],[126.434852,33.455105],[126.434594,33.454645],[126.434267,33.453934],[126.43409,33.453448],[126.433945,33.452955],[126.433791,33.452204],[126.43373,33.451699],[126.433704,33.451191],[126.433728,33.45043],[126.433829,33.449673],[126.433938,33.449173],[126.434071,33.448711],[126.43361,33.448819],[126.433019,33.44893],[126.432421,33.449013],[126.431818,33.449067],[126.43091,33.449095],[126.430305,33.449078],[126.429701,33.449032],[126.429101,33.448958],[126.428508,33.448856],[126.427922,33.448726],[126.427346,33.448568],[126.426782,33.448384],[126.42623,33.448173],[126.425432,33.447809],[126.424922,33.447535],[126.42443,33.447237],[126.42396,33.446917],[126.423512,33.446575],[126.423087,33.446213],[126.422688,33.445831],[126.422138,33.445224],[126.421651,33.444581],[126.421364,33.444134],[126.421107,33.443674],[126.42078,33.442963],[126.420602,33.442477],[126.420458,33.441984],[126.420304,33.441233],[126.420226,33.440474],[126.420224,33.439712],[126.4203,33.438953],[126.420451,33.438202],[126.420594,33.437708],[126.42087,33.436982],[126.421218,33.436278],[126.421636,33.435602],[126.42212,33.434957],[126.422667,33.434349],[126.423274,33.433782],[126.423936,33.43326],[126.424647,33.432786],[126.425404,33.432365],[126.425997,33.432086],[126.425698,33.431651],[126.425425,33.431197],[126.425184,33.430731],[126.424974,33.430254],[126.424797,33.429769],[126.424652,33.429275],[126.424541,33.428776],[126.424463,33.428272],[126.42442,33.427766],[126.42441,33.427258],[126.424435,33.42675],[126.424494,33.426245],[126.424586,33.425743],[126.424712,33.425246],[126.424964,33.424514],[126.425288,33.423802],[126.425543,33.423341],[126.425983,33.422675],[126.426313,33.422249],[126.426671,33.421839],[126.427057,33.421447],[126.427682,33.420894],[126.428129,33.420551],[126.428598,33.42023],[126.42934,33.419791],[126.430124,33.419406],[126.430667,33.41918],[126.431508,33.418891],[126.432083,33.418732],[126.432668,33.418601],[126.433261,33.418497],[126.43386,33.418421],[126.434463,33.418374],[126.435069,33.418355],[126.435977,33.418381],[126.436579,33.418434],[126.437474,33.418566],[126.438352,33.418761],[126.438925,33.418925],[126.439762,33.419222],[126.440302,33.419452],[126.440826,33.419707],[126.441577,33.420136],[126.442053,33.42045],[126.442725,33.420963],[126.443143,33.42133],[126.443577,33.42176],[126.443599,33.421678],[126.443491,33.421258],[126.443433,33.4209],[126.443407,33.420492],[126.443415,33.420098],[126.443443,33.419826],[126.443505,33.419469],[126.443698,33.418814],[126.44364,33.417991],[126.443795,33.417884],[126.44363,33.417768],[126.443576,33.417052],[126.443768,33.416695],[126.444348,33.416395],[126.444715,33.41626],[126.445435,33.415776],[126.445536,33.415589],[126.445861,33.415209],[126.445765,33.414599],[126.445217,33.413943],[126.445241,33.413707],[126.44502,33.41337],[126.445146,33.41299],[126.445556,33.412381],[126.445459,33.411983],[126.445344,33.411899],[126.445188,33.411669],[126.445513,33.41173],[126.445926,33.411704],[126.445763,33.411326],[126.44612,33.410626],[126.446327,33.410641],[126.446484,33.410491],[126.447011,33.410373],[126.447395,33.410555],[126.447707,33.410674],[126.448531,33.410834],[126.448753,33.41082],[126.448906,33.410269],[126.449164,33.410085],[126.449444,33.409566],[126.449597,33.409393],[126.450067,33.409616],[126.450302,33.409847],[126.450417,33.409931],[126.450516,33.410028],[126.450816,33.410203],[126.450954,33.409826],[126.451716,33.409281],[126.452024,33.409584],[126.452402,33.40986],[126.452568,33.40985],[126.452668,33.410041],[126.452897,33.409935],[126.453096,33.41013],[126.453498,33.410449],[126.453939,33.410025],[126.454172,33.410135],[126.454322,33.410126],[126.454274,33.410597],[126.45476,33.410953],[126.454926,33.410942],[126.455024,33.41113],[126.455547,33.411408],[126.455667,33.411862],[126.455888,33.411848],[126.456089,33.412231],[126.456418,33.411851],[126.456552,33.411754],[126.456745,33.411398],[126.456859,33.410049],[126.457024,33.410061],[126.457491,33.410032],[126.457725,33.410262],[126.458155,33.410235],[126.458304,33.410518],[126.45863,33.410512],[126.458478,33.410602],[126.458159,33.410852],[126.45783,33.411077],[126.457383,33.411336],[126.45712,33.411464],[126.457066,33.411813],[126.456976,33.412173],[126.45684,33.41257],[126.456686,33.412907],[126.456522,33.413198],[126.456325,33.4135],[126.456094,33.413805],[126.455896,33.414028],[126.455628,33.414467],[126.455335,33.414845],[126.455402,33.415953],[126.45539,33.416373],[126.455355,33.416672],[126.455284,33.417028],[126.45518,33.417378],[126.455042,33.417719],[126.454748,33.418311],[126.454757,33.418543],[126.454744,33.419123],[126.454671,33.420033],[126.454854,33.42063],[126.454966,33.4212],[126.455005,33.421757],[126.454997,33.422068],[126.454964,33.422378],[126.454841,33.422938],[126.454647,33.423454],[126.45438,33.423947],[126.454071,33.424377],[126.454015,33.424543],[126.454134,33.425111],[126.454177,33.425641],[126.454261,33.426164],[126.454276,33.426524],[126.454269,33.426791],[126.454231,33.427153],[126.454175,33.427471],[126.454073,33.427852],[126.454047,33.428143],[126.453981,33.428518],[126.45405,33.42884],[126.454111,33.429397],[126.4541,33.430036],[126.454061,33.43045],[126.45396,33.431],[126.453772,33.431573],[126.45353,33.432074],[126.453329,33.432393],[126.45318,33.432595],[126.453146,33.432734],[126.453581,33.433176],[126.453822,33.433475],[126.45397,33.433687],[126.454268,33.434196],[126.454558,33.434892],[126.454697,33.43543],[126.454824,33.435845],[126.454916,33.436304],[126.454951,33.436844],[126.454932,33.437205],[126.454883,33.437563],[126.454899,33.437835],[126.455093,33.438124],[126.455274,33.438451],[126.45553,33.439059],[126.455668,33.439587],[126.455725,33.440048],[126.455906,33.44063],[126.45597,33.440965],[126.456014,33.441341],[126.456022,33.442052],[126.455954,33.44259],[126.455808,33.443166],[126.455462,33.444101],[126.455146,33.44475],[126.454946,33.445069],[126.454757,33.445324],[126.45453,33.445851],[126.454267,33.446385],[126.454004,33.446314],[126.454563,33.446474],[126.455125,33.446665],[126.455941,33.447],[126.45672,33.447392],[126.457457,33.447838],[126.458146,33.448335],[126.458783,33.448878],[126.459363,33.449465],[126.459882,33.45009],[126.460336,33.45075],[126.460722,33.45144],[126.461037,33.452154],[126.461279,33.452889],[126.461399,33.453387],[126.461485,33.45389],[126.461551,33.454649],[126.46154,33.455411],[126.461452,33.45617],[126.461351,33.45667],[126.461137,33.457411],[126.460849,33.458134],[126.460617,33.458603],[126.460354,33.45906],[126.459903,33.459722],[126.459387,33.460349],[126.459008,33.460746],[126.458392,33.461306],[126.457951,33.461654],[126.457487,33.461981],[126.456752,33.462429],[126.455974,33.462824],[126.45516,33.463162],[126.454599,33.463354],[126.454026,33.46352],[126.453148,33.463718],[126.452553,33.463815],[126.452038,33.463875],[126.452145,33.463865],[126.452156,33.463908],[126.451519,33.464906],[126.451287,33.46572],[126.450702,33.465832],[126.450381,33.465869],[126.449832,33.466469],[126.449408,33.466639],[126.449078,33.467057],[126.449083,33.467361],[126.448972,33.467539],[126.448753,33.468979],[126.448256,33.469489],[126.447668,33.469607],[126.447227,33.469731],[126.446697,33.470506],[126.446495,33.470666],[126.445928,33.471234],[126.445933,33.47186],[126.445772,33.471988],[126.445664,33.471988],[126.445663,33.472168],[126.445513,33.472222],[126.445015,33.472297],[126.444866,33.47249],[126.444713,33.472571],[126.444541,33.473075],[126.444688,33.473155],[126.444637,33.473293],[126.444408,33.473462],[126.444186,33.473668],[126.444211,33.474055],[126.44418,33.474454],[126.444379,33.474604],[126.444619,33.475129],[126.444336,33.475779],[126.444186,33.47648],[126.444422,33.477041],[126.444282,33.477254],[126.444291,33.477391],[126.444277,33.477571],[126.444294,33.477832],[126.44366,33.477992],[126.443529,33.478315],[126.444196,33.479849],[126.444107,33.479915],[126.444,33.479914],[126.443942,33.481134],[126.443716,33.481469],[126.443188,33.4816],[126.443065,33.482356],[126.442739,33.482476],[126.44294,33.482942],[126.442626,33.483648],[126.442643,33.483838],[126.442331,33.484252],[126.442725,33.484548],[126.443155,33.484908],[126.44356,33.485287],[126.443939,33.485685],[126.444291,33.4861],[126.444614,33.486531],[126.444907,33.486977],[126.44517,33.487436],[126.445402,33.487907],[126.445601,33.488388],[126.445768,33.488877],[126.445902,33.489374],[126.446002,33.489876],[126.446068,33.490382],[126.446099,33.490891],[126.446097,33.4914],[126.446029,33.492162],[126.445884,33.492915],[126.445664,33.493656],[126.445475,33.49414],[126.445255,33.494615],[126.444865,33.495305],[126.444407,33.495965],[126.443884,33.496591],[126.443299,33.497176],[126.443176,33.497287],[126.443091,33.497281],[126.443088,33.497241],[126.443153,33.497174],[126.44322,33.497157],[126.443078,33.497114],[126.443088,33.497085],[126.442859,33.497002],[126.442748,33.497016],[126.442571,33.497074],[126.442513,33.497182],[126.442014,33.497172],[126.441722,33.497108],[126.441456,33.496957],[126.441406,33.496841],[126.441521,33.496546],[126.441436,33.496439],[126.441373,33.496578],[126.441159,33.496467],[126.441043,33.496304],[126.440914,33.496184],[126.44077,33.496098],[126.439868,33.495941],[126.439799,33.495948],[126.439528,33.495872],[126.439313,33.495773],[126.438966,33.495676],[126.438842,33.495601],[126.438462,33.495531],[126.438334,33.495533],[126.437572,33.49577],[126.437677,33.49603],[126.437939,33.49595],[126.437959,33.495998],[126.437696,33.496077],[126.437763,33.496244],[126.438115,33.496457],[126.438081,33.496494],[126.437718,33.496268],[126.437649,33.496101],[126.437611,33.49611],[126.437483,33.495799],[126.437392,33.495824],[126.437246,33.495808],[126.437114,33.495776],[126.437041,33.49574],[126.436609,33.495394],[126.436516,33.495304],[126.436381,33.495123],[126.435876,33.495099],[126.435859,33.495166],[126.434867,33.495137],[126.434694,33.495324],[126.434647,33.495333],[126.4346,33.495323],[126.434318,33.495177],[126.434114,33.494971],[126.433771,33.494745],[126.433265,33.494559],[126.432754,33.494308],[126.432557,33.494195],[126.432595,33.494144],[126.432075,33.494018],[126.432024,33.494022],[126.43193,33.493982],[126.431913,33.494035],[126.431424,33.494097],[126.431384,33.494177],[126.430943,33.494188],[126.430599,33.493918],[126.430566,33.493857],[126.430112,33.493936],[126.429671,33.494123],[126.429627,33.493883],[126.429553,33.493885],[126.429469,33.494153],[126.428231,33.493917],[126.428096,33.493565],[126.427948,33.493602],[126.427972,33.493656],[126.427831,33.493733],[126.42785,33.493802],[126.427783,33.493859],[126.427713,33.493882],[126.427713,33.4939],[126.427669,33.493949],[126.427533,33.493993],[126.427524,33.493952],[126.427513,33.493955],[126.427469,33.493693],[126.427436,33.493688],[126.42744,33.493801],[126.42735,33.493965],[126.427157,33.493893],[126.427135,33.49401],[126.427173,33.494016],[126.427135,33.494105],[126.427087,33.494089],[126.427038,33.494172],[126.427081,33.494177],[126.427051,33.494287],[126.426939,33.494521],[126.426835,33.49455],[126.426572,33.494483],[126.426435,33.494499],[126.426176,33.494646],[126.426109,33.494734],[126.426046,33.494926],[126.425937,33.494862],[126.425819,33.494944],[126.425772,33.495012],[126.425658,33.495028],[126.425596,33.495054],[126.42551,33.495034],[126.425183,33.494418],[126.424883,33.493703],[126.424656,33.49297],[126.424546,33.492473],[126.424469,33.491972],[126.424417,33.491215],[126.424425,33.49071],[126.424499,33.489955],[126.424649,33.489207],[126.424791,33.488716],[126.425064,33.487993],[126.425286,33.487524],[126.425539,33.487065],[126.425975,33.486401],[126.426476,33.48577],[126.427015,33.4852],[126.426423,33.484977],[126.425628,33.484616],[126.424872,33.484202],[126.424392,33.483896],[126.423713,33.483397],[126.423085,33.482852],[126.422699,33.482465],[126.422168,33.481852],[126.421701,33.481204],[126.421427,33.480755],[126.421183,33.480293],[126.420875,33.479581],[126.42064,33.47885],[126.420525,33.478354],[126.420414,33.477603],[126.42038,33.476989],[126.420203,33.477299],[126.419915,33.477744],[126.419429,33.478385],[126.41888,33.478989],[126.418481,33.479369],[126.418057,33.47973],[126.417377,33.480233],[126.416897,33.480541],[126.416397,33.480825],[126.415879,33.481086],[126.415344,33.481322],[126.414515,33.481627],[126.413946,33.481798],[126.413366,33.481942],[126.412481,33.482106],[126.411649,33.482223],[126.411112,33.482278],[126.410572,33.482309],[126.410031,33.482318],[126.40913,33.482282],[126.408533,33.482223],[126.407941,33.482136],[126.407065,33.481954],[126.406493,33.481798],[126.405932,33.481617],[126.405384,33.481409],[126.40459,33.48105],[126.403835,33.480636],[126.403124,33.480171],[126.402677,33.479834],[126.40205,33.47929],[126.40148,33.478705],[126.401133,33.478293],[126.400665,33.477646],[126.400264,33.476969],[126.39984,33.47613],[126.399572,33.475462],[126.39887,33.474914],[126.398458,33.474541],[126.398071,33.47415],[126.397711,33.473741],[126.39738,33.473316],[126.397077,33.472876],[126.396805,33.472422],[126.396564,33.471956],[126.396354,33.471479],[126.396176,33.470994],[126.396032,33.4705],[126.395921,33.470001],[126.395843,33.469497],[126.3958,33.46899],[126.395791,33.468483]],[[126.441354,33.442418],[126.441963,33.44228],[126.442855,33.442135],[126.443758,33.442053],[126.444654,33.442036],[126.444634,33.442035],[126.444743,33.441789],[126.444514,33.441315],[126.44436,33.440884],[126.444126,33.43997],[126.444022,33.439353],[126.443619,33.439122],[126.443124,33.438775],[126.442733,33.438437],[126.442458,33.43816],[126.442209,33.437866],[126.44199,33.437555],[126.441722,33.4371],[126.44155,33.436739],[126.441604,33.436686],[126.442036,33.436463],[126.442307,33.436104],[126.442589,33.435903],[126.442338,33.434714],[126.442246,33.434647],[126.442175,33.434527],[126.442032,33.434465],[126.442033,33.434375],[126.441931,33.434375],[126.441606,33.434588],[126.441111,33.434881],[126.440597,33.43515],[126.440133,33.435364],[126.440361,33.435688],[126.440641,33.436138],[126.44089,33.436601],[126.441108,33.437075],[126.441375,33.437804],[126.441511,33.438299],[126.441614,33.438799],[126.441683,33.439304],[126.441718,33.439811],[126.441707,33.440573],[126.441657,33.441079],[126.441573,33.441582],[126.441455,33.44208],[126.441354,33.442418]]]}},{"type":"Feature","id":662,"properties":{"code":"14800005011020160000UM11000001014","date":"2021-03-11"},"geometry":{"type":"Polygon","coordinates":[[[126.539082,33.464298],[126.539131,33.463537],[126.539256,33.462782],[126.539457,33.462039],[126.539732,33.461313],[126.540079,33.460609],[126.540496,33.459932],[126.54098,33.459287],[126.541526,33.458678],[126.542132,33.458111],[126.542794,33.457588],[126.543505,33.457114],[126.544262,33.456691],[126.545058,33.456324],[126.545889,33.456015],[126.546747,33.455765],[126.547332,33.455633],[126.547926,33.455529],[126.548826,33.455425],[126.549431,33.455392],[126.550037,33.455387],[126.550642,33.45541],[126.551545,33.455499],[126.55214,33.455594],[126.552728,33.455717],[126.553593,33.455952],[126.554154,33.456143],[126.554702,33.456359],[126.555235,33.456602],[126.55575,33.456869],[126.556488,33.457314],[126.556954,33.457639],[126.557585,33.458147],[126.557933,33.457793],[126.558344,33.457419],[126.558779,33.457065],[126.559236,33.456732],[126.559963,33.456275],[126.560473,33.455999],[126.560999,33.455748],[126.561542,33.455522],[126.562099,33.455323],[126.562958,33.455073],[126.563543,33.454941],[126.564136,33.454836],[126.565037,33.454732],[126.565944,33.454693],[126.56655,33.454702],[126.567155,33.45474],[126.567755,33.454806],[126.568351,33.454901],[126.56923,33.455095],[126.570086,33.455351],[126.570641,33.455554],[126.571182,33.455784],[126.571961,33.456175],[126.572458,33.456466],[126.572763,33.456664],[126.573608,33.456506],[126.574207,33.456429],[126.57481,33.456381],[126.575416,33.456362],[126.576022,33.456371],[126.576626,33.456409],[126.577227,33.456475],[126.577823,33.45657],[126.578411,33.456692],[126.579275,33.456928],[126.579837,33.457118],[126.580653,33.457453],[126.581433,33.457844],[126.58193,33.458135],[126.582407,33.458449],[126.582861,33.458785],[126.583499,33.459328],[126.583893,33.459714],[126.584434,33.460326],[126.584759,33.460755],[126.585055,33.461198],[126.585442,33.461888],[126.585661,33.462361],[126.585856,33.462871],[126.586662,33.462915],[126.587263,33.462981],[126.587858,33.463075],[126.588446,33.463198],[126.589025,33.463348],[126.589594,33.463525],[126.590149,33.463729],[126.590689,33.463958],[126.591214,33.464213],[126.59172,33.464492],[126.592207,33.464794],[126.592673,33.465119],[126.593116,33.465466],[126.593536,33.465833],[126.593929,33.466219],[126.594297,33.466623],[126.594796,33.46726],[126.595092,33.467703],[126.595479,33.468393],[126.595698,33.468866],[126.595965,33.469594],[126.596103,33.470089],[126.596246,33.470841],[126.596313,33.471601],[126.596314,33.472109],[126.596253,33.472869],[126.59617,33.473373],[126.595982,33.474118],[126.595816,33.474606],[126.595505,33.475322],[126.595123,33.476014],[126.594816,33.476478],[126.595307,33.476452],[126.595913,33.476447],[126.596519,33.47647],[126.597022,33.476513],[126.59715,33.475733],[126.597275,33.475236],[126.597433,33.474746],[126.597624,33.474264],[126.597848,33.473792],[126.598102,33.473331],[126.598388,33.472883],[126.598703,33.472449],[126.599046,33.47203],[126.599417,33.471628],[126.599815,33.471245],[126.600237,33.470881],[126.600684,33.470537],[126.601153,33.470215],[126.601642,33.469916],[126.602413,33.469511],[126.603221,33.469163],[126.603778,33.468963],[126.604348,33.468789],[126.605222,33.46858],[126.605815,33.468476],[126.606415,33.468399],[126.607321,33.468338],[126.60823,33.468341],[126.609135,33.468408],[126.609734,33.468488],[126.610326,33.468597],[126.611198,33.468811],[126.611766,33.468988],[126.612321,33.469192],[126.612862,33.469421],[126.613387,33.469676],[126.613893,33.469955],[126.61438,33.470257],[126.615071,33.470753],[126.615502,33.471109],[126.615909,33.471486],[126.61629,33.471881],[126.616644,33.472294],[126.616969,33.472722],[126.617266,33.473165],[126.617653,33.473855],[126.617872,33.474328],[126.618059,33.474812],[126.618277,33.475551],[126.618381,33.476052],[126.618451,33.476556],[126.618488,33.477063],[126.61849,33.477571],[126.618429,33.478331],[126.618346,33.478835],[126.618229,33.479333],[126.617991,33.480068],[126.617681,33.480784],[126.617434,33.481248],[126.617156,33.4817],[126.616684,33.482351],[126.616148,33.482966],[126.615757,33.483355],[126.61534,33.483724],[126.614671,33.484239],[126.613952,33.484705],[126.613447,33.484987],[126.612925,33.485244],[126.61211,33.485584],[126.611265,33.485864],[126.610394,33.486083],[126.609504,33.48624],[126.608904,33.48631],[126.6083,33.48635],[126.60739,33.486358],[126.606432,33.486296],[126.606332,33.48695],[126.606215,33.487448],[126.605977,33.488184],[126.605778,33.488664],[126.605547,33.489133],[126.605142,33.489815],[126.60467,33.490466],[126.604319,33.490881],[126.603941,33.491278],[126.603326,33.491839],[126.602656,33.492354],[126.602182,33.49267],[126.601432,33.493102],[126.600909,33.493359],[126.60037,33.493592],[126.599713,33.493833],[126.600096,33.494209],[126.600464,33.494613],[126.600963,33.49525],[126.601396,33.49592],[126.601759,33.496618],[126.602052,33.497339],[126.60227,33.498079],[126.602413,33.498831],[126.602467,33.499337],[126.602486,33.499845],[126.60245,33.500606],[126.602338,33.501362],[126.602221,33.501861],[126.602071,33.502353],[126.601784,33.503076],[126.601553,33.503545],[126.60129,33.504003],[126.60084,33.504665],[126.600325,33.505293],[126.599748,33.505882],[126.599114,33.506428],[126.598427,33.506927],[126.597692,33.507376],[126.596914,33.507771],[126.596375,33.508004],[126.595666,33.508262],[126.594962,33.508617],[126.594148,33.508956],[126.593587,33.509149],[126.593014,33.509316],[126.592431,33.509455],[126.592022,33.509535],[126.591192,33.509906],[126.590638,33.510113],[126.590071,33.510293],[126.5892,33.510512],[126.588609,33.510624],[126.58771,33.510738],[126.587105,33.510779],[126.586499,33.510791],[126.58559,33.510756],[126.584988,33.510697],[126.584095,33.510555],[126.583508,33.510426],[126.582931,33.510269],[126.582088,33.509983],[126.581277,33.509639],[126.580503,33.509238],[126.579773,33.508785],[126.579091,33.508281],[126.578665,33.507919],[126.578265,33.507537],[126.577713,33.506931],[126.577225,33.506289],[126.576804,33.505614],[126.576452,33.504911],[126.576172,33.504186],[126.575966,33.503444],[126.575782,33.502507],[126.575704,33.502003],[126.57565,33.501242],[126.575673,33.500481],[126.575772,33.499723],[126.575948,33.498976],[126.576198,33.498244],[126.576521,33.497531],[126.576776,33.49707],[126.577062,33.496622],[126.577545,33.495977],[126.578092,33.495368],[126.578698,33.4948],[126.579133,33.494446],[126.579591,33.494114],[126.580318,33.493656],[126.580827,33.493381],[126.581354,33.493129],[126.581897,33.492903],[126.582455,33.492704],[126.583062,33.49252],[126.583536,33.492194],[126.584026,33.491895],[126.584535,33.491619],[126.585062,33.491368],[126.585882,33.491039],[126.586446,33.490852],[126.586969,33.490706],[126.586561,33.490193],[126.586117,33.489528],[126.585859,33.489069],[126.585531,33.488358],[126.585352,33.487873],[126.585146,33.487131],[126.585016,33.486377],[126.584971,33.48587],[126.584969,33.485108],[126.585009,33.484601],[126.585084,33.484097],[126.58526,33.48335],[126.58551,33.482617],[126.585717,33.48214],[126.586088,33.481444],[126.586464,33.480867],[126.58582,33.480896],[126.584911,33.480883],[126.584007,33.480805],[126.583113,33.480663],[126.582237,33.480458],[126.581385,33.480193],[126.580563,33.479868],[126.579777,33.479486],[126.579275,33.4792],[126.57856,33.47873],[126.577895,33.47821],[126.577285,33.477645],[126.576734,33.477039],[126.576247,33.476396],[126.575825,33.475721],[126.575545,33.475174],[126.575196,33.4758],[126.574903,33.476245],[126.574581,33.476675],[126.57423,33.477089],[126.573852,33.477486],[126.573237,33.478047],[126.572796,33.478396],[126.572277,33.478759],[126.572357,33.479316],[126.572393,33.479823],[126.572395,33.480331],[126.572363,33.480838],[126.57225,33.481594],[126.572133,33.482093],[126.571983,33.482585],[126.5718,33.483069],[126.571464,33.483777],[126.571202,33.484235],[126.570909,33.48468],[126.570587,33.48511],[126.570236,33.485524],[126.569858,33.485921],[126.569242,33.486482],[126.568801,33.486831],[126.568098,33.487314],[126.567603,33.487607],[126.567089,33.487876],[126.566286,33.488234],[126.565451,33.488534],[126.564878,33.4887],[126.564,33.488899],[126.563405,33.488996],[126.562804,33.489066],[126.561897,33.489116],[126.560988,33.489102],[126.560384,33.489057],[126.559486,33.488936],[126.558896,33.48882],[126.558027,33.488595],[126.557462,33.488411],[126.55664,33.488086],[126.555854,33.487704],[126.555108,33.487267],[126.55441,33.48678],[126.553763,33.486244],[126.553172,33.485665],[126.552812,33.485257],[126.552479,33.484832],[126.552036,33.484167],[126.551778,33.483707],[126.551551,33.483236],[126.551271,33.482511],[126.551066,33.481769],[126.550931,33.480972],[126.550798,33.480636],[126.550636,33.480146],[126.550456,33.479399],[126.550351,33.478643],[126.550323,33.477881],[126.550372,33.47712],[126.550473,33.476487],[126.549664,33.476415],[126.549067,33.476327],[126.548477,33.476212],[126.547895,33.476068],[126.547324,33.475898],[126.546766,33.4757],[126.546221,33.475477],[126.545693,33.475228],[126.545182,33.474955],[126.54469,33.474658],[126.544219,33.474338],[126.54377,33.473997],[126.543345,33.473635],[126.542944,33.473253],[126.542571,33.472854],[126.542224,33.472437],[126.541758,33.471783],[126.54136,33.471098],[126.541134,33.470627],[126.540939,33.470145],[126.540777,33.469656],[126.540656,33.469191],[126.540418,33.468843],[126.540145,33.468389],[126.539903,33.467924],[126.539692,33.467447],[126.539437,33.466716],[126.539327,33.466315],[126.539215,33.465816],[126.53911,33.465059],[126.539082,33.464298]]]}},{"type":"Feature","id":663,"properties":{"code":"14800005011020160213UM11000001025","date":"2021-03-11"},"geometry":{"type":"Polygon","coordinates":[[[126.250529,33.404674],[126.250673,33.404718],[126.25084,33.404734],[126.250906,33.404724],[126.251182,33.404583],[126.251477,33.404292],[126.251246,33.404056],[126.251332,33.404017],[126.250914,33.403667],[126.251121,33.403429],[126.251155,33.403415],[126.250966,33.403171],[126.250815,33.402776],[126.251051,33.402185],[126.250967,33.40215],[126.25083,33.401911],[126.250742,33.401937],[126.250695,33.401928],[126.250652,33.401893],[126.250611,33.401807],[126.250635,33.401736],[126.250621,33.401693],[126.250631,33.401644],[126.250766,33.401151],[126.25103,33.400424],[126.251246,33.399951],[126.251493,33.399489],[126.251921,33.398819],[126.252243,33.398391],[126.252593,33.397978],[126.25297,33.397583],[126.253373,33.397206],[126.254024,33.396677],[126.254725,33.396196],[126.255218,33.395904],[126.25573,33.395635],[126.256259,33.395391],[126.256804,33.395173],[126.257362,33.39498],[126.257932,33.394814],[126.258806,33.394615],[126.259399,33.394518],[126.259997,33.394448],[126.260901,33.394397],[126.261504,33.394399],[126.262107,33.394428],[126.262707,33.394487],[126.263302,33.394573],[126.264181,33.394755],[126.264756,33.39491],[126.265319,33.395092],[126.265869,33.395301],[126.26641,33.395528],[126.267198,33.395904],[126.267701,33.396186],[126.268185,33.39649],[126.26887,33.396989],[126.269297,33.397348],[126.2697,33.397726],[126.270078,33.398122],[126.270427,33.398536],[126.270899,33.399186],[126.271303,33.399867],[126.271534,33.400336],[126.271733,33.400815],[126.2719,33.401303],[126.272034,33.401797],[126.272172,33.402549],[126.272221,33.403055],[126.272237,33.403562],[126.272197,33.404322],[126.272081,33.405077],[126.271961,33.405574],[126.271808,33.406065],[126.271518,33.406785],[126.271285,33.407253],[126.27102,33.40771],[126.270726,33.408153],[126.270402,33.408581],[126.269864,33.409194],[126.269471,33.40958],[126.269054,33.409947],[126.268383,33.410459],[126.267908,33.410773],[126.267413,33.411065],[126.266636,33.411457],[126.265822,33.411793],[126.265262,33.411984],[126.26469,33.412149],[126.264107,33.412286],[126.263517,33.412396],[126.26262,33.412508],[126.262016,33.412547],[126.261113,33.412553],[126.260218,33.412495],[126.259331,33.412375],[126.25846,33.412193],[126.257891,33.412038],[126.257059,33.411757],[126.256485,33.411523],[126.257048,33.411284],[126.258499,33.409833],[126.258467,33.409788],[126.258495,33.409752],[126.258603,33.409699],[126.258572,33.409648],[126.258634,33.409615],[126.258581,33.40951],[126.258692,33.409484],[126.258673,33.409388],[126.258735,33.40937],[126.258671,33.409273],[126.258912,33.40903],[126.258797,33.409101],[126.258789,33.409088],[126.258668,33.409209],[126.258545,33.409104],[126.258521,33.409118],[126.258157,33.408873],[126.258196,33.408846],[126.258095,33.408775],[126.258088,33.408741],[126.258112,33.408718],[126.258068,33.408687],[126.257744,33.408992],[126.25766,33.409015],[126.25761,33.409006],[126.256892,33.408054],[126.256911,33.408014],[126.257096,33.407883],[126.256976,33.407862],[126.256881,33.407789],[126.256672,33.407775],[126.256144,33.407835],[126.255599,33.407848],[126.255292,33.407936],[126.255193,33.407947],[126.255171,33.407885],[126.255139,33.407942],[126.25477,33.408074],[126.254682,33.40807],[126.25466,33.408082],[126.254484,33.408057],[126.25448,33.40807],[126.254317,33.408076],[126.254179,33.408185],[126.254084,33.408182],[126.254024,33.408074],[126.253998,33.40795],[126.253868,33.407858],[126.253943,33.407708],[126.253929,33.407696],[126.253921,33.407703],[126.253775,33.407617],[126.2536,33.407852],[126.253474,33.407772],[126.253596,33.407615],[126.25357,33.407592],[126.253631,33.407496],[126.253476,33.407425],[126.253372,33.407489],[126.253243,33.407459],[126.252901,33.407506],[126.25289,33.407743],[126.252815,33.407774],[126.252591,33.407753],[126.252389,33.407689],[126.252419,33.407527],[126.252438,33.407479],[126.252456,33.407473],[126.252465,33.407393],[126.252423,33.407377],[126.25243,33.407307],[126.252456,33.407286],[126.252591,33.407281],[126.25254,33.407132],[126.252354,33.407211],[126.252195,33.406499],[126.252171,33.406451],[126.252516,33.406326],[126.252458,33.406186],[126.25249,33.406151],[126.252587,33.406168],[126.252566,33.406131],[126.25248,33.406097],[126.252424,33.405996],[126.25245,33.405971],[126.25247,33.40598],[126.252452,33.405873],[126.252488,33.405796],[126.252547,33.40573],[126.252505,33.40571],[126.252353,33.40574],[126.252321,33.405647],[126.252307,33.405645],[126.252318,33.405852],[126.252229,33.405863],[126.252146,33.405854],[126.252122,33.405795],[126.251806,33.405702],[126.251756,33.405664],[126.25174,33.405596],[126.251645,33.405429],[126.251724,33.405376],[126.251705,33.405331],[126.251613,33.405358],[126.251582,33.405218],[126.25153,33.405111],[126.251512,33.405116],[126.251442,33.404997],[126.251425,33.405],[126.251325,33.404762],[126.251224,33.404798],[126.251105,33.404802],[126.251027,33.404822],[126.250891,33.404813],[126.250885,33.404832],[126.250634,33.404814],[126.250628,33.404825],[126.25056,33.404809],[126.250556,33.404819],[126.250529,33.404674]]]}},{"type":"Feature","id":664,"properties":{"code":"14800005011020160213UM11000001028","date":"2021-03-11"},"geometry":{"type":"Polygon","coordinates":[[[126.27164,33.308433],[126.271678,33.307677],[126.271791,33.306927],[126.27198,33.306187],[126.272241,33.305463],[126.272574,33.30476],[126.272975,33.304083],[126.273443,33.303436],[126.27379,33.303025],[126.274361,33.302439],[126.274988,33.301896],[126.275667,33.301399],[126.276374,33.300952],[126.277084,33.300555],[126.277828,33.300206],[126.278604,33.299909],[126.279372,33.299673],[126.279569,33.299918],[126.279607,33.300165],[126.279705,33.300556],[126.279677,33.301233],[126.279987,33.301859],[126.280759,33.302391],[126.282118,33.303122],[126.28243,33.303384],[126.283241,33.303499],[126.283775,33.303636],[126.284487,33.303782],[126.285554,33.303856],[126.286352,33.304337],[126.287239,33.305607],[126.28735,33.307101],[126.288844,33.308119],[126.288829,33.308129],[126.290167,33.309032],[126.292409,33.310494],[126.292968,33.311598],[126.293315,33.313191],[126.293581,33.313954],[126.293119,33.314531],[126.292554,33.315125],[126.291932,33.315677],[126.291256,33.316183],[126.290532,33.316639],[126.289765,33.317042],[126.28896,33.31739],[126.288123,33.31768],[126.286994,33.317995],[126.286141,33.31818],[126.285274,33.318305],[126.284397,33.318371],[126.283525,33.318376],[126.282674,33.318324],[126.282111,33.318258],[126.281552,33.318166],[126.280727,33.317983],[126.279601,33.317681],[126.27877,33.317392],[126.277972,33.317046],[126.277211,33.316646],[126.276492,33.316193],[126.275821,33.315691],[126.275202,33.315144],[126.274557,33.314616],[126.273968,33.314043],[126.273438,33.313432],[126.27297,33.312785],[126.272569,33.312107],[126.272238,33.311404],[126.271977,33.31068],[126.27179,33.30994],[126.271677,33.309189],[126.27164,33.308433]]]}},{"type":"Feature","id":665,"properties":{"code":"14800005011020160213UM11000001008","date":"2021-03-11"},"geometry":{"type":"Polygon","coordinates":[[[126.72211,33.437294],[126.722157,33.436534],[126.722231,33.436029],[126.722339,33.43553],[126.722563,33.434791],[126.722753,33.434309],[126.722976,33.433836],[126.723368,33.433149],[126.723667,33.432708],[126.723996,33.432281],[126.724353,33.43187],[126.724737,33.431477],[126.72536,33.430923],[126.725806,33.430579],[126.726274,33.430256],[126.727015,33.429815],[126.727798,33.429429],[126.72834,33.429202],[126.728897,33.429001],[126.729755,33.428751],[126.730635,33.428561],[126.731531,33.428435],[126.732134,33.428386],[126.732739,33.428366],[126.733647,33.42839],[126.73425,33.428441],[126.734849,33.428521],[126.735734,33.428693],[126.736313,33.428842],[126.736881,33.429019],[126.737436,33.429222],[126.737977,33.429451],[126.738757,33.429841],[126.739496,33.430285],[126.739962,33.43061],[126.740406,33.430955],[126.740825,33.431322],[126.74122,33.431707],[126.741761,33.432319],[126.742239,33.432967],[126.742521,33.433417],[126.742772,33.433879],[126.742992,33.434353],[126.743179,33.434836],[126.743399,33.435575],[126.743543,33.436327],[126.743597,33.436833],[126.743617,33.437341],[126.743602,33.437849],[126.743554,33.438355],[126.743418,33.439109],[126.743206,33.439849],[126.743024,33.440334],[126.74281,33.440809],[126.742564,33.441273],[126.742287,33.441725],[126.741816,33.442377],[126.741466,33.442792],[126.741089,33.443189],[126.740475,33.443751],[126.740035,33.4441],[126.739572,33.444428],[126.738839,33.444878],[126.738062,33.445274],[126.737524,33.445507],[126.736971,33.445714],[126.736404,33.445895],[126.735827,33.446049],[126.734943,33.446227],[126.734346,33.446312],[126.733743,33.446367],[126.732835,33.446398],[126.731927,33.446364],[126.731325,33.446305],[126.730728,33.446218],[126.729846,33.446036],[126.729269,33.445879],[126.728704,33.445696],[126.728152,33.445487],[126.727615,33.445251],[126.726841,33.444852],[126.726111,33.444399],[126.72565,33.444069],[126.725212,33.443718],[126.724601,33.443154],[126.724227,33.442754],[126.72388,33.442338],[126.723561,33.441906],[126.723272,33.441459],[126.722895,33.440766],[126.72259,33.440048],[126.722427,33.439559],[126.722298,33.439063],[126.722166,33.438309],[126.722121,33.437802],[126.72211,33.437294]]]}},{"type":"Feature","id":666,"properties":{"code":"14800005011020160213UM11000001007","date":"2021-03-11"},"geometry":{"type":"Polygon","coordinates":[[[126.746236,33.445567],[126.746259,33.445059],[126.746316,33.444553],[126.746465,33.443802],[126.746689,33.443064],[126.746879,33.442581],[126.747102,33.442109],[126.747494,33.441421],[126.747793,33.44098],[126.748122,33.440553],[126.748478,33.440142],[126.748862,33.439749],[126.749485,33.439195],[126.749931,33.438851],[126.750399,33.438528],[126.75114,33.438087],[126.751923,33.4377],[126.752465,33.437473],[126.753022,33.437273],[126.753591,33.437098],[126.754171,33.436951],[126.755057,33.436783],[126.755656,33.436706],[126.756259,33.436657],[126.757168,33.436637],[126.757773,33.43666],[126.758376,33.436711],[126.759271,33.436841],[126.759859,33.436963],[126.760439,33.437112],[126.761286,33.437386],[126.761835,33.437602],[126.762368,33.437844],[126.763135,33.438252],[126.763858,33.438714],[126.764313,33.439049],[126.764745,33.439405],[126.765153,33.439781],[126.765534,33.440176],[126.766055,33.4408],[126.766367,33.441236],[126.766649,33.441685],[126.767014,33.442383],[126.767217,33.442862],[126.767389,33.443349],[126.767584,33.444093],[126.767671,33.444596],[126.767726,33.445102],[126.767743,33.445863],[126.767711,33.446371],[126.767646,33.446876],[126.767485,33.447625],[126.767249,33.448361],[126.767051,33.448841],[126.76682,33.449311],[126.766559,33.449769],[126.766267,33.450215],[126.765775,33.450855],[126.765219,33.451458],[126.764816,33.451837],[126.764388,33.452197],[126.763937,33.452536],[126.763463,33.452853],[126.762715,33.453285],[126.762193,33.453543],[126.761654,33.453776],[126.760819,33.454077],[126.759957,33.454318],[126.75937,33.454445],[126.758776,33.454543],[126.757874,33.454638],[126.756966,33.454668],[126.756058,33.454634],[126.755456,33.454576],[126.754858,33.454489],[126.753976,33.454307],[126.753399,33.454151],[126.752834,33.453967],[126.752282,33.453758],[126.751745,33.453523],[126.750971,33.453123],[126.75024,33.452671],[126.749779,33.452341],[126.749341,33.45199],[126.748927,33.451618],[126.748539,33.451228],[126.748008,33.45061],[126.747541,33.449957],[126.747266,33.449503],[126.747023,33.449038],[126.746718,33.448321],[126.746555,33.447831],[126.746425,33.447335],[126.746329,33.446834],[126.746266,33.446328],[126.746236,33.445567]]]}},{"type":"Feature","id":667,"properties":{"code":"14800005011020160213UM11000001015","date":"2021-03-11"},"geometry":{"type":"Polygon","coordinates":[[[126.505278,33.514907],[126.505312,33.514209],[126.50537,33.513723],[126.505462,33.513219],[126.505663,33.512473],[126.505838,33.511985],[126.506047,33.511506],[126.506419,33.510808],[126.506705,33.510358],[126.507022,33.509922],[126.507368,33.509503],[126.507741,33.5091],[126.50835,33.508531],[126.509015,33.508006],[126.509487,33.507684],[126.509979,33.507385],[126.510491,33.507109],[126.511021,33.506858],[126.511845,33.506529],[126.5127,33.506261],[126.513283,33.506116],[126.513875,33.505998],[126.514776,33.505876],[126.515383,33.50583],[126.515991,33.505812],[126.516903,33.50584],[126.517809,33.505933],[126.518702,33.50609],[126.519288,33.506229],[126.519863,33.506396],[126.520426,33.50659],[126.520975,33.50681],[126.521768,33.507189],[126.522274,33.507471],[126.522761,33.507778],[126.52345,33.508279],[126.524086,33.508828],[126.524478,33.509218],[126.524843,33.509626],[126.525338,33.510269],[126.52563,33.510716],[126.525893,33.511176],[126.526227,33.511887],[126.526409,33.512374],[126.526558,33.512868],[126.526719,33.513621],[126.526783,33.514128],[126.526813,33.514637],[126.526812,33.515106],[126.526786,33.515534],[126.526735,33.515999],[126.526649,33.516501],[126.52653,33.516998],[126.526378,33.517488],[126.526193,33.517971],[126.526008,33.518377],[126.518567,33.519349],[126.518081,33.519409],[126.517915,33.519417],[126.517585,33.519389],[126.517346,33.519332],[126.517193,33.519277],[126.516978,33.519172],[126.516847,33.519087],[126.516618,33.518885],[126.516481,33.518711],[126.516378,33.518521],[126.516309,33.518321],[126.516279,33.518113],[126.516289,33.517807],[126.516339,33.51754],[126.516356,33.51754],[126.516302,33.517453],[126.516288,33.517453],[126.51628,33.517389],[126.516339,33.517264],[126.516378,33.517283],[126.516476,33.517108],[126.515946,33.517132],[126.515896,33.517161],[126.515756,33.517147],[126.51562,33.51718],[126.515485,33.517164],[126.51534,33.517091],[126.515109,33.516879],[126.515058,33.516792],[126.514708,33.515998],[126.514738,33.515873],[126.514309,33.515789],[126.514281,33.515874],[126.514181,33.515928],[126.514029,33.515973],[126.513852,33.515981],[126.513705,33.515956],[126.512948,33.515698],[126.512986,33.515581],[126.512892,33.515611],[126.512822,33.515672],[126.512652,33.515772],[126.512591,33.515845],[126.512459,33.51579],[126.512189,33.51578],[126.512187,33.515815],[126.512142,33.515869],[126.512074,33.516021],[126.511942,33.515978],[126.511963,33.515904],[126.511868,33.515816],[126.511794,33.515793],[126.511799,33.515766],[126.511662,33.515742],[126.511554,33.515685],[126.511446,33.515594],[126.51136,33.515551],[126.511234,33.515561],[126.511082,33.51561],[126.510939,33.515629],[126.51065,33.515725],[126.510259,33.51577],[126.509512,33.515948],[126.509086,33.516024],[126.509101,33.51606],[126.508998,33.516139],[126.508869,33.51631],[126.508729,33.516356],[126.508593,33.516313],[126.50855,33.516285],[126.5085,33.516225],[126.50837,33.516308],[126.508241,33.516362],[126.508157,33.516367],[126.50804,33.516404],[126.507822,33.516443],[126.507136,33.516472],[126.507108,33.516513],[126.507001,33.51654],[126.506901,33.516511],[126.506894,33.516464],[126.506741,33.516442],[126.506556,33.51644],[126.506491,33.516455],[126.506067,33.516625],[126.5057,33.516823],[126.505686,33.516961],[126.505547,33.516979],[126.505417,33.516421],[126.505336,33.515919],[126.50529,33.515413],[126.505278,33.514907]]]}},{"type":"Feature","id":668,"properties":{"code":"14800005011020160213UM11000001029","date":"2021-03-11"},"geometry":{"type":"Polygon","coordinates":[[[126.347492,33.34171],[126.347854,33.341589],[126.348346,33.341223],[126.349505,33.340937],[126.35059,33.341072],[126.351487,33.340958],[126.351975,33.340685],[126.354349,33.340822],[126.354928,33.34078],[126.356327,33.340894],[126.357774,33.341206],[126.358841,33.341536],[126.359395,33.341756],[126.361216,33.342035],[126.362575,33.341966],[126.362919,33.341532],[126.363771,33.341333],[126.36548,33.341165],[126.366579,33.341156],[126.366225,33.341692],[126.365901,33.342117],[126.36555,33.342527],[126.364972,33.343109],[126.364338,33.343648],[126.363887,33.343981],[126.363414,33.344293],[126.362667,33.344719],[126.361881,33.34509],[126.361337,33.345305],[126.360779,33.345496],[126.359922,33.345731],[126.359338,33.345854],[126.358748,33.345949],[126.357852,33.34604],[126.357251,33.346065],[126.356657,33.346062],[126.356071,33.346032],[126.355488,33.345975],[126.354623,33.34584],[126.353774,33.345646],[126.353219,33.345485],[126.35241,33.345196],[126.351887,33.344972],[126.351379,33.344725],[126.350649,33.344312],[126.350187,33.34401],[126.349276,33.343366],[126.348831,33.343025],[126.348408,33.342663],[126.348011,33.342282],[126.347492,33.34171]]]}},{"type":"Feature","id":669,"properties":{"code":"14800005011020160213UM11000001030","date":"2021-03-11"},"geometry":{"type":"Polygon","coordinates":[[[126.293432,33.956887],[126.293433,33.956797],[126.293541,33.956798],[126.293542,33.956708],[126.29365,33.956708],[126.293651,33.956618],[126.293759,33.956619],[126.293761,33.956438],[126.293869,33.956439],[126.29387,33.956349],[126.294194,33.956351],[126.294195,33.956261],[126.294303,33.956261],[126.294304,33.956171],[126.294412,33.956172],[126.294413,33.956081],[126.294629,33.956083],[126.294631,33.955902],[126.294955,33.955904],[126.294956,33.955814],[126.295172,33.955815],[126.295173,33.955725],[126.295389,33.955726],[126.295391,33.955546],[126.29604,33.95555],[126.296041,33.95546],[126.296365,33.955462],[126.296366,33.955371],[126.296799,33.955374],[126.297053,33.955523],[126.297228,33.955737],[126.297228,33.955827],[126.297336,33.955828],[126.297474,33.955874],[126.297335,33.955918],[126.29733,33.956549],[126.297222,33.956548],[126.297217,33.957089],[126.297109,33.957089],[126.297108,33.957179],[126.297,33.957178],[126.296999,33.957358],[126.29689,33.957358],[126.296889,33.957538],[126.296781,33.957537],[126.296631,33.957446],[126.296782,33.957357],[126.296783,33.957267],[126.296891,33.957268],[126.296825,33.957036],[126.296893,33.956997],[126.296896,33.956727],[126.297004,33.956727],[126.297007,33.956367],[126.297115,33.956367],[126.297119,33.955827],[126.296944,33.955612],[126.29669,33.955463],[126.296689,33.955554],[126.296581,33.955553],[126.296579,33.955733],[126.296471,33.955733],[126.29647,33.955913],[126.296361,33.955912],[126.29636,33.956093],[126.296252,33.956092],[126.296251,33.956182],[126.296204,33.95634],[126.295588,33.956484],[126.295492,33.956358],[126.29506,33.956356],[126.295058,33.956536],[126.295238,33.956567],[126.29538,33.956808],[126.29562,33.95685],[126.295703,33.95699],[126.295812,33.956991],[126.295811,33.957081],[126.295919,33.957082],[126.295918,33.957262],[126.296045,33.957317],[126.295943,33.957488],[126.296023,33.957623],[126.296347,33.957625],[126.296347,33.957715],[126.295481,33.95771],[126.295482,33.95762],[126.295265,33.957619],[126.295266,33.957529],[126.295158,33.957528],[126.295159,33.957438],[126.295051,33.957437],[126.295051,33.957347],[126.294943,33.957347],[126.294944,33.957256],[126.294728,33.957255],[126.294728,33.957165],[126.294512,33.957164],[126.294513,33.957074],[126.293755,33.957069],[126.293756,33.956979],[126.293432,33.956977],[126.293432,33.956887]]]}},{"type":"Feature","id":670,"properties":{"code":"14800005011020160213UM11000001013","date":"2021-03-11"},"geometry":{"type":"Polygon","coordinates":[[[126.574197,33.524992],[126.574214,33.524487],[126.574302,33.523732],[126.574402,33.523233],[126.574536,33.52274],[126.574703,33.522254],[126.574902,33.521777],[126.575132,33.521309],[126.575536,33.52063],[126.575842,33.520195],[126.576355,33.51957],[126.576731,33.519174],[126.577133,33.518797],[126.577782,33.518268],[126.578243,33.517941],[126.578725,33.517637],[126.579226,33.517355],[126.579746,33.517098],[126.580282,33.516866],[126.580833,33.516659],[126.581683,33.516397],[126.582263,33.516257],[126.582851,33.516144],[126.583746,33.516027],[126.584347,33.515984],[126.584951,33.515969],[126.585855,33.516],[126.586455,33.516056],[126.587051,33.51614],[126.587931,33.516319],[126.588506,33.516472],[126.58907,33.516652],[126.589621,33.516858],[126.590158,33.517089],[126.590932,33.517483],[126.591425,33.517775],[126.592141,33.518239],[126.592615,33.518555],[126.593066,33.518892],[126.593494,33.51925],[126.593897,33.519628],[126.594274,33.520024],[126.594789,33.52065],[126.595097,33.521086],[126.595502,33.521766],[126.595837,33.522472],[126.59602,33.522955],[126.596171,33.523446],[126.596291,33.523953],[126.59689,33.524279],[126.597613,33.524741],[126.598068,33.525077],[126.598707,33.525619],[126.599288,33.526205],[126.599642,33.526618],[126.60012,33.527266],[126.600401,33.527716],[126.600651,33.528179],[126.600871,33.528653],[126.601057,33.529136],[126.601211,33.529627],[126.601332,33.530125],[126.601419,33.530628],[126.601472,33.531134],[126.601491,33.531642],[126.601476,33.53215],[126.601427,33.532656],[126.601344,33.533159],[126.601227,33.533657],[126.601076,33.53415],[126.600893,33.534634],[126.600678,33.535109],[126.600431,33.535573],[126.600003,33.536245],[126.599672,33.536686],[126.599427,33.536653],[126.599342,33.536611],[126.599211,33.536624],[126.599061,33.536413],[126.598741,33.536279],[126.597853,33.537182],[126.598064,33.537325],[126.597721,33.537676],[126.597515,33.537527],[126.597443,33.537601],[126.591282,33.533413],[126.591885,33.532789],[126.591758,33.532792],[126.591573,33.532634],[126.591481,33.532502],[126.591331,33.53251],[126.591115,33.532467],[126.590244,33.532556],[126.590231,33.532474],[126.590446,33.53247],[126.590397,33.532204],[126.590454,33.532198],[126.590484,33.532368],[126.590807,33.532336],[126.59082,33.532401],[126.591178,33.532367],[126.591323,33.532412],[126.591599,33.532394],[126.591634,33.532343],[126.591641,33.532291],[126.591613,33.532261],[126.591694,33.532192],[126.59168,33.532137],[126.591627,33.532105],[126.591553,33.53209],[126.591411,33.532096],[126.591369,33.532132],[126.591304,33.532126],[126.59051,33.531867],[126.590428,33.532036],[126.590373,33.532018],[126.590452,33.531848],[126.589897,33.531664],[126.589815,33.531838],[126.589637,33.531779],[126.589438,33.532184],[126.589431,33.532268],[126.589488,33.532376],[126.589771,33.532718],[126.589834,33.532765],[126.58989,33.532834],[126.590034,33.533202],[126.589963,33.533221],[126.58982,33.53288],[126.58942,33.532405],[126.589364,33.532306],[126.589354,33.532221],[126.589375,33.532142],[126.589682,33.531522],[126.589555,33.531041],[126.589523,33.531025],[126.589498,33.531045],[126.589365,33.531031],[126.589043,33.530911],[126.589003,33.530845],[126.58894,33.530809],[126.588787,33.530622],[126.588796,33.530519],[126.588877,33.53036],[126.589074,33.530213],[126.589113,33.529683],[126.589014,33.5296],[126.588975,33.529606],[126.588989,33.529519],[126.589094,33.529373],[126.589087,33.529325],[126.589147,33.52927],[126.589219,33.529278],[126.589271,33.529196],[126.589202,33.529172],[126.589257,33.529089],[126.589225,33.529047],[126.588895,33.528831],[126.588849,33.528818],[126.588876,33.528785],[126.58801,33.527578],[126.587972,33.527475],[126.587982,33.527236],[126.588015,33.527241],[126.588018,33.527217],[126.587745,33.527038],[126.587618,33.526993],[126.58756,33.527041],[126.587552,33.527019],[126.587508,33.526995],[126.587308,33.526713],[126.587281,33.526662],[126.587293,33.526634],[126.587244,33.52664],[126.587035,33.526408],[126.586985,33.526397],[126.586842,33.526138],[126.586714,33.52599],[126.586226,33.525533],[126.586115,33.525617],[126.585977,33.525685],[126.58584,33.52572],[126.585683,33.525719],[126.585517,33.525688],[126.585399,33.525635],[126.585135,33.525418],[126.585024,33.525345],[126.58496,33.52532],[126.584846,33.525319],[126.58441,33.525487],[126.584274,33.525564],[126.584196,33.525757],[126.584076,33.525732],[126.584046,33.525787],[126.583617,33.525645],[126.583563,33.525526],[126.583555,33.525462],[126.583586,33.525319],[126.583547,33.525277],[126.583406,33.525178],[126.583056,33.525021],[126.582881,33.524987],[126.582744,33.525016],[126.582471,33.525192],[126.582392,33.525299],[126.582042,33.525299],[126.581863,33.525257],[126.581765,33.525208],[126.58165,33.525116],[126.581545,33.525005],[126.581449,33.524948],[126.581341,33.524915],[126.581104,33.524904],[126.580949,33.524877],[126.580838,33.524832],[126.580473,33.524636],[126.58004,33.524692],[126.579889,33.524628],[126.579624,33.525035],[126.579511,33.52517],[126.579376,33.525282],[126.57928,33.525329],[126.579139,33.525369],[126.57867,33.525425],[126.578448,33.525497],[126.578293,33.52559],[126.578123,33.525762],[126.578077,33.525828],[126.578138,33.525872],[126.578102,33.525946],[126.578007,33.525939],[126.577977,33.52601],[126.577978,33.526066],[126.578512,33.52683],[126.578464,33.526855],[126.577939,33.526101],[126.577702,33.5262],[126.577314,33.526321],[126.5769,33.526373],[126.576739,33.526447],[126.576689,33.5265],[126.576339,33.527237],[126.576813,33.527463],[126.576922,33.527285],[126.577047,33.52726],[126.577253,33.527075],[126.577317,33.527122],[126.576958,33.527456],[126.576794,33.527677],[126.576731,33.527714],[126.576673,33.52772],[126.576474,33.527868],[126.576649,33.527884],[126.578126,33.527888],[126.57817,33.527875],[126.578888,33.527402],[126.578918,33.527436],[126.578197,33.527923],[126.577294,33.527932],[126.57645,33.527921],[126.576437,33.527954],[126.576367,33.527932],[126.576353,33.527949],[126.576268,33.527914],[126.576103,33.527786],[126.575696,33.527701],[126.575379,33.527691],[126.575145,33.527613],[126.574897,33.527489],[126.574671,33.527245],[126.574441,33.526889],[126.57435,33.526502],[126.574236,33.52575],[126.574197,33.524992]]]}},{"type":"Feature","id":671,"properties":{"code":"14800005011020160213UM11000001002","date":"2021-03-11"},"geometry":{"type":"Polygon","coordinates":[[[126.826711,33.453408],[126.826833,33.45347],[126.827392,33.453441],[126.827657,33.453454],[126.827877,33.453485],[126.828726,33.453756],[126.828914,33.453761],[126.82936,33.453632],[126.829501,33.453642],[126.830044,33.453964],[126.830617,33.454359],[126.831053,33.454592],[126.831431,33.455012],[126.831589,33.455436],[126.831847,33.45567],[126.831891,33.455635],[126.832299,33.455778],[126.832923,33.456036],[126.833423,33.456218],[126.833901,33.456456],[126.83418,33.456619],[126.834372,33.456691],[126.834964,33.456793],[126.834872,33.45684],[126.835337,33.457276],[126.835912,33.457582],[126.836243,33.457814],[126.836831,33.458278],[126.837285,33.45844],[126.837527,33.458555],[126.838291,33.458864],[126.838817,33.45904],[126.839472,33.459405],[126.840286,33.459755],[126.840689,33.459952],[126.841645,33.460259],[126.842303,33.460529],[126.842906,33.460825],[126.843441,33.460916],[126.844394,33.461314],[126.844993,33.461503],[126.845092,33.461507],[126.84518,33.461557],[126.845357,33.461624],[126.845595,33.461687],[126.8458,33.461812],[126.846184,33.461919],[126.846313,33.462005],[126.846659,33.462117],[126.846914,33.462084],[126.847168,33.46208],[126.847735,33.462142],[126.848517,33.462303],[126.849188,33.46239],[126.84929,33.462383],[126.849769,33.462774],[126.850372,33.463345],[126.850914,33.463956],[126.851241,33.464384],[126.851675,33.465053],[126.851927,33.465515],[126.852147,33.465989],[126.852336,33.466472],[126.852491,33.466963],[126.852661,33.467711],[126.852733,33.468215],[126.852771,33.468722],[126.852774,33.46923],[126.852741,33.469754],[126.852834,33.470093],[126.852939,33.470593],[126.853011,33.471098],[126.853048,33.471605],[126.853041,33.472366],[126.852993,33.472873],[126.852925,33.473299],[126.853249,33.473616],[126.853617,33.474019],[126.854118,33.474655],[126.854415,33.475098],[126.854682,33.475554],[126.855025,33.47626],[126.855295,33.476987],[126.855433,33.477482],[126.855539,33.477982],[126.855633,33.47874],[126.855651,33.479502],[126.855593,33.480262],[126.855511,33.480765],[126.855395,33.481264],[126.855247,33.481756],[126.855065,33.482241],[126.854851,33.482716],[126.854605,33.483181],[126.85418,33.483854],[126.853859,33.484285],[126.853509,33.4847],[126.852934,33.48529],[126.852519,33.48566],[126.851851,33.486177],[126.851377,33.486494],[126.850883,33.486789],[126.85037,33.487059],[126.849569,33.487419],[126.849015,33.487627],[126.848449,33.487808],[126.847579,33.488029],[126.846988,33.488142],[126.84639,33.488227],[126.845787,33.488283],[126.845182,33.488311],[126.844273,33.488299],[126.843669,33.488255],[126.843069,33.488183],[126.84218,33.488022],[126.841598,33.48788],[126.841026,33.487711],[126.840192,33.487407],[126.839655,33.487172],[126.839134,33.486913],[126.838387,33.486478],[126.837687,33.485992],[126.837249,33.485641],[126.836834,33.48527],[126.836446,33.48488],[126.836084,33.484472],[126.835594,33.48383],[126.835171,33.483156],[126.834817,33.482455],[126.834535,33.48173],[126.834327,33.480989],[126.834194,33.480235],[126.834138,33.479474],[126.834159,33.478713],[126.834266,33.477908],[126.833848,33.477491],[126.833486,33.477083],[126.833152,33.476659],[126.832847,33.47622],[126.832573,33.475767],[126.832329,33.475302],[126.832023,33.474584],[126.831859,33.474095],[126.831729,33.473599],[126.831596,33.472845],[126.83154,33.472085],[126.831546,33.471577],[126.831574,33.471184],[126.831399,33.470467],[126.831319,33.469963],[126.831273,33.469457],[126.831268,33.468695],[126.83134,33.467935],[126.831431,33.467433],[126.831555,33.466936],[126.831712,33.466445],[126.831902,33.465963],[126.832124,33.46549],[126.832377,33.465028],[126.832661,33.46458],[126.833142,33.463933],[126.833499,33.463522],[126.833882,33.463129],[126.834291,33.462754],[126.834725,33.4624],[126.835182,33.462066],[126.835661,33.461754],[126.83632,33.461381],[126.835873,33.461336],[126.835275,33.46125],[126.834393,33.461068],[126.833532,33.460824],[126.832698,33.46052],[126.831898,33.460159],[126.831137,33.459742],[126.830421,33.459272],[126.829755,33.458754],[126.829144,33.45819],[126.828591,33.457585],[126.828102,33.456943],[126.827678,33.456269],[126.827325,33.455567],[126.827043,33.454843],[126.826835,33.454101],[126.826711,33.453408]]]}},{"type":"Feature","id":672,"properties":{"code":"14800005013020160213UM11000001104","date":"2021-03-11"},"geometry":{"type":"Polygon","coordinates":[[[126.31524,33.327054],[126.316045,33.326255],[126.316677,33.325717],[126.317361,33.325226],[126.318092,33.324785],[126.318602,33.32452],[126.319129,33.32428],[126.319948,33.323966],[126.320795,33.323711],[126.321664,33.323516],[126.32255,33.323384],[126.323147,33.32333],[126.323746,33.323304],[126.324646,33.323318],[126.325541,33.323396],[126.326132,33.323482],[126.326717,33.323596],[126.327577,33.323818],[126.328412,33.3241],[126.329216,33.324439],[126.329983,33.324834],[126.330472,33.325127],[126.33094,33.325442],[126.331602,33.325954],[126.332013,33.326321],[126.3324,33.326706],[126.33293,33.327316],[126.333397,33.327962],[126.333799,33.328638],[126.334227,33.3293],[126.334588,33.32999],[126.334879,33.330702],[126.335033,33.331187],[126.335155,33.331679],[126.335276,33.332425],[126.335322,33.333177],[126.335294,33.33393],[126.335233,33.33443],[126.33514,33.334925],[126.334938,33.335659],[126.334658,33.33639],[126.334281,33.336203],[126.333988,33.33613],[126.333427,33.335876],[126.33281,33.335724],[126.332538,33.335457],[126.332387,33.334792],[126.331928,33.334496],[126.331709,33.334033],[126.33134,33.333755],[126.331052,33.333945],[126.330691,33.334029],[126.330055,33.333115],[126.329379,33.332833],[126.326619,33.32979],[126.324534,33.327454],[126.324103,33.327445],[126.323833,33.327338],[126.323579,33.327125],[126.323849,33.32659],[126.323397,33.3263],[126.322897,33.32605],[126.322572,33.325814],[126.322023,33.325638],[126.321535,33.32558],[126.321342,33.32568],[126.320966,33.325738],[126.32057,33.326068],[126.319983,33.326822],[126.319299,33.327212],[126.318333,33.327426],[126.31735,33.327264],[126.31524,33.327054]]]}},{"type":"Feature","id":673,"properties":{"code":"14800005013020160213UM11000001105","date":"2021-03-11"},"geometry":{"type":"Polygon","coordinates":[[[126.34555,33.336435],[126.345598,33.335677],[126.345672,33.335174],[126.34578,33.334676],[126.345922,33.334184],[126.346095,33.333699],[126.346416,33.332989],[126.346807,33.332304],[126.347105,33.331864],[126.347433,33.331438],[126.347788,33.331029],[126.34817,33.330637],[126.348577,33.330263],[126.349009,33.32991],[126.349464,33.329577],[126.34994,33.329266],[126.350692,33.328844],[126.351215,33.328592],[126.351754,33.328365],[126.35259,33.328074],[126.353162,33.327913],[126.353744,33.327779],[126.354333,33.327673],[126.354929,33.327595],[126.35553,33.327545],[126.356132,33.327523],[126.357037,33.327544],[126.357637,33.327593],[126.358233,33.327671],[126.359115,33.32784],[126.359693,33.327986],[126.360259,33.32816],[126.360813,33.328361],[126.361353,33.328587],[126.362132,33.328973],[126.362629,33.32926],[126.363106,33.32957],[126.364253,33.330389],[126.364686,33.330739],[126.365095,33.331109],[126.36566,33.331699],[126.366004,33.332114],[126.366319,33.332544],[126.366605,33.332988],[126.366861,33.333445],[126.367187,33.334151],[126.367364,33.334634],[126.367509,33.335124],[126.367665,33.33587],[126.367745,33.336624],[126.367757,33.337129],[126.367735,33.337633],[126.367639,33.338386],[126.367533,33.338883],[126.367395,33.339375],[126.367224,33.339859],[126.36702,33.340334],[126.366786,33.340799],[126.366579,33.341156],[126.36548,33.341165],[126.363771,33.341333],[126.362919,33.341532],[126.362575,33.341966],[126.361216,33.342035],[126.359395,33.341756],[126.358841,33.341536],[126.357774,33.341206],[126.356327,33.340894],[126.354928,33.34078],[126.354349,33.340822],[126.351975,33.340685],[126.351487,33.340958],[126.35059,33.341072],[126.349505,33.340937],[126.348346,33.341223],[126.347854,33.341589],[126.347492,33.34171],[126.347135,33.341253],[126.346694,33.34059],[126.346322,33.339897],[126.346021,33.339181],[126.34586,33.338693],[126.345681,33.337949],[126.345577,33.337194],[126.34555,33.336435]]]}},{"type":"Feature","id":674,"properties":{"code":"14800005013020160213UM11002016122","date":"2021-03-11"},"geometry":{"type":"Polygon","coordinates":[[[126.755971,33.361777],[126.755994,33.36127],[126.756051,33.360764],[126.756199,33.360012],[126.756423,33.359274],[126.756613,33.358792],[126.756835,33.358319],[126.757227,33.357632],[126.757526,33.35719],[126.757854,33.356763],[126.75821,33.356352],[126.758593,33.355959],[126.759216,33.355405],[126.759661,33.355061],[126.760129,33.354738],[126.760869,33.354297],[126.761651,33.35391],[126.762193,33.353683],[126.762749,33.353482],[126.763317,33.353308],[126.763897,33.353161],[126.764782,33.352993],[126.765381,33.352915],[126.765983,33.352866],[126.766891,33.352847],[126.767495,33.352869],[126.768098,33.35292],[126.768992,33.35305],[126.76958,33.353172],[126.770158,33.353321],[126.771005,33.353596],[126.771553,33.353811],[126.772086,33.354053],[126.772852,33.354461],[126.773339,33.354763],[126.773805,33.355087],[126.774461,33.355614],[126.774868,33.35599],[126.77525,33.356385],[126.77577,33.357009],[126.776226,33.357668],[126.776493,33.358124],[126.776728,33.358592],[126.776931,33.35907],[126.777103,33.359557],[126.777297,33.360302],[126.777417,33.361057],[126.777454,33.361564],[126.777457,33.362072],[126.777397,33.362832],[126.777315,33.363336],[126.777199,33.363834],[126.776964,33.36457],[126.776766,33.36505],[126.776536,33.36552],[126.776274,33.365978],[126.775983,33.366423],[126.775491,33.367064],[126.774936,33.367667],[126.774534,33.368046],[126.774106,33.368406],[126.773655,33.368745],[126.773182,33.369062],[126.772434,33.369494],[126.771913,33.369753],[126.771375,33.369986],[126.770541,33.370287],[126.76968,33.370528],[126.768797,33.370707],[126.767899,33.370823],[126.767296,33.370865],[126.766691,33.370878],[126.766086,33.370862],[126.765483,33.370818],[126.764586,33.370699],[126.763704,33.370517],[126.763128,33.37036],[126.762563,33.370177],[126.761741,33.369854],[126.761213,33.369606],[126.760702,33.369334],[126.76021,33.369037],[126.759738,33.368719],[126.759073,33.3682],[126.75866,33.367829],[126.758272,33.367438],[126.757741,33.36682],[126.757423,33.366388],[126.757134,33.365942],[126.756757,33.365249],[126.756452,33.364531],[126.756289,33.364042],[126.75616,33.363546],[126.756063,33.363044],[126.756001,33.362539],[126.755971,33.361777]]]}},{"type":"Feature","id":675,"properties":{"code":"14800005013020160213UM11002016121","date":"2021-03-11"},"geometry":{"type":"Polygon","coordinates":[[[126.745031,33.346092],[126.745054,33.345584],[126.74511,33.345078],[126.745259,33.344327],[126.745483,33.343588],[126.745673,33.343106],[126.745895,33.342634],[126.746287,33.341946],[126.746586,33.341505],[126.746914,33.341078],[126.74727,33.340667],[126.747653,33.340274],[126.748276,33.33972],[126.748721,33.339375],[126.749189,33.339053],[126.749929,33.338612],[126.750711,33.338225],[126.751252,33.337998],[126.751808,33.337797],[126.752377,33.337623],[126.752956,33.337476],[126.753841,33.337308],[126.75444,33.337231],[126.755042,33.337182],[126.755949,33.337162],[126.756554,33.337185],[126.757156,33.337236],[126.758051,33.337366],[126.758638,33.337488],[126.759217,33.337637],[126.760063,33.337911],[126.760611,33.338127],[126.761144,33.338369],[126.76191,33.338777],[126.762397,33.339079],[126.762863,33.339403],[126.763519,33.33993],[126.763925,33.340306],[126.764306,33.340701],[126.764827,33.341325],[126.765283,33.341984],[126.765549,33.34244],[126.765784,33.342908],[126.765988,33.343387],[126.766159,33.343874],[126.766353,33.344618],[126.766473,33.345373],[126.76651,33.34588],[126.766512,33.346388],[126.766453,33.347149],[126.766317,33.347902],[126.766185,33.348398],[126.766019,33.348886],[126.76571,33.349603],[126.765464,33.350067],[126.765188,33.350519],[126.764718,33.351171],[126.764183,33.351787],[126.763794,33.352175],[126.763378,33.352545],[126.762939,33.352894],[126.762477,33.353222],[126.761744,33.353672],[126.760969,33.354069],[126.760431,33.354302],[126.759878,33.354509],[126.759313,33.35469],[126.758736,33.354844],[126.757853,33.355023],[126.757256,33.355107],[126.756655,33.355163],[126.755747,33.355193],[126.754841,33.355159],[126.754239,33.355101],[126.753643,33.355014],[126.752761,33.354832],[126.752185,33.354676],[126.751621,33.354493],[126.750799,33.354169],[126.75027,33.353921],[126.749759,33.353648],[126.749268,33.353352],[126.748796,33.353033],[126.748132,33.352515],[126.747718,33.352143],[126.747331,33.351753],[126.7468,33.351135],[126.746482,33.350703],[126.746193,33.350257],[126.745816,33.349563],[126.745511,33.348846],[126.745349,33.348356],[126.745219,33.34786],[126.745123,33.347359],[126.74506,33.346853],[126.745031,33.346092]]]}},{"type":"Feature","id":676,"properties":{"code":"14800005013020160213UM11002016115","date":"2021-03-11"},"geometry":{"type":"Polygon","coordinates":[[[126.615169,33.301606],[126.615192,33.301098],[126.61525,33.300592],[126.6154,33.299841],[126.615624,33.299103],[126.615815,33.298621],[126.616038,33.298148],[126.616292,33.297687],[126.616576,33.297239],[126.617058,33.296594],[126.617603,33.295985],[126.618,33.295601],[126.618422,33.295237],[126.619098,33.294729],[126.619577,33.294419],[126.620075,33.294131],[126.620857,33.293745],[126.621399,33.293518],[126.621955,33.293318],[126.622812,33.293068],[126.623396,33.292936],[126.623988,33.292831],[126.624887,33.292727],[126.625793,33.292686],[126.626699,33.292711],[126.627301,33.292763],[126.627898,33.292843],[126.628489,33.292951],[126.629072,33.293087],[126.629927,33.293342],[126.630481,33.293546],[126.631021,33.293775],[126.6318,33.294166],[126.632296,33.294457],[126.632771,33.294771],[126.633444,33.295282],[126.634062,33.29584],[126.634443,33.296235],[126.634796,33.296647],[126.635121,33.297076],[126.635416,33.297519],[126.635803,33.298208],[126.636022,33.298682],[126.636208,33.299165],[126.636427,33.299905],[126.63653,33.300405],[126.636601,33.30091],[126.636642,33.301671],[126.636627,33.302178],[126.636578,33.302685],[126.636441,33.303438],[126.636229,33.304179],[126.636047,33.304663],[126.635832,33.305138],[126.635586,33.305602],[126.635309,33.306054],[126.634838,33.306705],[126.634488,33.307119],[126.634111,33.307517],[126.633497,33.308078],[126.632829,33.308593],[126.632356,33.30891],[126.631862,33.309203],[126.631087,33.309599],[126.630549,33.309832],[126.629996,33.310038],[126.629143,33.310299],[126.628562,33.310438],[126.627971,33.31055],[126.627375,33.310633],[126.626773,33.310689],[126.625867,33.310718],[126.625262,33.310702],[126.624659,33.310657],[126.623763,33.310537],[126.623174,33.310422],[126.622593,33.310279],[126.621743,33.310013],[126.621192,33.309803],[126.620656,33.309568],[126.619884,33.309167],[126.619155,33.308714],[126.618695,33.308383],[126.618259,33.308032],[126.617649,33.307467],[126.617276,33.307067],[126.61693,33.306651],[126.616464,33.305997],[126.616191,33.305544],[126.615949,33.305078],[126.615738,33.304602],[126.61556,33.304116],[126.615354,33.303374],[126.615224,33.30262],[126.615179,33.302114],[126.615169,33.301606]]]}},{"type":"Feature","id":677,"properties":{"code":"14800005013020160000UM11002016108","date":"2021-03-11"},"geometry":{"type":"Polygon","coordinates":[[[126.38223,33.245611],[126.38228,33.24485],[126.382356,33.244346],[126.382533,33.243599],[126.382784,33.242867],[126.383107,33.242155],[126.383363,33.241695],[126.383802,33.241029],[126.384307,33.240396],[126.384873,33.239801],[126.385498,33.239249],[126.386175,33.238742],[126.386654,33.238432],[126.38741,33.238011],[126.387936,33.237761],[126.388754,33.237433],[126.389348,33.237238],[126.389422,33.237324],[126.389443,33.237312],[126.389772,33.237497],[126.389892,33.237541],[126.390154,33.237599],[126.390169,33.23767],[126.390326,33.237759],[126.390537,33.237905],[126.390973,33.238148],[126.390899,33.238364],[126.391018,33.238529],[126.391095,33.238531],[126.391349,33.238462],[126.391501,33.23851],[126.391599,33.238579],[126.391863,33.238704],[126.392123,33.238771],[126.39216,33.238798],[126.392164,33.238864],[126.392517,33.238913],[126.39253,33.238938],[126.392903,33.238993],[126.393032,33.23905],[126.393668,33.239128],[126.394152,33.239172],[126.394394,33.239233],[126.394518,33.239311],[126.394807,33.239654],[126.394907,33.239742],[126.39488,33.239785],[126.395636,33.24014],[126.39596,33.240435],[126.396305,33.24063],[126.396407,33.240705],[126.39649,33.240961],[126.396965,33.241346],[126.396995,33.241335],[126.397271,33.241368],[126.397314,33.241359],[126.39754,33.241564],[126.397815,33.241589],[126.398058,33.241655],[126.398162,33.241714],[126.39856,33.241732],[126.398744,33.241679],[126.398972,33.241704],[126.399207,33.241649],[126.399815,33.24197],[126.400177,33.242011],[126.400222,33.242093],[126.400358,33.24217],[126.400621,33.241974],[126.400774,33.241958],[126.400919,33.24197],[126.401209,33.242252],[126.401269,33.242437],[126.401675,33.2432],[126.40183,33.243259],[126.401929,33.243644],[126.402395,33.243979],[126.402869,33.244104],[126.403533,33.244195],[126.403649,33.244955],[126.403689,33.245716],[126.403673,33.246224],[126.403623,33.24673],[126.403484,33.247483],[126.403349,33.247978],[126.403182,33.248467],[126.40287,33.249182],[126.402623,33.249646],[126.402345,33.250097],[126.401873,33.250747],[126.401522,33.251161],[126.401144,33.251557],[126.400529,33.252117],[126.39986,33.252632],[126.399387,33.252947],[126.398892,33.25324],[126.398116,33.253634],[126.397578,33.253866],[126.397025,33.254071],[126.396172,33.25433],[126.395591,33.254468],[126.395001,33.254579],[126.394404,33.254662],[126.393803,33.254716],[126.392897,33.254743],[126.391991,33.254707],[126.39139,33.254647],[126.390795,33.254558],[126.390207,33.254442],[126.389627,33.254298],[126.388777,33.254031],[126.388228,33.25382],[126.387693,33.253583],[126.386922,33.253181],[126.386195,33.252726],[126.385736,33.252395],[126.385301,33.252043],[126.384694,33.251477],[126.384321,33.251077],[126.383977,33.250659],[126.383513,33.250005],[126.383241,33.249551],[126.383001,33.249085],[126.382791,33.248608],[126.382614,33.248122],[126.382411,33.24738],[126.382282,33.246626],[126.382239,33.246119],[126.38223,33.245611]]]}},{"type":"Feature","id":678,"properties":{"code":"14800005013020160213UM11002016123","date":"2021-03-11"},"geometry":{"type":"Polygon","coordinates":[[[126.761671,33.415459],[126.761694,33.414952],[126.761751,33.414446],[126.7619,33.413694],[126.762123,33.412956],[126.762313,33.412474],[126.762536,33.412001],[126.762928,33.411314],[126.763227,33.410872],[126.763555,33.410445],[126.763911,33.410034],[126.764295,33.409641],[126.764918,33.409087],[126.765364,33.408742],[126.765832,33.40842],[126.766572,33.407979],[126.767355,33.407592],[126.767897,33.407365],[126.768453,33.407164],[126.769022,33.40699],[126.769602,33.406843],[126.770488,33.406674],[126.771086,33.406597],[126.771689,33.406548],[126.772597,33.406528],[126.773202,33.406551],[126.773805,33.406602],[126.7747,33.406732],[126.775288,33.406853],[126.775867,33.407002],[126.776715,33.407277],[126.777263,33.407493],[126.777796,33.407734],[126.778563,33.408142],[126.77905,33.408444],[126.779516,33.408769],[126.780173,33.409295],[126.78058,33.409671],[126.780962,33.410066],[126.781482,33.41069],[126.781939,33.411349],[126.782205,33.411805],[126.782441,33.412273],[126.782645,33.412751],[126.782816,33.413239],[126.783011,33.413983],[126.78313,33.414738],[126.783167,33.415245],[126.78317,33.415753],[126.783111,33.416513],[126.783029,33.417017],[126.782913,33.417515],[126.782677,33.418251],[126.782479,33.418731],[126.782249,33.419201],[126.781988,33.419659],[126.781696,33.420105],[126.781204,33.420745],[126.780649,33.421348],[126.780246,33.421727],[126.779818,33.422087],[126.779367,33.422426],[126.778893,33.422743],[126.778145,33.423176],[126.777624,33.423434],[126.777085,33.423667],[126.776251,33.423968],[126.775389,33.424209],[126.774802,33.424335],[126.774208,33.424434],[126.773306,33.424529],[126.772398,33.424559],[126.771491,33.424525],[126.770889,33.424467],[126.770292,33.42438],[126.76941,33.424198],[126.768833,33.424042],[126.768268,33.423859],[126.767446,33.423535],[126.766917,33.423288],[126.766405,33.423015],[126.765913,33.422719],[126.765441,33.4224],[126.764776,33.421882],[126.764362,33.42151],[126.763974,33.42112],[126.763443,33.420502],[126.763124,33.42007],[126.762835,33.419624],[126.762458,33.418931],[126.762153,33.418213],[126.76199,33.417724],[126.76186,33.417228],[126.761764,33.416726],[126.761701,33.416221],[126.761671,33.415459]]]}},{"type":"Feature","id":679,"properties":{"code":"14800005013020160213UM11002016124","date":"2021-03-11"},"geometry":{"type":"Polygon","coordinates":[[[126.784851,33.327734],[126.784873,33.327226],[126.78493,33.326721],[126.78502,33.326218],[126.785144,33.325721],[126.785301,33.32523],[126.785491,33.324748],[126.785713,33.324275],[126.785966,33.323814],[126.78625,33.323365],[126.786563,33.322931],[126.787087,33.322308],[126.78747,33.321915],[126.787879,33.321541],[126.788312,33.321186],[126.788768,33.320852],[126.789246,33.320541],[126.789744,33.320252],[126.790526,33.319865],[126.791067,33.319638],[126.791623,33.319437],[126.792191,33.319263],[126.792771,33.319116],[126.793359,33.318996],[126.793954,33.318905],[126.794554,33.318842],[126.795158,33.318807],[126.795763,33.318801],[126.796367,33.318823],[126.79697,33.318874],[126.797567,33.318954],[126.798451,33.319125],[126.799315,33.319359],[126.800152,33.319653],[126.800692,33.319882],[126.801217,33.320136],[126.801969,33.320562],[126.802676,33.32104],[126.803119,33.321386],[126.803538,33.321752],[126.80412,33.322337],[126.80464,33.322961],[126.805096,33.323619],[126.805485,33.324308],[126.805704,33.324782],[126.805892,33.325265],[126.806112,33.326004],[126.806256,33.326756],[126.806325,33.327516],[126.806328,33.328024],[126.806302,33.32847],[126.806789,33.328372],[126.807384,33.328281],[126.808286,33.328197],[126.809193,33.328177],[126.810099,33.328221],[126.810998,33.328329],[126.811882,33.328501],[126.812746,33.328735],[126.813583,33.329029],[126.814388,33.329381],[126.815154,33.329789],[126.815877,33.33025],[126.816551,33.330761],[126.81697,33.331127],[126.817364,33.331512],[126.817906,33.332124],[126.818384,33.332771],[126.818795,33.33345],[126.819137,33.334156],[126.819324,33.334639],[126.819479,33.33513],[126.819649,33.335879],[126.819743,33.336637],[126.819764,33.337144],[126.81973,33.337906],[126.819665,33.338411],[126.819566,33.338912],[126.819356,33.339653],[126.819071,33.340377],[126.818842,33.340847],[126.818581,33.341305],[126.818133,33.341968],[126.81762,33.342596],[126.817244,33.342994],[126.816631,33.343556],[126.816192,33.343906],[126.815491,33.34439],[126.814997,33.344684],[126.814485,33.344955],[126.813685,33.345314],[126.812851,33.345616],[126.81228,33.345783],[126.811404,33.345983],[126.81081,33.346082],[126.810211,33.346152],[126.809305,33.346205],[126.808397,33.346193],[126.807794,33.346149],[126.806898,33.34603],[126.806039,33.345853],[126.806491,33.346315],[126.806845,33.346727],[126.807171,33.347155],[126.807468,33.347597],[126.807734,33.348053],[126.80797,33.348521],[126.808174,33.349],[126.808345,33.349487],[126.808483,33.349982],[126.808588,33.350482],[126.808659,33.350986],[126.808697,33.351493],[126.8087,33.352001],[126.808669,33.352509],[126.808559,33.353265],[126.808443,33.353764],[126.808294,33.354256],[126.808113,33.354741],[126.807899,33.355216],[126.807654,33.35568],[126.807377,33.356132],[126.807071,33.356571],[126.806736,33.356994],[126.806373,33.3574],[126.805779,33.357977],[126.805352,33.358336],[126.804901,33.358675],[126.804428,33.358993],[126.803935,33.359287],[126.803422,33.359557],[126.802893,33.359803],[126.802347,33.360024],[126.801504,33.360305],[126.800927,33.360459],[126.80034,33.360586],[126.799746,33.360684],[126.799147,33.360755],[126.798241,33.360807],[126.797333,33.360795],[126.79673,33.360751],[126.796131,33.360678],[126.795538,33.360578],[126.794952,33.36045],[126.794092,33.360205],[126.793259,33.359901],[126.792723,33.359666],[126.792203,33.359406],[126.791457,33.358971],[126.790986,33.358653],[126.790537,33.358312],[126.790111,33.357951],[126.78971,33.35757],[126.789159,33.356965],[126.78867,33.356323],[126.788381,33.355877],[126.788122,33.355417],[126.787792,33.354707],[126.787613,33.354222],[126.787466,33.353729],[126.787309,33.352979],[126.787228,33.35222],[126.787217,33.351712],[126.787239,33.351205],[126.787337,33.350447],[126.787444,33.349947],[126.787667,33.349209],[126.787964,33.348489],[126.788202,33.348021],[126.788471,33.347566],[126.78893,33.346909],[126.789453,33.346287],[126.789836,33.345893],[126.790245,33.345519],[126.790904,33.344995],[126.791372,33.344672],[126.792111,33.344231],[126.792628,33.343966],[126.793435,33.343616],[126.794273,33.343325],[126.794848,33.343164],[126.795727,33.342974],[126.796322,33.342883],[126.797224,33.342799],[126.797829,33.342778],[126.798434,33.342786],[126.799339,33.342852],[126.800233,33.342982],[126.800944,33.343133],[126.800584,33.342771],[126.800223,33.342364],[126.799735,33.341722],[126.799445,33.341275],[126.799187,33.340816],[126.798857,33.340106],[126.798678,33.339621],[126.798531,33.339128],[126.798374,33.338378],[126.798311,33.337872],[126.798283,33.337365],[126.798288,33.336857],[126.79831,33.336538],[126.797675,33.336661],[126.797078,33.336745],[126.796476,33.336801],[126.795872,33.336829],[126.795267,33.336828],[126.794663,33.336798],[126.794061,33.33674],[126.793465,33.336654],[126.792875,33.336539],[126.792294,33.336397],[126.791724,33.336227],[126.791165,33.336031],[126.790621,33.335809],[126.790093,33.335561],[126.789582,33.335289],[126.78909,33.334993],[126.788619,33.334674],[126.78817,33.334334],[126.787744,33.333973],[126.787343,33.333592],[126.786969,33.333193],[126.786622,33.332777],[126.786303,33.332345],[126.786014,33.331898],[126.785755,33.331439],[126.785426,33.330729],[126.785247,33.330244],[126.7851,33.329751],[126.784987,33.329252],[126.784908,33.328748],[126.784862,33.328242],[126.784851,33.327734]]]}},{"type":"Feature","id":680,"properties":{"code":"14800005013020160213UM11000001101","date":"2021-03-11"},"geometry":{"type":"Polygon","coordinates":[[[126.279372,33.299673],[126.280262,33.299434],[126.281139,33.299265],[126.28203,33.299159],[126.282928,33.299116],[126.283828,33.299136],[126.284722,33.299219],[126.285605,33.299365],[126.28647,33.299572],[126.287312,33.299839],[126.288123,33.300165],[126.2889,33.300547],[126.289395,33.300831],[126.290311,33.301421],[126.290937,33.301881],[126.29133,33.30221],[126.291703,33.302555],[126.292136,33.302908],[126.292741,33.303474],[126.293111,33.303874],[126.293615,33.304505],[126.294054,33.305169],[126.294425,33.305862],[126.294725,33.306579],[126.294952,33.307315],[126.295062,33.307813],[126.295164,33.308568],[126.29519,33.309328],[126.29514,33.310087],[126.295064,33.310589],[126.294888,33.311335],[126.294638,33.312065],[126.294315,33.312775],[126.293922,33.31346],[126.293581,33.313954],[126.293315,33.313191],[126.292968,33.311598],[126.292409,33.310494],[126.290167,33.309032],[126.288829,33.308129],[126.288844,33.308119],[126.28735,33.307101],[126.287239,33.305607],[126.286352,33.304337],[126.285554,33.303856],[126.284487,33.303782],[126.283775,33.303636],[126.283241,33.303499],[126.28243,33.303384],[126.282118,33.303122],[126.280759,33.302391],[126.279987,33.301859],[126.279677,33.301233],[126.279705,33.300556],[126.279607,33.300165],[126.279569,33.299918],[126.279372,33.299673]]]}},{"type":"Feature","id":681,"properties":{"code":"14800005013020160213UM11002016116","date":"2021-03-11"},"geometry":{"type":"Polygon","coordinates":[[[126.616972,33.276028],[126.61702,33.275267],[126.617094,33.274763],[126.617269,33.274015],[126.617427,33.273525],[126.617618,33.273043],[126.61784,33.27257],[126.618094,33.272109],[126.618532,33.271442],[126.618861,33.271016],[126.619406,33.270407],[126.619802,33.270023],[126.620224,33.269659],[126.6209,33.269151],[126.621379,33.268841],[126.622133,33.268418],[126.622659,33.268166],[126.6232,33.26794],[126.624039,33.26765],[126.624613,33.26749],[126.625197,33.267358],[126.625788,33.267253],[126.626386,33.267176],[126.626988,33.267128],[126.627592,33.267108],[126.628197,33.267117],[126.6288,33.267155],[126.6294,33.267221],[126.629994,33.267315],[126.630581,33.267437],[126.631159,33.267587],[126.631726,33.267764],[126.63253,33.26807],[126.633229,33.26768],[126.634023,33.267313],[126.634852,33.267003],[126.63542,33.266829],[126.636292,33.26662],[126.636884,33.266515],[126.637782,33.266411],[126.638386,33.266377],[126.63899,33.266371],[126.639594,33.266394],[126.640495,33.266483],[126.641384,33.266635],[126.641967,33.266771],[126.642539,33.266934],[126.643375,33.267229],[126.643915,33.267459],[126.644438,33.267713],[126.644944,33.267992],[126.64543,33.268294],[126.646119,33.268789],[126.64655,33.269146],[126.646956,33.269523],[126.647516,33.270122],[126.648014,33.270759],[126.64831,33.271202],[126.648575,33.271658],[126.648915,33.272364],[126.649101,33.272848],[126.649255,33.273339],[126.649424,33.274088],[126.649494,33.274592],[126.64953,33.275099],[126.649521,33.275861],[126.649472,33.276368],[126.649389,33.276871],[126.649202,33.277616],[126.648941,33.278346],[126.648726,33.278821],[126.64848,33.279285],[126.648204,33.279737],[126.647733,33.280388],[126.647383,33.280802],[126.646808,33.281392],[126.646393,33.281761],[126.645953,33.28211],[126.645252,33.282593],[126.644504,33.283025],[126.643983,33.283282],[126.643445,33.283515],[126.642893,33.283722],[126.64204,33.283982],[126.641459,33.284122],[126.640869,33.284233],[126.640272,33.284317],[126.639671,33.284373],[126.639067,33.284399],[126.638462,33.284398],[126.637558,33.284341],[126.636959,33.284268],[126.636366,33.284167],[126.635781,33.284038],[126.635206,33.283881],[126.634642,33.283698],[126.633978,33.28344],[126.633407,33.283763],[126.632619,33.28414],[126.632073,33.28436],[126.63123,33.28464],[126.630361,33.28486],[126.629771,33.284972],[126.628874,33.285087],[126.627969,33.285137],[126.627364,33.285136],[126.626761,33.285105],[126.62616,33.285046],[126.625564,33.284959],[126.624684,33.284776],[126.624108,33.284619],[126.623544,33.284435],[126.622994,33.284225],[126.622458,33.283989],[126.621686,33.283589],[126.620957,33.283136],[126.620498,33.282805],[126.620061,33.282454],[126.619452,33.281889],[126.619079,33.281489],[126.618733,33.281073],[126.618415,33.28064],[126.618127,33.280194],[126.617752,33.2795],[126.617542,33.279024],[126.617363,33.278538],[126.617158,33.277796],[126.617027,33.277042],[126.616983,33.276536],[126.616972,33.276028]]]}},{"type":"Feature","id":682,"properties":{"code":"14800005013020160213UM11002016125","date":"2021-03-11"},"geometry":{"type":"Polygon","coordinates":[[[126.811128,33.360767],[126.81115,33.36026],[126.811206,33.359754],[126.811355,33.359002],[126.811578,33.358264],[126.811767,33.357781],[126.811989,33.357309],[126.812381,33.356621],[126.812679,33.356179],[126.813007,33.355752],[126.813363,33.355341],[126.813746,33.354948],[126.814369,33.354393],[126.814814,33.354049],[126.815281,33.353726],[126.816021,33.353285],[126.816803,33.352897],[126.817344,33.35267],[126.8179,33.352469],[126.818469,33.352295],[126.819048,33.352148],[126.819933,33.351979],[126.820531,33.351901],[126.821134,33.351852],[126.822041,33.351832],[126.822646,33.351854],[126.823248,33.351905],[126.824143,33.352034],[126.824731,33.352156],[126.82531,33.352305],[126.826157,33.352579],[126.826705,33.352794],[126.827237,33.353036],[126.828004,33.353444],[126.828491,33.353745],[126.828957,33.354069],[126.829614,33.354596],[126.830021,33.354971],[126.830403,33.355366],[126.830924,33.35599],[126.83138,33.356649],[126.831647,33.357105],[126.831882,33.357573],[126.832086,33.358051],[126.832258,33.358538],[126.832453,33.359282],[126.832573,33.360037],[126.83261,33.360544],[126.832613,33.361052],[126.832554,33.361813],[126.832472,33.362316],[126.832357,33.362815],[126.832122,33.363551],[126.831924,33.364031],[126.831694,33.364501],[126.831433,33.364959],[126.831142,33.365405],[126.830651,33.366045],[126.830096,33.366649],[126.829694,33.367028],[126.829267,33.367388],[126.828816,33.367727],[126.828343,33.368044],[126.827596,33.368477],[126.827074,33.368736],[126.826537,33.368969],[126.825703,33.36927],[126.824841,33.369512],[126.823959,33.369691],[126.823362,33.369776],[126.82276,33.369832],[126.821853,33.369863],[126.820946,33.36983],[126.820344,33.369771],[126.819748,33.369685],[126.818866,33.369503],[126.81829,33.369347],[126.817725,33.369165],[126.816903,33.368841],[126.816374,33.368594],[126.815863,33.368321],[126.815371,33.368026],[126.814899,33.367707],[126.814234,33.367188],[126.81382,33.366817],[126.813432,33.366427],[126.812901,33.36581],[126.812582,33.365378],[126.812293,33.364932],[126.811916,33.364238],[126.81161,33.363521],[126.811447,33.363032],[126.811317,33.362536],[126.811221,33.362034],[126.811158,33.361529],[126.811128,33.360767]]]}},{"type":"Feature","id":683,"properties":{"code":"14800005013020160213UM11002016129","date":"2021-03-11"},"geometry":{"type":"Polygon","coordinates":[[[126.826645,33.452333],[126.826667,33.451825],[126.826764,33.451068],[126.826872,33.450568],[126.827095,33.449829],[126.827392,33.449109],[126.827629,33.448642],[126.827898,33.448187],[126.828358,33.447529],[126.828882,33.446907],[126.829265,33.446513],[126.829888,33.445959],[126.830565,33.44545],[126.831043,33.445139],[126.831798,33.444715],[126.832324,33.444462],[126.833143,33.444132],[126.833992,33.44386],[126.834572,33.443713],[126.835458,33.443543],[126.836358,33.443438],[126.836963,33.443403],[126.837871,33.443404],[126.838777,33.443469],[126.839531,33.443575],[126.839974,33.443391],[126.840531,33.443189],[126.8411,33.443015],[126.84168,33.442868],[126.842268,33.442748],[126.842864,33.442656],[126.843466,33.442593],[126.84407,33.442558],[126.844979,33.442559],[126.845583,33.442595],[126.846483,33.442703],[126.847075,33.442811],[126.847948,33.443024],[126.848516,33.4432],[126.849072,33.443402],[126.849802,33.443719],[126.849729,33.443255],[126.849683,33.442749],[126.849678,33.441987],[126.84975,33.441227],[126.849898,33.440475],[126.850121,33.439737],[126.850417,33.439017],[126.850786,33.43832],[126.851222,33.437652],[126.851725,33.437017],[126.85229,33.436421],[126.852913,33.435866],[126.853358,33.435521],[126.853826,33.435198],[126.854566,33.434757],[126.855348,33.434369],[126.855933,33.434126],[126.856041,33.433483],[126.856239,33.43274],[126.856512,33.432013],[126.856733,33.43154],[126.857125,33.430853],[126.857584,33.430195],[126.858107,33.429572],[126.85849,33.429179],[126.858899,33.428804],[126.859333,33.428449],[126.85979,33.428115],[126.860268,33.427804],[126.860766,33.427515],[126.861283,33.42725],[126.861818,33.42701],[126.862367,33.426796],[126.863216,33.426524],[126.863795,33.426377],[126.864384,33.426257],[126.86528,33.42613],[126.865883,33.42608],[126.866488,33.426059],[126.867396,33.426082],[126.867999,33.426133],[126.868598,33.426212],[126.86919,33.426319],[126.869774,33.426454],[126.870348,33.426616],[126.87091,33.426805],[126.871728,33.427138],[126.872509,33.427528],[126.873248,33.427971],[126.873877,33.428418],[126.874748,33.428721],[126.87529,33.42895],[126.875815,33.429203],[126.876568,33.429629],[126.877276,33.430106],[126.87772,33.430452],[126.878141,33.430818],[126.878536,33.431203],[126.878904,33.431606],[126.879245,33.432026],[126.879557,33.432461],[126.87984,33.432911],[126.880091,33.433373],[126.880312,33.433846],[126.8805,33.434329],[126.880721,33.435068],[126.880826,33.435568],[126.880898,33.436073],[126.880935,33.43658],[126.880939,33.437088],[126.880908,33.437595],[126.880844,33.4381],[126.880745,33.438601],[126.880613,33.439097],[126.880448,33.439586],[126.880251,33.440066],[126.880021,33.440536],[126.87976,33.440995],[126.879313,33.441658],[126.878978,33.442081],[126.878615,33.442488],[126.87802,33.443064],[126.877593,33.443424],[126.876908,33.443925],[126.876425,33.444231],[126.875921,33.444514],[126.8754,33.444773],[126.874587,33.445114],[126.874027,33.445308],[126.873165,33.44555],[126.872578,33.445677],[126.871685,33.445815],[126.871082,33.445871],[126.870293,33.445901],[126.869998,33.446426],[126.86955,33.447089],[126.869037,33.447718],[126.86866,33.448116],[126.868047,33.448678],[126.867608,33.449028],[126.867145,33.449356],[126.86644,33.449791],[126.866912,33.450359],[126.867225,33.450794],[126.867507,33.451244],[126.867759,33.451706],[126.867979,33.452179],[126.868167,33.452662],[126.868323,33.453153],[126.868445,33.45365],[126.868533,33.454153],[126.868588,33.454659],[126.868609,33.455167],[126.868595,33.455674],[126.868547,33.456181],[126.868466,33.456684],[126.86835,33.457183],[126.868202,33.457675],[126.86802,33.45816],[126.867806,33.458635],[126.867561,33.4591],[126.867285,33.459552],[126.866979,33.459991],[126.866643,33.460414],[126.86628,33.460821],[126.865891,33.46121],[126.865475,33.46158],[126.865036,33.461929],[126.864573,33.462258],[126.86409,33.462564],[126.863586,33.462847],[126.863064,33.463105],[126.862526,33.463339],[126.861973,33.463546],[126.861119,33.463808],[126.860242,33.464009],[126.859648,33.464108],[126.858746,33.464203],[126.857838,33.464234],[126.85693,33.464201],[126.856028,33.464104],[126.855227,33.463961],[126.854692,33.463314],[126.854422,33.463257],[126.854216,33.463146],[126.853867,33.463133],[126.853156,33.463053],[126.852779,33.46285],[126.852459,33.462807],[126.852213,33.462649],[126.851903,33.462528],[126.851529,33.462511],[126.851348,33.462399],[126.850648,33.461913],[126.850209,33.461562],[126.849795,33.461191],[126.849222,33.460599],[126.848874,33.460183],[126.848652,33.459886],[126.848061,33.460076],[126.847191,33.460297],[126.846302,33.460456],[126.845624,33.460533],[126.846028,33.46066],[126.846584,33.460863],[126.847125,33.461091],[126.84765,33.461345],[126.848404,33.46177],[126.848881,33.462083],[126.84929,33.462383],[126.849188,33.46239],[126.848517,33.462303],[126.847735,33.462142],[126.847168,33.46208],[126.846914,33.462084],[126.846659,33.462117],[126.846508,33.46207],[126.846313,33.462005],[126.846184,33.461919],[126.8458,33.461812],[126.845595,33.461687],[126.845357,33.461624],[126.84518,33.461557],[126.845092,33.461507],[126.844993,33.461503],[126.844394,33.461314],[126.843441,33.460916],[126.842906,33.460825],[126.842303,33.460529],[126.841645,33.460259],[126.840689,33.459952],[126.840286,33.459755],[126.839472,33.459405],[126.838817,33.45904],[126.838291,33.458864],[126.837527,33.458555],[126.837285,33.45844],[126.836831,33.458278],[126.836243,33.457814],[126.835912,33.457582],[126.835337,33.457276],[126.834872,33.45684],[126.834964,33.456793],[126.834372,33.456691],[126.83418,33.456619],[126.833901,33.456456],[126.833423,33.456218],[126.832923,33.456036],[126.832299,33.455778],[126.831891,33.455635],[126.831847,33.45567],[126.831589,33.455436],[126.831431,33.455012],[126.831053,33.454592],[126.830617,33.454359],[126.830044,33.453964],[126.829501,33.453642],[126.82936,33.453632],[126.828914,33.453761],[126.828726,33.453756],[126.827877,33.453485],[126.827657,33.453454],[126.827392,33.453441],[126.826833,33.45347],[126.826711,33.453408],[126.826656,33.452841],[126.826645,33.452333]]]}},{"type":"Feature","id":684,"properties":{"code":"14800005013020160213UM11002016106","date":"2021-03-11"},"geometry":{"type":"Polygon","coordinates":[[[126.374496,33.28128],[126.374536,33.280527],[126.374604,33.280027],[126.374705,33.279532],[126.374917,33.278799],[126.375099,33.27832],[126.3754,33.277608],[126.375629,33.277142],[126.375889,33.276687],[126.376334,33.276029],[126.376667,33.275609],[126.377027,33.275206],[126.377616,33.274634],[126.378261,33.274105],[126.378719,33.273778],[126.379197,33.273474],[126.379952,33.273061],[126.380477,33.272816],[126.381017,33.272595],[126.381571,33.272401],[126.382137,33.272232],[126.382714,33.272091],[126.383299,33.271977],[126.38389,33.271891],[126.384487,33.271832],[126.385387,33.271797],[126.386584,33.271821],[126.387178,33.271861],[126.38777,33.271928],[126.388356,33.272023],[126.388934,33.272146],[126.389785,33.272379],[126.390338,33.272568],[126.390878,33.272782],[126.391402,33.27302],[126.391911,33.273283],[126.3924,33.27357],[126.392871,33.273878],[126.393536,33.274381],[126.393951,33.274742],[126.394341,33.275121],[126.394878,33.275722],[126.395202,33.276143],[126.395497,33.276579],[126.395764,33.277027],[126.396,33.277488],[126.396411,33.278431],[126.396584,33.278912],[126.396726,33.279401],[126.396835,33.279895],[126.39691,33.280394],[126.396953,33.280895],[126.396962,33.281398],[126.396914,33.282151],[126.39684,33.28265],[126.396733,33.283145],[126.396593,33.283634],[126.396421,33.284115],[126.396104,33.284821],[126.395718,33.285502],[126.395423,33.285939],[126.3951,33.286363],[126.394749,33.28677],[126.394372,33.287161],[126.393759,33.287712],[126.393093,33.288218],[126.392389,33.288687],[126.391906,33.288988],[126.391146,33.289395],[126.390618,33.289637],[126.390074,33.289853],[126.389518,33.290043],[126.388949,33.290206],[126.388078,33.290401],[126.387487,33.290497],[126.386891,33.290564],[126.386292,33.290604],[126.385691,33.290615],[126.385084,33.290597],[126.38448,33.290551],[126.383581,33.290428],[126.382698,33.290242],[126.382121,33.290083],[126.381555,33.289897],[126.380733,33.289568],[126.380205,33.289317],[126.379694,33.289041],[126.378951,33.288611],[126.378475,33.288306],[126.378021,33.287979],[126.377589,33.287631],[126.376986,33.287072],[126.376615,33.286677],[126.376272,33.286266],[126.375956,33.285839],[126.375669,33.285397],[126.375295,33.284712],[126.375084,33.284242],[126.374905,33.283762],[126.374696,33.283029],[126.37456,33.282284],[126.374512,33.281783],[126.374496,33.28128]]]}},{"type":"Feature","id":685,"properties":{"code":"14800005013020160213UM11002016107","date":"2021-03-11"},"geometry":{"type":"Polygon","coordinates":[[[126.398171,33.267777],[126.398196,33.267269],[126.398254,33.266764],[126.398347,33.266262],[126.398473,33.265765],[126.398632,33.265275],[126.398824,33.264793],[126.399048,33.264321],[126.399303,33.263861],[126.399588,33.263413],[126.399904,33.262979],[126.400429,33.262359],[126.400814,33.261967],[126.401224,33.261593],[126.401659,33.26124],[126.402116,33.260908],[126.402595,33.260598],[126.403094,33.260311],[126.403612,33.260048],[126.404419,33.259701],[126.404975,33.259502],[126.405544,33.259329],[126.406123,33.259184],[126.406711,33.259066],[126.407306,33.258976],[126.407907,33.258915],[126.40851,33.258882],[126.409115,33.258878],[126.409719,33.258902],[126.41032,33.258955],[126.411213,33.259088],[126.4118,33.259211],[126.412377,33.259362],[126.412943,33.25954],[126.413497,33.259744],[126.414299,33.260099],[126.414813,33.260367],[126.415308,33.260658],[126.415783,33.260973],[126.416236,33.261309],[126.416666,33.261667],[126.417071,33.262044],[126.41745,33.26244],[126.417802,33.262853],[126.418126,33.263282],[126.41842,33.263726],[126.418684,33.264182],[126.418918,33.264651],[126.419119,33.26513],[126.419288,33.265618],[126.419424,33.266113],[126.419565,33.266865],[126.419631,33.267625],[126.419631,33.268133],[126.419598,33.268641],[126.419527,33.269167],[126.419651,33.269841],[126.419716,33.270601],[126.419705,33.271363],[126.419617,33.272121],[126.419516,33.272622],[126.419381,33.273117],[126.419118,33.273846],[126.418783,33.274554],[126.41852,33.275012],[126.418227,33.275456],[126.417905,33.275886],[126.417554,33.2763],[126.416978,33.276888],[126.416561,33.277256],[126.416121,33.277605],[126.415418,33.278087],[126.414924,33.278379],[126.414411,33.278648],[126.41361,33.279005],[126.412775,33.279304],[126.412204,33.27947],[126.411622,33.279608],[126.410734,33.279764],[126.410134,33.279832],[126.409532,33.279872],[126.408927,33.279884],[126.408322,33.279866],[126.40742,33.279787],[126.406529,33.279644],[126.405945,33.279514],[126.40537,33.279356],[126.404806,33.279171],[126.404256,33.27896],[126.40346,33.278596],[126.402703,33.278176],[126.401991,33.277705],[126.401328,33.277184],[126.400917,33.276811],[126.400531,33.27642],[126.400003,33.275801],[126.39954,33.275146],[126.399144,33.274461],[126.398818,33.27375],[126.398564,33.273018],[126.398385,33.272271],[126.398308,33.271767],[126.398256,33.271007],[126.39828,33.270245],[126.398364,33.269594],[126.398224,33.268792],[126.39818,33.268285],[126.398171,33.267777]]]}},{"type":"Feature","id":686,"properties":{"code":"14800005013020160213UM11002016109","date":"2021-03-11"},"geometry":{"type":"Polygon","coordinates":[[[126.424533,33.273978],[126.424557,33.27347],[126.424658,33.272713],[126.424767,33.272214],[126.424993,33.271476],[126.425293,33.270757],[126.425532,33.27029],[126.425802,33.269836],[126.426264,33.26918],[126.42679,33.268559],[126.427174,33.268167],[126.427584,33.267793],[126.428018,33.26744],[126.428713,33.26695],[126.429202,33.266651],[126.429971,33.266248],[126.430505,33.26601],[126.431055,33.265797],[126.431903,33.265528],[126.432483,33.265383],[126.433071,33.265265],[126.433666,33.265175],[126.434568,33.265094],[126.435172,33.265075],[126.435777,33.265085],[126.43638,33.265123],[126.436979,33.26519],[126.437867,33.265344],[126.43845,33.265481],[126.439022,33.265645],[126.439857,33.265942],[126.440396,33.266172],[126.441081,33.266514],[126.441543,33.266131],[126.441993,33.2658],[126.442463,33.26549],[126.442954,33.265203],[126.443724,33.264816],[126.44452,33.264467],[126.445056,33.264243],[126.445607,33.264045],[126.44617,33.263873],[126.446743,33.263727],[126.447325,33.263609],[126.447915,33.263518],[126.448509,33.263455],[126.449107,33.263419],[126.449706,33.263412],[126.450192,33.263428],[126.450091,33.263031],[126.449997,33.262529],[126.449936,33.262023],[126.44991,33.261516],[126.449934,33.260754],[126.449992,33.260249],[126.450084,33.259747],[126.450285,33.259004],[126.450461,33.258518],[126.450668,33.25804],[126.450908,33.257574],[126.451178,33.257119],[126.451478,33.256678],[126.451807,33.256252],[126.452164,33.255842],[126.452549,33.25545],[126.452958,33.255077],[126.453393,33.254723],[126.454087,33.254233],[126.454576,33.253934],[126.455084,33.253659],[126.45561,33.253408],[126.456152,33.253183],[126.456708,33.252984],[126.457276,33.252811],[126.458149,33.252603],[126.458741,33.252499],[126.459338,33.252423],[126.460242,33.252363],[126.460847,33.252358],[126.461451,33.252382],[126.462052,33.252435],[126.462649,33.252516],[126.463532,33.25269],[126.464394,33.252926],[126.465229,33.253222],[126.466032,33.253577],[126.466546,33.253845],[126.467041,33.254136],[126.467516,33.25445],[126.467969,33.254787],[126.468605,33.25533],[126.469184,33.255916],[126.469536,33.256329],[126.46986,33.256758],[126.470155,33.257202],[126.470419,33.257659],[126.470758,33.258366],[126.471024,33.259094],[126.47116,33.259589],[126.471227,33.259899],[126.471655,33.259847],[126.472257,33.259799],[126.472861,33.25978],[126.473466,33.25979],[126.474369,33.259858],[126.474966,33.259939],[126.475557,33.260048],[126.476139,33.260185],[126.476711,33.260349],[126.477547,33.260645],[126.478086,33.260875],[126.478609,33.261131],[126.479359,33.261559],[126.480063,33.262039],[126.480505,33.262385],[126.480923,33.262753],[126.481315,33.263139],[126.481681,33.263543],[126.482178,33.264181],[126.482473,33.264624],[126.482738,33.265081],[126.483076,33.265788],[126.483262,33.266272],[126.483415,33.266763],[126.483534,33.267261],[126.48362,33.267764],[126.483686,33.268524],[126.483675,33.269285],[126.483625,33.269792],[126.483487,33.270545],[126.483353,33.27104],[126.483091,33.271769],[126.482756,33.272477],[126.482351,33.273159],[126.481879,33.27381],[126.481529,33.274224],[126.480952,33.274812],[126.480319,33.275358],[126.479868,33.275696],[126.479149,33.276161],[126.478646,33.276442],[126.477857,33.276818],[126.477311,33.277037],[126.476752,33.27723],[126.47618,33.277396],[126.475598,33.277535],[126.475008,33.277646],[126.474412,33.277729],[126.47381,33.277784],[126.473206,33.27781],[126.472602,33.277807],[126.471998,33.277776],[126.471397,33.277716],[126.470802,33.277628],[126.470213,33.277512],[126.469633,33.277368],[126.469063,33.277197],[126.468309,33.276921],[126.467702,33.277287],[126.467189,33.277556],[126.466659,33.277801],[126.466113,33.27802],[126.465554,33.278213],[126.464982,33.278379],[126.4644,33.278517],[126.46381,33.278628],[126.463213,33.278711],[126.462612,33.278766],[126.462008,33.278792],[126.461403,33.278789],[126.4608,33.278758],[126.460199,33.278698],[126.459603,33.27861],[126.45879,33.278441],[126.458534,33.278719],[126.458143,33.279099],[126.457728,33.279461],[126.45729,33.279802],[126.456592,33.280275],[126.456102,33.280562],[126.455593,33.280826],[126.454799,33.281176],[126.454252,33.281378],[126.453692,33.281554],[126.453121,33.281704],[126.452541,33.281826],[126.451658,33.281959],[126.449901,33.282114],[126.449032,33.28214],[126.448427,33.282123],[126.447825,33.282077],[126.446929,33.281956],[126.446049,33.281771],[126.445474,33.281613],[126.44491,33.281429],[126.44436,33.281218],[126.443825,33.280982],[126.443306,33.28072],[126.442857,33.280464],[126.442401,33.280826],[126.441698,33.281308],[126.44095,33.281739],[126.440428,33.281995],[126.43989,33.282227],[126.439055,33.282526],[126.438194,33.282765],[126.437608,33.282889],[126.437014,33.282986],[126.436113,33.283079],[126.435207,33.283107],[126.434602,33.28309],[126.434,33.283044],[126.433105,33.282922],[126.432225,33.282737],[126.43165,33.28258],[126.430809,33.282293],[126.430266,33.282069],[126.429482,33.281686],[126.428739,33.281249],[126.428043,33.280761],[126.427607,33.280409],[126.427,33.279843],[126.426451,33.279236],[126.42612,33.278811],[126.425678,33.278146],[126.425305,33.277451],[126.425003,33.276733],[126.424774,33.275996],[126.424663,33.275496],[126.424559,33.274739],[126.424533,33.273978]]]}},{"type":"Feature","id":687,"properties":{"code":"14800005013020160213UM11002016120","date":"2021-03-11"},"geometry":{"type":"Polygon","coordinates":[[[126.715183,33.309648],[126.715198,33.309147],[126.715245,33.308647],[126.715325,33.30815],[126.715507,33.307413],[126.715669,33.30693],[126.715862,33.306456],[126.716087,33.305991],[126.716341,33.305538],[126.716626,33.305097],[126.716939,33.30467],[126.71728,33.304258],[126.717648,33.303863],[126.718236,33.303294],[126.718644,33.302927],[126.719076,33.302579],[126.71953,33.302252],[126.720005,33.301946],[126.720499,33.301664],[126.721012,33.301404],[126.721541,33.30117],[126.722084,33.30096],[126.722641,33.300776],[126.723209,33.300618],[126.723787,33.300488],[126.724372,33.300384],[126.724964,33.300308],[126.725559,33.30026],[126.726157,33.300239],[126.726755,33.300247],[126.727352,33.300283],[126.727946,33.300346],[126.728534,33.300437],[126.729403,33.300625],[126.73025,33.300873],[126.731628,33.301368],[126.732163,33.301598],[126.732712,33.301869],[126.733337,33.301801],[126.733934,33.301766],[126.734531,33.301758],[126.735427,33.301799],[126.73602,33.301861],[126.7369,33.302006],[126.737477,33.302137],[126.738324,33.302383],[126.73941,33.302785],[126.740186,33.303113],[126.740928,33.303492],[126.741402,33.303773],[126.741856,33.304075],[126.742291,33.304396],[126.742769,33.304705],[126.743226,33.305037],[126.743868,33.305573],[126.744417,33.306114],[126.745255,33.305981],[126.745849,33.305922],[126.746745,33.305886],[126.747343,33.305897],[126.74794,33.305936],[126.748533,33.306002],[126.749411,33.306154],[126.749988,33.306289],[126.751115,33.306627],[126.75167,33.306817],[126.752476,33.30715],[126.752994,33.307404],[126.753495,33.307681],[126.754209,33.308139],[126.754875,33.308647],[126.755362,33.309079],[126.756122,33.308746],[126.756671,33.308544],[126.757233,33.308368],[126.758096,33.308154],[126.758682,33.308045],[126.759572,33.307934],[126.76017,33.307895],[126.76077,33.307884],[126.761669,33.30792],[126.762265,33.307979],[126.762856,33.308066],[126.76344,33.308181],[126.764016,33.308322],[126.764581,33.308491],[126.765682,33.308896],[126.766224,33.309122],[126.767006,33.309508],[126.767746,33.309948],[126.768439,33.310438],[126.769081,33.310976],[126.769477,33.311359],[126.770023,33.311968],[126.770505,33.312612],[126.770921,33.313289],[126.771267,33.313993],[126.771541,33.314718],[126.77182,33.315706],[126.771962,33.316456],[126.772015,33.316962],[126.77203,33.317722],[126.77197,33.31848],[126.771833,33.319232],[126.771621,33.319971],[126.771439,33.320455],[126.771225,33.320929],[126.770845,33.321619],[126.770397,33.32228],[126.770063,33.322702],[126.7697,33.323107],[126.769107,33.323682],[126.768483,33.324223],[126.767819,33.324724],[126.76735,33.325032],[126.76661,33.325451],[126.765831,33.325818],[126.765292,33.326031],[126.764741,33.326219],[126.763892,33.326452],[126.763024,33.326626],[126.762436,33.326707],[126.761547,33.326778],[126.760665,33.326787],[126.760091,33.32676],[126.759234,33.326671],[126.758372,33.326532],[126.757492,33.326344],[126.756633,33.326095],[126.756076,33.325896],[126.755268,33.325548],[126.75475,33.325284],[126.754008,33.324844],[126.753539,33.324522],[126.753093,33.324179],[126.752493,33.323649],[126.751926,33.323912],[126.751383,33.32413],[126.750826,33.324322],[126.750258,33.324488],[126.749679,33.324626],[126.749092,33.324737],[126.748499,33.324821],[126.748086,33.324861],[126.748513,33.32538],[126.748969,33.326039],[126.749314,33.326639],[126.749655,33.327345],[126.749842,33.327828],[126.750062,33.328567],[126.750206,33.32932],[126.750274,33.330079],[126.750277,33.330587],[126.750217,33.331348],[126.750081,33.332101],[126.74987,33.332842],[126.749585,33.333565],[126.749355,33.334035],[126.748952,33.334718],[126.748645,33.335156],[126.74831,33.335579],[126.747755,33.336182],[126.747142,33.336743],[126.746474,33.337259],[126.746001,33.337576],[126.745254,33.338009],[126.744733,33.338267],[126.74392,33.338607],[126.743077,33.338888],[126.742208,33.339108],[126.741617,33.33922],[126.74072,33.339336],[126.739815,33.339388],[126.738907,33.339375],[126.738304,33.339331],[126.737408,33.339212],[126.736526,33.339029],[126.735667,33.338785],[126.734835,33.33848],[126.734036,33.338118],[126.733277,33.3377],[126.732563,33.33723],[126.732114,33.336889],[126.731688,33.336528],[126.731097,33.33595],[126.730567,33.335331],[126.7301,33.334678],[126.729622,33.33385],[126.729293,33.33314],[126.729037,33.332409],[126.728855,33.331663],[126.728749,33.330906],[126.72872,33.330145],[126.728767,33.329384],[126.72889,33.328629],[126.729089,33.327886],[126.729362,33.327159],[126.729707,33.326454],[126.729976,33.325999],[126.730275,33.325558],[126.730778,33.324923],[126.731343,33.324327],[126.731966,33.323773],[126.732642,33.323265],[126.733367,33.322806],[126.734135,33.322401],[126.734942,33.322052],[126.73578,33.321761],[126.736645,33.32153],[126.737566,33.321357],[126.737261,33.321021],[126.736983,33.320683],[126.736511,33.320731],[126.73597,33.320765],[126.735135,33.320771],[126.734256,33.320718],[126.733674,33.32065],[126.733098,33.320555],[126.732247,33.320363],[126.731418,33.320113],[126.73088,33.319916],[126.730356,33.319693],[126.729523,33.319397],[126.728704,33.319033],[126.728317,33.319094],[126.727728,33.319161],[126.727135,33.319201],[126.726541,33.319214],[126.725645,33.31918],[126.725051,33.319123],[126.724462,33.319038],[126.72359,33.31886],[126.722733,33.318646],[126.722171,33.318478],[126.721621,33.318284],[126.721085,33.318066],[126.720311,33.317691],[126.719576,33.317264],[126.71911,33.316952],[126.718453,33.316443],[126.718043,33.31608],[126.717659,33.315697],[126.7173,33.315298],[126.716968,33.314882],[126.716523,33.314231],[126.716262,33.313781],[126.715929,33.313085],[126.715745,33.312609],[126.715593,33.312125],[126.715395,33.311392],[126.715293,33.310898],[126.715225,33.3104],[126.715183,33.309648]]]}},{"type":"Feature","id":688,"properties":{"code":"14800005013020160119UM11002016119","date":"2021-03-11"},"geometry":{"type":"Polygon","coordinates":[[[126.696414,33.337833],[126.696437,33.337326],[126.696494,33.33682],[126.696643,33.336068],[126.696867,33.33533],[126.697057,33.334848],[126.69728,33.334375],[126.697533,33.333914],[126.697818,33.333466],[126.698299,33.33282],[126.698844,33.332211],[126.699241,33.331827],[126.699662,33.331462],[126.700339,33.330955],[126.700817,33.330643],[126.701316,33.330355],[126.702098,33.329969],[126.702639,33.329742],[126.703195,33.329542],[126.704052,33.329291],[126.704636,33.329158],[126.705228,33.329053],[126.705827,33.328976],[126.706429,33.328927],[126.707336,33.328908],[126.708242,33.328953],[126.708842,33.329019],[126.709437,33.329113],[126.710315,33.329306],[126.710888,33.329469],[126.711449,33.329659],[126.712265,33.329993],[126.713045,33.330383],[126.713541,33.330674],[126.714017,33.330987],[126.714691,33.331498],[126.71531,33.332055],[126.715691,33.33245],[126.716044,33.332862],[126.71637,33.33329],[126.716666,33.333733],[126.717053,33.334422],[126.717273,33.334896],[126.71746,33.335379],[126.717679,33.336118],[126.717783,33.336619],[126.717854,33.337123],[126.717896,33.337884],[126.717882,33.338392],[126.717833,33.338899],[126.717697,33.339652],[126.717486,33.340393],[126.717303,33.340877],[126.717089,33.341352],[126.716843,33.341816],[126.716567,33.342268],[126.716096,33.34292],[126.715746,33.343335],[126.71537,33.343732],[126.714756,33.344294],[126.714088,33.344809],[126.713615,33.345126],[126.713121,33.34542],[126.712346,33.345816],[126.711808,33.346049],[126.711255,33.346256],[126.710402,33.346517],[126.70982,33.346657],[126.70923,33.346769],[126.708633,33.346853],[126.708031,33.346909],[126.707124,33.346939],[126.706519,33.346923],[126.705916,33.346879],[126.70502,33.346759],[126.70443,33.346644],[126.703849,33.346502],[126.702998,33.346237],[126.702447,33.346027],[126.701911,33.345792],[126.701138,33.345392],[126.700408,33.344939],[126.699948,33.344609],[126.699511,33.344257],[126.698901,33.343693],[126.698527,33.343294],[126.69818,33.342877],[126.697714,33.342224],[126.69744,33.34177],[126.697197,33.341305],[126.696986,33.340829],[126.696808,33.340344],[126.696601,33.339602],[126.69647,33.338848],[126.696425,33.338341],[126.696414,33.337833]]]}},{"type":"Feature","id":689,"properties":{"code":"14800005013020160213UM11002016126","date":"2021-03-11"},"geometry":{"type":"Polygon","coordinates":[[[126.820776,33.324126],[126.820799,33.323619],[126.820855,33.323113],[126.821003,33.322361],[126.821226,33.321623],[126.821416,33.32114],[126.821637,33.320668],[126.822028,33.31998],[126.822327,33.319538],[126.822655,33.319111],[126.82301,33.3187],[126.823393,33.318307],[126.824015,33.317752],[126.82446,33.317408],[126.824927,33.317085],[126.825667,33.316643],[126.826448,33.316256],[126.82699,33.316029],[126.827545,33.315828],[126.828114,33.315653],[126.828693,33.315506],[126.829577,33.315337],[126.830175,33.315259],[126.830778,33.31521],[126.831685,33.31519],[126.832289,33.315212],[126.832891,33.315263],[126.833786,33.315392],[126.834373,33.315514],[126.834952,33.315663],[126.835798,33.315937],[126.836346,33.316152],[126.836879,33.316393],[126.837645,33.316801],[126.838132,33.317103],[126.838598,33.317427],[126.839254,33.317953],[126.839662,33.318329],[126.840043,33.318723],[126.840564,33.319347],[126.84102,33.320006],[126.841286,33.320462],[126.841522,33.32093],[126.841726,33.321408],[126.841897,33.321895],[126.842093,33.322639],[126.842212,33.323395],[126.84225,33.323902],[126.842253,33.32441],[126.842222,33.324917],[126.842148,33.325477],[126.841396,33.325561],[126.840546,33.325838],[126.839527,33.325909],[126.838835,33.325872],[126.837678,33.325968],[126.837352,33.326335],[126.837129,33.326532],[126.837046,33.326764],[126.83674,33.327338],[126.83662,33.328014],[126.836603,33.328217],[126.836626,33.32856],[126.836705,33.328929],[126.836825,33.329249],[126.837043,33.329692],[126.837261,33.329823],[126.837307,33.329903],[126.837579,33.330057],[126.837658,33.330052],[126.837818,33.329962],[126.837901,33.330064],[126.837953,33.330052],[126.837976,33.330017],[126.838277,33.329856],[126.838574,33.329793],[126.838748,33.329883],[126.839256,33.330037],[126.839506,33.330085],[126.839607,33.330133],[126.839336,33.330386],[126.838909,33.330746],[126.838458,33.331085],[126.837985,33.331402],[126.837239,33.331835],[126.836718,33.332093],[126.83618,33.332327],[126.835347,33.332628],[126.834486,33.33287],[126.833604,33.333049],[126.833007,33.333134],[126.832405,33.33319],[126.831498,33.333221],[126.830592,33.333188],[126.82999,33.33313],[126.829394,33.333043],[126.828513,33.332862],[126.827937,33.332706],[126.827372,33.332523],[126.82655,33.3322],[126.826022,33.331952],[126.825511,33.33168],[126.825019,33.331384],[126.824547,33.331066],[126.823882,33.330547],[126.823469,33.330176],[126.823081,33.329786],[126.82255,33.329169],[126.822231,33.328737],[126.821942,33.32829],[126.821565,33.327597],[126.821259,33.32688],[126.821096,33.326391],[126.820966,33.325895],[126.82087,33.325393],[126.820807,33.324888],[126.820776,33.324126]]]}},{"type":"Feature","id":690,"properties":{"code":"14800005013020160213UM11002016111","date":"2021-03-11"},"geometry":{"type":"Polygon","coordinates":[[[126.520326,33.27131],[126.52035,33.270802],[126.52045,33.270045],[126.520559,33.269545],[126.520701,33.269051],[126.520876,33.268565],[126.521083,33.268088],[126.521453,33.267392],[126.521738,33.266944],[126.522052,33.26651],[126.522577,33.265889],[126.522961,33.265497],[126.523371,33.265123],[126.523805,33.264769],[126.524499,33.264278],[126.524987,33.263979],[126.525496,33.263704],[126.526021,33.263453],[126.526563,33.263227],[126.527119,33.263028],[126.527688,33.262854],[126.528267,33.262709],[126.528855,33.26259],[126.52945,33.2625],[126.53005,33.262438],[126.530653,33.262405],[126.531258,33.2624],[126.531862,33.262424],[126.532464,33.262476],[126.533061,33.262556],[126.533651,33.262665],[126.534234,33.262802],[126.534649,33.262919],[126.53503,33.262591],[126.535476,33.262247],[126.536186,33.261773],[126.536684,33.261486],[126.537201,33.261223],[126.538008,33.260874],[126.538847,33.260585],[126.539712,33.260356],[126.540597,33.260189],[126.541194,33.260112],[126.541796,33.260065],[126.542703,33.260046],[126.543307,33.26007],[126.543908,33.260122],[126.544802,33.260254],[126.545388,33.260376],[126.546251,33.260612],[126.547087,33.260908],[126.547626,33.261138],[126.548404,33.261529],[126.5489,33.26182],[126.549604,33.2623],[126.550046,33.262646],[126.550465,33.263013],[126.551044,33.263599],[126.551397,33.264012],[126.551784,33.264532],[126.551994,33.264227],[126.552322,33.263801],[126.552868,33.263192],[126.553265,33.262809],[126.553686,33.262445],[126.554363,33.261938],[126.555089,33.26148],[126.555597,33.261205],[126.556122,33.260954],[126.556664,33.260728],[126.55722,33.260528],[126.558077,33.260278],[126.55866,33.260146],[126.559252,33.260042],[126.560151,33.259938],[126.560754,33.259904],[126.561359,33.259899],[126.562264,33.259945],[126.563161,33.260056],[126.564044,33.260229],[126.564622,33.260379],[126.565189,33.260556],[126.566014,33.260872],[126.566546,33.261114],[126.56706,33.261381],[126.567796,33.261826],[126.568261,33.262151],[126.568915,33.262679],[126.569321,33.263056],[126.56988,33.263655],[126.570219,33.264076],[126.570529,33.264512],[126.570938,33.265192],[126.571172,33.265661],[126.571463,33.266382],[126.571681,33.267122],[126.571784,33.267622],[126.571854,33.268127],[126.571894,33.268838],[126.572448,33.268886],[126.573045,33.268967],[126.573928,33.26914],[126.574506,33.26929],[126.575072,33.269468],[126.575898,33.269783],[126.576429,33.270025],[126.576944,33.270292],[126.57768,33.270737],[126.578369,33.271233],[126.578799,33.27159],[126.579205,33.271967],[126.579585,33.272362],[126.580104,33.272987],[126.580558,33.273646],[126.580823,33.274103],[126.581162,33.274809],[126.581348,33.275293],[126.581502,33.275784],[126.581667,33.276518],[126.58194,33.276079],[126.582244,33.275651],[126.582574,33.275237],[126.583091,33.274678],[126.583119,33.274364],[126.583194,33.27386],[126.583302,33.27336],[126.583444,33.272867],[126.583619,33.27238],[126.583826,33.271903],[126.584064,33.271436],[126.584334,33.270981],[126.584794,33.270325],[126.585137,33.269906],[126.585507,33.269505],[126.586112,33.268937],[126.586545,33.268583],[126.587002,33.26825],[126.587481,33.267939],[126.587979,33.267651],[126.588496,33.267388],[126.58903,33.267149],[126.589579,33.266936],[126.590141,33.266749],[126.590715,33.26659],[126.591299,33.266457],[126.591891,33.266353],[126.592489,33.266276],[126.593393,33.266215],[126.593997,33.26621],[126.594601,33.266233],[126.595203,33.266285],[126.5958,33.266365],[126.596391,33.266474],[126.596973,33.26661],[126.597546,33.266774],[126.598382,33.267069],[126.598921,33.267299],[126.5997,33.26769],[126.600195,33.267981],[126.600671,33.268295],[126.601125,33.26863],[126.601761,33.269173],[126.602154,33.269559],[126.602521,33.269963],[126.60286,33.270384],[126.603314,33.271043],[126.603579,33.2715],[126.603813,33.271968],[126.604016,33.272447],[126.604259,33.273181],[126.604379,33.273679],[126.604466,33.274182],[126.604519,33.274688],[126.604538,33.275196],[126.604523,33.275703],[126.604474,33.27621],[126.604391,33.276713],[126.604274,33.277211],[126.604124,33.277704],[126.603942,33.278188],[126.603727,33.278663],[126.603481,33.279127],[126.603204,33.279578],[126.602815,33.280122],[126.60279,33.280891],[126.602719,33.281459],[126.60319,33.281868],[126.603583,33.282254],[126.604123,33.282867],[126.604448,33.283295],[126.604743,33.283738],[126.60513,33.284428],[126.605348,33.284901],[126.605534,33.285385],[126.605688,33.285876],[126.605856,33.286625],[126.605926,33.287129],[126.605962,33.287636],[126.605964,33.288144],[126.605903,33.288905],[126.60582,33.289408],[126.605633,33.290153],[126.605467,33.290642],[126.605268,33.291121],[126.60491,33.291822],[126.604633,33.292273],[126.604326,33.292711],[126.603812,33.293339],[126.603435,33.293736],[126.603032,33.294115],[126.602381,33.294646],[126.601919,33.294973],[126.601435,33.295278],[126.600673,33.295692],[126.599872,33.29605],[126.59932,33.296256],[126.598754,33.296437],[126.598177,33.29659],[126.597591,33.296715],[126.596698,33.296851],[126.595795,33.296923],[126.59519,33.296935],[126.594586,33.296919],[126.593683,33.296841],[126.593087,33.296754],[126.592498,33.296638],[126.591918,33.296495],[126.591348,33.296325],[126.590517,33.296019],[126.589719,33.295656],[126.588961,33.295237],[126.588248,33.294767],[126.587584,33.294247],[126.586976,33.293682],[126.586426,33.293076],[126.586094,33.292651],[126.585651,33.291987],[126.585393,33.291527],[126.585066,33.290816],[126.584888,33.290331],[126.584682,33.289589],[126.584552,33.288835],[126.584499,33.288103],[126.584139,33.287852],[126.583696,33.287507],[126.583076,33.286953],[126.582694,33.286559],[126.582339,33.286148],[126.581861,33.285503],[126.581578,33.285054],[126.581326,33.284593],[126.581007,33.283881],[126.580834,33.283395],[126.580694,33.282901],[126.580588,33.282402],[126.580534,33.282042],[126.580138,33.282619],[126.579802,33.283041],[126.579439,33.283447],[126.578844,33.284022],[126.578416,33.284381],[126.57773,33.284881],[126.577247,33.285186],[126.576485,33.285599],[126.575684,33.285957],[126.575131,33.286163],[126.574566,33.286343],[126.573697,33.286562],[126.573107,33.286674],[126.57221,33.286788],[126.571607,33.286829],[126.5707,33.286837],[126.569795,33.28678],[126.569197,33.286707],[126.568604,33.286605],[126.568019,33.286476],[126.567444,33.286319],[126.56688,33.286135],[126.566329,33.285924],[126.565794,33.285688],[126.565275,33.285427],[126.564774,33.285142],[126.564294,33.284834],[126.563834,33.284503],[126.563398,33.284152],[126.562986,33.28378],[126.562687,33.28348],[126.561874,33.283795],[126.561308,33.283975],[126.560731,33.284128],[126.560145,33.284253],[126.559552,33.284351],[126.558952,33.28442],[126.558349,33.284461],[126.557745,33.284473],[126.55714,33.284457],[126.556538,33.284411],[126.555939,33.284338],[126.555347,33.284236],[126.554762,33.284107],[126.554187,33.28395],[126.553623,33.283766],[126.553072,33.283555],[126.552537,33.283319],[126.552018,33.283058],[126.551517,33.282773],[126.551037,33.282465],[126.550577,33.282134],[126.550141,33.281782],[126.549729,33.28141],[126.549343,33.28102],[126.548983,33.280611],[126.548652,33.280186],[126.548349,33.279746],[126.548076,33.279293],[126.547835,33.278827],[126.547624,33.278351],[126.547447,33.277865],[126.547247,33.277148],[126.546864,33.2773],[126.546305,33.277493],[126.545734,33.27766],[126.545152,33.277799],[126.544562,33.27791],[126.543965,33.277993],[126.543062,33.278065],[126.542457,33.278077],[126.541853,33.278061],[126.540951,33.277982],[126.54006,33.27784],[126.539475,33.277711],[126.538914,33.277558],[126.538424,33.277973],[126.537973,33.278311],[126.537255,33.278776],[126.536751,33.279058],[126.53623,33.279315],[126.535692,33.279547],[126.534858,33.279847],[126.534286,33.280013],[126.533705,33.280152],[126.533115,33.280264],[126.532218,33.280378],[126.531615,33.280418],[126.53101,33.28043],[126.530406,33.280414],[126.529803,33.280369],[126.528908,33.280248],[126.528028,33.280064],[126.527169,33.279818],[126.526612,33.27962],[126.526069,33.279397],[126.525284,33.279015],[126.524541,33.278578],[126.523844,33.27809],[126.523199,33.277555],[126.52261,33.276975],[126.522081,33.276356],[126.521616,33.275702],[126.521219,33.275017],[126.520892,33.274306],[126.520638,33.273575],[126.520458,33.272828],[126.520354,33.272071],[126.520326,33.27131]]]}},{"type":"Feature","id":691,"properties":{"code":"14800005013020160213UM11002016118","date":"2021-03-11"},"geometry":{"type":"Polygon","coordinates":[[[126.701364,33.28973],[126.701387,33.289223],[126.701444,33.288717],[126.701593,33.287965],[126.701817,33.287227],[126.702007,33.286745],[126.702229,33.286272],[126.702483,33.285811],[126.702767,33.285363],[126.70308,33.284928],[126.703423,33.284509],[126.703988,33.283913],[126.704396,33.283539],[126.70483,33.283185],[126.705523,33.282693],[126.706011,33.282393],[126.706519,33.282117],[126.707313,33.281749],[126.708141,33.281438],[126.708998,33.281187],[126.709877,33.280998],[126.710771,33.280872],[126.711373,33.280824],[126.711761,33.280808],[126.712094,33.280401],[126.712464,33.279999],[126.713068,33.27943],[126.713726,33.278906],[126.714194,33.278584],[126.714682,33.278284],[126.71545,33.277879],[126.716256,33.277529],[126.717095,33.277239],[126.717669,33.277078],[126.718252,33.276945],[126.718307,33.276935],[126.718515,33.277308],[126.718493,33.2778],[126.718598,33.277666],[126.719103,33.277209],[126.719309,33.276778],[126.719369,33.276771],[126.71912,33.277263],[126.718634,33.277697],[126.718547,33.277814],[126.718595,33.277949],[126.718943,33.278091],[126.718998,33.277942],[126.719059,33.277938],[126.719069,33.277951],[126.718985,33.27817],[126.71921,33.27827],[126.719253,33.278263],[126.719311,33.278215],[126.719371,33.278106],[126.719454,33.278113],[126.719513,33.278023],[126.719438,33.277879],[126.719373,33.277818],[126.719251,33.27774],[126.719171,33.277739],[126.719113,33.277766],[126.719068,33.277848],[126.719032,33.277861],[126.71899,33.277843],[126.719006,33.277718],[126.719188,33.277674],[126.719234,33.277677],[126.719351,33.277724],[126.719468,33.27784],[126.719504,33.277695],[126.719589,33.277519],[126.719746,33.277512],[126.720102,33.27756],[126.720231,33.277861],[126.720528,33.277674],[126.720618,33.277536],[126.720599,33.277499],[126.720619,33.277285],[126.720756,33.277159],[126.720853,33.277098],[126.720868,33.276996],[126.720941,33.27697],[126.720985,33.276995],[126.721049,33.276946],[126.721065,33.276845],[126.721151,33.2767],[126.721617,33.276722],[126.721646,33.276766],[126.721576,33.276834],[126.721564,33.277133],[126.721534,33.277339],[126.721677,33.277435],[126.721721,33.277483],[126.721724,33.277571],[126.721811,33.277583],[126.721886,33.277552],[126.721981,33.277592],[126.722082,33.277613],[126.722155,33.277599],[126.722219,33.277613],[126.722372,33.27793],[126.722459,33.277969],[126.722648,33.278123],[126.722977,33.278589],[126.723204,33.278789],[126.72336,33.278899],[126.723533,33.278975],[126.723707,33.279043],[126.723936,33.279108],[126.724189,33.279152],[126.724367,33.279162],[126.724509,33.279128],[126.724608,33.279121],[126.724727,33.279218],[126.724851,33.279276],[126.726232,33.279562],[126.726636,33.279573],[126.726809,33.279556],[126.727363,33.279445],[126.727856,33.279402],[126.728005,33.27941],[126.72804,33.279432],[126.728062,33.279427],[126.728428,33.279545],[126.728453,33.279521],[126.72854,33.279489],[126.729113,33.280036],[126.729481,33.28044],[126.729979,33.281076],[126.730275,33.281519],[126.730541,33.281975],[126.730776,33.282444],[126.731069,33.283165],[126.731223,33.283656],[126.731344,33.284154],[126.731432,33.284656],[126.731486,33.285162],[126.731506,33.28567],[126.731491,33.286178],[126.731443,33.286684],[126.731361,33.287188],[126.731174,33.287933],[126.730914,33.288663],[126.730699,33.289138],[126.730454,33.289602],[126.730177,33.290054],[126.729871,33.290492],[126.729536,33.290915],[126.728981,33.291518],[126.728579,33.291897],[126.727929,33.292429],[126.727467,33.292757],[126.726984,33.293062],[126.726481,33.293345],[126.72596,33.293603],[126.725148,33.293942],[126.724589,33.294136],[126.724017,33.294304],[126.723142,33.294503],[126.722249,33.29464],[126.721648,33.294696],[126.721109,33.294721],[126.720864,33.295025],[126.720501,33.295432],[126.719907,33.296007],[126.719257,33.296539],[126.718795,33.296867],[126.718312,33.297172],[126.717809,33.297455],[126.717288,33.297713],[126.716476,33.298052],[126.715632,33.298333],[126.714764,33.298553],[126.714174,33.298666],[126.713577,33.29875],[126.712976,33.298805],[126.712372,33.298833],[126.711767,33.298831],[126.711163,33.298801],[126.710562,33.298743],[126.709966,33.298656],[126.709377,33.298541],[126.708796,33.298398],[126.708226,33.298228],[126.707668,33.298032],[126.707124,33.297809],[126.706596,33.297561],[126.706086,33.297289],[126.705594,33.296992],[126.705124,33.296673],[126.704675,33.296333],[126.70425,33.295971],[126.70385,33.29559],[126.703476,33.295191],[126.70313,33.294774],[126.702812,33.294342],[126.70239,33.293667],[126.702147,33.293202],[126.701936,33.292726],[126.701758,33.292241],[126.701612,33.291748],[126.701499,33.291249],[126.70142,33.290745],[126.701375,33.290238],[126.701364,33.28973]]]}},{"type":"Feature","id":692,"properties":{"code":"14800005013020200116UM11002020001","date":"2021-03-11"},"geometry":{"type":"Polygon","coordinates":[[[126.556882,33.242597],[126.556928,33.241842],[126.557001,33.241342],[126.557172,33.2406],[126.557359,33.240026],[126.557402,33.240028],[126.557574,33.239948],[126.557734,33.239946],[126.557874,33.239734],[126.558006,33.239641],[126.55975,33.23737],[126.559785,33.237392],[126.55858,33.23897],[126.559096,33.239252],[126.55915,33.239241],[126.559165,33.239294],[126.559137,33.239325],[126.558882,33.239207],[126.558842,33.239256],[126.558965,33.23935],[126.558984,33.239347],[126.559206,33.239623],[126.559223,33.239854],[126.559252,33.239855],[126.559284,33.241039],[126.559592,33.241559],[126.559335,33.241665],[126.559776,33.242036],[126.559872,33.242134],[126.559938,33.24224],[126.559915,33.242255],[126.560076,33.242478],[126.560092,33.242585],[126.560266,33.242904],[126.560325,33.243146],[126.560338,33.243147],[126.560352,33.243191],[126.561711,33.243195],[126.561816,33.243087],[126.561767,33.242828],[126.561716,33.242711],[126.56161,33.242529],[126.561524,33.242422],[126.561469,33.242366],[126.561118,33.242111],[126.56106,33.241991],[126.561052,33.241916],[126.56082,33.241151],[126.560929,33.240694],[126.561755,33.239896],[126.564108,33.239196],[126.56432,33.238583],[126.564508,33.238368],[126.564537,33.238385],[126.564731,33.23797],[126.565595,33.237635],[126.567421,33.238227],[126.568462,33.23719],[126.567318,33.236377],[126.567359,33.236333],[126.567377,33.236342],[126.567546,33.23617],[126.567937,33.236235],[126.568084,33.236092],[126.569833,33.237312],[126.569414,33.237728],[126.569339,33.23776],[126.568886,33.23821],[126.568796,33.238265],[126.566205,33.240793],[126.566623,33.241184],[126.566549,33.241222],[126.566523,33.241262],[126.566586,33.241276],[126.566579,33.241322],[126.566627,33.241309],[126.566674,33.241234],[126.567074,33.241416],[126.567566,33.241859],[126.567697,33.242065],[126.567806,33.242194],[126.567867,33.242227],[126.567869,33.242186],[126.567612,33.241899],[126.567605,33.241875],[126.567718,33.241787],[126.567793,33.241766],[126.567818,33.241774],[126.567997,33.241941],[126.568024,33.242027],[126.567893,33.242128],[126.567915,33.242166],[126.56793,33.242281],[126.568007,33.242363],[126.568067,33.242381],[126.568302,33.242537],[126.568305,33.242616],[126.568254,33.242646],[126.568256,33.242751],[126.568285,33.242787],[126.568278,33.242875],[126.568322,33.242977],[126.568314,33.243003],[126.568424,33.243133],[126.568631,33.243293],[126.568636,33.24333],[126.568685,33.243349],[126.568736,33.243433],[126.568989,33.243256],[126.569024,33.24325],[126.569425,33.243431],[126.569633,33.24316],[126.569792,33.243235],[126.569874,33.243315],[126.569926,33.243402],[126.569954,33.243558],[126.569431,33.243745],[126.569503,33.243862],[126.56975,33.243923],[126.569726,33.243971],[126.569896,33.244041],[126.569938,33.244041],[126.569999,33.24414],[126.570098,33.244173],[126.57014,33.244227],[126.5705,33.244292],[126.570613,33.244336],[126.570693,33.244394],[126.570772,33.244403],[126.571132,33.244503],[126.571253,33.244553],[126.571414,33.244656],[126.571425,33.244789],[126.571449,33.244855],[126.571421,33.244925],[126.571581,33.244987],[126.572031,33.245108],[126.572405,33.245054],[126.572532,33.24502],[126.573008,33.244799],[126.572997,33.244758],[126.57305,33.244721],[126.573125,33.244719],[126.573182,33.244693],[126.573227,33.244561],[126.573285,33.244513],[126.573349,33.244399],[126.573394,33.244368],[126.573548,33.244306],[126.573591,33.244306],[126.573941,33.244206],[126.574198,33.244171],[126.57428,33.244191],[126.574601,33.244226],[126.574781,33.244266],[126.574913,33.244355],[126.574911,33.244376],[126.575016,33.244428],[126.575357,33.244666],[126.575683,33.244728],[126.575879,33.244795],[126.576298,33.244841],[126.576601,33.244821],[126.576718,33.244959],[126.576945,33.245053],[126.577455,33.245096],[126.577511,33.245117],[126.577549,33.245249],[126.57761,33.245256],[126.578163,33.244973],[126.578305,33.244667],[126.578172,33.245139],[126.578002,33.245625],[126.577686,33.246337],[126.577299,33.247025],[126.576843,33.247686],[126.576503,33.248107],[126.576135,33.248511],[126.575533,33.249084],[126.574876,33.249611],[126.574168,33.25009],[126.573415,33.250517],[126.572621,33.250889],[126.571793,33.251203],[126.571224,33.251379],[126.570645,33.251528],[126.570056,33.251649],[126.569461,33.251742],[126.568558,33.251828],[126.567952,33.25185],[126.567468,33.251846],[126.566613,33.251795],[126.566047,33.251729],[126.565485,33.251638],[126.564631,33.251449],[126.563798,33.2512],[126.563258,33.251003],[126.562731,33.250781],[126.56197,33.250404],[126.561484,33.250124],[126.561017,33.249821],[126.560314,33.249302],[126.559916,33.248969],[126.559525,33.248608],[126.559144,33.248219],[126.558789,33.247813],[126.558308,33.247174],[126.557893,33.246504],[126.557547,33.245806],[126.557355,33.245329],[126.557195,33.244843],[126.557016,33.244103],[126.556911,33.243352],[126.556882,33.242597]]]}},{"type":"Feature","id":693,"properties":{"code":"14800005013020160213UM11002016113","date":"2021-03-11"},"geometry":{"type":"Polygon","coordinates":[[[126.56638,33.302193],[126.566404,33.301686],[126.566462,33.30118],[126.566612,33.300428],[126.566837,33.29969],[126.567028,33.299208],[126.567251,33.298736],[126.567644,33.298049],[126.567943,33.297608],[126.568272,33.297182],[126.568629,33.296772],[126.569013,33.296379],[126.569637,33.295826],[126.570082,33.295482],[126.57055,33.29516],[126.571291,33.29472],[126.572073,33.294334],[126.572615,33.294108],[126.573171,33.293908],[126.57374,33.293735],[126.574319,33.293589],[126.575204,33.293422],[126.575802,33.293345],[126.576404,33.293297],[126.577311,33.293279],[126.577915,33.293303],[126.578517,33.293355],[126.579411,33.293486],[126.579998,33.293608],[126.580576,33.293758],[126.581422,33.294034],[126.581969,33.294251],[126.5825,33.294493],[126.583265,33.294903],[126.583751,33.295205],[126.584216,33.29553],[126.584871,33.296058],[126.585277,33.296434],[126.585657,33.29683],[126.586176,33.297455],[126.58663,33.298114],[126.586895,33.298571],[126.587129,33.299039],[126.587332,33.299518],[126.587502,33.300005],[126.587695,33.30075],[126.587812,33.301505],[126.587848,33.302012],[126.58785,33.30252],[126.587789,33.303281],[126.587706,33.303784],[126.587589,33.304282],[126.587352,33.305018],[126.587153,33.305497],[126.586922,33.305967],[126.58666,33.306425],[126.586368,33.30687],[126.585875,33.307509],[126.585319,33.308112],[126.584916,33.30849],[126.584488,33.308849],[126.584037,33.309188],[126.583563,33.309504],[126.582815,33.309935],[126.582294,33.310193],[126.581756,33.310425],[126.580921,33.310725],[126.58006,33.310964],[126.579178,33.311142],[126.578281,33.311257],[126.577678,33.311298],[126.577073,33.31131],[126.576166,33.311275],[126.575565,33.311215],[126.574969,33.311128],[126.574089,33.310944],[126.573513,33.310787],[126.572949,33.310603],[126.572129,33.310278],[126.571601,33.31003],[126.571091,33.309756],[126.5706,33.30946],[126.57013,33.30914],[126.569466,33.30862],[126.569054,33.308248],[126.568667,33.307858],[126.568138,33.307239],[126.567821,33.306806],[126.567533,33.30636],[126.567158,33.305666],[126.566855,33.304948],[126.566693,33.304458],[126.566565,33.303962],[126.566469,33.30346],[126.566408,33.302955],[126.56638,33.302193]]]}},{"type":"Feature","id":694,"properties":{"code":"14800005013020160213UM11002016110","date":"2021-03-11"},"geometry":{"type":"Polygon","coordinates":[[[126.475102,33.253345],[126.475229,33.253165],[126.475216,33.253072],[126.47523,33.252982],[126.475188,33.252684],[126.475343,33.25235],[126.475175,33.252125],[126.475353,33.251862],[126.475653,33.251663],[126.475763,33.251446],[126.475991,33.251187],[126.476258,33.25059],[126.476897,33.250268],[126.477011,33.250149],[126.477249,33.25011],[126.477334,33.24997],[126.477477,33.249911],[126.477656,33.249881],[126.477609,33.249472],[126.477297,33.248996],[126.477236,33.248347],[126.4771,33.24825],[126.476963,33.247179],[126.477305,33.246683],[126.477463,33.246364],[126.477511,33.245771],[126.47764,33.245329],[126.477609,33.245191],[126.477766,33.245009],[126.478375,33.244783],[126.47876,33.244699],[126.478916,33.244064],[126.478968,33.244007],[126.478524,33.243667],[126.4781,33.243305],[126.477511,33.242725],[126.476983,33.242106],[126.476667,33.241673],[126.476379,33.241226],[126.476122,33.240766],[126.475897,33.240295],[126.475619,33.23957],[126.475414,33.238828],[126.475285,33.238074],[126.475232,33.237313],[126.475256,33.236551],[126.475356,33.235794],[126.475465,33.235294],[126.475607,33.234801],[126.475882,33.234075],[126.476105,33.233603],[126.47636,33.233142],[126.476799,33.232475],[126.477128,33.232049],[126.477485,33.231639],[126.477869,33.231247],[126.478278,33.230873],[126.478712,33.23052],[126.479169,33.230187],[126.479648,33.229877],[126.480147,33.22959],[126.480664,33.229326],[126.481437,33.228992],[126.481522,33.229016],[126.481575,33.229086],[126.48174,33.229145],[126.482385,33.22931],[126.482624,33.229335],[126.483048,33.229495],[126.483464,33.22957],[126.483482,33.229587],[126.483735,33.229641],[126.484011,33.229793],[126.484297,33.230072],[126.484306,33.230143],[126.484414,33.23028],[126.484519,33.230368],[126.484598,33.230376],[126.484689,33.230408],[126.484759,33.230508],[126.484786,33.230588],[126.485079,33.23075],[126.485074,33.230868],[126.485164,33.230874],[126.485251,33.230788],[126.485497,33.230772],[126.485738,33.230786],[126.485912,33.231],[126.486147,33.231147],[126.486264,33.231281],[126.486648,33.23151],[126.486825,33.231707],[126.486925,33.231793],[126.486959,33.231862],[126.487077,33.232017],[126.48712,33.232048],[126.487212,33.232058],[126.487251,33.232131],[126.487601,33.232223],[126.487756,33.232234],[126.488166,33.231958],[126.488299,33.231892],[126.488371,33.231771],[126.488668,33.231818],[126.488937,33.23181],[126.489058,33.231782],[126.48918,33.23195],[126.489415,33.232203],[126.490665,33.232439],[126.490826,33.232481],[126.490898,33.232593],[126.490909,33.23269],[126.491029,33.232694],[126.491221,33.232847],[126.491308,33.232842],[126.49125,33.23306],[126.491605,33.233264],[126.491837,33.233227],[126.491867,33.233202],[126.491954,33.233184],[126.492119,33.233231],[126.492115,33.233105],[126.492161,33.23294],[126.49221,33.232923],[126.492565,33.23292],[126.492749,33.23288],[126.493019,33.232793],[126.493153,33.232732],[126.493872,33.232298],[126.493918,33.232137],[126.493985,33.231986],[126.494232,33.231918],[126.494442,33.231946],[126.4947,33.23194],[126.495176,33.232551],[126.49547,33.232995],[126.495735,33.233452],[126.495969,33.23392],[126.49617,33.234399],[126.49634,33.234887],[126.496476,33.235382],[126.496618,33.236134],[126.496684,33.236894],[126.496685,33.237402],[126.496652,33.237909],[126.496586,33.238414],[126.496423,33.239163],[126.496272,33.239656],[126.496089,33.24014],[126.495874,33.240614],[126.495492,33.241305],[126.4952,33.24175],[126.494878,33.24218],[126.494343,33.242795],[126.493747,33.24337],[126.493319,33.243728],[126.492868,33.244066],[126.49215,33.244532],[126.491388,33.244945],[126.490858,33.245189],[126.490313,33.245408],[126.489469,33.245688],[126.4886,33.245906],[126.488011,33.246017],[126.487114,33.246131],[126.486494,33.246172],[126.486554,33.246405],[126.486474,33.246672],[126.486574,33.247567],[126.486302,33.247886],[126.486322,33.248114],[126.48629,33.24843],[126.486329,33.248859],[126.486146,33.249043],[126.486618,33.248772],[126.487135,33.248509],[126.487942,33.248161],[126.48878,33.247871],[126.489645,33.247643],[126.49053,33.247476],[126.491128,33.2474],[126.49173,33.247352],[126.492636,33.247335],[126.493541,33.247381],[126.494438,33.247492],[126.495321,33.247666],[126.496183,33.247902],[126.497019,33.248198],[126.497822,33.248552],[126.498586,33.248962],[126.499306,33.249425],[126.499759,33.249761],[126.500189,33.250119],[126.500788,33.250691],[126.501326,33.251304],[126.501651,33.251733],[126.501945,33.252176],[126.502331,33.252866],[126.502646,33.25358],[126.502887,33.254315],[126.503055,33.255063],[126.503146,33.255821],[126.503161,33.256583],[126.503099,33.257343],[126.503015,33.257846],[126.502898,33.258345],[126.50266,33.25908],[126.502349,33.259796],[126.501968,33.260487],[126.501518,33.261148],[126.501003,33.261776],[126.500427,33.262364],[126.499794,33.26291],[126.499109,33.263409],[126.498376,33.263857],[126.4976,33.264252],[126.496787,33.26459],[126.496228,33.264783],[126.495367,33.265022],[126.494485,33.265199],[126.493888,33.265282],[126.492985,33.265353],[126.492078,33.26536],[126.491174,33.265303],[126.490279,33.265182],[126.489399,33.264997],[126.48854,33.264751],[126.487983,33.264554],[126.48744,33.26433],[126.486656,33.263948],[126.485913,33.263511],[126.485217,33.263023],[126.484781,33.262671],[126.484369,33.262298],[126.4838,33.261705],[126.483455,33.261288],[126.483138,33.260856],[126.482718,33.26018],[126.482368,33.259477],[126.48209,33.258752],[126.481885,33.25801],[126.481756,33.257256],[126.481712,33.256749],[126.481702,33.256241],[126.481752,33.255481],[126.481827,33.254977],[126.481936,33.254477],[126.482078,33.253983],[126.482215,33.253597],[126.481926,33.253596],[126.481928,33.253325],[126.481821,33.253325],[126.481772,33.253465],[126.481653,33.253545],[126.481542,33.253762],[126.481239,33.253963],[126.480751,33.254134],[126.480156,33.253988],[126.479831,33.254021],[126.479491,33.253984],[126.479518,33.253808],[126.479398,33.253635],[126.479304,33.253445],[126.478878,33.252992],[126.478679,33.252911],[126.478517,33.253377],[126.478601,33.253964],[126.478001,33.25407],[126.477905,33.25417],[126.477785,33.25425],[126.477665,33.254374],[126.476824,33.254153],[126.476617,33.254255],[126.476343,33.25435],[126.476074,33.254321],[126.475859,33.254342],[126.475707,33.254326],[126.47576,33.253976],[126.475745,33.25387],[126.47554,33.25389],[126.475414,33.253876],[126.47544,33.253704],[126.475405,33.253453],[126.475102,33.253345]],[[126.479848,33.250614],[126.480479,33.25033],[126.4817,33.250217],[126.481721,33.250157],[126.481726,33.25003],[126.481789,33.250005],[126.481804,33.249428],[126.481441,33.249468],[126.481413,33.249019],[126.48124,33.249036],[126.481076,33.249099],[126.481036,33.24892],[126.480924,33.248731],[126.480771,33.248579],[126.480661,33.248322],[126.480472,33.248019],[126.480731,33.247917],[126.48082,33.247895],[126.480919,33.247771],[126.480185,33.247354],[126.480605,33.246949],[126.481046,33.246691],[126.480959,33.246556],[126.481482,33.246016],[126.482116,33.24574],[126.482276,33.245635],[126.481496,33.245366],[126.481381,33.245427],[126.481162,33.245504],[126.480752,33.245829],[126.480556,33.246076],[126.480519,33.246049],[126.480142,33.246487],[126.480033,33.246627],[126.48009,33.246646],[126.479737,33.246916],[126.479393,33.247221],[126.479362,33.247391],[126.479451,33.247605],[126.4797,33.247973],[126.479904,33.248214],[126.480118,33.248628],[126.480367,33.248924],[126.480597,33.249161],[126.480638,33.249335],[126.480729,33.249558],[126.480745,33.249831],[126.480617,33.249973],[126.480521,33.249819],[126.480374,33.249812],[126.480085,33.250001],[126.480047,33.250077],[126.480102,33.250093],[126.480039,33.250222],[126.479807,33.250482],[126.479795,33.250544],[126.479848,33.250614]],[[126.478382,33.25117],[126.478896,33.250885],[126.47908,33.250494],[126.479063,33.250341],[126.47908,33.250159],[126.479174,33.250087],[126.479223,33.250026],[126.479306,33.250078],[126.479476,33.250072],[126.479554,33.249976],[126.479656,33.249719],[126.479734,33.249657],[126.479697,33.249592],[126.47982,33.249576],[126.479911,33.249582],[126.480045,33.249465],[126.48001,33.249356],[126.479964,33.249362],[126.479615,33.248999],[126.479461,33.248887],[126.479165,33.248927],[126.479082,33.248725],[126.478904,33.248529],[126.478979,33.248466],[126.478983,33.248433],[126.478721,33.248243],[126.478758,33.248171],[126.47873,33.248094],[126.478565,33.247854],[126.478435,33.247622],[126.47818,33.247651],[126.478,33.248202],[126.478025,33.248322],[126.478128,33.248435],[126.478305,33.248742],[126.478308,33.248821],[126.478086,33.24919],[126.478067,33.249388],[126.478088,33.249474],[126.478157,33.249601],[126.478221,33.249669],[126.478265,33.249777],[126.478276,33.250133],[126.478314,33.250155],[126.478198,33.250545],[126.478422,33.25069],[126.47832,33.251007],[126.478305,33.251129],[126.478382,33.25117]],[[126.478863,33.246397],[126.478972,33.246242],[126.479126,33.246221],[126.47925,33.246119],[126.479381,33.245968],[126.479402,33.245924],[126.479306,33.24586],[126.480024,33.245055],[126.480089,33.245041],[126.480222,33.244942],[126.480371,33.244863],[126.479699,33.244489],[126.479517,33.244838],[126.479469,33.244836],[126.479337,33.244918],[126.479378,33.245009],[126.479313,33.24512],[126.479106,33.245239],[126.479021,33.245354],[126.478774,33.245466],[126.478613,33.24563],[126.478515,33.245618],[126.478472,33.245685],[126.478448,33.246367],[126.478863,33.246397]]]}},{"type":"Feature","id":695,"properties":{"code":"14800005013020160213UM11002016114","date":"2021-03-11"},"geometry":{"type":"Polygon","coordinates":[[[126.59034,33.307811],[126.590364,33.307303],[126.590422,33.306797],[126.590572,33.306046],[126.590797,33.305308],[126.590987,33.304826],[126.59121,33.304353],[126.591603,33.303667],[126.591903,33.303225],[126.592231,33.302799],[126.592588,33.302389],[126.592972,33.301996],[126.593595,33.301442],[126.594041,33.301099],[126.594509,33.300777],[126.59525,33.300337],[126.596032,33.299951],[126.596573,33.299725],[126.59713,33.299525],[126.597698,33.299351],[126.598278,33.299205],[126.599163,33.299038],[126.599761,33.298961],[126.600363,33.298913],[126.60127,33.298895],[126.601874,33.298918],[126.602476,33.29897],[126.60337,33.299101],[126.603957,33.299223],[126.604535,33.299373],[126.605381,33.299649],[126.605928,33.299865],[126.60646,33.300108],[126.607225,33.300517],[126.607711,33.300819],[126.608176,33.301144],[126.608831,33.301672],[126.609237,33.302048],[126.609617,33.302443],[126.610136,33.303068],[126.61059,33.303728],[126.610856,33.304184],[126.61109,33.304653],[126.611293,33.305131],[126.611463,33.305619],[126.611656,33.306363],[126.611743,33.306866],[126.611796,33.307372],[126.611812,33.308134],[126.611751,33.308894],[126.611614,33.309647],[126.611481,33.310143],[126.611314,33.310631],[126.611004,33.311347],[126.610758,33.311811],[126.610481,33.312263],[126.610009,33.312914],[126.609474,33.313529],[126.609084,33.313917],[126.608668,33.314286],[126.608229,33.314635],[126.607766,33.314963],[126.607033,33.315412],[126.606257,33.315807],[126.605719,33.316039],[126.605166,33.316246],[126.604601,33.316426],[126.604024,33.316579],[126.603141,33.316757],[126.602545,33.316841],[126.601943,33.316896],[126.601036,33.316925],[126.600432,33.316909],[126.599829,33.316864],[126.598933,33.316744],[126.598052,33.31656],[126.597477,33.316403],[126.596912,33.316219],[126.596092,33.315895],[126.595564,33.315646],[126.595054,33.315373],[126.594563,33.315076],[126.594092,33.314757],[126.593429,33.314237],[126.593016,33.313865],[126.592629,33.313475],[126.5921,33.312856],[126.591782,33.312424],[126.591494,33.311977],[126.59112,33.311283],[126.590816,33.310565],[126.590654,33.310076],[126.590525,33.309579],[126.59043,33.309078],[126.590369,33.308572],[126.59034,33.307811]]]}},{"type":"Feature","id":696,"properties":{"code":"14800005013020160213UM11002016117","date":"2021-03-11"},"geometry":{"type":"Polygon","coordinates":[[[126.648258,33.301558],[126.648281,33.30105],[126.648339,33.300544],[126.648488,33.299793],[126.648629,33.299299],[126.648804,33.298812],[126.649125,33.2981],[126.649379,33.297639],[126.649664,33.297191],[126.650146,33.296545],[126.650502,33.296135],[126.650886,33.295742],[126.651295,33.295368],[126.651728,33.295013],[126.652185,33.29468],[126.652663,33.294369],[126.653162,33.294081],[126.653679,33.293818],[126.654213,33.293579],[126.654762,33.293365],[126.655324,33.293178],[126.655898,33.293018],[126.656482,33.292885],[126.657372,33.292739],[126.658274,33.292655],[126.658878,33.292636],[126.659785,33.29266],[126.660387,33.292711],[126.661281,33.292842],[126.661868,33.292964],[126.662446,33.293114],[126.663129,33.293331],[126.663814,33.292973],[126.664348,33.292734],[126.664732,33.292583],[126.664246,33.292126],[126.663872,33.291726],[126.663526,33.29131],[126.663208,33.290878],[126.66292,33.290431],[126.662545,33.289737],[126.662334,33.289261],[126.662155,33.288776],[126.66201,33.288283],[126.661897,33.287784],[126.661818,33.28728],[126.661764,33.286519],[126.66177,33.286011],[126.66181,33.285505],[126.661885,33.285],[126.661993,33.284501],[126.662134,33.284007],[126.662308,33.28352],[126.662514,33.283043],[126.662753,33.282576],[126.663022,33.282121],[126.663321,33.281679],[126.663824,33.281045],[126.664194,33.280643],[126.66459,33.28026],[126.665012,33.279895],[126.665688,33.279388],[126.666166,33.279077],[126.666921,33.278654],[126.667446,33.278402],[126.667988,33.278176],[126.668544,33.277975],[126.6694,33.277725],[126.669984,33.277592],[126.670576,33.277487],[126.671474,33.277383],[126.67238,33.277342],[126.673287,33.277366],[126.673888,33.277418],[126.674485,33.277498],[126.675369,33.27767],[126.676232,33.277905],[126.677068,33.2782],[126.677608,33.278429],[126.678132,33.278683],[126.678883,33.27911],[126.679589,33.279589],[126.680244,33.280116],[126.68065,33.280492],[126.68103,33.280887],[126.68155,33.281512],[126.68186,33.281948],[126.682071,33.282282],[126.682622,33.281701],[126.683245,33.281147],[126.683921,33.280639],[126.684399,33.280328],[126.685154,33.279905],[126.685679,33.279653],[126.686497,33.279324],[126.687059,33.279136],[126.687633,33.278976],[126.688512,33.278787],[126.689107,33.278696],[126.690008,33.278613],[126.690915,33.278593],[126.691519,33.278616],[126.69242,33.278704],[126.693309,33.278856],[126.693892,33.278992],[126.694465,33.279155],[126.695301,33.27945],[126.695841,33.279679],[126.696365,33.279933],[126.696871,33.280212],[126.697357,33.280514],[126.697822,33.280838],[126.698265,33.281184],[126.698884,33.281742],[126.699264,33.282136],[126.699617,33.282549],[126.699943,33.282977],[126.700239,33.28342],[126.700504,33.283876],[126.700739,33.284345],[126.701032,33.285066],[126.70125,33.285805],[126.701355,33.286306],[126.701425,33.28681],[126.701467,33.287571],[126.701453,33.288079],[126.701404,33.288585],[126.701268,33.289339],[126.701056,33.29008],[126.700771,33.290803],[126.700414,33.291503],[126.699988,33.292176],[126.699496,33.292816],[126.699133,33.293222],[126.698743,33.293611],[126.698328,33.29398],[126.697888,33.294329],[126.697187,33.294813],[126.69644,33.295245],[126.695652,33.295622],[126.694829,33.295942],[126.694263,33.296123],[126.693687,33.296276],[126.693101,33.296402],[126.692507,33.296501],[126.691607,33.296595],[126.6907,33.296625],[126.690096,33.296609],[126.689493,33.296564],[126.688597,33.296444],[126.688008,33.296329],[126.687427,33.296187],[126.686857,33.296017],[126.686299,33.29582],[126.68549,33.295477],[126.68497,33.295216],[126.684469,33.294931],[126.683755,33.294461],[126.683307,33.29412],[126.682882,33.293759],[126.682292,33.29318],[126.681762,33.292562],[126.681444,33.29213],[126.681157,33.291685],[126.680705,33.292169],[126.680302,33.292548],[126.679652,33.29308],[126.67919,33.293408],[126.678707,33.293713],[126.678204,33.293995],[126.677682,33.294253],[126.676897,33.294582],[126.677478,33.295136],[126.677846,33.29554],[126.678185,33.295961],[126.678496,33.296396],[126.678776,33.296846],[126.679027,33.297309],[126.679246,33.297782],[126.679514,33.29851],[126.679651,33.299005],[126.679755,33.299505],[126.679848,33.300263],[126.679868,33.300771],[126.679853,33.301279],[126.679804,33.301785],[126.679722,33.302289],[126.679606,33.302787],[126.679456,33.303279],[126.679274,33.303764],[126.679059,33.304239],[126.678679,33.304931],[126.67823,33.305593],[126.677895,33.306015],[126.677531,33.306422],[126.677141,33.30681],[126.676726,33.307179],[126.676287,33.307529],[126.675585,33.308012],[126.675092,33.308306],[126.674579,33.308576],[126.674049,33.308821],[126.673504,33.309041],[126.672945,33.309235],[126.672084,33.309475],[126.671201,33.309653],[126.670304,33.309769],[126.669701,33.30981],[126.669097,33.309823],[126.668492,33.309807],[126.667889,33.309762],[126.666993,33.309642],[126.666112,33.309459],[126.665537,33.309302],[126.664996,33.309127],[126.664442,33.309421],[126.663912,33.309666],[126.663367,33.309886],[126.662523,33.310167],[126.661654,33.310386],[126.661064,33.310498],[126.660467,33.310582],[126.659564,33.310655],[126.658657,33.310663],[126.658053,33.310633],[126.657452,33.310574],[126.656856,33.310487],[126.656266,33.310372],[126.655399,33.310147],[126.654558,33.309862],[126.653748,33.309518],[126.653229,33.309257],[126.652485,33.308821],[126.651787,33.308334],[126.651141,33.307799],[126.650741,33.307418],[126.65019,33.306813],[126.649703,33.30617],[126.649282,33.305495],[126.64893,33.304793],[126.648735,33.304312],[126.648573,33.303822],[126.648392,33.303076],[126.648287,33.302319],[126.648258,33.301558]]]}},{"type":"Feature","id":697,"properties":{"code":"14800005013020160213UM11002016128","date":"2021-03-11"},"geometry":{"type":"Polygon","coordinates":[[[126.853056,33.402632],[126.853079,33.402125],[126.853135,33.401619],[126.853283,33.400867],[126.853506,33.400129],[126.853695,33.399646],[126.853917,33.399173],[126.854308,33.398486],[126.854607,33.398044],[126.854934,33.397617],[126.85529,33.397206],[126.855673,33.396812],[126.856296,33.396257],[126.856741,33.395913],[126.857209,33.39559],[126.857949,33.395148],[126.85873,33.39476],[126.859272,33.394533],[126.859828,33.394332],[126.860397,33.394158],[126.860977,33.39401],[126.861862,33.393841],[126.862461,33.393763],[126.863063,33.393714],[126.863971,33.393693],[126.864576,33.393715],[126.865179,33.393766],[126.866074,33.393895],[126.866662,33.394016],[126.867241,33.394165],[126.868089,33.394439],[126.868637,33.394654],[126.86917,33.394895],[126.869938,33.395303],[126.870425,33.395605],[126.870892,33.395929],[126.871549,33.396455],[126.871956,33.39683],[126.872338,33.397225],[126.87286,33.397848],[126.873317,33.398507],[126.873584,33.398963],[126.87382,33.399431],[126.874024,33.399909],[126.874196,33.400396],[126.874391,33.40114],[126.874511,33.401895],[126.874549,33.402402],[126.874553,33.40291],[126.874494,33.403671],[126.874412,33.404174],[126.874297,33.404673],[126.874062,33.405409],[126.873864,33.405889],[126.873635,33.406359],[126.873374,33.406817],[126.873083,33.407263],[126.872591,33.407904],[126.872037,33.408507],[126.871635,33.408887],[126.871207,33.409247],[126.870756,33.409586],[126.870284,33.409904],[126.869536,33.410337],[126.869015,33.410595],[126.868477,33.410829],[126.867643,33.411131],[126.866781,33.411372],[126.866195,33.411499],[126.8656,33.411598],[126.864699,33.411693],[126.863791,33.411724],[126.863186,33.411709],[126.862582,33.411666],[126.861685,33.411547],[126.860803,33.411366],[126.860226,33.41121],[126.859661,33.411027],[126.858838,33.410704],[126.858309,33.410457],[126.857798,33.410185],[126.857305,33.409889],[126.856833,33.409571],[126.856167,33.409053],[126.855753,33.408682],[126.855365,33.408292],[126.854833,33.407674],[126.854514,33.407242],[126.854224,33.406796],[126.853847,33.406103],[126.853541,33.405386],[126.853377,33.404897],[126.853247,33.404401],[126.85315,33.403899],[126.853087,33.403394],[126.853056,33.402632]]]}},{"type":"Feature","id":698,"properties":{"code":"14800005011020160213UM11000001020","date":"2021-03-11"},"geometry":{"type":"Polygon","coordinates":[[[126.368851,33.436938],[126.368876,33.436431],[126.368935,33.435925],[126.369087,33.435174],[126.36923,33.43468],[126.369406,33.434194],[126.369614,33.433717],[126.369854,33.433251],[126.370126,33.432797],[126.370427,33.432356],[126.370757,33.43193],[126.371115,33.431521],[126.371501,33.431129],[126.372127,33.430576],[126.372574,33.430234],[126.373043,33.429912],[126.373533,33.429614],[126.374043,33.429339],[126.37457,33.429089],[126.375113,33.428864],[126.375671,33.428665],[126.376241,33.428493],[126.376821,33.428347],[126.377411,33.42823],[126.378007,33.42814],[126.378608,33.428079],[126.379516,33.428041],[126.380121,33.428051],[126.380726,33.42809],[126.381326,33.428157],[126.381921,33.428252],[126.382509,33.428376],[126.383087,33.428527],[126.383655,33.428705],[126.384481,33.429022],[126.385013,33.429265],[126.385528,33.429532],[126.386024,33.429824],[126.386499,33.430139],[126.386953,33.430475],[126.387383,33.430833],[126.387789,33.43121],[126.388349,33.431811],[126.388687,33.432232],[126.388997,33.432668],[126.389277,33.433119],[126.389526,33.433582],[126.389743,33.434056],[126.389991,33.434728],[126.390634,33.434586],[126.391526,33.434447],[126.392127,33.43439],[126.393034,33.434357],[126.39394,33.434389],[126.394542,33.434446],[126.395138,33.43453],[126.39602,33.43471],[126.396596,33.434864],[126.397439,33.435146],[126.397984,33.435366],[126.398772,33.435744],[126.399519,33.436177],[126.399991,33.436493],[126.400658,33.437009],[126.401073,33.437378],[126.401463,33.437767],[126.401997,33.438382],[126.402317,33.438812],[126.402743,33.439484],[126.402989,33.439948],[126.403298,33.440663],[126.403463,33.441151],[126.40365,33.441896],[126.403761,33.442651],[126.403792,33.443157],[126.40379,33.443665],[126.403753,33.444171],[126.403683,33.444675],[126.403514,33.445422],[126.403306,33.446149],[126.403046,33.446857],[126.402834,33.447317],[126.402592,33.447767],[126.402176,33.44842],[126.40154,33.449267],[126.401189,33.44968],[126.40081,33.450076],[126.400463,33.450401],[126.400097,33.450714],[126.399654,33.451053],[126.39919,33.451372],[126.398705,33.451668],[126.398201,33.451941],[126.397414,33.452305],[126.396592,33.452613],[126.396029,33.452786],[126.395455,33.452932],[126.394872,33.453052],[126.394283,33.453143],[126.393389,33.453229],[126.392831,33.45325],[126.391832,33.453262],[126.39125,33.453246],[126.390669,33.453203],[126.390092,33.453135],[126.389521,33.45304],[126.388956,33.452919],[126.3884,33.452773],[126.387586,33.452507],[126.387059,33.452299],[126.386295,33.451944],[126.385806,33.451678],[126.385323,33.451383],[126.38486,33.451066],[126.384419,33.450727],[126.383801,33.450183],[126.383239,33.449597],[126.382898,33.449185],[126.382438,33.44854],[126.382168,33.448093],[126.381928,33.447634],[126.381719,33.447164],[126.381542,33.446686],[126.381335,33.445954],[126.380573,33.446035],[126.379842,33.44607],[126.379236,33.446067],[126.378631,33.446035],[126.378029,33.445975],[126.377433,33.445886],[126.376843,33.44577],[126.376262,33.445626],[126.375691,33.445454],[126.375133,33.445256],[126.37459,33.445032],[126.374062,33.444783],[126.373551,33.444509],[126.37306,33.444211],[126.37259,33.443891],[126.372142,33.443549],[126.371718,33.443186],[126.371318,33.442804],[126.370769,33.442197],[126.370438,33.441772],[126.370135,33.441332],[126.369863,33.440878],[126.369622,33.440412],[126.36932,33.439693],[126.369159,33.439204],[126.369031,33.438707],[126.368937,33.438205],[126.368877,33.4377],[126.368851,33.436938]]]}},{"type":"Feature","id":699,"properties":{"code":"14800005011020160213UM11000001023","date":"2021-03-11"},"geometry":{"type":"Polygon","coordinates":[[[126.352675,33.384826],[126.3527,33.384318],[126.352759,33.383813],[126.352911,33.383062],[126.353054,33.382568],[126.35323,33.382082],[126.353555,33.38137],[126.35381,33.38091],[126.354096,33.380462],[126.354581,33.379818],[126.354939,33.379408],[126.355324,33.379016],[126.35595,33.378464],[126.356397,33.378121],[126.356866,33.3778],[126.357608,33.377362],[126.358392,33.376977],[126.358935,33.376752],[126.359492,33.376553],[126.360062,33.376381],[126.360642,33.376236],[126.361528,33.37607],[126.362428,33.375968],[126.363032,33.375935],[126.363638,33.375931],[126.364544,33.375979],[126.365144,33.376046],[126.365739,33.376141],[126.366326,33.376265],[126.366904,33.376416],[126.36775,33.376693],[126.368565,33.377029],[126.369088,33.377285],[126.369593,33.377565],[126.370079,33.377868],[126.370544,33.378194],[126.371198,33.378723],[126.371796,33.379296],[126.372162,33.3797],[126.3725,33.380122],[126.37281,33.380558],[126.373089,33.381009],[126.373451,33.381708],[126.373652,33.382187],[126.373821,33.382675],[126.374013,33.383419],[126.374098,33.383922],[126.37415,33.384428],[126.374164,33.38519],[126.37413,33.385697],[126.374063,33.386202],[126.373898,33.386951],[126.373659,33.387686],[126.373459,33.388166],[126.373226,33.388635],[126.37282,33.389316],[126.372512,33.389754],[126.372174,33.390175],[126.371617,33.390777],[126.371001,33.391336],[126.370559,33.391684],[126.370096,33.392011],[126.369361,33.392459],[126.368847,33.392727],[126.368316,33.392971],[126.36749,33.393289],[126.366636,33.393548],[126.366053,33.393686],[126.365462,33.393797],[126.364865,33.393879],[126.364262,33.393933],[126.363355,33.393961],[126.362448,33.393924],[126.361846,33.393863],[126.36125,33.393775],[126.360661,33.393658],[126.36008,33.393514],[126.359229,33.393247],[126.358409,33.39292],[126.357881,33.392671],[126.357371,33.392397],[126.356643,33.391942],[126.356184,33.391611],[126.355748,33.391258],[126.355336,33.390885],[126.35495,33.390494],[126.354422,33.389874],[126.354105,33.389441],[126.353818,33.388994],[126.353445,33.388299],[126.353143,33.387581],[126.352983,33.387091],[126.352855,33.386595],[126.352761,33.386093],[126.352701,33.385587],[126.352675,33.384826]]]}},{"type":"Feature","id":700,"properties":{"code":"14800005011020160213UM11000001024","date":"2021-05-27"},"geometry":{"type":"Polygon","coordinates":[[[126.31824,33.40203],[126.319147,33.402077],[126.319747,33.402145],[126.320342,33.402241],[126.321219,33.402437],[126.322074,33.402694],[126.3229,33.403011],[126.323691,33.403386],[126.324197,33.403666],[126.324682,33.403969],[126.325371,33.404466],[126.325801,33.404824],[126.326206,33.405202],[126.326765,33.405802],[126.327261,33.40644],[126.327692,33.407111],[126.328053,33.40781],[126.328254,33.408289],[126.328423,33.408777],[126.328614,33.409522],[126.32873,33.410285],[126.328611,33.411026],[126.328572,33.411529],[126.328567,33.412034],[126.328603,33.412613],[126.328426,33.413301],[126.328162,33.414029],[126.327945,33.414504],[126.327697,33.414967],[126.327418,33.415418],[126.327109,33.415855],[126.326772,33.416277],[126.326406,33.416682],[126.325809,33.417256],[126.325379,33.417614],[126.324926,33.417951],[126.324206,33.418416],[126.323701,33.418696],[126.323178,33.418953],[126.322363,33.41929],[126.321803,33.419482],[126.32123,33.419647],[126.320647,33.419785],[126.320056,33.419896],[126.319458,33.419978],[126.318855,33.420032],[126.317948,33.420059],[126.31704,33.420022],[126.316439,33.419961],[126.315842,33.419872],[126.315253,33.419756],[126.314672,33.419611],[126.313821,33.419344],[126.313271,33.419132],[126.312735,33.418895],[126.311963,33.418493],[126.311235,33.418038],[126.310776,33.417706],[126.31034,33.417354],[126.309732,33.416787],[126.309359,33.416387],[126.309014,33.415969],[126.308551,33.415314],[126.308279,33.41486],[126.308038,33.414394],[126.307736,33.413676],[126.307576,33.413186],[126.307449,33.412689],[126.307321,33.411935],[126.307278,33.411428],[126.307269,33.41092],[126.30732,33.41016],[126.307396,33.409656],[126.307506,33.409156],[126.30765,33.408663],[126.307826,33.408177],[126.308151,33.407465],[126.308547,33.406779],[126.308848,33.406339],[126.309179,33.405913],[126.309537,33.405504],[126.309923,33.405112],[126.310549,33.40456],[126.311228,33.404054],[126.311708,33.403744],[126.312208,33.403458],[126.312993,33.403074],[126.313536,33.402849],[126.314093,33.40265],[126.314663,33.402478],[126.315243,33.402333],[126.31613,33.402168],[126.31703,33.402066],[126.317635,33.402033],[126.31824,33.40203]]]}},{"type":"Feature","id":701,"properties":{"code":"14800005013020160213UM11000001102","date":"2021-03-11"},"geometry":{"type":"Polygon","coordinates":[[[126.294501,33.303607],[126.294522,33.303105],[126.294576,33.302605],[126.294663,33.302108],[126.294783,33.301616],[126.294936,33.301131],[126.29512,33.300653],[126.295335,33.300185],[126.295582,33.299728],[126.295858,33.299282],[126.296163,33.298851],[126.296497,33.298434],[126.296858,33.298034],[126.297447,33.297466],[126.29787,33.297111],[126.298316,33.296777],[126.298784,33.296464],[126.299272,33.296174],[126.300799,33.295371],[126.3016,33.295016],[126.302152,33.294811],[126.302718,33.294632],[126.303294,33.29448],[126.303879,33.294356],[126.304472,33.29426],[126.305071,33.294192],[126.305673,33.294152],[126.306277,33.294141],[126.30688,33.294158],[126.307482,33.294204],[126.308079,33.294278],[126.308671,33.29438],[126.309543,33.294585],[126.310111,33.294756],[126.310668,33.294953],[126.31121,33.295176],[126.311736,33.295425],[126.312493,33.295843],[126.312973,33.296151],[126.313431,33.296482],[126.314075,33.297016],[126.314474,33.297397],[126.314847,33.297796],[126.315192,33.298212],[126.315509,33.298644],[126.316369,33.299995],[126.316704,33.300644],[126.317003,33.301304],[126.317177,33.301751],[126.317322,33.302204],[126.31744,33.302664],[126.317577,33.303379],[126.31765,33.303885],[126.317695,33.304648],[126.317682,33.305157],[126.317635,33.305665],[126.317501,33.30642],[126.317369,33.306918],[126.317204,33.307408],[126.317006,33.307889],[126.316777,33.308361],[126.316373,33.309046],[126.316067,33.309485],[126.315731,33.309909],[126.315176,33.310514],[126.314772,33.310895],[126.314344,33.311255],[126.313892,33.311595],[126.313418,33.311913],[126.312923,33.312208],[126.31241,33.312479],[126.311607,33.312838],[126.310771,33.31314],[126.310198,33.313307],[126.309615,33.313447],[126.309023,33.313559],[126.308424,33.313643],[126.307239,33.313748],[126.306653,33.313772],[126.305888,33.313771],[126.305285,33.313753],[126.304684,33.313707],[126.30379,33.313585],[126.303203,33.313469],[126.302624,33.313325],[126.301776,33.313059],[126.300958,33.312734],[126.300176,33.312352],[126.299677,33.312067],[126.299197,33.311759],[126.298739,33.311429],[126.298304,33.311077],[126.297697,33.310514],[126.297149,33.309909],[126.296664,33.309268],[126.296244,33.308594],[126.295786,33.307947],[126.295517,33.307498],[126.295278,33.307038],[126.295071,33.306567],[126.294894,33.306088],[126.29469,33.305354],[126.294559,33.304609],[126.294514,33.304109],[126.294501,33.303607]]]}}]}
