{"type":"FeatureCollection","name":"제주도 생산녹지","metadata":{"layerKey":"production-green","sourceLayer":"K38UQA420","sourceCrs":"Korea 2000 / Central Belt 2010","featureCount":57,"simplifyMeters":0.5,"standardDates":["2025-10-01"]},"features":[{"type":"Feature","id":102,"properties":{"code":"65000005011020240264UQA4200001003","collectionId":"10224","date":"2025-10-01"},"geometry":{"type":"Polygon","coordinates":[[[126.181313,33.326894],[126.181402,33.327806],[126.181474,33.328323],[126.181152,33.32844],[126.18095,33.328454],[126.180906,33.328441],[126.180843,33.328377],[126.180804,33.328377],[126.180757,33.32841],[126.180664,33.328318],[126.180612,33.328234],[126.180487,33.32814],[126.180419,33.328043],[126.180409,33.327927],[126.180381,33.327893],[126.180333,33.327771],[126.180389,33.327657],[126.180306,33.327564],[126.180308,33.327504],[126.180247,33.327386],[126.180091,33.327335],[126.179982,33.327329],[126.179981,33.327387],[126.179928,33.327396],[126.179846,33.32747],[126.179658,33.327506],[126.17949,33.327512],[126.179467,33.327556],[126.179468,33.327647],[126.17927,33.327609],[126.179131,33.327599],[126.17914,33.327555],[126.179075,33.327406],[126.179061,33.327403],[126.179022,33.327354],[126.17893,33.327307],[126.178875,33.327307],[126.178641,33.327261],[126.178402,33.327234],[126.178297,33.327285],[126.178213,33.327292],[126.178191,33.327347],[126.178074,33.327368],[126.177895,33.327353],[126.177802,33.327318],[126.177678,33.327314],[126.177584,33.327294],[126.177464,33.327254],[126.177455,33.327227],[126.177384,33.327221],[126.177365,33.327199],[126.177233,33.32717],[126.17721,33.327138],[126.177175,33.327122],[126.177152,33.32712],[126.177018,33.327155],[126.176978,33.327156],[126.17698,33.327181],[126.176918,33.327208],[126.176857,33.327211],[126.176646,33.32717],[126.176619,33.327111],[126.176588,33.326877],[126.176574,33.326849],[126.176404,33.326818],[126.176285,33.32687],[126.176135,33.326832],[126.176063,33.326798],[126.176055,33.326761],[126.176007,33.326723],[126.175945,33.326689],[126.175884,33.32672],[126.175803,33.326676],[126.175681,33.326642],[126.175589,33.326663],[126.175506,33.326593],[126.175414,33.32659],[126.175324,33.326649],[126.175276,33.326655],[126.175219,33.326637],[126.175168,33.326599],[126.175136,33.32659],[126.175139,33.326714],[126.175025,33.326737],[126.175012,33.326752],[126.17502,33.326824],[126.174992,33.327044],[126.174897,33.327123],[126.174876,33.327159],[126.174862,33.327208],[126.174805,33.327279],[126.174659,33.327287],[126.174615,33.327273],[126.174521,33.3272],[126.174479,33.327182],[126.174446,33.327144],[126.174386,33.32704],[126.174285,33.326904],[126.174205,33.326748],[126.174133,33.326484],[126.174042,33.326525],[126.174025,33.326488],[126.173931,33.32637],[126.173906,33.326318],[126.17392,33.326191],[126.173959,33.326126],[126.174036,33.326054],[126.174108,33.32593],[126.174175,33.3259],[126.174276,33.325918],[126.174294,33.325865],[126.174328,33.325664],[126.174307,33.325568],[126.174279,33.325555],[126.174182,33.325545],[126.174114,33.325478],[126.174033,33.325431],[126.173895,33.325447],[126.173795,33.325449],[126.173605,33.325414],[126.173507,33.325368],[126.173472,33.325371],[126.173233,33.325337],[126.173162,33.325357],[126.173154,33.32541],[126.173122,33.325479],[126.173078,33.32553],[126.173012,33.325809],[126.172974,33.325883],[126.172979,33.325918],[126.172862,33.32598],[126.172766,33.326068],[126.172599,33.32613],[126.172434,33.326124],[126.172362,33.326136],[126.172302,33.326112],[126.17218,33.326094],[126.171986,33.326016],[126.171815,33.32602],[126.171774,33.326071],[126.17168,33.326139],[126.171506,33.326235],[126.171418,33.326235],[126.171158,33.326366],[126.170895,33.326478],[126.170789,33.32647],[126.170769,33.326514],[126.170656,33.326629],[126.170633,33.326673],[126.170609,33.326684],[126.170589,33.326714],[126.170577,33.326759],[126.170675,33.326908],[126.170654,33.32697],[126.170617,33.327024],[126.170621,33.327087],[126.17061,33.327118],[126.170536,33.327125],[126.170484,33.327174],[126.170441,33.32725],[126.170395,33.327255],[126.170315,33.327251],[126.170104,33.327285],[126.169379,33.32646],[126.168764,33.32582],[126.168944,33.325617],[126.169177,33.325319],[126.169546,33.324954],[126.170064,33.324566],[126.170132,33.324491],[126.170262,33.324277],[126.170287,33.324202],[126.170322,33.324045],[126.170403,33.323594],[126.170442,33.323493],[126.170521,33.323398],[126.170567,33.323372],[126.170602,33.323364],[126.170834,33.323324],[126.170845,33.323366],[126.170928,33.323384],[126.170897,33.323569],[126.170906,33.323602],[126.170939,33.32365],[126.170956,33.32372],[126.171013,33.323749],[126.17105,33.323784],[126.171034,33.323867],[126.171184,33.323929],[126.171234,33.323958],[126.171267,33.324024],[126.171329,33.323996],[126.171323,33.323949],[126.171471,33.323973],[126.171527,33.323959],[126.171577,33.323911],[126.171598,33.323871],[126.171617,33.32388],[126.171642,33.323855],[126.171713,33.323722],[126.171778,33.323732],[126.171831,33.323714],[126.171898,33.323558],[126.171992,33.323628],[126.172052,33.323628],[126.172065,33.323463],[126.172122,33.323121],[126.172142,33.32284],[126.172124,33.322722],[126.172132,33.322535],[126.17217,33.322424],[126.172933,33.322644],[126.173126,33.322712],[126.173243,33.322729],[126.173311,33.322722],[126.173454,33.32268],[126.173521,33.322579],[126.173695,33.322463],[126.173798,33.322441],[126.173848,33.322372],[126.173882,33.322419],[126.174032,33.322316],[126.174078,33.322268],[126.174118,33.322261],[126.174195,33.322221],[126.174343,33.322087],[126.174391,33.322029],[126.1744,33.322012],[126.174389,33.321969],[126.17501,33.321857],[126.175018,33.321891],[126.175126,33.321942],[126.175244,33.322012],[126.175253,33.322036],[126.175209,33.322043],[126.175234,33.322118],[126.175188,33.322188],[126.17516,33.32227],[126.175269,33.322366],[126.175301,33.322442],[126.175346,33.322498],[126.175353,33.322553],[126.175336,33.322607],[126.175358,33.322686],[126.175348,33.3227],[126.175381,33.322806],[126.175382,33.32284],[126.175362,33.322887],[126.175383,33.322904],[126.175429,33.32292],[126.17557,33.322917],[126.175607,33.322938],[126.175702,33.322939],[126.17575,33.322866],[126.175823,33.322782],[126.175924,33.322701],[126.176025,33.322758],[126.176075,33.322797],[126.176117,33.322807],[126.176221,33.322857],[126.176332,33.322884],[126.176479,33.322956],[126.176575,33.323093],[126.176608,33.323184],[126.176613,33.32321],[126.176572,33.323353],[126.176583,33.32336],[126.176583,33.323414],[126.176649,33.323459],[126.17671,33.323484],[126.176717,33.3235],[126.176786,33.323528],[126.176918,33.323525],[126.177078,33.32342],[126.177128,33.323408],[126.177195,33.323379],[126.177236,33.32333],[126.177249,33.323302],[126.177251,33.323264],[126.177354,33.323212],[126.17744,33.323103],[126.177541,33.323069],[126.177546,33.32304],[126.177678,33.322914],[126.177691,33.322884],[126.177724,33.322884],[126.177788,33.322855],[126.177837,33.322896],[126.177944,33.322859],[126.177998,33.322806],[126.17798,33.322751],[126.178093,33.322674],[126.178245,33.322596],[126.178309,33.322543],[126.17842,33.322399],[126.178469,33.322381],[126.178482,33.322324],[126.178456,33.322237],[126.178508,33.322203],[126.17854,33.322213],[126.178898,33.321997],[126.179132,33.321912],[126.179192,33.321874],[126.179198,33.321852],[126.179283,33.321805],[126.179297,33.321749],[126.179281,33.32166],[126.179265,33.321631],[126.179188,33.321544],[126.179147,33.321353],[126.179091,33.321282],[126.179072,33.321233],[126.179151,33.32118],[126.179242,33.321144],[126.179392,33.321017],[126.179322,33.320953],[126.179361,33.320869],[126.179388,33.320831],[126.179464,33.320808],[126.179494,33.320817],[126.179562,33.320794],[126.179698,33.320876],[126.179823,33.320907],[126.179984,33.320966],[126.180112,33.321025],[126.180194,33.321099],[126.180281,33.321015],[126.18037,33.320773],[126.180439,33.320716],[126.18047,33.320701],[126.180501,33.320657],[126.180745,33.320671],[126.180848,33.320626],[126.180955,33.320599],[126.181035,33.320571],[126.181006,33.320536],[126.180957,33.320495],[126.180838,33.320468],[126.180708,33.320353],[126.1807,33.320277],[126.180717,33.32017],[126.180765,33.319987],[126.1808,33.319888],[126.180858,33.319833],[126.181088,33.319682],[126.181164,33.319672],[126.181367,33.319707],[126.181469,33.319704],[126.181551,33.319662],[126.18161,33.319496],[126.181625,33.319367],[126.18167,33.319242],[126.181851,33.319158],[126.181931,33.319054],[126.181973,33.318973],[126.181867,33.31878],[126.181971,33.318682],[126.182076,33.318835],[126.182158,33.318841],[126.182162,33.318817],[126.182226,33.318804],[126.182373,33.3188],[126.18254,33.318739],[126.182659,33.318607],[126.182542,33.318575],[126.182436,33.318454],[126.182389,33.318269],[126.182437,33.318243],[126.182442,33.318205],[126.18236,33.318124],[126.182109,33.318022],[126.182029,33.317928],[126.181872,33.317862],[126.181853,33.317789],[126.181824,33.317783],[126.181789,33.31769],[126.181828,33.317548],[126.182015,33.317384],[126.182178,33.317258],[126.182285,33.317245],[126.182383,33.317252],[126.182332,33.317169],[126.18233,33.317075],[126.182471,33.317023],[126.182506,33.316988],[126.182594,33.317057],[126.182756,33.31715],[126.182802,33.317385],[126.182729,33.317723],[126.18276,33.317738],[126.182834,33.317813],[126.183049,33.318159],[126.183036,33.318192],[126.18301,33.318216],[126.18303,33.318265],[126.183084,33.31835],[126.183121,33.318472],[126.1832,33.318554],[126.183189,33.3186],[126.18324,33.318664],[126.183255,33.318818],[126.183205,33.318937],[126.18314,33.319046],[126.18311,33.31913],[126.183133,33.319226],[126.183211,33.319291],[126.183222,33.319347],[126.183226,33.319477],[126.183189,33.319559],[126.183134,33.319608],[126.183064,33.31961],[126.183025,33.319638],[126.182995,33.319707],[126.182629,33.320026],[126.182587,33.320036],[126.182498,33.320086],[126.182482,33.320195],[126.182646,33.320197],[126.1828,33.320242],[126.182941,33.320209],[126.183225,33.320262],[126.183242,33.32032],[126.183276,33.320381],[126.183296,33.320465],[126.18326,33.320556],[126.183215,33.320626],[126.183005,33.320779],[126.182806,33.320881],[126.182921,33.320931],[126.182852,33.32104],[126.182813,33.321253],[126.182707,33.32132],[126.182613,33.321407],[126.182481,33.321441],[126.182395,33.321386],[126.182282,33.321353],[126.1822,33.321362],[126.182147,33.321319],[126.182136,33.321232],[126.182152,33.321197],[126.182195,33.321154],[126.182219,33.321095],[126.182085,33.321067],[126.182022,33.320955],[126.181972,33.320934],[126.181876,33.320933],[126.181775,33.320861],[126.181744,33.320874],[126.181676,33.320931],[126.181606,33.320923],[126.181531,33.320928],[126.181465,33.320968],[126.181419,33.321007],[126.181477,33.321096],[126.181453,33.321123],[126.181358,33.321117],[126.181352,33.32114],[126.18131,33.321203],[126.181286,33.321457],[126.181283,33.321559],[126.181352,33.321644],[126.181323,33.321687],[126.181304,33.321761],[126.181206,33.321856],[126.181265,33.321906],[126.181287,33.321914],[126.181352,33.321866],[126.181453,33.321953],[126.181484,33.322049],[126.181551,33.32213],[126.181656,33.322217],[126.181702,33.322243],[126.181805,33.322216],[126.18193,33.322242],[126.182075,33.322188],[126.182099,33.322191],[126.182122,33.322155],[126.182263,33.322126],[126.182341,33.322155],[126.18236,33.322108],[126.182412,33.322063],[126.182472,33.322053],[126.182514,33.322067],[126.182687,33.322062],[126.182718,33.322033],[126.182729,33.321947],[126.182772,33.321905],[126.182834,33.321881],[126.182861,33.321838],[126.182917,33.321799],[126.182943,33.321731],[126.182935,33.321664],[126.183005,33.321577],[126.183107,33.321513],[126.183155,33.321549],[126.183197,33.321648],[126.183251,33.321634],[126.183306,33.321603],[126.183459,33.321561],[126.183443,33.321476],[126.183587,33.321481],[126.183649,33.321491],[126.18371,33.321511],[126.183733,33.321556],[126.183772,33.321592],[126.183835,33.321557],[126.183867,33.321556],[126.183944,33.321656],[126.183988,33.321764],[126.183957,33.321905],[126.183866,33.321991],[126.183821,33.322049],[126.183774,33.322069],[126.183709,33.322074],[126.183682,33.322039],[126.183613,33.322045],[126.18361,33.32208],[126.183535,33.322103],[126.183573,33.322244],[126.183544,33.322331],[126.183553,33.322418],[126.183613,33.32246],[126.183753,33.322495],[126.183851,33.322484],[126.183911,33.322469],[126.184006,33.322477],[126.184072,33.322493],[126.184088,33.322528],[126.184035,33.322603],[126.184077,33.322652],[126.184116,33.322672],[126.184177,33.322637],[126.18422,33.322628],[126.184319,33.322648],[126.184378,33.322613],[126.184409,33.32258],[126.184507,33.322597],[126.184567,33.322658],[126.184643,33.322709],[126.184646,33.322753],[126.184574,33.322881],[126.184684,33.322966],[126.184726,33.322985],[126.18472,33.323031],[126.184744,33.323088],[126.184808,33.323136],[126.184739,33.323185],[126.184644,33.32321],[126.184669,33.323321],[126.184629,33.323378],[126.184519,33.323449],[126.184502,33.32351],[126.18452,33.323605],[126.184469,33.323716],[126.184356,33.323854],[126.184154,33.324002],[126.184099,33.324068],[126.184062,33.324133],[126.183887,33.324132],[126.183851,33.324114],[126.183776,33.32402],[126.183766,33.323977],[126.183708,33.323926],[126.18364,33.32389],[126.183543,33.323775],[126.183496,33.323706],[126.183428,33.323637],[126.183381,33.323614],[126.1832,33.323559],[126.183158,33.32357],[126.183072,33.323573],[126.183055,33.32352],[126.183029,33.32348],[126.182957,33.323463],[126.182864,33.323484],[126.18282,33.323519],[126.182727,33.323494],[126.182485,33.323493],[126.182327,33.323505],[126.182284,33.323518],[126.182232,33.323563],[126.182172,33.323599],[126.182092,33.323625],[126.182056,33.32365],[126.182,33.32378],[126.181996,33.323836],[126.182174,33.323926],[126.18245,33.323964],[126.182319,33.324092],[126.182393,33.324232],[126.182321,33.324315],[126.182052,33.324523],[126.182065,33.324557],[126.182113,33.324593],[126.182102,33.324629],[126.182021,33.324672],[126.181887,33.324709],[126.181769,33.324721],[126.181729,33.324798],[126.181694,33.324894],[126.181299,33.324785],[126.181172,33.324766],[126.181001,33.324999],[126.180661,33.325291],[126.181138,33.326072],[126.181195,33.326181],[126.18126,33.326384],[126.181313,33.326894]]]}},{"type":"Feature","id":103,"properties":{"code":"65000005011020240264UQA4200001018","collectionId":"10473","date":"2025-10-01"},"geometry":{"type":"Polygon","coordinates":[[[126.502018,33.467438],[126.501952,33.467393],[126.501875,33.467311],[126.501814,33.467166],[126.501747,33.467093],[126.501678,33.467067],[126.501599,33.467056],[126.501432,33.46673],[126.501219,33.466407],[126.501181,33.466335],[126.501159,33.466191],[126.501334,33.466114],[126.501607,33.466041],[126.501588,33.466019],[126.501591,33.465922],[126.501561,33.46567],[126.501566,33.465594],[126.50164,33.465526],[126.501847,33.465554],[126.501849,33.465524],[126.5019,33.465472],[126.501902,33.465427],[126.501876,33.465319],[126.501833,33.465209],[126.501781,33.465177],[126.501686,33.465097],[126.501534,33.464942],[126.501468,33.464754],[126.501417,33.46475],[126.501378,33.464673],[126.501378,33.464641],[126.501324,33.464492],[126.501308,33.464346],[126.501376,33.4643],[126.501415,33.464184],[126.501427,33.463922],[126.501428,33.463711],[126.501356,33.46353],[126.501369,33.463444],[126.501513,33.463214],[126.501586,33.463051],[126.501777,33.462905],[126.501879,33.462773],[126.501929,33.462722],[126.50197,33.462591],[126.502033,33.462438],[126.502084,33.46233],[126.502156,33.46223],[126.502635,33.462218],[126.502885,33.462168],[126.502897,33.462215],[126.502942,33.462278],[126.503061,33.462403],[126.503066,33.462493],[126.50298,33.462913],[126.502995,33.46301],[126.503573,33.462832],[126.503554,33.462801],[126.503544,33.462737],[126.503525,33.462689],[126.503466,33.4626],[126.50346,33.462559],[126.503265,33.462339],[126.503484,33.46228],[126.503489,33.462231],[126.503517,33.462214],[126.503532,33.462175],[126.503767,33.462163],[126.503907,33.462126],[126.503976,33.462121],[126.503958,33.462073],[126.503993,33.462052],[126.504161,33.46209],[126.504281,33.462086],[126.504224,33.461812],[126.504229,33.46165],[126.504243,33.46153],[126.504231,33.461442],[126.504234,33.461406],[126.504287,33.461249],[126.504329,33.461186],[126.504321,33.461138],[126.504252,33.46106],[126.504255,33.460935],[126.504285,33.460869],[126.504291,33.460815],[126.504311,33.460773],[126.504523,33.460469],[126.504567,33.46048],[126.504725,33.460546],[126.50487,33.460541],[126.505108,33.460582],[126.50516,33.460512],[126.505231,33.460461],[126.505247,33.460386],[126.505332,33.460187],[126.505356,33.460097],[126.505405,33.459965],[126.505321,33.459735],[126.505309,33.459661],[126.505399,33.459628],[126.505543,33.459556],[126.505734,33.459368],[126.505862,33.459331],[126.505978,33.459366],[126.506051,33.459362],[126.506153,33.459329],[126.506397,33.459363],[126.506528,33.459374],[126.506536,33.459292],[126.506572,33.459266],[126.506884,33.45927],[126.506948,33.45946],[126.506962,33.45947],[126.507648,33.459799],[126.507937,33.459927],[126.508117,33.459822],[126.50811,33.459725],[126.508132,33.459606],[126.508163,33.459492],[126.508172,33.459381],[126.508183,33.459337],[126.508295,33.459077],[126.50832,33.458827],[126.508306,33.458809],[126.508313,33.458481],[126.508366,33.458222],[126.508447,33.458048],[126.508331,33.457934],[126.508168,33.45793],[126.508073,33.457946],[126.507946,33.457908],[126.507877,33.457914],[126.507663,33.457961],[126.507389,33.458086],[126.507259,33.458111],[126.507257,33.45773],[126.507183,33.457582],[126.507006,33.457455],[126.506849,33.457364],[126.506627,33.457257],[126.506454,33.457201],[126.50633,33.456958],[126.506247,33.456773],[126.506149,33.45655],[126.506127,33.456465],[126.506136,33.456351],[126.506166,33.456265],[126.506317,33.45605],[126.506312,33.455963],[126.506282,33.4559],[126.506125,33.455913],[126.506082,33.455901],[126.506012,33.455615],[126.5059,33.455502],[126.505599,33.455321],[126.505397,33.455284],[126.505061,33.455162],[126.504813,33.454914],[126.504765,33.454786],[126.504765,33.454706],[126.504789,33.454517],[126.504821,33.454437],[126.504924,33.454302],[126.50495,33.454249],[126.505281,33.453925],[126.505492,33.453588],[126.505603,33.453505],[126.505683,33.453416],[126.505914,33.453254],[126.506371,33.453146],[126.506639,33.45295],[126.506689,33.452853],[126.50678,33.452537],[126.506889,33.452257],[126.506974,33.452159],[126.507048,33.452112],[126.507552,33.452145],[126.508401,33.452218],[126.508522,33.452237],[126.50878,33.452294],[126.509553,33.452393],[126.511009,33.452621],[126.511681,33.452697],[126.511878,33.452696],[126.512481,33.452756],[126.512905,33.45275],[126.514559,33.452779],[126.514696,33.452945],[126.515028,33.453009],[126.515016,33.45319],[126.515037,33.453414],[126.515211,33.453575],[126.515412,33.454103],[126.515838,33.45399],[126.516171,33.453981],[126.516481,33.45454],[126.516558,33.454638],[126.516524,33.454784],[126.516841,33.45543],[126.516892,33.4556],[126.516206,33.455701],[126.516107,33.45586],[126.515868,33.456104],[126.515863,33.456191],[126.515931,33.456355],[126.515934,33.456654],[126.516018,33.456988],[126.516156,33.456989],[126.516157,33.456789],[126.516488,33.456565],[126.516716,33.45657],[126.516674,33.456632],[126.516445,33.456844],[126.516328,33.457109],[126.516277,33.457599],[126.516132,33.457555],[126.516119,33.457812],[126.516034,33.458202],[126.515959,33.458438],[126.515938,33.45869],[126.515965,33.458879],[126.515993,33.458987],[126.516064,33.459098],[126.516209,33.45925],[126.516236,33.459303],[126.51632,33.459667],[126.516499,33.459874],[126.516728,33.460114],[126.516772,33.460171],[126.516851,33.460378],[126.516924,33.460426],[126.517124,33.46096],[126.517035,33.461154],[126.51693,33.461575],[126.516995,33.462083],[126.51687,33.462358],[126.516829,33.462584],[126.516806,33.463021],[126.516786,33.463216],[126.516675,33.463478],[126.516787,33.463565],[126.516888,33.463807],[126.516971,33.464246],[126.516633,33.465054],[126.5165,33.465047],[126.516217,33.464997],[126.515935,33.464891],[126.515731,33.464845],[126.515807,33.464593],[126.515695,33.464556],[126.515607,33.464517],[126.515498,33.46449],[126.515418,33.464456],[126.515276,33.464426],[126.515153,33.464426],[126.515013,33.464484],[126.5148,33.464539],[126.51458,33.464541],[126.514589,33.464413],[126.514648,33.464339],[126.514887,33.464158],[126.514792,33.463947],[126.514752,33.463825],[126.514622,33.463779],[126.514533,33.463794],[126.514524,33.463822],[126.514464,33.463866],[126.514427,33.463876],[126.514383,33.464217],[126.514019,33.464215],[126.514018,33.464391],[126.513577,33.464389],[126.513976,33.465862],[126.513709,33.465912],[126.513603,33.465887],[126.513485,33.465877],[126.513431,33.465917],[126.513359,33.466006],[126.513245,33.466091],[126.513206,33.466134],[126.51307,33.466116],[126.512885,33.466227],[126.512783,33.466221],[126.512722,33.466278],[126.512701,33.466363],[126.51285,33.466398],[126.512926,33.466441],[126.512929,33.466487],[126.512959,33.466538],[126.512903,33.466753],[126.512849,33.46681],[126.512842,33.466827],[126.512688,33.466789],[126.512533,33.466736],[126.512468,33.466958],[126.512265,33.46691],[126.512043,33.466835],[126.511749,33.466704],[126.511248,33.466356],[126.511181,33.466282],[126.511115,33.466229],[126.511019,33.466179],[126.510947,33.466167],[126.510877,33.466191],[126.510832,33.466223],[126.510689,33.466147],[126.510588,33.466111],[126.510492,33.46612],[126.510451,33.465936],[126.510389,33.465762],[126.510411,33.465594],[126.510526,33.465358],[126.510534,33.465324],[126.510119,33.465322],[126.510053,33.465307],[126.509826,33.465226],[126.509775,33.465202],[126.509798,33.464943],[126.509767,33.464797],[126.509801,33.464574],[126.509865,33.464456],[126.509974,33.464358],[126.510005,33.464232],[126.510166,33.463907],[126.510163,33.463859],[126.510246,33.46358],[126.510234,33.463531],[126.510247,33.463501],[126.510273,33.463469],[126.510287,33.463296],[126.510216,33.462994],[126.510244,33.4629],[126.510296,33.462853],[126.510348,33.46284],[126.510545,33.462623],[126.510603,33.462603],[126.510705,33.462527],[126.510872,33.462463],[126.511004,33.462277],[126.511075,33.462211],[126.511138,33.462034],[126.511224,33.461852],[126.511429,33.461984],[126.511543,33.462025],[126.511622,33.462019],[126.511873,33.462054],[126.511962,33.46209],[126.512409,33.462192],[126.512664,33.4622],[126.512925,33.462225],[126.512692,33.460983],[126.512343,33.461073],[126.511812,33.461239],[126.511307,33.461409],[126.511074,33.4615],[126.510988,33.461583],[126.510821,33.461725],[126.510888,33.461818],[126.510737,33.461866],[126.510579,33.46193],[126.510508,33.462007],[126.510475,33.462034],[126.510403,33.46206],[126.510281,33.462183],[126.510234,33.462217],[126.509976,33.462223],[126.509813,33.462218],[126.509647,33.462199],[126.509545,33.462164],[126.509489,33.462158],[126.509233,33.462101],[126.509133,33.462132],[126.509105,33.462163],[126.50906,33.462186],[126.509015,33.462177],[126.508968,33.462098],[126.50891,33.462103],[126.508847,33.462056],[126.50874,33.461973],[126.508667,33.461887],[126.508559,33.461922],[126.508584,33.461996],[126.508576,33.462067],[126.508514,33.462256],[126.508381,33.462535],[126.508149,33.462631],[126.508289,33.462894],[126.508344,33.463078],[126.508366,33.463101],[126.508633,33.463031],[126.50873,33.462954],[126.508846,33.462936],[126.509266,33.462751],[126.509406,33.462928],[126.509449,33.463015],[126.50944,33.463085],[126.509461,33.463297],[126.509431,33.463342],[126.509333,33.463616],[126.509331,33.463639],[126.509898,33.463842],[126.509877,33.463944],[126.509851,33.464018],[126.509785,33.464162],[126.509754,33.464211],[126.509693,33.464229],[126.509507,33.464576],[126.509445,33.464607],[126.509461,33.464729],[126.509453,33.464765],[126.509415,33.464789],[126.509385,33.464786],[126.50928,33.464861],[126.509223,33.464891],[126.509181,33.464936],[126.509066,33.465176],[126.508942,33.465351],[126.508877,33.465386],[126.508874,33.465435],[126.508571,33.465703],[126.508561,33.465742],[126.508405,33.466037],[126.508255,33.466098],[126.508219,33.466172],[126.508088,33.466596],[126.507999,33.466651],[126.507896,33.466692],[126.507744,33.466635],[126.507516,33.466598],[126.50748,33.466569],[126.507387,33.466463],[126.507234,33.466434],[126.507147,33.466429],[126.506916,33.466471],[126.506783,33.466499],[126.506736,33.466521],[126.506733,33.46654],[126.506477,33.466553],[126.506384,33.46652],[126.506314,33.46653],[126.506261,33.466654],[126.506196,33.466764],[126.506153,33.466873],[126.506126,33.467038],[126.506034,33.467247],[126.506019,33.467259],[126.505983,33.467189],[126.506019,33.467155],[126.506054,33.467009],[126.506046,33.466954],[126.506078,33.466785],[126.506128,33.466657],[126.506155,33.466632],[126.506191,33.46651],[126.506199,33.466409],[126.506152,33.46632],[126.50601,33.466125],[126.505946,33.465914],[126.505958,33.465851],[126.505938,33.465758],[126.505616,33.465743],[126.505482,33.46571],[126.505154,33.465605],[126.505149,33.465709],[126.505091,33.466211],[126.504935,33.466886],[126.504807,33.466897],[126.504763,33.466895],[126.504375,33.466756],[126.504162,33.466698],[126.504028,33.466652],[126.503944,33.466647],[126.503893,33.466651],[126.503579,33.466712],[126.503562,33.466739],[126.50359,33.466964],[126.503585,33.467002],[126.503427,33.467448],[126.503173,33.467689],[126.503128,33.467758],[126.503102,33.467842],[126.503077,33.46788],[126.503012,33.467941],[126.502954,33.46798],[126.50291,33.467993],[126.502854,33.467992],[126.502808,33.467973],[126.502483,33.467766],[126.502444,33.467747],[126.502314,33.467641],[126.502231,33.467554],[126.502166,33.467502],[126.502018,33.467438]],[[126.512652,33.455171],[126.512647,33.455828],[126.512655,33.455856],[126.512656,33.456499],[126.512958,33.456527],[126.513065,33.456509],[126.513258,33.456515],[126.5136,33.456555],[126.51361,33.456493],[126.513573,33.45642],[126.51363,33.456323],[126.513746,33.456332],[126.513773,33.456316],[126.513784,33.456129],[126.513799,33.456098],[126.51384,33.456098],[126.51385,33.456046],[126.513748,33.456026],[126.513794,33.455923],[126.51387,33.455942],[126.513889,33.455932],[126.514013,33.455531],[126.51403,33.455304],[126.513951,33.455041],[126.513933,33.454933],[126.513902,33.454441],[126.513807,33.453966],[126.513541,33.454012],[126.513495,33.453636],[126.513399,33.45362],[126.513367,33.453545],[126.513148,33.453596],[126.513026,33.453516],[126.512908,33.453507],[126.512786,33.453412],[126.512673,33.4534],[126.512652,33.455171]],[[126.508585,33.459615],[126.508612,33.459756],[126.508612,33.459826],[126.508551,33.460021],[126.508635,33.460122],[126.508877,33.459983],[126.508984,33.460159],[126.509084,33.460463],[126.509159,33.460605],[126.50922,33.460625],[126.50932,33.46059],[126.509255,33.460447],[126.509261,33.460395],[126.509213,33.460316],[126.509205,33.460218],[126.50919,33.46017],[126.50928,33.460123],[126.509316,33.460078],[126.509291,33.459876],[126.509406,33.459822],[126.509638,33.459779],[126.509645,33.459711],[126.509633,33.459644],[126.51034,33.459492],[126.510509,33.459804],[126.510683,33.460071],[126.510781,33.460183],[126.510892,33.460259],[126.511089,33.460146],[126.511269,33.460005],[126.511556,33.459736],[126.511691,33.459394],[126.512502,33.458599],[126.512531,33.457193],[126.512399,33.456834],[126.512302,33.456625],[126.512261,33.45658],[126.512205,33.456542],[126.512143,33.456537],[126.51207,33.456565],[126.512003,33.456639],[126.511974,33.456685],[126.512017,33.456792],[126.512173,33.456954],[126.512295,33.457302],[126.512289,33.457391],[126.512218,33.457531],[126.51218,33.457503],[126.511974,33.457515],[126.511855,33.457511],[126.511861,33.457962],[126.511787,33.458227],[126.511695,33.458234],[126.511531,33.458173],[126.511304,33.458124],[126.51116,33.458044],[126.510904,33.457962],[126.510828,33.457922],[126.510661,33.457897],[126.510667,33.457722],[126.510563,33.457499],[126.510554,33.457382],[126.510521,33.457252],[126.509974,33.457403],[126.509732,33.457507],[126.509709,33.457923],[126.509671,33.457908],[126.509544,33.457921],[126.509398,33.457959],[126.509146,33.458111],[126.509097,33.45817],[126.50908,33.458343],[126.509054,33.458449],[126.508902,33.458765],[126.508841,33.458981],[126.508761,33.459194],[126.508671,33.459325],[126.508631,33.459414],[126.50858,33.459489],[126.508585,33.459615]]]}},{"type":"Feature","id":104,"properties":{"code":"65000005011020240264UQA4200001020","collectionId":"10475","date":"2025-10-01"},"geometry":{"type":"Polygon","coordinates":[[[126.614936,33.470502],[126.615025,33.470576],[126.615027,33.470677],[126.615004,33.470762],[126.615011,33.470829],[126.614601,33.470942],[126.614588,33.470959],[126.614442,33.471004],[126.614431,33.471031],[126.614363,33.471054],[126.614297,33.471062],[126.614286,33.471091],[126.614367,33.471091],[126.614673,33.471243],[126.614693,33.471293],[126.614822,33.471417],[126.614925,33.471438],[126.614961,33.471431],[126.615,33.471395],[126.615062,33.471389],[126.615041,33.471427],[126.615012,33.47187],[126.615103,33.471951],[126.615112,33.472002],[126.614985,33.472176],[126.614979,33.472267],[126.615021,33.472321],[126.615035,33.472653],[126.615129,33.472666],[126.615221,33.472663],[126.615522,33.472599],[126.615666,33.472603],[126.615786,33.472624],[126.616006,33.4726],[126.616092,33.472614],[126.616293,33.472504],[126.616215,33.472362],[126.616212,33.472217],[126.616128,33.471995],[126.616053,33.471983],[126.616002,33.47187],[126.61597,33.471681],[126.615907,33.471519],[126.615875,33.471458],[126.616156,33.471457],[126.615996,33.471128],[126.616281,33.470583],[126.616496,33.469955],[126.616534,33.469972],[126.616682,33.470097],[126.617302,33.470221],[126.617631,33.470279],[126.617694,33.470315],[126.618123,33.470398],[126.618211,33.470364],[126.618508,33.470477],[126.618537,33.470504],[126.618751,33.470588],[126.618942,33.470617],[126.619076,33.470655],[126.619294,33.470739],[126.619486,33.470759],[126.619397,33.470918],[126.619358,33.471064],[126.619212,33.471463],[126.619105,33.471624],[126.61901,33.471757],[126.61882,33.47187],[126.618701,33.471951],[126.618568,33.472104],[126.618515,33.47219],[126.618628,33.472207],[126.618802,33.472215],[126.619026,33.472169],[126.619286,33.472158],[126.619783,33.472095],[126.619835,33.472569],[126.620184,33.472853],[126.620108,33.472933],[126.618248,33.473418],[126.618039,33.473162],[126.618009,33.473032],[126.617755,33.473017],[126.617657,33.473002],[126.617579,33.472976],[126.617565,33.472961],[126.617254,33.472876],[126.617033,33.472854],[126.616966,33.473147],[126.616505,33.473032],[126.61649,33.473177],[126.616436,33.473334],[126.616471,33.473591],[126.616297,33.473638],[126.616091,33.473727],[126.615925,33.47376],[126.615861,33.473843],[126.615788,33.473882],[126.61569,33.474056],[126.615701,33.474085],[126.61565,33.474072],[126.615381,33.473778],[126.614749,33.473197],[126.614676,33.47317],[126.614112,33.473062],[126.614086,33.473028],[126.614073,33.472988],[126.614026,33.472988],[126.613992,33.473054],[126.613784,33.473028],[126.613766,33.472992],[126.613437,33.47301],[126.613117,33.473121],[126.612934,33.473292],[126.612985,33.473375],[126.612797,33.473849],[126.612575,33.474164],[126.61253,33.474191],[126.6126,33.474285],[126.612404,33.474504],[126.612171,33.474528],[126.611939,33.474504],[126.611901,33.474565],[126.611859,33.47459],[126.611844,33.474611],[126.61177,33.474628],[126.611732,33.474666],[126.611589,33.474748],[126.611516,33.474746],[126.611442,33.474714],[126.611365,33.474701],[126.611198,33.474624],[126.610756,33.474491],[126.610692,33.47452],[126.610617,33.474534],[126.610475,33.4746],[126.610165,33.474791],[126.610002,33.474926],[126.609687,33.475222],[126.609771,33.47557],[126.609849,33.47571],[126.610389,33.47618],[126.610444,33.476132],[126.610702,33.475992],[126.610792,33.475977],[126.610978,33.475911],[126.611101,33.475922],[126.611151,33.475962],[126.611552,33.47607],[126.611735,33.476175],[126.611799,33.476235],[126.611661,33.476287],[126.611598,33.476367],[126.611588,33.476452],[126.611626,33.47655],[126.611546,33.476568],[126.611299,33.476652],[126.611308,33.47669],[126.611386,33.476792],[126.61155,33.476884],[126.611749,33.476941],[126.611758,33.477006],[126.611747,33.477119],[126.611702,33.477264],[126.611709,33.4773],[126.611697,33.477331],[126.611743,33.477493],[126.611763,33.477732],[126.611693,33.477784],[126.611778,33.47787],[126.611819,33.477967],[126.611774,33.47808],[126.611799,33.4781],[126.611924,33.478155],[126.612054,33.477955],[126.612201,33.4778],[126.61218,33.477752],[126.612215,33.477719],[126.61222,33.477539],[126.612246,33.477514],[126.612242,33.477376],[126.612757,33.477385],[126.612988,33.477739],[126.613072,33.4777],[126.613161,33.477798],[126.6133,33.477825],[126.613472,33.477779],[126.613588,33.477763],[126.613662,33.477769],[126.613799,33.47774],[126.613865,33.47774],[126.614347,33.477623],[126.61438,33.477629],[126.614416,33.477722],[126.614512,33.477765],[126.614562,33.477755],[126.614673,33.477793],[126.614758,33.477799],[126.614769,33.477841],[126.614843,33.477906],[126.614918,33.477957],[126.615028,33.478078],[126.615115,33.478155],[126.615137,33.478185],[126.615103,33.478217],[126.614967,33.478439],[126.614838,33.478742],[126.614777,33.478926],[126.614755,33.479083],[126.614966,33.479231],[126.615167,33.479328],[126.615217,33.479333],[126.615274,33.479349],[126.615306,33.479367],[126.615754,33.479192],[126.615848,33.47904],[126.615888,33.479065],[126.615995,33.479087],[126.616079,33.479116],[126.616166,33.47913],[126.616322,33.479184],[126.616539,33.479236],[126.616605,33.479262],[126.616631,33.479264],[126.616633,33.479219],[126.616685,33.479164],[126.616959,33.479043],[126.617082,33.479019],[126.617238,33.479035],[126.617379,33.479118],[126.617421,33.479129],[126.61752,33.479223],[126.617594,33.479317],[126.61764,33.479299],[126.617721,33.479437],[126.617776,33.479415],[126.617839,33.479417],[126.618045,33.479038],[126.618138,33.478744],[126.618085,33.47859],[126.618305,33.478453],[126.618598,33.478201],[126.618654,33.478217],[126.618741,33.478209],[126.618961,33.478143],[126.619023,33.478102],[126.619374,33.478092],[126.619539,33.477934],[126.619605,33.477953],[126.619622,33.477975],[126.619625,33.47807],[126.619605,33.478144],[126.61961,33.478218],[126.61959,33.478277],[126.619652,33.478311],[126.619758,33.478341],[126.6198,33.47848],[126.619768,33.478515],[126.619642,33.47858],[126.619405,33.478784],[126.619258,33.478944],[126.619125,33.479166],[126.618666,33.479484],[126.618536,33.479596],[126.618394,33.479808],[126.618326,33.479861],[126.61828,33.479947],[126.617994,33.480096],[126.617785,33.480146],[126.617567,33.480149],[126.617244,33.480221],[126.617106,33.480237],[126.616923,33.48029],[126.616788,33.480347],[126.616711,33.480431],[126.616588,33.480527],[126.616824,33.480513],[126.616887,33.480844],[126.616865,33.480833],[126.616641,33.480922],[126.616381,33.48101],[126.616119,33.481049],[126.615904,33.481014],[126.615825,33.480957],[126.615703,33.481048],[126.61571,33.481147],[126.615745,33.481207],[126.615799,33.481262],[126.615725,33.48127],[126.61568,33.48138],[126.615628,33.48147],[126.615527,33.481569],[126.615431,33.481699],[126.615249,33.48181],[126.615156,33.481889],[126.615085,33.481934],[126.61507,33.481966],[126.615089,33.482222],[126.615082,33.482322],[126.615264,33.482315],[126.615429,33.482284],[126.61553,33.482279],[126.616011,33.482264],[126.616057,33.482289],[126.616414,33.482245],[126.616768,33.482239],[126.617095,33.482181],[126.617308,33.482134],[126.617621,33.48205],[126.617774,33.482001],[126.617815,33.48198],[126.618036,33.481989],[126.618119,33.481971],[126.618192,33.481976],[126.618287,33.482062],[126.618285,33.482131],[126.618249,33.482201],[126.618281,33.482282],[126.618285,33.482421],[126.618095,33.482428],[126.617787,33.482401],[126.617731,33.482428],[126.617701,33.48247],[126.61769,33.482605],[126.617654,33.482674],[126.617687,33.482771],[126.617809,33.483061],[126.618155,33.482928],[126.618647,33.48281],[126.61911,33.482726],[126.619195,33.483006],[126.619202,33.483082],[126.619246,33.483253],[126.619584,33.483206],[126.620706,33.483081],[126.621041,33.483064],[126.621355,33.483119],[126.621891,33.483051],[126.622053,33.483016],[126.622217,33.482904],[126.622156,33.482842],[126.622082,33.482513],[126.622151,33.482473],[126.622291,33.482463],[126.622327,33.482327],[126.622362,33.482283],[126.622398,33.48218],[126.622399,33.482078],[126.622421,33.48202],[126.622436,33.482004],[126.622487,33.482009],[126.622592,33.481983],[126.622829,33.481903],[126.622957,33.481898],[126.622971,33.481914],[126.623064,33.481924],[126.623181,33.481983],[126.623447,33.48208],[126.623527,33.482137],[126.623578,33.482091],[126.623679,33.481943],[126.623712,33.481687],[126.623719,33.481515],[126.623997,33.481347],[126.62416,33.481056],[126.623855,33.480918],[126.623786,33.481081],[126.623772,33.481161],[126.623623,33.481258],[126.623506,33.48137],[126.623493,33.481373],[126.623385,33.481239],[126.62329,33.481065],[126.623245,33.480925],[126.623175,33.480612],[126.623076,33.480568],[126.623475,33.480296],[126.623728,33.480193],[126.624286,33.480028],[126.624376,33.480006],[126.624502,33.479986],[126.62471,33.479866],[126.624939,33.47966],[126.624932,33.479599],[126.625043,33.479464],[126.625081,33.479381],[126.625188,33.479032],[126.625271,33.478871],[126.625725,33.478069],[126.626034,33.477505],[126.626132,33.477357],[126.626247,33.477215],[126.62651,33.476934],[126.627092,33.47654],[126.627194,33.476499],[126.627058,33.476363],[126.627024,33.476283],[126.626953,33.476194],[126.626974,33.476109],[126.627012,33.476041],[126.627071,33.47586],[126.626991,33.475814],[126.626947,33.475734],[126.626753,33.475678],[126.626567,33.475581],[126.626678,33.4754],[126.62676,33.475317],[126.626806,33.475202],[126.626805,33.475015],[126.626814,33.474948],[126.626988,33.474595],[126.627132,33.474447],[126.626944,33.474359],[126.626851,33.474298],[126.626682,33.474097],[126.626648,33.47397],[126.626658,33.473889],[126.626745,33.473682],[126.626888,33.473584],[126.627032,33.47346],[126.627198,33.47341],[126.627085,33.473246],[126.627024,33.473184],[126.627018,33.473133],[126.627755,33.473335],[126.628156,33.473422],[126.628149,33.473485],[126.629003,33.473595],[126.628997,33.473681],[126.628941,33.473927],[126.62857,33.474898],[126.628508,33.475014],[126.628432,33.475128],[126.628351,33.475226],[126.628282,33.475304],[126.628053,33.475524],[126.628103,33.475612],[126.628063,33.475698],[126.62814,33.475747],[126.628159,33.475878],[126.628274,33.475988],[126.628341,33.476209],[126.628293,33.476259],[126.628403,33.47638],[126.628481,33.476437],[126.62855,33.476404],[126.628606,33.476298],[126.628732,33.476206],[126.628782,33.476185],[126.628938,33.476234],[126.629059,33.476289],[126.629171,33.476374],[126.629267,33.476521],[126.62938,33.476615],[126.629457,33.47657],[126.629541,33.47654],[126.629646,33.476516],[126.629757,33.476501],[126.629873,33.476509],[126.629877,33.476388],[126.629856,33.476235],[126.629863,33.476135],[126.62988,33.476114],[126.62986,33.476061],[126.629878,33.475993],[126.629932,33.475897],[126.630257,33.475697],[126.630409,33.475652],[126.63062,33.475704],[126.630768,33.475786],[126.630854,33.475801],[126.630923,33.475892],[126.630974,33.475857],[126.63117,33.475787],[126.631276,33.475713],[126.631204,33.475612],[126.630979,33.475399],[126.630947,33.475306],[126.630911,33.475018],[126.630953,33.47464],[126.630971,33.474612],[126.630964,33.474346],[126.630912,33.474137],[126.630896,33.473923],[126.632379,33.474137],[126.633032,33.474287],[126.633803,33.474379],[126.634187,33.474457],[126.634828,33.474646],[126.634959,33.474718],[126.635101,33.474842],[126.635396,33.47498],[126.63593,33.475247],[126.63584,33.475296],[126.636566,33.475319],[126.633201,33.476327],[126.633275,33.47665],[126.63331,33.476687],[126.633456,33.476903],[126.633486,33.477001],[126.633501,33.477123],[126.633587,33.47736],[126.633637,33.477581],[126.633723,33.477569],[126.633808,33.477583],[126.634149,33.477486],[126.634162,33.477443],[126.634249,33.477276],[126.634222,33.47716],[126.634237,33.477096],[126.634374,33.47702],[126.63445,33.477034],[126.634519,33.47708],[126.634574,33.477101],[126.634669,33.477056],[126.634679,33.477005],[126.634747,33.477004],[126.634792,33.477059],[126.634898,33.477102],[126.634951,33.477163],[126.634991,33.477164],[126.635151,33.47706],[126.635339,33.477023],[126.635356,33.477049],[126.635346,33.477074],[126.635355,33.477123],[126.635528,33.4772],[126.635691,33.477187],[126.635808,33.477216],[126.635927,33.477262],[126.635995,33.477324],[126.636166,33.477405],[126.636107,33.477559],[126.636032,33.477855],[126.635996,33.477945],[126.635859,33.478168],[126.635797,33.478356],[126.635532,33.478548],[126.635331,33.478786],[126.634889,33.479672],[126.634625,33.479924],[126.634523,33.480122],[126.634544,33.480279],[126.634505,33.48042],[126.634416,33.480636],[126.634083,33.480851],[126.633824,33.480977],[126.633749,33.481151],[126.633565,33.481455],[126.633372,33.481654],[126.633174,33.481734],[126.632792,33.482013],[126.632567,33.482221],[126.632547,33.482358],[126.632521,33.482463],[126.632457,33.482583],[126.632152,33.482947],[126.632012,33.482997],[126.631661,33.483255],[126.631427,33.483488],[126.6315,33.483684],[126.631508,33.483862],[126.631372,33.484028],[126.631169,33.484163],[126.63116,33.484412],[126.631039,33.484719],[126.630704,33.485052],[126.63053,33.485334],[126.630371,33.485447],[126.630024,33.485732],[126.629764,33.48586],[126.629606,33.486019],[126.629543,33.486054],[126.629466,33.486075],[126.629397,33.486136],[126.629347,33.486165],[126.629036,33.48629],[126.62892,33.486397],[126.628887,33.486456],[126.628893,33.486647],[126.628954,33.486829],[126.628842,33.486935],[126.628784,33.487396],[126.628779,33.487609],[126.62882,33.487798],[126.628681,33.487978],[126.628431,33.488253],[126.628328,33.488399],[126.628303,33.488501],[126.628175,33.488651],[126.628164,33.488697],[126.628215,33.488775],[126.628259,33.488802],[126.628304,33.488859],[126.628324,33.488917],[126.628312,33.488963],[126.628153,33.489201],[126.627944,33.489376],[126.627832,33.489513],[126.627846,33.489607],[126.627247,33.49013],[126.626983,33.490402],[126.626993,33.490525],[126.626694,33.490723],[126.626175,33.490938],[126.626067,33.490834],[126.626005,33.490798],[126.625926,33.490779],[126.625784,33.490771],[126.625458,33.49078],[126.625293,33.49076],[126.625168,33.490683],[126.625117,33.490591],[126.625067,33.490427],[126.625077,33.490225],[126.625101,33.490037],[126.625046,33.489894],[126.624984,33.48987],[126.624908,33.489865],[126.62469,33.489814],[126.624572,33.489745],[126.624507,33.489786],[126.62432,33.490006],[126.624208,33.490107],[126.624163,33.490163],[126.623995,33.490461],[126.623853,33.490681],[126.623782,33.490825],[126.623702,33.490942],[126.623622,33.491013],[126.623536,33.491054],[126.623466,33.491072],[126.623398,33.491072],[126.623305,33.491047],[126.623214,33.491038],[126.623096,33.491046],[126.622963,33.491102],[126.622906,33.491097],[126.622866,33.491086],[126.622799,33.491033],[126.622727,33.490936],[126.622629,33.49067],[126.622565,33.490559],[126.622527,33.490462],[126.622498,33.490361],[126.622436,33.490238],[126.62233,33.490124],[126.622276,33.490049],[126.622139,33.489772],[126.622055,33.48966],[126.621965,33.489563],[126.621854,33.489489],[126.621786,33.489495],[126.621707,33.489531],[126.621515,33.489684],[126.621448,33.489705],[126.6214,33.489707],[126.621271,33.48967],[126.621172,33.489621],[126.62109,33.489564],[126.621027,33.48949],[126.620998,33.489432],[126.620988,33.48936],[126.621005,33.489279],[126.621044,33.489184],[126.621058,33.489019],[126.621014,33.488832],[126.620981,33.488545],[126.620927,33.488352],[126.620884,33.488287],[126.620807,33.488261],[126.620677,33.488254],[126.620529,33.488256],[126.620451,33.488244],[126.620376,33.488201],[126.62036,33.48818],[126.620354,33.488138],[126.62041,33.488094],[126.620509,33.48805],[126.620789,33.488042],[126.620881,33.487988],[126.621476,33.487879],[126.621405,33.487829],[126.621212,33.487717],[126.621019,33.487772],[126.620894,33.487752],[126.620589,33.487785],[126.620487,33.487805],[126.62028,33.487722],[126.620122,33.487701],[126.619952,33.487751],[126.619808,33.487733],[126.619767,33.487653],[126.619847,33.487447],[126.619857,33.487393],[126.619824,33.487145],[126.619828,33.486982],[126.619864,33.486905],[126.619887,33.486823],[126.619812,33.48677],[126.619789,33.486769],[126.619706,33.486895],[126.619557,33.487077],[126.619475,33.48713],[126.619418,33.487148],[126.619221,33.487176],[126.619087,33.487204],[126.618976,33.487253],[126.6188,33.487358],[126.618698,33.487408],[126.61864,33.487426],[126.618552,33.48744],[126.618353,33.487436],[126.618251,33.487473],[126.61806,33.487573],[126.617973,33.487592],[126.617886,33.487589],[126.617738,33.487561],[126.617597,33.487546],[126.617453,33.487477],[126.617322,33.487444],[126.617207,33.487439],[126.616902,33.487446],[126.616623,33.487413],[126.616514,33.487411],[126.616404,33.487422],[126.6163,33.487451],[126.615978,33.487621],[126.615836,33.487673],[126.615736,33.487695],[126.615654,33.487699],[126.615507,33.487683],[126.615423,33.487663],[126.615292,33.487618],[126.615225,33.487578],[126.615136,33.48754],[126.614853,33.487475],[126.614735,33.487477],[126.614609,33.487513],[126.61454,33.487518],[126.614364,33.487508],[126.614038,33.487546],[126.613937,33.487534],[126.613882,33.487519],[126.613787,33.487461],[126.613717,33.487448],[126.613653,33.487461],[126.613587,33.487489],[126.613468,33.487577],[126.613407,33.487634],[126.613314,33.48768],[126.613267,33.487685],[126.613196,33.487669],[126.61316,33.487684],[126.6131,33.487728],[126.613014,33.487754],[126.612881,33.487757],[126.612771,33.487768],[126.612729,33.487781],[126.612581,33.487849],[126.612534,33.487862],[126.612494,33.487862],[126.612405,33.487847],[126.612327,33.487824],[126.611976,33.487666],[126.611834,33.487638],[126.611747,33.487611],[126.611714,33.487591],[126.611629,33.487514],[126.611562,33.487488],[126.611478,33.487493],[126.61126,33.487544],[126.611125,33.487566],[126.610972,33.487577],[126.610891,33.487571],[126.610784,33.48755],[126.610722,33.487527],[126.61057,33.487447],[126.61041,33.487345],[126.61035,33.487319],[126.610159,33.487277],[126.610116,33.487258],[126.610071,33.487252],[126.609934,33.487257],[126.609855,33.487241],[126.609626,33.487148],[126.609499,33.487077],[126.609399,33.486992],[126.609226,33.486765],[126.609194,33.486742],[126.609118,33.486709],[126.608968,33.486661],[126.608824,33.486658],[126.608525,33.48668],[126.608422,33.486677],[126.608243,33.486702],[126.608051,33.486717],[126.607826,33.48672],[126.607735,33.486735],[126.60764,33.486764],[126.607457,33.486861],[126.607366,33.486871],[126.607314,33.486854],[126.607268,33.486816],[126.607151,33.486667],[126.607058,33.486624],[126.606794,33.48655],[126.60663,33.486553],[126.606236,33.48661],[126.606143,33.48661],[126.606022,33.486585],[126.605911,33.486539],[126.605767,33.486446],[126.60571,33.48639],[126.605562,33.486216],[126.605509,33.486174],[126.605474,33.486168],[126.605295,33.486279],[126.60521,33.48632],[126.605013,33.486343],[126.604934,33.486368],[126.60486,33.486403],[126.604794,33.486459],[126.604708,33.486569],[126.604637,33.48663],[126.604589,33.486648],[126.604527,33.486644],[126.604448,33.486603],[126.604364,33.486541],[126.604288,33.486496],[126.604218,33.486468],[126.604089,33.48643],[126.60404,33.486406],[126.603971,33.486337],[126.603957,33.486294],[126.603974,33.486241],[126.60407,33.486126],[126.604145,33.486011],[126.604158,33.485944],[126.604146,33.485898],[126.604044,33.485921],[126.604012,33.485959],[126.603966,33.48605],[126.603885,33.486062],[126.603783,33.486059],[126.603728,33.486065],[126.603615,33.486101],[126.603547,33.48614],[126.603441,33.486239],[126.603356,33.486352],[126.603296,33.486457],[126.603226,33.48664],[126.603185,33.48672],[126.603126,33.486811],[126.603036,33.486906],[126.602987,33.486935],[126.602914,33.486951],[126.602853,33.486943],[126.602794,33.486925],[126.602737,33.486897],[126.602678,33.486853],[126.602642,33.48681],[126.602599,33.486736],[126.602599,33.486658],[126.602554,33.486547],[126.602534,33.486522],[126.602539,33.486467],[126.602588,33.486403],[126.602698,33.486291],[126.60274,33.486228],[126.602828,33.486145],[126.602931,33.486088],[126.60313,33.486007],[126.603105,33.485912],[126.603045,33.485902],[126.602962,33.485915],[126.602552,33.486025],[126.602441,33.486024],[126.602046,33.48593],[126.601721,33.48583],[126.601574,33.485818],[126.60144,33.48584],[126.601112,33.485992],[126.601027,33.486022],[126.60095,33.486028],[126.600859,33.486006],[126.600761,33.485959],[126.600741,33.485917],[126.600734,33.485833],[126.600767,33.485673],[126.600764,33.4856],[126.600744,33.48552],[126.600687,33.485406],[126.600609,33.485323],[126.600566,33.485294],[126.600517,33.485276],[126.600469,33.485268],[126.600377,33.48527],[126.600324,33.485262],[126.600281,33.485241],[126.600194,33.485172],[126.600105,33.485136],[126.600056,33.485128],[126.599987,33.485127],[126.599899,33.485139],[126.599713,33.485205],[126.599641,33.48521],[126.599581,33.485203],[126.599486,33.485172],[126.599338,33.48509],[126.599258,33.485037],[126.599166,33.484957],[126.599076,33.484899],[126.598815,33.484852],[126.598561,33.484831],[126.598471,33.484799],[126.598363,33.484722],[126.598293,33.48469],[126.598167,33.484664],[126.597795,33.484652],[126.597698,33.484689],[126.597544,33.484763],[126.597483,33.484777],[126.597447,33.484776],[126.597315,33.48473],[126.597221,33.484721],[126.597156,33.484737],[126.597106,33.484776],[126.597029,33.484865],[126.596991,33.484883],[126.596904,33.484903],[126.596711,33.484898],[126.59658,33.484873],[126.596459,33.484826],[126.596376,33.484828],[126.596314,33.484879],[126.596278,33.484939],[126.596262,33.484991],[126.596286,33.485076],[126.596332,33.48514],[126.596338,33.485188],[126.596318,33.48523],[126.596248,33.485289],[126.596094,33.485383],[126.596025,33.485476],[126.595995,33.485384],[126.595951,33.48536],[126.595916,33.485316],[126.5958,33.485318],[126.595687,33.485338],[126.595603,33.485335],[126.595438,33.48535],[126.595372,33.48534],[126.595273,33.485252],[126.595154,33.485044],[126.595151,33.484987],[126.595113,33.48495],[126.594954,33.484897],[126.594931,33.484861],[126.594858,33.484821],[126.594491,33.484733],[126.594468,33.484741],[126.594494,33.484724],[126.594589,33.484717],[126.594826,33.484644],[126.594984,33.48457],[126.595021,33.484512],[126.595029,33.484444],[126.594983,33.484373],[126.594903,33.484333],[126.5947,33.484271],[126.594661,33.484243],[126.594636,33.48421],[126.594595,33.484105],[126.594586,33.484034],[126.594596,33.483948],[126.594634,33.483853],[126.594679,33.483817],[126.594723,33.483795],[126.594847,33.483758],[126.594984,33.483704],[126.595018,33.483643],[126.59503,33.483529],[126.594978,33.483335],[126.594957,33.483157],[126.594916,33.483068],[126.594846,33.483018],[126.594699,33.482967],[126.594592,33.482913],[126.594482,33.482791],[126.59443,33.482762],[126.594364,33.48274],[126.594227,33.482751],[126.594192,33.482819],[126.594187,33.482968],[126.5942,33.48306],[126.594232,33.483153],[126.594261,33.483211],[126.594314,33.48328],[126.594311,33.483308],[126.594244,33.483361],[126.594262,33.483451],[126.594305,33.483525],[126.594328,33.483584],[126.594315,33.483662],[126.594271,33.483751],[126.594292,33.483765],[126.59424,33.483893],[126.594173,33.483967],[126.594099,33.484023],[126.594031,33.48404],[126.593966,33.484033],[126.593791,33.484173],[126.593791,33.484183],[126.593708,33.484254],[126.593631,33.48431],[126.5935,33.484358],[126.593332,33.484521],[126.593223,33.484576],[126.593095,33.484612],[126.592899,33.484626],[126.592842,33.484623],[126.592765,33.484606],[126.592723,33.484589],[126.592619,33.484526],[126.592475,33.484483],[126.592426,33.484457],[126.592413,33.484371],[126.592427,33.484221],[126.592359,33.484059],[126.592374,33.483986],[126.592413,33.483928],[126.592535,33.483792],[126.592557,33.483716],[126.592566,33.48362],[126.592522,33.483437],[126.59254,33.483332],[126.592539,33.48328],[126.592528,33.483252],[126.592505,33.483233],[126.592452,33.483223],[126.592329,33.48327],[126.592291,33.483257],[126.592214,33.483208],[126.59216,33.483195],[126.592118,33.483197],[126.591957,33.483243],[126.591922,33.48324],[126.59174,33.483175],[126.591649,33.483175],[126.591595,33.483194],[126.591562,33.483222],[126.591487,33.483324],[126.591457,33.48333],[126.591415,33.483328],[126.591378,33.483337],[126.591341,33.483401],[126.591296,33.483596],[126.591258,33.483649],[126.591166,33.483711],[126.591079,33.483728],[126.590971,33.48372],[126.590848,33.483685],[126.59074,33.483642],[126.59065,33.483585],[126.590542,33.483487],[126.590415,33.483401],[126.590177,33.483197],[126.590065,33.483133],[126.589866,33.483037],[126.589686,33.482984],[126.589531,33.482957],[126.58957,33.482932],[126.589701,33.482693],[126.589677,33.482474],[126.589696,33.482384],[126.589808,33.482243],[126.589858,33.482076],[126.589874,33.481928],[126.589824,33.481882],[126.58995,33.481417],[126.590039,33.481283],[126.590095,33.48127],[126.590184,33.481228],[126.590977,33.481129],[126.591141,33.481302],[126.591299,33.481361],[126.591526,33.48138],[126.591682,33.481278],[126.591973,33.481216],[126.592122,33.48123],[126.592883,33.481265],[126.593008,33.481424],[126.593107,33.48146],[126.593207,33.481437],[126.593313,33.481477],[126.593401,33.48153],[126.593406,33.481559],[126.593323,33.481616],[126.593195,33.481668],[126.593011,33.481827],[126.592724,33.48204],[126.592564,33.482113],[126.592445,33.482193],[126.592335,33.482295],[126.592204,33.482465],[126.592174,33.482516],[126.592022,33.482669],[126.591946,33.482832],[126.591919,33.482912],[126.591795,33.483072],[126.591835,33.483119],[126.59195,33.483177],[126.592059,33.483175],[126.592096,33.483164],[126.592159,33.48313],[126.592226,33.483054],[126.592522,33.482666],[126.59263,33.482709],[126.59271,33.482773],[126.592748,33.482771],[126.592919,33.482637],[126.593031,33.482647],[126.593134,33.482731],[126.593207,33.482722],[126.593474,33.482773],[126.593517,33.482634],[126.593515,33.482263],[126.593536,33.48217],[126.593569,33.481888],[126.593684,33.481969],[126.593898,33.482081],[126.594,33.481952],[126.594357,33.481751],[126.594353,33.481744],[126.59455,33.481639],[126.594475,33.48153],[126.594387,33.481445],[126.594295,33.481529],[126.594254,33.481558],[126.59411,33.481612],[126.593958,33.48178],[126.593796,33.481806],[126.593732,33.481802],[126.59365,33.481759],[126.593544,33.481665],[126.593514,33.481553],[126.593556,33.481457],[126.593644,33.481415],[126.593765,33.481323],[126.593811,33.481226],[126.593837,33.481197],[126.593883,33.481205],[126.59399,33.481109],[126.594078,33.481016],[126.59422,33.480905],[126.594241,33.480869],[126.594291,33.480818],[126.594356,33.480708],[126.59438,33.480601],[126.594379,33.480488],[126.594406,33.480461],[126.594404,33.480342],[126.594353,33.480191],[126.594367,33.480146],[126.594451,33.479979],[126.59446,33.479916],[126.594517,33.479796],[126.594549,33.479764],[126.59466,33.479562],[126.594745,33.479462],[126.594816,33.479287],[126.594844,33.479257],[126.594925,33.479262],[126.594971,33.479272],[126.594997,33.479263],[126.59523,33.479307],[126.595478,33.47945],[126.595634,33.479472],[126.595624,33.479579],[126.595626,33.479681],[126.595744,33.479656],[126.595969,33.479702],[126.596044,33.480306],[126.59608,33.48035],[126.595953,33.480369],[126.59583,33.480369],[126.595766,33.480359],[126.595685,33.480361],[126.595651,33.480411],[126.595656,33.480468],[126.595611,33.480468],[126.595599,33.4805],[126.595596,33.480657],[126.595621,33.480715],[126.595681,33.480792],[126.595681,33.480845],[126.595636,33.480861],[126.59568,33.481029],[126.595794,33.481103],[126.596009,33.481094],[126.596145,33.481262],[126.596255,33.481312],[126.59628,33.481284],[126.596316,33.481274],[126.596598,33.481237],[126.596698,33.481133],[126.596764,33.481038],[126.596888,33.481056],[126.596982,33.481101],[126.597041,33.481152],[126.597104,33.481183],[126.597107,33.481276],[126.597169,33.481279],[126.597249,33.481318],[126.597367,33.481414],[126.59756,33.481299],[126.597704,33.481241],[126.598024,33.481034],[126.598115,33.480988],[126.598303,33.481051],[126.598331,33.481035],[126.598498,33.480875],[126.598464,33.480722],[126.598433,33.480664],[126.598291,33.480565],[126.598219,33.480532],[126.59815,33.480523],[126.598052,33.480486],[126.59794,33.480287],[126.597985,33.480119],[126.597952,33.479964],[126.597925,33.479939],[126.597909,33.479876],[126.597815,33.479867],[126.597682,33.479881],[126.597588,33.479874],[126.597451,33.479812],[126.597349,33.479875],[126.597309,33.479873],[126.597219,33.479736],[126.596971,33.479779],[126.59684,33.47978],[126.596828,33.479746],[126.596765,33.479739],[126.596708,33.479325],[126.596521,33.479202],[126.596245,33.479217],[126.596186,33.479023],[126.59589,33.479038],[126.59581,33.479029],[126.595784,33.478993],[126.595786,33.478964],[126.59576,33.478828],[126.595765,33.478751],[126.595747,33.47865],[126.595729,33.478613],[126.595785,33.478563],[126.595968,33.478337],[126.595974,33.47829],[126.596138,33.477979],[126.596191,33.477927],[126.596238,33.477837],[126.596259,33.477757],[126.596315,33.477745],[126.596333,33.477703],[126.596401,33.477657],[126.596527,33.47752],[126.596668,33.477399],[126.597001,33.477395],[126.597082,33.477367],[126.597171,33.47723],[126.597116,33.47712],[126.597084,33.476855],[126.59709,33.476717],[126.597104,33.476619],[126.597084,33.476529],[126.597044,33.476438],[126.597026,33.476175],[126.596993,33.47606],[126.596887,33.47593],[126.596826,33.47587],[126.596946,33.475554],[126.597027,33.475258],[126.59713,33.475112],[126.597355,33.474972],[126.597353,33.47494],[126.597302,33.4748],[126.597316,33.474519],[126.597369,33.474345],[126.597419,33.474243],[126.597592,33.474068],[126.597729,33.473699],[126.597925,33.473274],[126.59784,33.473109],[126.597758,33.473075],[126.59764,33.473007],[126.597707,33.472835],[126.597741,33.47237],[126.59778,33.472271],[126.597851,33.472026],[126.598071,33.471831],[126.598061,33.471643],[126.598125,33.471454],[126.59823,33.471195],[126.598245,33.470509],[126.598503,33.470392],[126.598554,33.470215],[126.598561,33.469842],[126.598778,33.469757],[126.599007,33.469719],[126.599298,33.469509],[126.599818,33.469164],[126.59987,33.469023],[126.600298,33.46872],[126.600336,33.468686],[126.60104,33.468507],[126.601113,33.46827],[126.601078,33.46818],[126.601275,33.467902],[126.601328,33.467705],[126.60141,33.467522],[126.601103,33.467218],[126.601103,33.467147],[126.601542,33.467159],[126.602684,33.467269],[126.603191,33.467262],[126.603193,33.467316],[126.603229,33.467317],[126.603314,33.467355],[126.603351,33.467403],[126.603364,33.467459],[126.603363,33.46754],[126.603331,33.467694],[126.603319,33.467803],[126.60334,33.467879],[126.603397,33.467962],[126.603406,33.46862],[126.603433,33.468846],[126.603469,33.469048],[126.603751,33.469294],[126.60396,33.469458],[126.604265,33.469747],[126.604324,33.469786],[126.604425,33.469835],[126.60483,33.47001],[126.604982,33.470063],[126.605093,33.470089],[126.605206,33.470102],[126.605409,33.470111],[126.605483,33.47011],[126.605657,33.470086],[126.605921,33.470022],[126.60605,33.469922],[126.606145,33.469822],[126.606177,33.469759],[126.606305,33.46932],[126.606339,33.469241],[126.606386,33.469194],[126.60647,33.469179],[126.606616,33.469176],[126.607116,33.46929],[126.607642,33.469374],[126.608095,33.469461],[126.608159,33.469465],[126.608216,33.469462],[126.608286,33.469447],[126.608493,33.469351],[126.608582,33.46929],[126.608686,33.469183],[126.608717,33.469124],[126.608746,33.469013],[126.608782,33.468765],[126.608822,33.468371],[126.608839,33.468298],[126.609003,33.467969],[126.609047,33.467904],[126.609276,33.467431],[126.609438,33.467198],[126.6095,33.467059],[126.609527,33.467023],[126.609566,33.466986],[126.609644,33.466942],[126.609555,33.466867],[126.609309,33.466705],[126.609207,33.466628],[126.609117,33.466568],[126.609039,33.466528],[126.608646,33.466401],[126.608234,33.466258],[126.60805,33.466214],[126.607896,33.466188],[126.607772,33.466172],[126.607416,33.466152],[126.60671,33.466172],[126.606435,33.46619],[126.605429,33.466291],[126.604971,33.466326],[126.604938,33.466307],[126.60491,33.466277],[126.604893,33.466237],[126.604884,33.465623],[126.604872,33.465526],[126.604939,33.465642],[126.606505,33.465641],[126.607993,33.465863],[126.608414,33.465905],[126.60904,33.466118],[126.609168,33.466138],[126.609352,33.466274],[126.609453,33.466308],[126.609539,33.466352],[126.609624,33.466475],[126.609668,33.466561],[126.609856,33.466771],[126.610018,33.466874],[126.610225,33.466948],[126.610711,33.467024],[126.610701,33.467053],[126.610876,33.467348],[126.610888,33.467388],[126.610834,33.467642],[126.610856,33.467673],[126.610863,33.467705],[126.610717,33.467936],[126.61075,33.46804],[126.610864,33.468132],[126.611031,33.468194],[126.611102,33.46828],[126.611346,33.468313],[126.611444,33.468376],[126.611439,33.468383],[126.611764,33.468465],[126.612111,33.468592],[126.612657,33.468756],[126.613019,33.468909],[126.613383,33.469016],[126.613921,33.469081],[126.614047,33.46911],[126.614329,33.469213],[126.614542,33.469278],[126.614631,33.469325],[126.614723,33.469348],[126.614525,33.469777],[126.614461,33.469814],[126.614265,33.470073],[126.6142,33.470077],[126.61414,33.470094],[126.614027,33.470272],[126.614016,33.47032],[126.614085,33.470473],[126.614153,33.470477],[126.61449,33.470623],[126.614514,33.470611],[126.614575,33.470612],[126.614765,33.470563],[126.61482,33.470516],[126.614918,33.470485],[126.614936,33.470502]],[[126.604427,33.472751],[126.604387,33.472921],[126.604346,33.473245],[126.604219,33.473506],[126.604245,33.473512],[126.604292,33.473588],[126.604273,33.473978],[126.604309,33.474251],[126.604303,33.474298],[126.604556,33.474444],[126.604569,33.474501],[126.604907,33.474491],[126.605028,33.474526],[126.605251,33.474559],[126.605493,33.474636],[126.605536,33.474606],[126.605575,33.474565],[126.605914,33.473977],[126.606146,33.473826],[126.606288,33.473754],[126.60649,33.473702],[126.606623,33.473699],[126.606697,33.473658],[126.606979,33.473434],[126.607127,33.473342],[126.60724,33.473301],[126.607308,33.473323],[126.607387,33.473363],[126.607481,33.473303],[126.607507,33.473253],[126.607603,33.473148],[126.607699,33.472988],[126.607756,33.472964],[126.607763,33.472899],[126.607818,33.472801],[126.607878,33.472635],[126.607921,33.472372],[126.607959,33.472213],[126.6079,33.472027],[126.607493,33.472226],[126.607573,33.472358],[126.607142,33.472561],[126.60701,33.472565],[126.60689,33.47252],[126.606823,33.472566],[126.606734,33.472497],[126.606643,33.472533],[126.606352,33.472756],[126.6061,33.472823],[126.605943,33.472504],[126.605693,33.472274],[126.605654,33.47218],[126.604974,33.471968],[126.60497,33.472075],[126.604908,33.472211],[126.604863,33.472276],[126.604536,33.472572],[126.60448,33.472635],[126.604427,33.472751]],[[126.622878,33.482771],[126.622645,33.482911],[126.622364,33.48305],[126.622103,33.483156],[126.621752,33.483275],[126.621768,33.48331],[126.621906,33.484005],[126.621886,33.484024],[126.622051,33.484248],[126.622204,33.484384],[126.62228,33.484469],[126.62232,33.484481],[126.622396,33.484468],[126.622452,33.484498],[126.622479,33.48458],[126.622562,33.484624],[126.622584,33.484711],[126.622559,33.484755],[126.622559,33.484869],[126.622537,33.48493],[126.622515,33.485035],[126.622229,33.485051],[126.622102,33.485214],[126.622073,33.485399],[126.622032,33.48559],[126.622275,33.48567],[126.622478,33.485776],[126.622441,33.485835],[126.622396,33.486013],[126.622285,33.4862],[126.622233,33.486358],[126.622499,33.486378],[126.622584,33.486412],[126.622633,33.486401],[126.622676,33.486425],[126.622854,33.486375],[126.622958,33.486398],[126.623047,33.486405],[126.623044,33.486513],[126.623021,33.486568],[126.62303,33.486615],[126.623125,33.486648],[126.623519,33.486671],[126.623625,33.486643],[126.623754,33.486585],[126.623879,33.486582],[126.623959,33.486615],[126.624321,33.486581],[126.624457,33.486584],[126.624639,33.486639],[126.6248,33.486697],[126.624864,33.486776],[126.624975,33.486823],[126.624983,33.486867],[126.625031,33.486847],[126.625142,33.486839],[126.625578,33.48672],[126.625654,33.486714],[126.625735,33.486666],[126.625742,33.486595],[126.625668,33.486397],[126.625656,33.486246],[126.625994,33.486243],[126.626244,33.486382],[126.626448,33.486414],[126.626565,33.486424],[126.626578,33.486373],[126.626807,33.48622],[126.626755,33.486049],[126.626779,33.485894],[126.626983,33.485898],[126.627089,33.485889],[126.627213,33.485978],[126.627492,33.485691],[126.627727,33.485613],[126.627787,33.485606],[126.62786,33.48561],[126.628036,33.485747],[126.628074,33.485811],[126.628139,33.48582],[126.628515,33.4855],[126.628677,33.485314],[126.628795,33.485216],[126.628857,33.485144],[126.628958,33.485101],[126.628993,33.485028],[126.629098,33.484925],[126.629227,33.484853],[126.629309,33.484735],[126.629374,33.484669],[126.629409,33.484661],[126.629437,33.484515],[126.629506,33.484438],[126.629603,33.484259],[126.629525,33.483999],[126.629543,33.483854],[126.629594,33.483701],[126.629668,33.483581],[126.629747,33.483576],[126.629856,33.483559],[126.629983,33.48346],[126.63008,33.483328],[126.630281,33.483081],[126.630409,33.482839],[126.63038,33.482706],[126.630732,33.482721],[126.630979,33.482704],[126.631052,33.482664],[126.63112,33.482608],[126.631234,33.482572],[126.631269,33.482594],[126.631295,33.482631],[126.631376,33.482643],[126.631566,33.482626],[126.631704,33.482505],[126.631729,33.482345],[126.631822,33.482149],[126.631975,33.482012],[126.632053,33.481923],[126.63207,33.481854],[126.63203,33.481779],[126.632101,33.481713],[126.632111,33.481577],[126.632072,33.481404],[126.632104,33.481254],[126.632232,33.481019],[126.632259,33.480947],[126.632187,33.480914],[126.632107,33.480791],[126.632016,33.480688],[126.631989,33.480596],[126.632029,33.480489],[126.632031,33.480324],[126.632043,33.480285],[126.631963,33.480209],[126.631882,33.480109],[126.631887,33.479955],[126.631865,33.479937],[126.631862,33.479826],[126.631808,33.479687],[126.631803,33.479576],[126.631836,33.479449],[126.631856,33.47941],[126.631848,33.479327],[126.631806,33.479161],[126.631856,33.479073],[126.631932,33.478997],[126.631912,33.478948],[126.63188,33.478923],[126.631873,33.478793],[126.631891,33.478693],[126.631858,33.478657],[126.631757,33.478663],[126.631714,33.478538],[126.631705,33.47849],[126.631719,33.478366],[126.631754,33.478218],[126.631696,33.478124],[126.631698,33.478025],[126.6316,33.477963],[126.631553,33.477982],[126.631403,33.477935],[126.631289,33.477863],[126.631183,33.477856],[126.631042,33.477748],[126.63098,33.477607],[126.630769,33.477331],[126.630694,33.477257],[126.630599,33.477116],[126.628384,33.478143],[126.62847,33.478295],[126.628531,33.47834],[126.62853,33.478466],[126.628539,33.478539],[126.628647,33.478555],[126.628732,33.478547],[126.628823,33.478575],[126.628973,33.478584],[126.629117,33.478584],[126.629243,33.478598],[126.629297,33.47858],[126.629348,33.478585],[126.629656,33.478724],[126.629813,33.478733],[126.629871,33.478724],[126.629942,33.47874],[126.630035,33.478734],[126.630147,33.478764],[126.630028,33.478955],[126.630045,33.479031],[126.630121,33.479073],[126.630209,33.479049],[126.63032,33.479087],[126.630562,33.479083],[126.630728,33.479095],[126.630779,33.479084],[126.63089,33.479093],[126.630938,33.479101],[126.630954,33.479137],[126.631024,33.479138],[126.631104,33.479162],[126.631196,33.479114],[126.631351,33.479082],[126.631412,33.479083],[126.631433,33.479121],[126.631467,33.479269],[126.631458,33.479425],[126.631314,33.479423],[126.631125,33.479387],[126.630913,33.47938],[126.630845,33.479406],[126.630781,33.479525],[126.630783,33.479606],[126.63086,33.479611],[126.630896,33.479626],[126.630902,33.479765],[126.630927,33.479859],[126.63092,33.479934],[126.63097,33.479978],[126.631109,33.480023],[126.631118,33.480067],[126.631148,33.480131],[126.631149,33.480169],[126.63113,33.48021],[126.630918,33.480333],[126.630919,33.480386],[126.630874,33.480437],[126.630843,33.480559],[126.630857,33.480771],[126.63083,33.480818],[126.63079,33.480928],[126.630736,33.481129],[126.630812,33.481265],[126.630792,33.481397],[126.630728,33.481392],[126.630641,33.48135],[126.630527,33.481331],[126.630358,33.481233],[126.630242,33.481249],[126.62991,33.481371],[126.629896,33.481323],[126.629852,33.4813],[126.629848,33.481249],[126.629827,33.481217],[126.629866,33.481084],[126.629828,33.48103],[126.629864,33.480934],[126.629909,33.480876],[126.629998,33.480806],[126.630038,33.480811],[126.63011,33.480677],[126.630144,33.480546],[126.630129,33.480453],[126.630096,33.480395],[126.630123,33.480337],[126.6301,33.480244],[126.630053,33.480221],[126.629993,33.480242],[126.629917,33.480214],[126.629739,33.480362],[126.629656,33.480455],[126.629432,33.480593],[126.6293,33.480581],[126.629248,33.480632],[126.629183,33.480672],[126.62911,33.480763],[126.629086,33.480766],[126.628972,33.480696],[126.628905,33.48069],[126.628781,33.480635],[126.628706,33.480548],[126.628625,33.480413],[126.628534,33.480403],[126.628446,33.480415],[126.628078,33.480346],[126.627966,33.480335],[126.627895,33.4803],[126.62784,33.480295],[126.627793,33.480335],[126.627735,33.480354],[126.627744,33.480499],[126.627777,33.480548],[126.627785,33.480614],[126.627779,33.480653],[126.627625,33.480922],[126.627578,33.480971],[126.627679,33.481137],[126.627698,33.481402],[126.627714,33.481437],[126.627736,33.481606],[126.627679,33.481619],[126.627586,33.481696],[126.627528,33.481818],[126.627423,33.48183],[126.627344,33.481803],[126.627237,33.481797],[126.626837,33.481685],[126.626774,33.481782],[126.626684,33.48184],[126.626597,33.481911],[126.626538,33.481942],[126.626512,33.481986],[126.62647,33.482013],[126.626386,33.481956],[126.626327,33.481937],[126.626232,33.482026],[126.626152,33.482149],[126.626376,33.482263],[126.626465,33.482319],[126.626523,33.482328],[126.626641,33.482419],[126.626648,33.482571],[126.626621,33.482613],[126.626658,33.48276],[126.626602,33.482851],[126.626464,33.482923],[126.626281,33.482924],[126.626061,33.482886],[126.625827,33.4829],[126.625795,33.482961],[126.625805,33.483058],[126.625793,33.483136],[126.625858,33.483276],[126.62587,33.483321],[126.625855,33.48351],[126.625895,33.483745],[126.625882,33.483835],[126.626032,33.483875],[126.626146,33.483891],[126.626456,33.483881],[126.626656,33.483837],[126.626778,33.483788],[126.626948,33.48346],[126.62699,33.483401],[126.627033,33.483259],[126.627141,33.483128],[126.627213,33.483152],[126.627254,33.483205],[126.627297,33.483186],[126.6274,33.48326],[126.627484,33.483348],[126.627369,33.48345],[126.627365,33.48363],[126.627426,33.483822],[126.627494,33.483856],[126.627547,33.483871],[126.627592,33.483936],[126.627592,33.484094],[126.627603,33.484138],[126.62755,33.484207],[126.627546,33.484327],[126.627641,33.484462],[126.627623,33.484784],[126.627626,33.484887],[126.627656,33.48496],[126.627524,33.48495],[126.627465,33.484934],[126.627313,33.484917],[126.627201,33.484835],[126.627087,33.484832],[126.627021,33.484815],[126.626755,33.484843],[126.626407,33.484856],[126.626338,33.484915],[126.6262,33.485],[126.626138,33.485028],[126.626074,33.485038],[126.625966,33.485018],[126.625916,33.485025],[126.625751,33.484874],[126.625734,33.484843],[126.625729,33.48478],[126.625603,33.484738],[126.625543,33.484754],[126.625468,33.484753],[126.625434,33.484762],[126.625311,33.484734],[126.625181,33.484733],[126.625101,33.484707],[126.625039,33.484748],[126.624601,33.484907],[126.624554,33.484893],[126.624466,33.484891],[126.624358,33.484907],[126.624213,33.48491],[126.624087,33.484882],[126.62397,33.48481],[126.624075,33.484625],[126.62412,33.484341],[126.624113,33.484175],[126.624199,33.484052],[126.624092,33.484],[126.623767,33.483962],[126.623573,33.48395],[126.623522,33.483917],[126.623494,33.483847],[126.623464,33.483688],[126.623453,33.483444],[126.623466,33.483356],[126.623434,33.483106],[126.623406,33.483032],[126.623266,33.482912],[126.623416,33.482797],[126.623575,33.482663],[126.62371,33.482535],[126.623843,33.482395],[126.62406,33.482137],[126.624712,33.481304],[126.624379,33.481154],[126.623747,33.481961],[126.623517,33.482232],[126.623381,33.482371],[126.623214,33.482522],[126.623035,33.482662],[126.622878,33.482771]]]}},{"type":"Feature","id":105,"properties":{"code":"64900005011020170000UQA4200453000","collectionId":"8726","date":"2025-10-01"},"geometry":{"type":"Polygon","coordinates":[[[126.596093,33.521994],[126.59685,33.522048],[126.598157,33.522178],[126.59885,33.52217],[126.599024,33.522261],[126.599197,33.522319],[126.599435,33.522341],[126.5996,33.52249],[126.599823,33.522557],[126.600406,33.522648],[126.600555,33.522606],[126.600575,33.52255],[126.600524,33.522392],[126.600346,33.522036],[126.600284,33.521759],[126.600241,33.521498],[126.600249,33.521333],[126.600449,33.521089],[126.600282,33.521021],[126.60012,33.520972],[126.599907,33.520923],[126.599846,33.520896],[126.599842,33.52086],[126.599894,33.520672],[126.59993,33.520642],[126.599865,33.520576],[126.599968,33.520493],[126.599994,33.520498],[126.60014,33.520455],[126.600219,33.520358],[126.600298,33.520198],[126.600602,33.52016],[126.600866,33.520158],[126.600885,33.520159],[126.600982,33.520222],[126.601318,33.520235],[126.601617,33.520178],[126.601991,33.520173],[126.60207,33.520172],[126.60231,33.520215],[126.602398,33.520199],[126.60255,33.520126],[126.602943,33.520049],[126.603264,33.519934],[126.603406,33.519966],[126.603792,33.519906],[126.604317,33.519672],[126.604455,33.519577],[126.604762,33.519258],[126.60485,33.518979],[126.604895,33.518939],[126.605143,33.519023],[126.605203,33.518978],[126.605285,33.518964],[126.605406,33.519002],[126.605523,33.518988],[126.605653,33.518941],[126.605803,33.518924],[126.605894,33.518958],[126.605952,33.519063],[126.605945,33.51914],[126.605845,33.519307],[126.605753,33.519499],[126.605621,33.519527],[126.605574,33.519627],[126.60563,33.519704],[126.605656,33.519761],[126.605588,33.519856],[126.605468,33.519951],[126.605532,33.520048],[126.605626,33.520142],[126.605716,33.520197],[126.605866,33.520383],[126.606007,33.520488],[126.606044,33.520587],[126.605993,33.520587],[126.605982,33.520706],[126.606108,33.52069],[126.606372,33.520701],[126.606466,33.520771],[126.606537,33.520809],[126.606761,33.520865],[126.607104,33.520926],[126.607316,33.520979],[126.607442,33.520975],[126.607469,33.521006],[126.607491,33.521053],[126.607876,33.521164],[126.607927,33.521191],[126.608018,33.52122],[126.608091,33.521227],[126.608157,33.521215],[126.608311,33.521236],[126.608763,33.521346],[126.608792,33.521314],[126.609083,33.521378],[126.609857,33.521364],[126.6099,33.521375],[126.610498,33.522063],[126.612707,33.522023],[126.613007,33.521973],[126.613737,33.521954],[126.614601,33.522063],[126.614639,33.5221],[126.616617,33.522759],[126.616637,33.522826],[126.616754,33.522841],[126.616768,33.522968],[126.6168,33.523098],[126.616823,33.523366],[126.61684,33.523369],[126.616885,33.523481],[126.617078,33.52438],[126.617075,33.524405],[126.617133,33.524607],[126.617182,33.524711],[126.617197,33.524769],[126.617207,33.524764],[126.617219,33.52479],[126.617446,33.525392],[126.617607,33.525847],[126.617736,33.526071],[126.617779,33.526206],[126.61789,33.526704],[126.617914,33.52698],[126.617891,33.527463],[126.617935,33.527764],[126.617924,33.527765],[126.618018,33.528225],[126.61809,33.528456],[126.618189,33.528871],[126.618157,33.529412],[126.618152,33.529641],[126.618074,33.530165],[126.618101,33.530323],[126.618135,33.530456],[126.618155,33.530504],[126.618124,33.530842],[126.618076,33.531037],[126.618058,33.531072],[126.61804,33.531381],[126.617738,33.53155],[126.617632,33.531568],[126.617604,33.531494],[126.61757,33.531433],[126.617477,33.531397],[126.617375,33.531375],[126.617308,33.531506],[126.617073,33.531528],[126.617015,33.531542],[126.616977,33.531539],[126.616693,33.531623],[126.616678,33.531673],[126.616584,33.531706],[126.61642,33.531718],[126.616379,33.531713],[126.616024,33.531851],[126.616007,33.531904],[126.615827,33.53206],[126.615431,33.532335],[126.615276,33.532296],[126.615285,33.532421],[126.615276,33.532556],[126.615164,33.532562],[126.615034,33.53259],[126.614965,33.532547],[126.614843,33.532504],[126.614739,33.532404],[126.614598,33.532318],[126.614544,33.532302],[126.614541,33.532254],[126.614569,33.532225],[126.614619,33.531843],[126.614673,33.531754],[126.614737,33.5317],[126.614792,33.531605],[126.61481,33.531443],[126.614856,33.531351],[126.614934,33.531278],[126.614982,33.531245],[126.615046,33.530994],[126.615048,33.530941],[126.615102,33.530896],[126.615084,33.530799],[126.615101,33.530666],[126.614989,33.530602],[126.614899,33.530561],[126.614803,33.530404],[126.614741,33.530273],[126.61469,33.53014],[126.614713,33.530103],[126.614611,33.530118],[126.614479,33.530116],[126.614166,33.530084],[126.614154,33.53002],[126.614187,33.529793],[126.61403,33.529756],[126.613959,33.529354],[126.613839,33.529391],[126.613699,33.52941],[126.613584,33.529398],[126.613575,33.529329],[126.613301,33.529297],[126.613258,33.529203],[126.612995,33.529175],[126.61286,33.529148],[126.612841,33.529113],[126.612741,33.52905],[126.612605,33.529159],[126.612573,33.529174],[126.612536,33.529172],[126.612313,33.529057],[126.612212,33.529024],[126.612129,33.529021],[126.612109,33.52907],[126.612104,33.529164],[126.612034,33.529158],[126.611899,33.529098],[126.611689,33.528918],[126.611634,33.528855],[126.6116,33.528776],[126.611494,33.528775],[126.611299,33.528734],[126.611253,33.52871],[126.611216,33.528597],[126.611167,33.52851],[126.610792,33.52863],[126.610632,33.528691],[126.610436,33.528745],[126.610383,33.528775],[126.610227,33.528788],[126.609841,33.528861],[126.60967,33.528907],[126.609303,33.528955],[126.609117,33.528738],[126.60908,33.528661],[126.609047,33.528617],[126.608913,33.528505],[126.608802,33.528485],[126.608697,33.528435],[126.608436,33.528385],[126.608452,33.528325],[126.608508,33.528298],[126.608501,33.52823],[126.608383,33.528169],[126.608252,33.528133],[126.608182,33.528128],[126.608022,33.528133],[126.607912,33.528157],[126.60782,33.528195],[126.607795,33.528188],[126.607588,33.528217],[126.607505,33.52819],[126.607392,33.528123],[126.607338,33.528063],[126.607286,33.528029],[126.607216,33.528007],[126.607013,33.527876],[126.606757,33.52766],[126.6067,33.527619],[126.606612,33.52752],[126.606455,33.527525],[126.606385,33.527465],[126.605884,33.52753],[126.605837,33.527502],[126.605734,33.5275],[126.605596,33.52754],[126.605582,33.527522],[126.605575,33.527325],[126.605463,33.527261],[126.605402,33.527201],[126.605442,33.527171],[126.605398,33.527078],[126.605483,33.526943],[126.605513,33.526779],[126.605543,33.526685],[126.605543,33.526586],[126.60557,33.526309],[126.605629,33.526241],[126.605778,33.526184],[126.605816,33.526151],[126.605836,33.526101],[126.605887,33.525767],[126.605904,33.525706],[126.606035,33.525531],[126.606152,33.525341],[126.606165,33.525269],[126.606193,33.525198],[126.606219,33.525195],[126.606232,33.525036],[126.606042,33.524872],[126.605916,33.524718],[126.605765,33.524741],[126.605565,33.524761],[126.605365,33.524773],[126.605244,33.52477],[126.604935,33.524738],[126.604794,33.524736],[126.604578,33.524688],[126.604445,33.524684],[126.604298,33.524563],[126.604239,33.52453],[126.604192,33.524559],[126.604158,33.524566],[126.603877,33.524524],[126.603813,33.524581],[126.603759,33.524584],[126.603723,33.524514],[126.603671,33.52432],[126.603483,33.524277],[126.603262,33.524263],[126.603072,33.524296],[126.602941,33.524356],[126.602867,33.524311],[126.603021,33.524513],[126.603033,33.524605],[126.603138,33.524774],[126.603398,33.525078],[126.603376,33.525223],[126.603185,33.525381],[126.603079,33.525715],[126.603,33.52587],[126.602711,33.52618],[126.602584,33.526566],[126.602599,33.526694],[126.602527,33.526815],[126.60193,33.527467],[126.601959,33.52772],[126.601982,33.527841],[126.60182,33.528009],[126.601834,33.528088],[126.601921,33.528193],[126.601904,33.528464],[126.601905,33.528981],[126.601824,33.529153],[126.601764,33.529333],[126.601793,33.529393],[126.601711,33.529366],[126.601599,33.529344],[126.601438,33.529242],[126.601324,33.529189],[126.601271,33.529152],[126.601128,33.529144],[126.601012,33.529115],[126.600699,33.529075],[126.600691,33.528934],[126.600716,33.528799],[126.60086,33.5286],[126.600797,33.52845],[126.600778,33.528279],[126.600785,33.528247],[126.600748,33.528187],[126.600742,33.52816],[126.600746,33.528119],[126.600789,33.528032],[126.600904,33.527849],[126.601057,33.527684],[126.601156,33.527619],[126.60133,33.527532],[126.601573,33.527436],[126.60169,33.527327],[126.60176,33.527222],[126.601838,33.527078],[126.60191,33.526978],[126.601928,33.526895],[126.601943,33.52677],[126.601947,33.526642],[126.601931,33.526516],[126.601894,33.526338],[126.601956,33.525754],[126.601914,33.525517],[126.601861,33.525322],[126.601857,33.525244],[126.601865,33.525175],[126.601912,33.525095],[126.601929,33.525039],[126.601933,33.524948],[126.601898,33.524862],[126.601786,33.524659],[126.601638,33.524421],[126.601603,33.524424],[126.601552,33.524402],[126.601297,33.524183],[126.601124,33.523948],[126.600999,33.523739],[126.600989,33.523608],[126.600679,33.523401],[126.60058,33.523323],[126.600527,33.523251],[126.600505,33.523137],[126.600386,33.522977],[126.600312,33.522914],[126.60019,33.522845],[126.600105,33.522818],[126.599913,33.522737],[126.599477,33.522686],[126.599237,33.52262],[126.59895,33.522574],[126.598836,33.52252],[126.598738,33.522503],[126.598511,33.52249],[126.598466,33.522496],[126.598354,33.522461],[126.597965,33.522384],[126.597565,33.522337],[126.596267,33.522066],[126.596093,33.521994]]]}},{"type":"Feature","id":1844,"properties":{"code":"64900005011020170000UQA4200407000","collectionId":"8764","date":"2025-10-01"},"geometry":{"type":"Polygon","coordinates":[[[126.26285,33.364603],[126.262682,33.364555],[126.262594,33.364315],[126.262571,33.364221],[126.262507,33.364088],[126.262598,33.364135],[126.262805,33.364148],[126.263215,33.364128],[126.263281,33.364316],[126.263385,33.364372],[126.263363,33.36454],[126.263287,33.364528],[126.263287,33.364499],[126.263054,33.364494],[126.26285,33.364603]]]}},{"type":"Feature","id":2132,"properties":{"code":"65000005011020240264UQA4200001052","collectionId":"10707","date":"2025-10-01"},"geometry":{"type":"Polygon","coordinates":[[[126.38803,33.475478],[126.38832,33.475196],[126.388926,33.474531],[126.389052,33.474692],[126.38917,33.474814],[126.389163,33.47482],[126.389203,33.474888],[126.389214,33.474943],[126.38924,33.475211],[126.389229,33.475314],[126.389178,33.475543],[126.389159,33.475586],[126.38911,33.475648],[126.388837,33.475809],[126.388779,33.475874],[126.388778,33.475886],[126.388743,33.47593],[126.388603,33.475867],[126.388465,33.47582],[126.388193,33.475814],[126.387785,33.475922],[126.387583,33.475946],[126.387367,33.475961],[126.387263,33.47596],[126.38757,33.475814],[126.387695,33.47574],[126.387814,33.475659],[126.387926,33.475572],[126.38803,33.475478]]]}},{"type":"Feature","id":2133,"properties":{"code":"65000005011020200001UQA4200001013","collectionId":"9033","date":"2025-10-01"},"geometry":{"type":"Polygon","coordinates":[[[126.460025,33.462373],[126.460295,33.462165],[126.460454,33.462055],[126.460523,33.46203],[126.460651,33.461912],[126.460719,33.461789],[126.460686,33.461594],[126.460768,33.461726],[126.461141,33.461744],[126.461347,33.461744],[126.461319,33.462183],[126.461381,33.462193],[126.461355,33.462516],[126.461323,33.462792],[126.461225,33.463022],[126.46084,33.462861],[126.460752,33.46274],[126.46061,33.462646],[126.460483,33.462694],[126.460449,33.462755],[126.460486,33.463029],[126.460465,33.463147],[126.460523,33.46317],[126.460618,33.463282],[126.460681,33.463451],[126.460688,33.463603],[126.460736,33.463723],[126.460904,33.464032],[126.461179,33.464026],[126.461254,33.464094],[126.46136,33.464147],[126.461085,33.464083],[126.460785,33.464091],[126.460414,33.464069],[126.46037,33.464021],[126.460214,33.463923],[126.460227,33.463789],[126.46027,33.463555],[126.460347,33.463427],[126.460321,33.463312],[126.460245,33.463302],[126.460202,33.463063],[126.460189,33.462942],[126.460138,33.462706],[126.460089,33.462633],[126.460061,33.462553],[126.460025,33.462373]]]}},{"type":"Feature","id":2134,"properties":{"code":"65000005011020240264UQA4200001053","collectionId":"10710","date":"2025-10-01"},"geometry":{"type":"Polygon","coordinates":[[[126.389168,33.475909],[126.389101,33.475917],[126.389132,33.475876],[126.38925,33.475817],[126.389347,33.475673],[126.3894,33.475553],[126.389452,33.475301],[126.389465,33.475101],[126.389422,33.474851],[126.389388,33.474858],[126.38933,33.474774],[126.389266,33.474704],[126.389251,33.47472],[126.389181,33.474651],[126.389016,33.474431],[126.38952,33.473878],[126.390455,33.472974],[126.390589,33.472854],[126.390735,33.472743],[126.391123,33.472472],[126.391158,33.472579],[126.391179,33.472727],[126.390778,33.473015],[126.390496,33.473279],[126.39052,33.47341],[126.390524,33.473487],[126.390221,33.474195],[126.390221,33.474235],[126.390178,33.474328],[126.390143,33.474468],[126.390138,33.474597],[126.390166,33.474678],[126.390402,33.475018],[126.390533,33.475261],[126.390635,33.475492],[126.390556,33.475523],[126.390249,33.475608],[126.390225,33.475622],[126.389749,33.475787],[126.389168,33.475909]]]}},{"type":"Feature","id":2135,"properties":{"code":"65000005011020240264UQA4200001002","collectionId":"10223","date":"2025-10-01"},"geometry":{"type":"Polygon","coordinates":[[[126.177433,33.300842],[126.178058,33.300984],[126.178121,33.301227],[126.177747,33.30223],[126.177379,33.302472],[126.176846,33.30284],[126.176659,33.302991],[126.176551,33.303096],[126.176408,33.303256],[126.176232,33.303519],[126.176085,33.303807],[126.176017,33.303974],[126.174355,33.304291],[126.172875,33.304591],[126.172104,33.30477],[126.170653,33.305123],[126.170486,33.305172],[126.170335,33.305237],[126.170306,33.305189],[126.169383,33.304033],[126.169332,33.303959],[126.167205,33.302939],[126.166733,33.302703],[126.167027,33.3021],[126.167117,33.301969],[126.16718,33.301924],[126.167245,33.301893],[126.167379,33.301865],[126.167755,33.301885],[126.167862,33.301877],[126.167941,33.301858],[126.168067,33.301797],[126.168144,33.301742],[126.168242,33.301645],[126.168292,33.301567],[126.168323,33.301469],[126.16839,33.300934],[126.168383,33.300415],[126.168366,33.300285],[126.168353,33.300071],[126.16836,33.299955],[126.168387,33.299874],[126.168444,33.299776],[126.168552,33.29962],[126.168604,33.299461],[126.168639,33.299157],[126.17154,33.299607],[126.172501,33.299766],[126.17363,33.299936],[126.173688,33.299989],[126.173865,33.299984],[126.174165,33.300022],[126.174922,33.300148],[126.177153,33.300483],[126.178083,33.300638],[126.17806,33.300745],[126.177495,33.300651],[126.177433,33.300842]]]}},{"type":"Feature","id":2136,"properties":{"code":"65000005011020240264UQA4200001001","collectionId":"10222","date":"2025-10-01"},"geometry":{"type":"Polygon","coordinates":[[[126.179705,33.319816],[126.179626,33.319865],[126.17933,33.319956],[126.179157,33.319942],[126.179009,33.319946],[126.178574,33.319831],[126.178591,33.319797],[126.178586,33.319749],[126.17855,33.319727],[126.178509,33.319718],[126.178033,33.319831],[126.177927,33.319312],[126.177742,33.31934],[126.177605,33.31923],[126.177538,33.31919],[126.177472,33.319164],[126.177321,33.319232],[126.177125,33.319278],[126.177086,33.319464],[126.177149,33.319782],[126.176976,33.319773],[126.176827,33.319799],[126.176529,33.319709],[126.176588,33.319576],[126.176583,33.319462],[126.176477,33.319484],[126.176246,33.319579],[126.175743,33.319695],[126.175486,33.319747],[126.175428,33.319717],[126.175311,33.319693],[126.175295,33.319633],[126.175272,33.319459],[126.175214,33.319232],[126.175201,33.319084],[126.17507,33.319128],[126.174943,33.318875],[126.175341,33.318631],[126.175442,33.318649],[126.175527,33.318647],[126.175601,33.318608],[126.175675,33.318603],[126.175653,33.318347],[126.175569,33.318192],[126.175522,33.317982],[126.175427,33.317815],[126.175312,33.317669],[126.175193,33.317544],[126.175313,33.317411],[126.175471,33.317272],[126.175679,33.316998],[126.175856,33.317078],[126.176023,33.317191],[126.176411,33.31753],[126.176532,33.317185],[126.177095,33.317253],[126.177518,33.317331],[126.177243,33.316049],[126.17743,33.316021],[126.177799,33.316223],[126.177863,33.316199],[126.177896,33.31614],[126.17803,33.316156],[126.178112,33.315958],[126.178201,33.315822],[126.178329,33.315599],[126.178357,33.315604],[126.178428,33.31546],[126.178507,33.315329],[126.178544,33.315303],[126.178545,33.315232],[126.178615,33.315161],[126.178709,33.314942],[126.178802,33.314852],[126.178884,33.314786],[126.178917,33.314703],[126.179032,33.314601],[126.179097,33.314574],[126.179242,33.314543],[126.179565,33.314438],[126.179593,33.314467],[126.179885,33.314609],[126.179971,33.314491],[126.180047,33.314339],[126.180083,33.314131],[126.180098,33.31394],[126.180394,33.314005],[126.180509,33.313832],[126.180737,33.313868],[126.180796,33.313891],[126.180836,33.313957],[126.18087,33.314087],[126.18095,33.314144],[126.181096,33.314187],[126.181207,33.314209],[126.181514,33.314091],[126.181546,33.314071],[126.181712,33.314065],[126.181751,33.314074],[126.181814,33.314036],[126.18193,33.314175],[126.181955,33.314358],[126.181925,33.314546],[126.181924,33.314571],[126.181942,33.314631],[126.181875,33.314664],[126.18178,33.314788],[126.181692,33.314879],[126.1816,33.314965],[126.181557,33.314992],[126.181519,33.315091],[126.181517,33.315153],[126.181445,33.315272],[126.181402,33.315326],[126.181415,33.315352],[126.181372,33.315404],[126.181313,33.315441],[126.181308,33.315465],[126.181469,33.315554],[126.181438,33.315623],[126.181335,33.315795],[126.181381,33.315875],[126.181346,33.316069],[126.181413,33.316082],[126.181345,33.316214],[126.18124,33.316196],[126.181185,33.316143],[126.181109,33.316188],[126.180842,33.316266],[126.180663,33.31633],[126.180482,33.316384],[126.180382,33.316327],[126.18036,33.316278],[126.180161,33.316407],[126.180167,33.316461],[126.18008,33.316567],[126.17996,33.316572],[126.179889,33.316677],[126.179777,33.316587],[126.179668,33.316684],[126.179456,33.316706],[126.179401,33.316747],[126.179349,33.316772],[126.179272,33.316794],[126.179206,33.316779],[126.179118,33.316806],[126.179199,33.316877],[126.179159,33.317074],[126.179129,33.317118],[126.178967,33.31713],[126.178912,33.317053],[126.178726,33.317049],[126.178559,33.317119],[126.178562,33.317219],[126.178401,33.317189],[126.178377,33.317115],[126.178313,33.317104],[126.178233,33.31713],[126.178181,33.317223],[126.178127,33.317369],[126.178101,33.317386],[126.178096,33.317498],[126.178064,33.317631],[126.178082,33.317658],[126.178,33.317858],[126.178,33.317879],[126.178083,33.317893],[126.178095,33.317946],[126.178142,33.318068],[126.178193,33.318234],[126.178266,33.318246],[126.178375,33.3185],[126.178411,33.318613],[126.178462,33.318637],[126.178561,33.318725],[126.178633,33.318724],[126.178739,33.318758],[126.178781,33.3188],[126.178841,33.318842],[126.17888,33.318975],[126.178913,33.319162],[126.178992,33.319173],[126.179133,33.319181],[126.179363,33.319301],[126.179789,33.319252],[126.179922,33.319229],[126.180019,33.31923],[126.180145,33.319208],[126.180213,33.319136],[126.180346,33.319143],[126.18046,33.319121],[126.180541,33.31916],[126.180688,33.319195],[126.180783,33.319201],[126.18086,33.319176],[126.181031,33.319199],[126.181088,33.319227],[126.181168,33.319112],[126.181369,33.31924],[126.181388,33.319351],[126.181349,33.319493],[126.181222,33.319518],[126.181096,33.31958],[126.180983,33.319696],[126.180883,33.319781],[126.180771,33.319773],[126.180662,33.319787],[126.180623,33.319756],[126.180478,33.319786],[126.180433,33.319818],[126.180255,33.319773],[126.179953,33.319727],[126.179902,33.319753],[126.179871,33.319743],[126.179705,33.319816]]]}},{"type":"Feature","id":2137,"properties":{"code":"65000005011020240264UQA4200001004","collectionId":"10225","date":"2025-10-01"},"geometry":{"type":"Polygon","coordinates":[[[126.189189,33.356593],[126.189202,33.356717],[126.18908,33.356935],[126.188969,33.357041],[126.188933,33.357053],[126.188876,33.357145],[126.188852,33.357268],[126.188805,33.357364],[126.188757,33.357371],[126.188675,33.357479],[126.188634,33.35778],[126.188693,33.357832],[126.188632,33.357982],[126.188593,33.357972],[126.188485,33.357878],[126.187686,33.356896],[126.187601,33.35678],[126.187271,33.356978],[126.187206,33.357045],[126.186946,33.357229],[126.186916,33.357261],[126.186799,33.357352],[126.186785,33.35749],[126.186733,33.357542],[126.186325,33.357428],[126.186331,33.357401],[126.18624,33.357328],[126.186153,33.357087],[126.186206,33.357077],[126.186278,33.356941],[126.186364,33.356806],[126.186391,33.356725],[126.186456,33.35666],[126.186516,33.356488],[126.186634,33.356299],[126.186672,33.356195],[126.186828,33.356123],[126.187227,33.355867],[126.187054,33.354282],[126.187345,33.354189],[126.188484,33.353793],[126.188629,33.353741],[126.188698,33.353707],[126.188773,33.353663],[126.189011,33.353453],[126.189374,33.353061],[126.189528,33.352939],[126.190012,33.352605],[126.190052,33.352796],[126.190055,33.352866],[126.190088,33.352912],[126.190088,33.352944],[126.19031,33.353118],[126.19034,33.353272],[126.19039,33.353338],[126.190506,33.353361],[126.190746,33.353618],[126.190825,33.353618],[126.190997,33.354023],[126.191071,33.354121],[126.191147,33.354309],[126.191192,33.354459],[126.191052,33.354819],[126.191049,33.354871],[126.191188,33.355109],[126.191185,33.355234],[126.191149,33.355255],[126.191042,33.35527],[126.191008,33.355287],[126.190815,33.355388],[126.190494,33.355577],[126.190465,33.355614],[126.190443,33.355625],[126.190293,33.35595],[126.190094,33.356175],[126.190058,33.356206],[126.19002,33.356226],[126.189948,33.356244],[126.189791,33.356189],[126.189537,33.356209],[126.189408,33.356287],[126.189335,33.356246],[126.189149,33.356212],[126.189126,33.356389],[126.189097,33.35642],[126.189093,33.356492],[126.189117,33.356571],[126.189189,33.356593]]]}},{"type":"Feature","id":2138,"properties":{"code":"65000005011020240264UQA4200001005","collectionId":"10226","date":"2025-10-01"},"geometry":{"type":"Polygon","coordinates":[[[126.597206,33.522258],[126.596267,33.522066],[126.596093,33.521994],[126.59685,33.522048],[126.598157,33.522178],[126.59885,33.52217],[126.599024,33.522261],[126.599197,33.522319],[126.599435,33.522341],[126.5996,33.52249],[126.599823,33.522557],[126.600406,33.522648],[126.600555,33.522606],[126.600575,33.52255],[126.600524,33.522392],[126.600346,33.522036],[126.600284,33.521759],[126.600241,33.521498],[126.600249,33.521333],[126.600449,33.521089],[126.600282,33.521021],[126.60012,33.520972],[126.599907,33.520923],[126.599846,33.520896],[126.599842,33.52086],[126.599894,33.520672],[126.59993,33.520642],[126.599865,33.520576],[126.599968,33.520493],[126.599994,33.520498],[126.60014,33.520455],[126.600219,33.520358],[126.600298,33.520198],[126.600602,33.52016],[126.600866,33.520158],[126.600885,33.520159],[126.600982,33.520222],[126.601318,33.520235],[126.601617,33.520178],[126.601991,33.520173],[126.60207,33.520172],[126.60231,33.520215],[126.602398,33.520199],[126.60255,33.520126],[126.602943,33.520049],[126.603264,33.519934],[126.603406,33.519966],[126.603792,33.519906],[126.604317,33.519672],[126.604455,33.519577],[126.604762,33.519258],[126.60485,33.518979],[126.604895,33.518939],[126.605143,33.519023],[126.605203,33.518978],[126.605285,33.518964],[126.605406,33.519002],[126.605523,33.518988],[126.605653,33.518941],[126.605803,33.518924],[126.605894,33.518958],[126.605952,33.519063],[126.605945,33.51914],[126.605845,33.519307],[126.605753,33.519499],[126.605621,33.519527],[126.605574,33.519627],[126.60563,33.519704],[126.605656,33.519761],[126.605588,33.519856],[126.605468,33.519951],[126.605532,33.520048],[126.605626,33.520142],[126.605716,33.520197],[126.605866,33.520383],[126.606007,33.520488],[126.606044,33.520587],[126.605993,33.520587],[126.605982,33.520706],[126.606108,33.52069],[126.606372,33.520701],[126.606466,33.520771],[126.606537,33.520809],[126.606761,33.520865],[126.607104,33.520926],[126.607316,33.520979],[126.607442,33.520975],[126.607469,33.521006],[126.607491,33.521053],[126.607876,33.521164],[126.607927,33.521191],[126.608018,33.52122],[126.608091,33.521227],[126.608157,33.521215],[126.608311,33.521236],[126.608763,33.521346],[126.608792,33.521314],[126.609083,33.521378],[126.609857,33.521364],[126.6099,33.521375],[126.610498,33.522063],[126.612707,33.522023],[126.613007,33.521973],[126.613737,33.521954],[126.614601,33.522063],[126.614639,33.5221],[126.616617,33.522759],[126.616637,33.522826],[126.616754,33.522841],[126.616768,33.522968],[126.6168,33.523098],[126.616823,33.523366],[126.61684,33.523369],[126.616885,33.523481],[126.617078,33.52438],[126.617075,33.524405],[126.617133,33.524607],[126.617182,33.524711],[126.617197,33.524769],[126.617207,33.524764],[126.617219,33.52479],[126.617446,33.525392],[126.617607,33.525847],[126.617736,33.526071],[126.617779,33.526206],[126.61789,33.526704],[126.617914,33.52698],[126.617891,33.527463],[126.617935,33.527764],[126.617924,33.527765],[126.618018,33.528225],[126.61809,33.528456],[126.618189,33.528871],[126.618157,33.529412],[126.618152,33.529641],[126.618074,33.530165],[126.618101,33.530323],[126.618135,33.530456],[126.618155,33.530504],[126.618124,33.530842],[126.618076,33.531037],[126.618058,33.531072],[126.61804,33.531381],[126.617738,33.53155],[126.617632,33.531568],[126.617604,33.531494],[126.61757,33.531433],[126.617477,33.531397],[126.617375,33.531375],[126.617308,33.531506],[126.617073,33.531528],[126.617015,33.531542],[126.616977,33.531539],[126.616693,33.531623],[126.616678,33.531673],[126.616584,33.531706],[126.61642,33.531718],[126.616379,33.531713],[126.616024,33.531851],[126.616007,33.531904],[126.615827,33.53206],[126.615431,33.532335],[126.615276,33.532296],[126.615285,33.532421],[126.615276,33.532556],[126.615164,33.532562],[126.615034,33.53259],[126.614965,33.532547],[126.614843,33.532504],[126.614739,33.532404],[126.614598,33.532318],[126.614544,33.532302],[126.614541,33.532254],[126.614569,33.532225],[126.614619,33.531843],[126.614673,33.531754],[126.614737,33.5317],[126.614792,33.531605],[126.61481,33.531443],[126.614856,33.531351],[126.614934,33.531278],[126.614982,33.531245],[126.615046,33.530994],[126.615048,33.530941],[126.615102,33.530896],[126.615084,33.530799],[126.615101,33.530666],[126.614989,33.530602],[126.614899,33.530561],[126.614803,33.530404],[126.614741,33.530273],[126.61469,33.53014],[126.614713,33.530103],[126.614611,33.530118],[126.614479,33.530116],[126.614166,33.530084],[126.614154,33.53002],[126.614187,33.529793],[126.61403,33.529756],[126.613959,33.529354],[126.613839,33.529391],[126.613699,33.52941],[126.613584,33.529398],[126.613575,33.529329],[126.613301,33.529297],[126.613258,33.529203],[126.612995,33.529175],[126.61286,33.529148],[126.612841,33.529113],[126.612741,33.52905],[126.612605,33.529159],[126.612573,33.529174],[126.612536,33.529172],[126.612313,33.529057],[126.612212,33.529024],[126.612129,33.529021],[126.612109,33.52907],[126.612104,33.529164],[126.612034,33.529158],[126.611899,33.529098],[126.611689,33.528918],[126.611634,33.528855],[126.6116,33.528776],[126.611494,33.528775],[126.611299,33.528734],[126.611253,33.52871],[126.611216,33.528597],[126.611167,33.52851],[126.610792,33.52863],[126.610632,33.528691],[126.610436,33.528745],[126.610383,33.528775],[126.610227,33.528788],[126.609841,33.528861],[126.60967,33.528907],[126.609303,33.528955],[126.609117,33.528738],[126.60908,33.528661],[126.609047,33.528617],[126.608913,33.528505],[126.608802,33.528485],[126.608697,33.528435],[126.608436,33.528385],[126.608452,33.528325],[126.608508,33.528298],[126.608501,33.52823],[126.608383,33.528169],[126.608252,33.528133],[126.608182,33.528128],[126.608022,33.528133],[126.607912,33.528157],[126.60782,33.528195],[126.607795,33.528188],[126.607588,33.528217],[126.607505,33.52819],[126.607392,33.528123],[126.607338,33.528063],[126.607286,33.528029],[126.607216,33.528007],[126.607013,33.527876],[126.606757,33.52766],[126.6067,33.527619],[126.606612,33.52752],[126.606455,33.527525],[126.606385,33.527465],[126.605884,33.52753],[126.605837,33.527502],[126.605734,33.5275],[126.605596,33.52754],[126.605582,33.527522],[126.605575,33.527325],[126.605463,33.527261],[126.605402,33.527201],[126.605442,33.527171],[126.605398,33.527078],[126.605483,33.526943],[126.605513,33.526779],[126.605543,33.526685],[126.605543,33.526586],[126.60557,33.526309],[126.605629,33.526241],[126.605778,33.526184],[126.605816,33.526151],[126.605836,33.526101],[126.605887,33.525767],[126.605904,33.525706],[126.606035,33.525531],[126.606152,33.525341],[126.606165,33.525269],[126.606193,33.525198],[126.606219,33.525195],[126.606232,33.525036],[126.606042,33.524872],[126.605916,33.524718],[126.605765,33.524741],[126.605565,33.524761],[126.605365,33.524773],[126.605244,33.52477],[126.604935,33.524738],[126.604794,33.524736],[126.604578,33.524688],[126.604445,33.524684],[126.604298,33.524563],[126.604239,33.52453],[126.604192,33.524559],[126.604158,33.524566],[126.603877,33.524524],[126.603813,33.524581],[126.603759,33.524584],[126.603723,33.524514],[126.603671,33.52432],[126.603483,33.524277],[126.603262,33.524263],[126.603072,33.524296],[126.602941,33.524356],[126.602867,33.524311],[126.603021,33.524513],[126.603033,33.524605],[126.603138,33.524774],[126.603398,33.525078],[126.603376,33.525223],[126.603185,33.525381],[126.603079,33.525715],[126.603,33.52587],[126.602711,33.52618],[126.602584,33.526566],[126.602599,33.526694],[126.602527,33.526815],[126.60193,33.527467],[126.601959,33.52772],[126.601982,33.527841],[126.60182,33.528009],[126.601834,33.528088],[126.601921,33.528193],[126.601904,33.528464],[126.601905,33.528981],[126.601824,33.529153],[126.601764,33.529333],[126.601793,33.529393],[126.601711,33.529366],[126.601599,33.529344],[126.601438,33.529242],[126.601324,33.529189],[126.601271,33.529152],[126.601128,33.529144],[126.601012,33.529115],[126.600699,33.529075],[126.600691,33.528934],[126.600716,33.528799],[126.60086,33.5286],[126.600797,33.52845],[126.600778,33.528279],[126.600785,33.528247],[126.600748,33.528187],[126.600742,33.52816],[126.600746,33.528119],[126.600789,33.528032],[126.600904,33.527849],[126.601057,33.527684],[126.601156,33.527619],[126.60133,33.527532],[126.601573,33.527436],[126.60169,33.527327],[126.60176,33.527222],[126.601838,33.527078],[126.60191,33.526978],[126.601943,33.52677],[126.601947,33.526642],[126.601931,33.526516],[126.601894,33.526338],[126.601956,33.525754],[126.601914,33.525517],[126.601861,33.525322],[126.601862,33.525183],[126.601912,33.525095],[126.601936,33.524998],[126.601933,33.524948],[126.601898,33.524862],[126.601786,33.524659],[126.601638,33.524421],[126.601603,33.524424],[126.601552,33.524402],[126.601297,33.524183],[126.601249,33.524121],[126.6012,33.524043],[126.601124,33.523948],[126.600999,33.523739],[126.600989,33.523608],[126.600679,33.523401],[126.60058,33.523323],[126.600527,33.523251],[126.600505,33.523137],[126.600386,33.522977],[126.600312,33.522914],[126.60019,33.522845],[126.600105,33.522818],[126.599913,33.522737],[126.599477,33.522686],[126.599237,33.52262],[126.59895,33.522574],[126.598836,33.52252],[126.598738,33.522503],[126.598511,33.52249],[126.598466,33.522496],[126.598354,33.522461],[126.597965,33.522384],[126.597565,33.522337],[126.597206,33.522258]]]}},{"type":"Feature","id":2139,"properties":{"code":"65000005011020240264UQA4200001006","collectionId":"10227","date":"2025-10-01"},"geometry":{"type":"Polygon","coordinates":[[[126.594684,33.522451],[126.594564,33.522452],[126.594324,33.522411],[126.594257,33.522383],[126.593978,33.522512],[126.594205,33.522369],[126.594401,33.522313],[126.594486,33.522276],[126.595118,33.52192],[126.595685,33.521963],[126.595588,33.521986],[126.595064,33.522283],[126.594787,33.522421],[126.594684,33.522451]]]}},{"type":"Feature","id":2140,"properties":{"code":"65000005011020240264UQA4200001054","collectionId":"10203","date":"2025-10-01"},"geometry":{"type":"MultiPolygon","coordinates":[[[[126.549525,33.467437],[126.549525,33.467437],[126.549525,33.467437],[126.549525,33.467437]]],[[[126.554855,33.465562],[126.555109,33.465577],[126.555383,33.46557],[126.555495,33.465578],[126.555545,33.465572],[126.555539,33.465651],[126.555516,33.465692],[126.555507,33.46578],[126.55551,33.46591],[126.555695,33.46614],[126.555887,33.466774],[126.555926,33.466862],[126.555917,33.466944],[126.555906,33.466965],[126.555815,33.467057],[126.555738,33.467067],[126.555661,33.467109],[126.555525,33.467155],[126.555428,33.467146],[126.555297,33.467176],[126.555139,33.467259],[126.554962,33.467321],[126.555085,33.467725],[126.555298,33.467622],[126.555512,33.467508],[126.555549,33.467446],[126.555624,33.467401],[126.555629,33.467588],[126.554941,33.467818],[126.554867,33.467853],[126.554809,33.467893],[126.55473,33.467979],[126.554264,33.468712],[126.554212,33.46878],[126.554132,33.468853],[126.553524,33.469289],[126.553454,33.469357],[126.553405,33.469436],[126.553381,33.469515],[126.553347,33.469997],[126.553319,33.470112],[126.55325,33.470233],[126.552945,33.470568],[126.552892,33.470647],[126.552863,33.470733],[126.552795,33.471146],[126.552637,33.471135],[126.55235,33.471134],[126.552178,33.471032],[126.552055,33.471009],[126.552,33.471015],[126.551854,33.471001],[126.551704,33.471017],[126.55145,33.471169],[126.55137,33.471238],[126.551265,33.4713],[126.549244,33.47031],[126.547478,33.46941],[126.547374,33.469482],[126.5463,33.468947],[126.546302,33.468837],[126.546375,33.468722],[126.547203,33.469134],[126.547302,33.469128],[126.548561,33.468268],[126.548797,33.467953],[126.548994,33.467563],[126.549064,33.467327],[126.549013,33.466701],[126.548895,33.465805],[126.548917,33.465779],[126.548988,33.465757],[126.549135,33.465775],[126.549223,33.465818],[126.549308,33.465834],[126.549471,33.465825],[126.550061,33.465834],[126.550365,33.465796],[126.550301,33.465559],[126.550303,33.465518],[126.55048,33.465562],[126.550609,33.465506],[126.550587,33.465399],[126.550628,33.465156],[126.550681,33.465014],[126.550687,33.464945],[126.550667,33.464637],[126.550683,33.464591],[126.550732,33.464577],[126.550745,33.464469],[126.550728,33.464254],[126.550812,33.464126],[126.550972,33.46406],[126.551104,33.463994],[126.551265,33.463897],[126.551399,33.463876],[126.551443,33.463897],[126.551464,33.463934],[126.55149,33.463942],[126.55166,33.463912],[126.551809,33.463877],[126.551912,33.463886],[126.552024,33.463908],[126.552147,33.463946],[126.552171,33.4639],[126.552304,33.463723],[126.552495,33.46378],[126.552583,33.463826],[126.552618,33.46386],[126.55261,33.463876],[126.552736,33.463944],[126.552851,33.464048],[126.553127,33.464088],[126.553255,33.464088],[126.553341,33.464073],[126.553419,33.464049],[126.553396,33.46383],[126.553406,33.463659],[126.553455,33.463643],[126.55359,33.463674],[126.553687,33.46372],[126.553762,33.463716],[126.553835,33.463728],[126.553976,33.463761],[126.554042,33.463801],[126.554041,33.46379],[126.554117,33.463751],[126.554316,33.463691],[126.554384,33.463626],[126.554498,33.463602],[126.55483,33.46351],[126.554892,33.463476],[126.55486,33.463278],[126.554868,33.463177],[126.555326,33.463044],[126.55556,33.463027],[126.55557,33.463217],[126.55556,33.463553],[126.555571,33.463689],[126.555398,33.463741],[126.555086,33.463797],[126.554891,33.463844],[126.55476,33.463885],[126.554803,33.464026],[126.554868,33.464181],[126.554929,33.464438],[126.55493,33.464533],[126.554884,33.464562],[126.554768,33.464589],[126.554816,33.4647],[126.554837,33.464821],[126.554873,33.4654],[126.554855,33.465562]],[[126.547592,33.469337],[126.547599,33.469419],[126.549085,33.470175],[126.549099,33.470104],[126.549522,33.470086],[126.54955,33.470042],[126.54956,33.469999],[126.54959,33.469956],[126.549587,33.469874],[126.549628,33.469798],[126.549662,33.469767],[126.549632,33.46973],[126.549632,33.469634],[126.549703,33.469525],[126.549719,33.469452],[126.549664,33.469403],[126.549631,33.469357],[126.549615,33.469278],[126.549507,33.469229],[126.54943,33.469157],[126.549283,33.469086],[126.549316,33.469021],[126.54943,33.468861],[126.549536,33.46874],[126.549605,33.468682],[126.5497,33.468635],[126.549865,33.468459],[126.549949,33.468329],[126.550014,33.468213],[126.550085,33.468121],[126.550151,33.468076],[126.550136,33.467983],[126.550196,33.467952],[126.550228,33.467912],[126.550255,33.467859],[126.550255,33.467801],[126.55024,33.467752],[126.550155,33.467745],[126.550054,33.467753],[126.549978,33.467745],[126.549871,33.467702],[126.549853,33.467673],[126.549748,33.467584],[126.549571,33.467474],[126.549528,33.467437],[126.54971,33.467373],[126.549944,33.467218],[126.549413,33.466911],[126.549445,33.467323],[126.549376,33.46778],[126.549283,33.467993],[126.549166,33.46816],[126.548997,33.468346],[126.54883,33.46849],[126.548265,33.468882],[126.54777,33.46918],[126.547592,33.469337]]]]}},{"type":"Feature","id":2141,"properties":{"code":"65000005011020240264UQA4200001011","collectionId":"10316","date":"2025-10-01"},"geometry":{"type":"Polygon","coordinates":[[[126.414636,33.488434],[126.414485,33.488455],[126.414383,33.488492],[126.414372,33.488305],[126.414312,33.488078],[126.414303,33.487997],[126.414297,33.487784],[126.414315,33.487654],[126.414344,33.487625],[126.414319,33.487526],[126.414296,33.487289],[126.414308,33.487231],[126.414274,33.48712],[126.414283,33.487049],[126.414308,33.486998],[126.414196,33.486761],[126.414929,33.487072],[126.414922,33.487077],[126.416257,33.487615],[126.415932,33.488263],[126.415901,33.488297],[126.415856,33.488329],[126.415823,33.488344],[126.415755,33.48836],[126.414982,33.488386],[126.414636,33.488434]]]}},{"type":"Feature","id":2142,"properties":{"code":"65000005011020240264UQA4200001007","collectionId":"10314","date":"2025-10-01"},"geometry":{"type":"Polygon","coordinates":[[[126.413866,33.488852],[126.413865,33.488859],[126.413386,33.48892],[126.413248,33.488925],[126.412319,33.488922],[126.411859,33.488909],[126.411056,33.48891],[126.410969,33.488897],[126.410876,33.488868],[126.410442,33.488654],[126.410554,33.488455],[126.410303,33.48804],[126.410578,33.487358],[126.410086,33.487218],[126.410203,33.486833],[126.410262,33.486589],[126.41049,33.48592],[126.41054,33.485805],[126.410721,33.485474],[126.410739,33.485424],[126.410828,33.48527],[126.411157,33.485412],[126.412095,33.485839],[126.413863,33.486615],[126.413827,33.486636],[126.413862,33.486824],[126.413899,33.486869],[126.41396,33.486885],[126.414016,33.48688],[126.414126,33.48696],[126.414121,33.487036],[126.414135,33.487157],[126.41417,33.487269],[126.414192,33.48746],[126.414172,33.487504],[126.414092,33.487523],[126.414099,33.487769],[126.414134,33.487875],[126.414148,33.487961],[126.414205,33.488104],[126.414252,33.488335],[126.414251,33.488448],[126.414208,33.48853],[126.414037,33.488644],[126.413866,33.488852]]]}},{"type":"Feature","id":2143,"properties":{"code":"65000005011020240264UQA4200001010","collectionId":"10315","date":"2025-10-01"},"geometry":{"type":"Polygon","coordinates":[[[126.441905,33.475855],[126.44184,33.475997],[126.441817,33.476116],[126.441773,33.476171],[126.441652,33.476544],[126.44157,33.476568],[126.4415,33.476626],[126.441371,33.476596],[126.441227,33.47653],[126.441016,33.476384],[126.440928,33.476359],[126.440792,33.47636],[126.440623,33.476403],[126.440536,33.47641],[126.440429,33.476377],[126.44034,33.476299],[126.4402,33.47624],[126.44002,33.4762],[126.439471,33.476173],[126.438812,33.47612],[126.438736,33.476132],[126.43848,33.476221],[126.438326,33.476129],[126.438086,33.476081],[126.437394,33.475862],[126.437263,33.475789],[126.437097,33.475731],[126.43698,33.475593],[126.436841,33.475504],[126.436508,33.475444],[126.436237,33.475365],[126.436154,33.475277],[126.435724,33.474935],[126.435533,33.474837],[126.435193,33.474813],[126.434934,33.474678],[126.434769,33.474618],[126.434415,33.474573],[126.434343,33.474617],[126.434186,33.47454],[126.434053,33.474388],[126.433823,33.474347],[126.433584,33.474345],[126.433381,33.474301],[126.433113,33.474275],[126.432973,33.474283],[126.432732,33.474325],[126.43258,33.474305],[126.432546,33.474213],[126.432541,33.47413],[126.432584,33.473958],[126.432712,33.473769],[126.432747,33.473659],[126.432818,33.473493],[126.432957,33.473314],[126.432984,33.473289],[126.433035,33.473263],[126.433054,33.473267],[126.433127,33.473254],[126.433223,33.47315],[126.433329,33.47302],[126.43334,33.472936],[126.433293,33.472836],[126.433203,33.472714],[126.43319,33.472566],[126.433206,33.472449],[126.43326,33.472366],[126.433258,33.472312],[126.433363,33.472181],[126.433367,33.472072],[126.43396,33.471928],[126.434829,33.471655],[126.435697,33.471298],[126.437634,33.470554],[126.438496,33.470156],[126.439412,33.469809],[126.440775,33.469355],[126.440911,33.469763],[126.440937,33.469818],[126.440889,33.469888],[126.440893,33.469943],[126.440957,33.470067],[126.441213,33.470119],[126.44136,33.470352],[126.441525,33.470738],[126.441747,33.47095],[126.441712,33.471428],[126.441654,33.471516],[126.441675,33.471677],[126.441719,33.47176],[126.441792,33.471864],[126.441772,33.471999],[126.441729,33.472154],[126.44178,33.472292],[126.441894,33.472401],[126.441892,33.472519],[126.441792,33.472635],[126.441803,33.472689],[126.441811,33.472936],[126.44179,33.473038],[126.441816,33.473113],[126.441944,33.47336],[126.4421,33.473557],[126.442258,33.473891],[126.442305,33.474037],[126.442332,33.474193],[126.442328,33.474435],[126.442317,33.474544],[126.442268,33.474659],[126.442084,33.474799],[126.442019,33.474864],[126.441942,33.475088],[126.441871,33.475192],[126.441793,33.475269],[126.44176,33.475391],[126.441823,33.475399],[126.441864,33.475444],[126.441887,33.475608],[126.441905,33.475855]]]}},{"type":"Feature","id":2144,"properties":{"code":"65000005011020240264UQA4200001013","collectionId":"10317","date":"2025-10-01"},"geometry":{"type":"Polygon","coordinates":[[[126.396923,33.47546],[126.396901,33.475564],[126.396896,33.47566],[126.396701,33.475674],[126.396677,33.475667],[126.396441,33.475664],[126.396026,33.475872],[126.395978,33.47588],[126.395832,33.475969],[126.395651,33.476047],[126.395584,33.476113],[126.395564,33.476166],[126.395411,33.476129],[126.395194,33.476113],[126.394997,33.47608],[126.394866,33.476041],[126.394618,33.475937],[126.394541,33.47592],[126.39452,33.475896],[126.394519,33.475874],[126.394552,33.475784],[126.394554,33.475726],[126.394487,33.475734],[126.394422,33.475717],[126.394345,33.475681],[126.394207,33.475637],[126.393982,33.475603],[126.393793,33.475595],[126.393772,33.475726],[126.393632,33.475863],[126.393497,33.475933],[126.393446,33.475916],[126.393254,33.475898],[126.393184,33.475879],[126.393129,33.475776],[126.39302,33.475773],[126.392873,33.475785],[126.392776,33.475795],[126.392745,33.475947],[126.392728,33.47599],[126.392681,33.476037],[126.392645,33.476024],[126.392492,33.47604],[126.392192,33.475921],[126.392125,33.475903],[126.392113,33.475807],[126.392028,33.475791],[126.391938,33.475751],[126.391734,33.475729],[126.391601,33.475682],[126.391474,33.475457],[126.391458,33.475382],[126.391401,33.47534],[126.39144,33.475309],[126.391583,33.475239],[126.391658,33.475174],[126.391785,33.475173],[126.391906,33.475222],[126.391912,33.475209],[126.391946,33.475203],[126.392036,33.475223],[126.392255,33.475199],[126.3923,33.475201],[126.392395,33.475141],[126.392475,33.475067],[126.39279,33.474881],[126.392955,33.474733],[126.393185,33.474596],[126.393329,33.474448],[126.393518,33.474396],[126.393629,33.474399],[126.393808,33.474429],[126.393991,33.474429],[126.394035,33.474411],[126.394213,33.474405],[126.394389,33.474376],[126.394584,33.474326],[126.394651,33.474262],[126.394877,33.474092],[126.394945,33.474025],[126.394967,33.47399],[126.394991,33.473978],[126.395409,33.473913],[126.395458,33.47389],[126.395687,33.47373],[126.396314,33.473458],[126.396356,33.473473],[126.396514,33.473652],[126.396712,33.473795],[126.396824,33.47393],[126.396892,33.474051],[126.396912,33.474121],[126.39699,33.47426],[126.397035,33.474452],[126.397068,33.474494],[126.397152,33.47464],[126.397312,33.474782],[126.397065,33.475181],[126.396978,33.475357],[126.396946,33.475462],[126.396923,33.47546]]]}},{"type":"Feature","id":2145,"properties":{"code":"65000005011020240264UQA4200001014","collectionId":"10469","date":"2025-10-01"},"geometry":{"type":"Polygon","coordinates":[[[126.499081,33.464022],[126.499124,33.463918],[126.499148,33.463894],[126.499273,33.463843],[126.499355,33.463837],[126.499438,33.463853],[126.49952,33.463895],[126.499539,33.463967],[126.499531,33.464032],[126.499537,33.464093],[126.499464,33.464236],[126.500313,33.464286],[126.500393,33.46453],[126.500392,33.464552],[126.500587,33.464624],[126.500675,33.464648],[126.500845,33.464773],[126.500892,33.464777],[126.500929,33.464844],[126.500929,33.464968],[126.500907,33.465203],[126.500918,33.465408],[126.500842,33.465596],[126.50079,33.465605],[126.500694,33.465593],[126.500606,33.46556],[126.500165,33.46534],[126.500033,33.465295],[126.499846,33.46522],[126.499503,33.465103],[126.499376,33.465077],[126.499177,33.465068],[126.499137,33.465081],[126.499037,33.465044],[126.499016,33.465012],[126.498957,33.465002],[126.498685,33.465024],[126.498559,33.465002],[126.498603,33.464957],[126.49867,33.464732],[126.498722,33.464714],[126.49884,33.464656],[126.498915,33.464591],[126.499029,33.464597],[126.499073,33.464615],[126.49918,33.464306],[126.499134,33.464266],[126.499122,33.464198],[126.49908,33.464078],[126.499081,33.464022]]]}},{"type":"Feature","id":2146,"properties":{"code":"65000005011020240264UQA4200001015","collectionId":"10470","date":"2025-10-01"},"geometry":{"type":"Polygon","coordinates":[[[126.450197,33.446624],[126.450503,33.446753],[126.450585,33.446806],[126.450605,33.446824],[126.450633,33.446886],[126.45063,33.446926],[126.450606,33.446958],[126.450584,33.446968],[126.450528,33.446978],[126.450404,33.446976],[126.450306,33.446984],[126.45024,33.447018],[126.450221,33.447051],[126.450211,33.447125],[126.450218,33.447209],[126.450194,33.447316],[126.450141,33.44747],[126.450162,33.447568],[126.450243,33.447799],[126.450216,33.448131],[126.450324,33.448312],[126.450044,33.448394],[126.44991,33.44873],[126.449665,33.449055],[126.449588,33.44914],[126.449559,33.449191],[126.449542,33.449251],[126.449551,33.44944],[126.449565,33.449487],[126.449632,33.449614],[126.449855,33.449854],[126.449872,33.449967],[126.449155,33.449995],[126.448975,33.449963],[126.448777,33.44985],[126.448437,33.449725],[126.447912,33.449664],[126.447805,33.449614],[126.447629,33.449593],[126.446721,33.449571],[126.446723,33.449553],[126.446672,33.449518],[126.446712,33.449424],[126.446938,33.449168],[126.447202,33.448918],[126.447444,33.448664],[126.447781,33.448235],[126.448104,33.448081],[126.448363,33.447783],[126.448546,33.447545],[126.448663,33.447074],[126.448817,33.446797],[126.448918,33.446662],[126.449234,33.445474],[126.449478,33.44554],[126.44973,33.445507],[126.450251,33.445565],[126.450511,33.445457],[126.450764,33.44539],[126.450943,33.445378],[126.451152,33.445398],[126.451307,33.445292],[126.451327,33.445382],[126.451314,33.445502],[126.451344,33.44588],[126.451335,33.445936],[126.45126,33.446106],[126.451137,33.446233],[126.451026,33.446319],[126.450977,33.446343],[126.450882,33.446345],[126.450579,33.446229],[126.450471,33.4462],[126.450362,33.446202],[126.450231,33.446231],[126.450222,33.446257],[126.450219,33.446314],[126.450231,33.446518],[126.450197,33.446624]]]}},{"type":"Feature","id":2147,"properties":{"code":"65000005011020240264UQA4200001016","collectionId":"10471","date":"2025-10-01"},"geometry":{"type":"Polygon","coordinates":[[[126.480444,33.442922],[126.480407,33.441896],[126.480458,33.441854],[126.484611,33.441852],[126.485063,33.441826],[126.485227,33.441825],[126.485263,33.441848],[126.48526,33.442475],[126.485073,33.443119],[126.483829,33.443621],[126.483614,33.443875],[126.483503,33.444339],[126.483309,33.444321],[126.482845,33.444319],[126.482835,33.444456],[126.482818,33.444496],[126.482828,33.444513],[126.48301,33.444614],[126.483244,33.444707],[126.483239,33.444898],[126.482695,33.444635],[126.481746,33.444274],[126.481435,33.444132],[126.480995,33.443778],[126.480849,33.443697],[126.480546,33.443668],[126.480478,33.443672],[126.480444,33.442922]]]}},{"type":"Feature","id":2148,"properties":{"code":"65000005011020240264UQA4200001026","collectionId":"10481","date":"2025-10-01"},"geometry":{"type":"Polygon","coordinates":[[[126.44559,33.466368],[126.445649,33.466077],[126.445685,33.466042],[126.445772,33.465615],[126.445784,33.46528],[126.445957,33.465012],[126.446167,33.464913],[126.446305,33.464793],[126.446358,33.464732],[126.44685,33.464626],[126.447025,33.464711],[126.447083,33.464912],[126.446904,33.46508],[126.446847,33.465082],[126.446823,33.46511],[126.446779,33.465176],[126.446665,33.465464],[126.446506,33.465616],[126.446337,33.465697],[126.446168,33.465752],[126.446115,33.465819],[126.446394,33.46579],[126.446396,33.465877],[126.446525,33.465866],[126.446733,33.465793],[126.4469,33.46583],[126.447023,33.465818],[126.447016,33.466356],[126.447018,33.466386],[126.447067,33.466529],[126.447127,33.466596],[126.447203,33.466628],[126.447362,33.466654],[126.447373,33.466679],[126.447166,33.46676],[126.447055,33.466828],[126.447019,33.466935],[126.446975,33.466991],[126.446892,33.467057],[126.446789,33.467099],[126.44645,33.467139],[126.446356,33.467163],[126.446268,33.467201],[126.446158,33.46727],[126.446045,33.46737],[126.445979,33.467417],[126.445809,33.467632],[126.445762,33.467673],[126.445728,33.467692],[126.445707,33.46769],[126.445655,33.467676],[126.445612,33.467626],[126.445448,33.467127],[126.445446,33.46697],[126.445566,33.466739],[126.4456,33.46648],[126.44559,33.466368]]]}},{"type":"Feature","id":2149,"properties":{"code":"65000005011020240264UQA4200001023","collectionId":"10478","date":"2025-10-01"},"geometry":{"type":"Polygon","coordinates":[[[126.452467,33.44054],[126.452524,33.44052],[126.452572,33.440521],[126.452672,33.440557],[126.452701,33.440561],[126.452764,33.440526],[126.452802,33.440533],[126.452888,33.440605],[126.452986,33.440713],[126.453117,33.440987],[126.453227,33.441437],[126.453149,33.441515],[126.45321,33.441796],[126.453256,33.441836],[126.453254,33.441926],[126.453225,33.44203],[126.452953,33.442232],[126.452784,33.442275],[126.452716,33.442412],[126.452719,33.442556],[126.452652,33.442873],[126.452605,33.443234],[126.452474,33.443301],[126.452031,33.44337],[126.451839,33.443398],[126.451757,33.443367],[126.451665,33.443371],[126.45133,33.443521],[126.451036,33.443625],[126.450517,33.443584],[126.45018,33.443455],[126.450353,33.443333],[126.450611,33.442998],[126.450773,33.442462],[126.450983,33.441837],[126.451056,33.44145],[126.45086,33.441002],[126.450834,33.440968],[126.450769,33.440766],[126.450703,33.440484],[126.450668,33.440237],[126.450613,33.440096],[126.450275,33.439698],[126.450089,33.439542],[126.450016,33.439508],[126.450474,33.439084],[126.451063,33.43887],[126.451604,33.438606],[126.451905,33.438505],[126.451948,33.438525],[126.451923,33.438643],[126.451909,33.438855],[126.451936,33.438876],[126.451979,33.438975],[126.452004,33.439074],[126.452019,33.439235],[126.452003,33.439551],[126.452034,33.439643],[126.452081,33.439717],[126.452143,33.439776],[126.452134,33.439919],[126.452092,33.440085],[126.452056,33.440135],[126.452038,33.440196],[126.452036,33.440313],[126.452054,33.4404],[126.452091,33.440456],[126.452164,33.440517],[126.452231,33.44055],[126.452308,33.440567],[126.45239,33.440563],[126.452467,33.44054]]]}},{"type":"Feature","id":2150,"properties":{"code":"65000005011020240264UQA4200001032","collectionId":"10487","date":"2025-10-01"},"geometry":{"type":"Polygon","coordinates":[[[126.524601,33.466174],[126.524589,33.466373],[126.524534,33.46659],[126.524478,33.466576],[126.524268,33.466491],[126.524068,33.466461],[126.523987,33.46641],[126.523871,33.466387],[126.523709,33.466365],[126.523396,33.46637],[126.523144,33.466356],[126.523122,33.466645],[126.523063,33.46686],[126.52304,33.46691],[126.523044,33.467021],[126.523134,33.467146],[126.522957,33.467174],[126.522628,33.46705],[126.52244,33.466913],[126.52248,33.467028],[126.522632,33.467102],[126.522803,33.467204],[126.522897,33.467296],[126.522935,33.467366],[126.522948,33.467417],[126.522952,33.467482],[126.522939,33.467532],[126.522899,33.467607],[126.522832,33.467696],[126.522777,33.467791],[126.522745,33.467871],[126.522738,33.46792],[126.522748,33.467958],[126.522786,33.468017],[126.522886,33.468123],[126.52293,33.468184],[126.522993,33.468351],[126.523021,33.46846],[126.523019,33.468502],[126.523,33.468546],[126.522971,33.468575],[126.522749,33.468563],[126.52266,33.468548],[126.522546,33.468509],[126.522399,33.468421],[126.522346,33.468374],[126.522321,33.468201],[126.522308,33.4682],[126.522318,33.468107],[126.522229,33.467597],[126.522168,33.467454],[126.522107,33.467393],[126.522003,33.46718],[126.521997,33.467144],[126.521957,33.467164],[126.521859,33.466865],[126.521775,33.466668],[126.521802,33.466376],[126.521781,33.466103],[126.521863,33.465808],[126.521957,33.465638],[126.522064,33.464757],[126.522107,33.464653],[126.522078,33.464356],[126.522129,33.464061],[126.522127,33.464023],[126.522174,33.463924],[126.52213,33.463852],[126.521778,33.463441],[126.521681,33.463357],[126.521378,33.463172],[126.521267,33.462982],[126.52113,33.462483],[126.52114,33.462324],[126.521182,33.462162],[126.52118,33.461968],[126.521192,33.461894],[126.521123,33.46168],[126.521059,33.461569],[126.521045,33.461304],[126.521152,33.460941],[126.521174,33.460706],[126.521111,33.460572],[126.521025,33.46044],[126.521021,33.460365],[126.520874,33.460212],[126.520682,33.459942],[126.520581,33.459612],[126.520574,33.459174],[126.520552,33.459149],[126.52052,33.459147],[126.520484,33.459161],[126.520494,33.459257],[126.520486,33.459633],[126.520462,33.459902],[126.520435,33.460067],[126.520728,33.460384],[126.52085,33.460529],[126.520929,33.460758],[126.520955,33.461043],[126.520921,33.461277],[126.520943,33.461558],[126.521027,33.461724],[126.521079,33.461973],[126.521079,33.462191],[126.521041,33.462425],[126.519507,33.462564],[126.51943,33.462588],[126.519111,33.462658],[126.518898,33.462731],[126.517334,33.463136],[126.517343,33.462713],[126.517335,33.462499],[126.51746,33.462087],[126.517624,33.461653],[126.517571,33.461544],[126.51758,33.461325],[126.517663,33.46112],[126.517632,33.460748],[126.517599,33.460543],[126.517515,33.460314],[126.517683,33.459983],[126.517969,33.459201],[126.517945,33.458972],[126.517823,33.458614],[126.517742,33.458286],[126.517549,33.458123],[126.517109,33.457779],[126.517045,33.457674],[126.517071,33.457639],[126.517057,33.45746],[126.517109,33.457337],[126.517094,33.456866],[126.517178,33.456848],[126.517265,33.456634],[126.517269,33.456552],[126.517537,33.456209],[126.517759,33.455796],[126.517937,33.455319],[126.51804,33.45511],[126.518218,33.454586],[126.518137,33.454034],[126.518054,33.453679],[126.518267,33.453364],[126.51838,33.453098],[126.518287,33.452649],[126.51918,33.452646],[126.519664,33.452699],[126.52046,33.452728],[126.52107,33.4528],[126.521434,33.452835],[126.522177,33.452884],[126.522483,33.452897],[126.522531,33.452818],[126.523124,33.452808],[126.52318,33.452796],[126.523422,33.452768],[126.523856,33.452728],[126.524192,33.452731],[126.525164,33.452786],[126.52559,33.452836],[126.526037,33.452857],[126.527456,33.452887],[126.527694,33.452904],[126.528185,33.452902],[126.528648,33.452932],[126.529187,33.452894],[126.529433,33.452904],[126.529953,33.452976],[126.529956,33.452967],[126.530083,33.452955],[126.531202,33.453017],[126.531604,33.453029],[126.531649,33.452995],[126.531734,33.453687],[126.531808,33.453857],[126.531677,33.454392],[126.531825,33.454588],[126.53201,33.454703],[126.532104,33.454815],[126.532153,33.454959],[126.532366,33.455271],[126.532414,33.455522],[126.532186,33.455787],[126.5321,33.455961],[126.531919,33.456199],[126.5319,33.456448],[126.531968,33.456841],[126.53196,33.45719],[126.531879,33.457421],[126.53195,33.457831],[126.532097,33.458421],[126.532062,33.458502],[126.53211,33.45872],[126.532075,33.458893],[126.531932,33.459104],[126.531773,33.459174],[126.53169,33.459388],[126.531693,33.459474],[126.53168,33.459687],[126.531608,33.459884],[126.531411,33.460369],[126.531169,33.460775],[126.531099,33.460981],[126.531048,33.460967],[126.531006,33.460931],[126.530882,33.460857],[126.530787,33.460746],[126.530769,33.460755],[126.530753,33.460831],[126.530668,33.460988],[126.530605,33.461158],[126.530594,33.461209],[126.530642,33.461359],[126.53067,33.461407],[126.530791,33.461745],[126.531026,33.461692],[126.53112,33.461694],[126.531136,33.46195],[126.531102,33.46211],[126.531029,33.462185],[126.531084,33.462308],[126.531087,33.462365],[126.530976,33.46251],[126.530861,33.462604],[126.530752,33.462777],[126.530582,33.462898],[126.530315,33.46297],[126.529953,33.463113],[126.52983,33.463129],[126.529706,33.463158],[126.529685,33.463124],[126.529597,33.462911],[126.52958,33.462912],[126.52952,33.462851],[126.529494,33.462806],[126.529448,33.462644],[126.529449,33.462562],[126.529425,33.462445],[126.529426,33.462393],[126.529404,33.462308],[126.529432,33.462281],[126.529196,33.462226],[126.529116,33.462327],[126.528937,33.462327],[126.528756,33.462306],[126.528667,33.462281],[126.528633,33.462219],[126.528602,33.462193],[126.528465,33.462171],[126.528346,33.462167],[126.5282,33.462184],[126.528056,33.462222],[126.528049,33.462208],[126.527998,33.462168],[126.527944,33.46215],[126.527802,33.46218],[126.527725,33.462215],[126.52767,33.462307],[126.527518,33.462302],[126.527276,33.462277],[126.52718,33.462229],[126.527062,33.46221],[126.526925,33.462208],[126.526854,33.462234],[126.5266,33.462254],[126.526487,33.462303],[126.526416,33.462321],[126.52629,33.462298],[126.526146,33.462428],[126.526034,33.462506],[126.525839,33.462529],[126.525713,33.462522],[126.525637,33.462531],[126.525717,33.46277],[126.525788,33.462922],[126.525774,33.462985],[126.525851,33.463045],[126.525884,33.463102],[126.525955,33.463186],[126.525927,33.463295],[126.525973,33.463337],[126.525956,33.463369],[126.525932,33.463549],[126.525381,33.46349],[126.524768,33.463436],[126.522407,33.463341],[126.522313,33.463584],[126.522248,33.463724],[126.522202,33.463866],[126.522307,33.463921],[126.522422,33.463929],[126.522599,33.46392],[126.522784,33.463931],[126.522824,33.463915],[126.52285,33.463801],[126.522962,33.463805],[126.523075,33.463835],[126.523182,33.463892],[126.523248,33.463964],[126.523308,33.464076],[126.523287,33.464178],[126.523324,33.464315],[126.523452,33.464343],[126.523562,33.464344],[126.523839,33.464272],[126.524097,33.464254],[126.524187,33.464238],[126.524235,33.464446],[126.524219,33.46457],[126.524145,33.464697],[126.524119,33.464804],[126.52401,33.464913],[126.52415,33.465012],[126.524374,33.464995],[126.52451,33.46493],[126.524701,33.464933],[126.524936,33.464948],[126.525065,33.464914],[126.525056,33.464694],[126.524934,33.464415],[126.524951,33.464378],[126.525108,33.464254],[126.525188,33.464179],[126.525197,33.464092],[126.525276,33.463878],[126.52542,33.463967],[126.525464,33.463937],[126.525769,33.464114],[126.52588,33.464214],[126.525989,33.46426],[126.525981,33.464087],[126.526008,33.464012],[126.526063,33.463948],[126.526242,33.463925],[126.526461,33.463933],[126.52656,33.463918],[126.52649,33.463594],[126.526509,33.463414],[126.527712,33.463512],[126.528382,33.463553],[126.528449,33.46355],[126.528428,33.463561],[126.528346,33.463667],[126.528223,33.463863],[126.528216,33.463977],[126.52828,33.464065],[126.528393,33.464298],[126.528508,33.464603],[126.528843,33.464976],[126.528883,33.465063],[126.528916,33.465137],[126.528915,33.465268],[126.528956,33.465479],[126.528938,33.465607],[126.528852,33.465759],[126.528556,33.466033],[126.528378,33.466141],[126.528288,33.466214],[126.528248,33.466288],[126.528231,33.46647],[126.528198,33.466639],[126.528244,33.466779],[126.528228,33.466837],[126.52825,33.466988],[126.528301,33.467168],[126.528311,33.467331],[126.528207,33.467516],[126.528201,33.467643],[126.527916,33.467684],[126.527802,33.467727],[126.527727,33.468002],[126.527502,33.468047],[126.527224,33.468076],[126.527082,33.468075],[126.526724,33.468098],[126.526478,33.468102],[126.526473,33.468126],[126.526172,33.468359],[126.526098,33.468384],[126.526023,33.468388],[126.525961,33.468368],[126.525834,33.468296],[126.525712,33.468191],[126.5257,33.468168],[126.525684,33.468054],[126.525691,33.467921],[126.52568,33.46783],[126.525612,33.467715],[126.525525,33.46762],[126.525326,33.467452],[126.525243,33.467324],[126.525151,33.467128],[126.525118,33.467086],[126.525056,33.467033],[126.52502,33.466976],[126.525022,33.466946],[126.525327,33.466878],[126.525629,33.466847],[126.525839,33.46684],[126.525819,33.466569],[126.525827,33.46637],[126.525801,33.466169],[126.52578,33.466077],[126.525458,33.466133],[126.525338,33.466088],[126.525169,33.466179],[126.525095,33.466286],[126.525028,33.466258],[126.524931,33.466189],[126.524896,33.466134],[126.524604,33.466128],[126.524601,33.466174]]]}},{"type":"Feature","id":2151,"properties":{"code":"65000005011020240264UQA4200001033","collectionId":"10488","date":"2025-10-01"},"geometry":{"type":"Polygon","coordinates":[[[126.461085,33.464083],[126.460785,33.464091],[126.460414,33.464069],[126.46037,33.464021],[126.460214,33.463923],[126.460227,33.463789],[126.46027,33.463555],[126.460347,33.463427],[126.460321,33.463312],[126.460245,33.463302],[126.460202,33.463063],[126.460189,33.462942],[126.460138,33.462706],[126.460089,33.462633],[126.460061,33.462553],[126.460025,33.462373],[126.460295,33.462165],[126.460454,33.462055],[126.460523,33.46203],[126.460651,33.461912],[126.460719,33.461789],[126.460686,33.461594],[126.460768,33.461726],[126.461141,33.461744],[126.461347,33.461744],[126.461319,33.462183],[126.461381,33.462193],[126.461355,33.462516],[126.461323,33.462792],[126.461225,33.463022],[126.46084,33.462861],[126.460752,33.46274],[126.46061,33.462646],[126.460483,33.462694],[126.460449,33.462755],[126.460486,33.463029],[126.460465,33.463147],[126.460523,33.46317],[126.460618,33.463282],[126.460681,33.463451],[126.460688,33.463603],[126.460736,33.463723],[126.460904,33.464032],[126.461179,33.464026],[126.461254,33.464094],[126.46136,33.464147],[126.461085,33.464083]]]}},{"type":"Feature","id":2152,"properties":{"code":"65000005011020240264UQA4200001017","collectionId":"10472","date":"2025-10-01"},"geometry":{"type":"Polygon","coordinates":[[[126.446876,33.463445],[126.4469,33.463359],[126.44707,33.463167],[126.447264,33.462992],[126.447491,33.463089],[126.447661,33.46314],[126.447878,33.463162],[126.447878,33.463069],[126.447936,33.462912],[126.447936,33.462792],[126.448026,33.462802],[126.448062,33.4629],[126.448142,33.462851],[126.448447,33.462597],[126.448551,33.462479],[126.448582,33.462468],[126.448702,33.462525],[126.448724,33.46266],[126.448682,33.462889],[126.44855,33.463162],[126.448536,33.463182],[126.448236,33.463349],[126.448117,33.463395],[126.448062,33.463507],[126.447986,33.463704],[126.447912,33.463824],[126.447741,33.463906],[126.447578,33.46386],[126.447441,33.463869],[126.447356,33.46381],[126.447289,33.463856],[126.447135,33.46388],[126.446982,33.463828],[126.446774,33.463797],[126.446876,33.463445]]]}},{"type":"Feature","id":2153,"properties":{"code":"65000005011020240264UQA4200001019","collectionId":"10474","date":"2025-10-01"},"geometry":{"type":"Polygon","coordinates":[[[126.480478,33.461285],[126.480352,33.4613],[126.480326,33.461418],[126.480207,33.461478],[126.480043,33.46152],[126.479882,33.461599],[126.479869,33.461642],[126.479707,33.461732],[126.479582,33.461756],[126.479398,33.461828],[126.479144,33.461854],[126.479131,33.461874],[126.478728,33.461919],[126.478788,33.461828],[126.47885,33.461696],[126.478923,33.461508],[126.479001,33.461364],[126.479051,33.461282],[126.479162,33.461128],[126.479188,33.461103],[126.479115,33.461035],[126.479034,33.460916],[126.478494,33.460841],[126.478296,33.46065],[126.478203,33.460484],[126.478119,33.460449],[126.477837,33.460416],[126.477402,33.460507],[126.476981,33.460529],[126.476899,33.460517],[126.476729,33.460434],[126.47663,33.460335],[126.476531,33.460298],[126.47641,33.46029],[126.476218,33.460296],[126.476031,33.460346],[126.475829,33.460449],[126.475732,33.460536],[126.47555,33.460427],[126.475678,33.460268],[126.475599,33.460032],[126.475776,33.459862],[126.476138,33.459716],[126.476529,33.459651],[126.476857,33.45967],[126.477447,33.459438],[126.477328,33.458265],[126.477705,33.457831],[126.478078,33.45745],[126.478176,33.457313],[126.478461,33.45733],[126.478738,33.457389],[126.478917,33.457443],[126.47932,33.457593],[126.479374,33.45747],[126.479396,33.457277],[126.479689,33.457554],[126.479797,33.457631],[126.479853,33.457644],[126.48002,33.457577],[126.480146,33.457513],[126.480182,33.457172],[126.480151,33.456973],[126.48015,33.456669],[126.480167,33.456638],[126.48027,33.456697],[126.480338,33.45672],[126.480468,33.456791],[126.480763,33.456904],[126.480834,33.456886],[126.481105,33.456945],[126.481392,33.457017],[126.481606,33.457003],[126.481826,33.457089],[126.481727,33.457194],[126.481819,33.457456],[126.482183,33.457641],[126.482216,33.457728],[126.48213,33.457934],[126.48196,33.458105],[126.481851,33.458143],[126.481794,33.458476],[126.481771,33.458485],[126.481673,33.458729],[126.48163,33.458941],[126.481647,33.45897],[126.481639,33.45906],[126.481643,33.459181],[126.481554,33.459334],[126.481816,33.459387],[126.481936,33.459393],[126.482273,33.459335],[126.482876,33.459383],[126.482819,33.459665],[126.482827,33.459725],[126.482703,33.459969],[126.482737,33.460194],[126.482756,33.460266],[126.482722,33.46043],[126.48248,33.460584],[126.482261,33.460818],[126.481958,33.460822],[126.481847,33.460839],[126.481873,33.4608],[126.481762,33.460754],[126.481669,33.460695],[126.481546,33.460682],[126.481355,33.460837],[126.481351,33.460873],[126.481267,33.460915],[126.480991,33.461217],[126.480954,33.461288],[126.480893,33.461257],[126.480656,33.461262],[126.480478,33.461285]]]}},{"type":"Feature","id":2154,"properties":{"code":"65000005011020240264UQA4200001021","collectionId":"10476","date":"2025-10-01"},"geometry":{"type":"Polygon","coordinates":[[[126.594253,33.463625],[126.594244,33.463828],[126.594265,33.463952],[126.594399,33.464295],[126.594392,33.464374],[126.594468,33.464478],[126.594504,33.4645],[126.594566,33.46458],[126.594513,33.46478],[126.59453,33.464896],[126.594494,33.464946],[126.594577,33.464973],[126.594713,33.464993],[126.594849,33.464998],[126.594886,33.465039],[126.594903,33.465139],[126.59504,33.465339],[126.595132,33.465496],[126.59517,33.465586],[126.595252,33.465729],[126.595077,33.466134],[126.595139,33.466359],[126.595107,33.46642],[126.595179,33.466713],[126.59516,33.466866],[126.595168,33.467125],[126.595049,33.467361],[126.594946,33.467138],[126.594936,33.467059],[126.594898,33.466987],[126.594733,33.466822],[126.59462,33.46673],[126.594542,33.466607],[126.594509,33.466588],[126.594463,33.466615],[126.594415,33.466671],[126.594324,33.466756],[126.594242,33.466801],[126.594185,33.466843],[126.594118,33.466953],[126.594102,33.467037],[126.59413,33.467249],[126.594196,33.467337],[126.594155,33.467523],[126.594047,33.467616],[126.593952,33.467663],[126.593761,33.46739],[126.593621,33.467418],[126.593575,33.467445],[126.593527,33.467462],[126.593419,33.467467],[126.593352,33.467493],[126.59333,33.467557],[126.593322,33.467693],[126.593425,33.467721],[126.593472,33.467751],[126.593526,33.467835],[126.593534,33.467948],[126.593523,33.468004],[126.593584,33.468011],[126.593673,33.467987],[126.593796,33.467973],[126.593957,33.467996],[126.594113,33.468007],[126.594215,33.467966],[126.594318,33.467878],[126.594418,33.467761],[126.594566,33.467691],[126.594819,33.467632],[126.594942,33.46763],[126.59507,33.467616],[126.595154,33.467598],[126.595183,33.468786],[126.594674,33.469718],[126.594526,33.469783],[126.594459,33.469797],[126.594345,33.469848],[126.594231,33.469918],[126.594031,33.469953],[126.593947,33.469994],[126.593863,33.470014],[126.593699,33.470026],[126.59362,33.470051],[126.593499,33.470113],[126.59347,33.47015],[126.59332,33.470234],[126.59325,33.470327],[126.593092,33.470504],[126.592882,33.470638],[126.592548,33.470551],[126.592318,33.470474],[126.592027,33.470399],[126.591958,33.470388],[126.591762,33.470578],[126.59172,33.470544],[126.591558,33.470471],[126.59123,33.470301],[126.590988,33.470234],[126.59093,33.470358],[126.590827,33.470442],[126.590801,33.470506],[126.590685,33.470695],[126.59075,33.470709],[126.590997,33.470837],[126.591113,33.470915],[126.591149,33.470965],[126.591221,33.470924],[126.59136,33.470871],[126.591568,33.470766],[126.59162,33.470769],[126.591854,33.470871],[126.59196,33.470898],[126.591861,33.471026],[126.591781,33.471109],[126.591755,33.471165],[126.591714,33.471215],[126.591685,33.471313],[126.591644,33.471378],[126.591601,33.47143],[126.591558,33.471468],[126.591511,33.471539],[126.591381,33.47168],[126.591494,33.471755],[126.591537,33.471818],[126.591606,33.471854],[126.591687,33.471874],[126.591728,33.471917],[126.591762,33.471925],[126.591821,33.471898],[126.59188,33.471935],[126.591853,33.472102],[126.591831,33.472183],[126.591825,33.472265],[126.591771,33.472253],[126.591692,33.47225],[126.591661,33.472216],[126.591446,33.472167],[126.5914,33.472106],[126.591405,33.472057],[126.591358,33.472003],[126.591249,33.471969],[126.591131,33.471917],[126.591143,33.472114],[126.591135,33.472329],[126.591147,33.472599],[126.591323,33.472468],[126.591374,33.472463],[126.591465,33.472485],[126.591455,33.472631],[126.591438,33.47272],[126.591447,33.472798],[126.591536,33.472817],[126.591511,33.472917],[126.591499,33.473035],[126.59153,33.473174],[126.59154,33.473291],[126.591452,33.47329],[126.591301,33.473303],[126.591186,33.473348],[126.591058,33.473418],[126.590969,33.473355],[126.590956,33.473367],[126.590919,33.47325],[126.590888,33.47309],[126.59081,33.473087],[126.590755,33.473073],[126.590721,33.473046],[126.590686,33.472995],[126.590674,33.472856],[126.590591,33.472867],[126.590541,33.472864],[126.590503,33.472891],[126.590475,33.472955],[126.590448,33.473087],[126.590389,33.473146],[126.590316,33.473169],[126.590236,33.473175],[126.590169,33.473159],[126.590101,33.473182],[126.590037,33.473174],[126.590018,33.472757],[126.589986,33.472791],[126.589915,33.472815],[126.589758,33.472774],[126.589726,33.472897],[126.589725,33.473067],[126.58967,33.473155],[126.589609,33.473208],[126.589499,33.47323],[126.58943,33.473218],[126.589388,33.473255],[126.589365,33.473335],[126.589347,33.47345],[126.58928,33.47363],[126.589439,33.473636],[126.589536,33.47366],[126.589684,33.473683],[126.589791,33.473514],[126.589853,33.473384],[126.589894,33.473344],[126.589938,33.47338],[126.589985,33.473449],[126.590056,33.473567],[126.590086,33.473663],[126.590134,33.473868],[126.590148,33.474222],[126.59014,33.474292],[126.590288,33.474272],[126.590432,33.474265],[126.590558,33.474282],[126.59064,33.474301],[126.590701,33.474304],[126.590734,33.474378],[126.590735,33.474427],[126.590705,33.474516],[126.590648,33.474606],[126.590585,33.474677],[126.590467,33.474743],[126.590353,33.474781],[126.59025,33.474829],[126.590232,33.474881],[126.590252,33.474932],[126.590255,33.474991],[126.590284,33.475072],[126.590296,33.475168],[126.590277,33.475209],[126.590201,33.475325],[126.590234,33.47534],[126.590367,33.475346],[126.590444,33.475501],[126.590557,33.475512],[126.590662,33.475586],[126.590725,33.475617],[126.590546,33.47608],[126.590477,33.476332],[126.59029,33.476455],[126.590131,33.476626],[126.59001,33.476725],[126.590008,33.476846],[126.590042,33.476988],[126.59007,33.477058],[126.590003,33.477116],[126.590064,33.477254],[126.590209,33.477339],[126.590374,33.477392],[126.590533,33.477387],[126.590752,33.477471],[126.590793,33.477541],[126.590826,33.47762],[126.590813,33.477659],[126.590706,33.477799],[126.590687,33.477912],[126.590768,33.478132],[126.590741,33.478211],[126.590749,33.478308],[126.590735,33.478531],[126.59082,33.478708],[126.590919,33.478863],[126.591138,33.479155],[126.591109,33.479266],[126.591041,33.479381],[126.590945,33.479514],[126.590872,33.479645],[126.590859,33.479701],[126.590746,33.479862],[126.590643,33.479941],[126.590438,33.480077],[126.590357,33.480144],[126.590266,33.48014],[126.590044,33.479966],[126.589931,33.479927],[126.589739,33.47989],[126.589686,33.479916],[126.589667,33.479957],[126.589558,33.479964],[126.589549,33.480044],[126.589517,33.48008],[126.589445,33.480201],[126.589371,33.480208],[126.589296,33.480204],[126.589187,33.480233],[126.589203,33.480275],[126.589127,33.480309],[126.589163,33.480428],[126.589191,33.480471],[126.589185,33.480498],[126.58926,33.480539],[126.58932,33.48061],[126.589378,33.480665],[126.589498,33.480815],[126.589531,33.480891],[126.589567,33.480919],[126.58966,33.481093],[126.58965,33.481175],[126.589604,33.48123],[126.589416,33.481323],[126.589449,33.481372],[126.589473,33.481445],[126.589472,33.481535],[126.58943,33.481603],[126.589393,33.481627],[126.589399,33.481664],[126.589365,33.481759],[126.589338,33.481795],[126.589289,33.481893],[126.589252,33.481994],[126.589186,33.482093],[126.589111,33.482158],[126.589047,33.48216],[126.589014,33.48214],[126.588986,33.48222],[126.588947,33.482273],[126.588866,33.482338],[126.588734,33.482489],[126.588613,33.482608],[126.588533,33.482667],[126.588367,33.482725],[126.588087,33.482864],[126.588038,33.482904],[126.587965,33.482998],[126.587928,33.483028],[126.587868,33.483051],[126.587779,33.483051],[126.587696,33.48303],[126.587642,33.482994],[126.587576,33.482914],[126.587515,33.482865],[126.587449,33.48285],[126.587349,33.482859],[126.587263,33.482967],[126.587202,33.483112],[126.587162,33.483164],[126.587073,33.48321],[126.58701,33.483229],[126.586734,33.483256],[126.586555,33.483257],[126.586425,33.483246],[126.586301,33.483212],[126.58613,33.48311],[126.586088,33.483057],[126.586059,33.482971],[126.586014,33.482936],[126.585858,33.482928],[126.585744,33.482943],[126.585691,33.482988],[126.585591,33.48323],[126.585531,33.483308],[126.585453,33.483389],[126.585394,33.483433],[126.585281,33.483495],[126.585214,33.483521],[126.585082,33.483553],[126.584924,33.483558],[126.58479,33.483549],[126.584728,33.483537],[126.584658,33.483508],[126.5846,33.48346],[126.584555,33.483391],[126.584503,33.483269],[126.584477,33.483155],[126.584419,33.483072],[126.584165,33.482904],[126.584024,33.48286],[126.583935,33.482857],[126.583854,33.48293],[126.583783,33.483052],[126.583753,33.483134],[126.583716,33.483185],[126.583662,33.483225],[126.583632,33.483237],[126.583598,33.483236],[126.583534,33.483209],[126.583504,33.483119],[126.583461,33.48307],[126.583408,33.483025],[126.583048,33.482814],[126.582996,33.482815],[126.582953,33.482836],[126.582849,33.482925],[126.58275,33.482982],[126.582721,33.48299],[126.58265,33.482978],[126.582613,33.482954],[126.582535,33.482848],[126.582474,33.482799],[126.582685,33.482576],[126.582835,33.482474],[126.583121,33.482092],[126.583214,33.481895],[126.583358,33.481715],[126.583435,33.481655],[126.584275,33.481378],[126.584351,33.481311],[126.584406,33.481242],[126.584461,33.48113],[126.584623,33.481015],[126.584876,33.480698],[126.58498,33.480438],[126.585063,33.480325],[126.585439,33.480031],[126.585473,33.480022],[126.585518,33.480205],[126.585689,33.480332],[126.58583,33.4804],[126.586964,33.480484],[126.587705,33.48038],[126.587911,33.47984],[126.587992,33.479803],[126.588095,33.479772],[126.588296,33.479543],[126.588381,33.479387],[126.588562,33.479285],[126.58856,33.4792],[126.58841,33.479074],[126.588277,33.478877],[126.588259,33.47846],[126.588147,33.478073],[126.588095,33.477739],[126.587729,33.477383],[126.587712,33.477186],[126.587407,33.477071],[126.587215,33.47701],[126.587026,33.476907],[126.586699,33.476819],[126.586388,33.476715],[126.586488,33.476642],[126.5867,33.476462],[126.586972,33.476203],[126.587005,33.476138],[126.587272,33.475835],[126.587378,33.475644],[126.587164,33.475447],[126.587084,33.475319],[126.586839,33.475108],[126.586168,33.475292],[126.586044,33.474711],[126.585804,33.474244],[126.585763,33.474258],[126.584354,33.474287],[126.584342,33.474262],[126.584229,33.474196],[126.584157,33.474205],[126.584024,33.474294],[126.583896,33.474295],[126.583873,33.474215],[126.583227,33.473796],[126.58315,33.47364],[126.583193,33.473401],[126.583635,33.472479],[126.584091,33.471825],[126.584258,33.471517],[126.584273,33.471361],[126.584233,33.470795],[126.584185,33.470733],[126.584223,33.470686],[126.584237,33.470619],[126.584229,33.470527],[126.584177,33.470395],[126.584101,33.470239],[126.583989,33.470099],[126.583905,33.470044],[126.583892,33.469847],[126.58395,33.469698],[126.583985,33.469664],[126.583955,33.469628],[126.583963,33.469312],[126.583975,33.469199],[126.584024,33.469105],[126.584057,33.469013],[126.58414,33.46887],[126.584134,33.468825],[126.584163,33.468734],[126.584192,33.468693],[126.584274,33.468627],[126.584478,33.468571],[126.584608,33.46857],[126.584718,33.468595],[126.584935,33.468784],[126.585081,33.468825],[126.585159,33.468868],[126.58519,33.468866],[126.585718,33.469005],[126.585875,33.469088],[126.585952,33.469067],[126.585995,33.46911],[126.586092,33.46909],[126.586045,33.468964],[126.586002,33.468943],[126.585922,33.468869],[126.58583,33.468808],[126.585718,33.468763],[126.58563,33.468718],[126.585508,33.468677],[126.585397,33.468666],[126.585319,33.468628],[126.585224,33.468644],[126.585148,33.468594],[126.585028,33.468553],[126.584943,33.468547],[126.584911,33.46845],[126.584876,33.468268],[126.584854,33.468225],[126.584747,33.468068],[126.584666,33.467992],[126.58465,33.467951],[126.584617,33.46794],[126.58456,33.467895],[126.584506,33.46778],[126.584517,33.467744],[126.584489,33.467719],[126.584466,33.467649],[126.584461,33.467573],[126.584438,33.467479],[126.584437,33.467375],[126.584456,33.467339],[126.584499,33.467326],[126.584539,33.467329],[126.584714,33.467418],[126.584753,33.467391],[126.584755,33.467338],[126.584897,33.467105],[126.584936,33.467067],[126.584993,33.466973],[126.585014,33.466917],[126.585201,33.466758],[126.58538,33.466693],[126.585847,33.466498],[126.58602,33.466094],[126.585906,33.465395],[126.586223,33.465298],[126.586337,33.465221],[126.586559,33.465196],[126.586833,33.46509],[126.586893,33.465083],[126.586962,33.465061],[126.587045,33.465063],[126.587233,33.465083],[126.587367,33.465083],[126.587692,33.465054],[126.587683,33.465002],[126.587645,33.464907],[126.587398,33.464655],[126.587532,33.464526],[126.587826,33.464097],[126.587913,33.46404],[126.587942,33.464033],[126.588089,33.4638],[126.588216,33.463673],[126.588266,33.463582],[126.588275,33.463433],[126.58827,33.463349],[126.588224,33.463232],[126.588098,33.462999],[126.588107,33.462726],[126.588091,33.462634],[126.587961,33.4626],[126.587972,33.462436],[126.587874,33.462093],[126.587943,33.462039],[126.58805,33.461907],[126.588265,33.461766],[126.588462,33.461784],[126.588949,33.461744],[126.589242,33.461757],[126.589077,33.460766],[126.589432,33.460634],[126.589308,33.460405],[126.589682,33.460211],[126.589818,33.460131],[126.589813,33.459987],[126.589918,33.459927],[126.590003,33.459853],[126.590076,33.459749],[126.590113,33.459652],[126.590125,33.459532],[126.590101,33.45942],[126.590042,33.459316],[126.589966,33.45922],[126.589948,33.459186],[126.589874,33.459118],[126.589707,33.459075],[126.589583,33.459085],[126.589365,33.459017],[126.589386,33.458858],[126.58935,33.45869],[126.589389,33.458557],[126.589418,33.458329],[126.58948,33.458212],[126.589532,33.458047],[126.589817,33.458081],[126.590331,33.458163],[126.590678,33.458241],[126.591394,33.458425],[126.591702,33.458553],[126.591789,33.458565],[126.59207,33.458623],[126.592209,33.458656],[126.592275,33.45868],[126.592274,33.458725],[126.592323,33.458818],[126.592342,33.458969],[126.592399,33.459062],[126.592518,33.459139],[126.592579,33.459312],[126.592612,33.459502],[126.592816,33.459689],[126.592891,33.459922],[126.592978,33.460004],[126.593021,33.460138],[126.593217,33.460147],[126.593375,33.460139],[126.593575,33.460181],[126.593824,33.460219],[126.594275,33.460264],[126.594569,33.460479],[126.594695,33.460796],[126.594699,33.461139],[126.594748,33.461585],[126.59493,33.461834],[126.594926,33.462295],[126.59498,33.46249],[126.594949,33.462533],[126.594825,33.462875],[126.594772,33.462959],[126.594679,33.463056],[126.594494,33.463142],[126.594419,33.463195],[126.594371,33.463257],[126.594339,33.463359],[126.594306,33.463514],[126.594253,33.463625]],[[126.588473,33.466973],[126.5884,33.467106],[126.588389,33.467238],[126.588364,33.467377],[126.588306,33.467605],[126.588225,33.467765],[126.588164,33.467922],[126.588125,33.468276],[126.588164,33.468415],[126.588199,33.468429],[126.588449,33.468092],[126.588556,33.468047],[126.588772,33.467603],[126.588842,33.467549],[126.589014,33.467447],[126.589286,33.467367],[126.589243,33.467243],[126.58923,33.467029],[126.58927,33.466963],[126.589419,33.466911],[126.589431,33.466825],[126.589616,33.466849],[126.58979,33.466829],[126.589903,33.466779],[126.590031,33.466773],[126.590081,33.466788],[126.590246,33.46691],[126.590368,33.466958],[126.590432,33.466967],[126.59048,33.466937],[126.590509,33.466827],[126.590577,33.46672],[126.590767,33.466689],[126.590826,33.466653],[126.590921,33.466614],[126.591228,33.466571],[126.591294,33.466531],[126.591335,33.466523],[126.591408,33.466511],[126.591448,33.46653],[126.591538,33.466553],[126.591617,33.466517],[126.591856,33.466454],[126.592086,33.466368],[126.592187,33.466356],[126.592223,33.466282],[126.592267,33.466105],[126.592273,33.46599],[126.59226,33.46591],[126.592159,33.465727],[126.592103,33.465728],[126.591843,33.465784],[126.591738,33.465786],[126.591747,33.465725],[126.591713,33.465613],[126.591691,33.465569],[126.591519,33.465561],[126.591165,33.465473],[126.590875,33.466065],[126.590841,33.466056],[126.590723,33.466012],[126.590694,33.46601],[126.590293,33.46573],[126.59021,33.465705],[126.589873,33.465434],[126.589746,33.465151],[126.588836,33.465415],[126.588875,33.465583],[126.588916,33.465667],[126.588868,33.465726],[126.588807,33.465924],[126.588788,33.466034],[126.588741,33.466086],[126.588694,33.466309],[126.588579,33.466583],[126.5885,33.466832],[126.588473,33.466973]],[[126.588334,33.475988],[126.588212,33.475988],[126.588211,33.476035],[126.588181,33.476092],[126.588175,33.476283],[126.588146,33.476305],[126.588147,33.476374],[126.588136,33.47644],[126.588152,33.476525],[126.588155,33.476605],[126.588267,33.476649],[126.588316,33.476683],[126.588445,33.476627],[126.58848,33.476591],[126.588704,33.476535],[126.588662,33.476472],[126.588647,33.476413],[126.588657,33.476305],[126.588633,33.476236],[126.588623,33.476173],[126.588647,33.476115],[126.588764,33.475937],[126.589113,33.475874],[126.589666,33.475823],[126.589616,33.475599],[126.589555,33.475525],[126.589452,33.475556],[126.589338,33.475569],[126.589223,33.475573],[126.589139,33.475563],[126.589116,33.475486],[126.589084,33.475474],[126.589012,33.475485],[126.588968,33.475454],[126.588957,33.475407],[126.588921,33.475397],[126.588821,33.475401],[126.588615,33.475387],[126.588419,33.475682],[126.588368,33.475696],[126.588346,33.475733],[126.588359,33.47585],[126.588334,33.475988]]]}},{"type":"Feature","id":2155,"properties":{"code":"65000005011020240264UQA4200001022","collectionId":"10477","date":"2025-10-01"},"geometry":{"type":"Polygon","coordinates":[[[126.449804,33.436137],[126.449772,33.43592],[126.449504,33.435331],[126.448886,33.435324],[126.447494,33.435089],[126.447425,33.434852],[126.447472,33.434796],[126.447492,33.434748],[126.447455,33.434504],[126.447474,33.434379],[126.447508,33.434228],[126.448249,33.433996],[126.448433,33.433486],[126.448445,33.433063],[126.448835,33.433029],[126.448777,33.432928],[126.448893,33.432921],[126.449476,33.432764],[126.449756,33.432641],[126.449985,33.432391],[126.450407,33.432348],[126.450543,33.43241],[126.450669,33.432501],[126.45076,33.432617],[126.451009,33.432723],[126.4511,33.4328],[126.451236,33.433029],[126.451392,33.433469],[126.451147,33.433737],[126.450934,33.433882],[126.451134,33.434172],[126.451169,33.434348],[126.451255,33.434541],[126.451537,33.4349],[126.451834,33.435412],[126.451858,33.435568],[126.451959,33.435653],[126.452046,33.435856],[126.452061,33.436485],[126.452011,33.436852],[126.452104,33.437673],[126.449857,33.437646],[126.44989,33.437384],[126.44994,33.437244],[126.449973,33.436885],[126.450003,33.436723],[126.449838,33.436208],[126.449804,33.436137]]]}},{"type":"Feature","id":2156,"properties":{"code":"65000005011020240264UQA4200001024","collectionId":"10479","date":"2025-10-01"},"geometry":{"type":"Polygon","coordinates":[[[126.451919,33.44869],[126.451841,33.44867],[126.451793,33.448692],[126.45176,33.448679],[126.451675,33.448786],[126.451571,33.44875],[126.451543,33.448869],[126.451635,33.448852],[126.451552,33.44892],[126.451528,33.448987],[126.451519,33.449104],[126.451366,33.449077],[126.451362,33.449236],[126.451041,33.449491],[126.450923,33.449444],[126.450851,33.449427],[126.450735,33.449491],[126.450665,33.44963],[126.45071,33.449664],[126.450696,33.449863],[126.450777,33.450103],[126.450758,33.450136],[126.450646,33.450265],[126.450627,33.450273],[126.450583,33.450194],[126.450325,33.449999],[126.45014,33.449967],[126.450104,33.449807],[126.450073,33.449731],[126.450008,33.449671],[126.449913,33.449554],[126.449901,33.449373],[126.449932,33.449261],[126.450081,33.449096],[126.450236,33.448949],[126.450309,33.448867],[126.450351,33.448812],[126.450429,33.448616],[126.45059,33.448439],[126.45061,33.448367],[126.450609,33.448227],[126.450584,33.447916],[126.450562,33.447868],[126.450456,33.447453],[126.450451,33.447371],[126.450466,33.447332],[126.450539,33.447255],[126.450608,33.447212],[126.450746,33.44717],[126.450802,33.447125],[126.450851,33.447046],[126.450857,33.446859],[126.450822,33.446788],[126.450777,33.446734],[126.450712,33.446682],[126.450614,33.44663],[126.450478,33.446585],[126.450427,33.446551],[126.450388,33.446509],[126.450369,33.446475],[126.450369,33.44638],[126.450387,33.446357],[126.450445,33.446339],[126.450542,33.446338],[126.45087,33.446409],[126.450969,33.446441],[126.451061,33.446439],[126.451196,33.446405],[126.451314,33.44632],[126.451428,33.446194],[126.451497,33.446062],[126.451554,33.445928],[126.451571,33.445316],[126.451624,33.445212],[126.451767,33.44513],[126.451929,33.445074],[126.452034,33.445063],[126.451845,33.44571],[126.4516,33.446243],[126.451397,33.44651],[126.45124,33.44668],[126.451211,33.446778],[126.451142,33.446874],[126.451007,33.447016],[126.450844,33.447292],[126.450805,33.44731],[126.451168,33.447495],[126.451508,33.447623],[126.451662,33.447695],[126.451766,33.447714],[126.452175,33.447945],[126.452254,33.447959],[126.45236,33.448062],[126.452069,33.448122],[126.451731,33.448054],[126.451638,33.448051],[126.451713,33.448226],[126.451705,33.448294],[126.451885,33.448453],[126.451913,33.448501],[126.451983,33.448681],[126.451919,33.44869]]]}},{"type":"Feature","id":2157,"properties":{"code":"65000005011020240264UQA4200001027","collectionId":"10482","date":"2025-10-01"},"geometry":{"type":"Polygon","coordinates":[[[126.426171,33.473705],[126.426178,33.473975],[126.426081,33.474461],[126.426039,33.474499],[126.42602,33.47473],[126.425896,33.474829],[126.425802,33.474948],[126.425701,33.475027],[126.425509,33.475088],[126.425436,33.475123],[126.425343,33.475207],[126.425285,33.475287],[126.425276,33.475281],[126.425246,33.475308],[126.425136,33.4755],[126.42506,33.47568],[126.425071,33.475783],[126.425004,33.475985],[126.424869,33.476174],[126.424805,33.476235],[126.424576,33.476533],[126.424444,33.476788],[126.424211,33.477193],[126.42421,33.477365],[126.424237,33.477498],[126.424222,33.477608],[126.424142,33.477866],[126.424103,33.478061],[126.424037,33.4783],[126.423939,33.478578],[126.423898,33.478758],[126.423855,33.478856],[126.423734,33.479274],[126.423621,33.479616],[126.423561,33.47989],[126.423521,33.479919],[126.423429,33.480067],[126.42334,33.480268],[126.423242,33.480546],[126.42325,33.480646],[126.423264,33.480667],[126.423236,33.480723],[126.422991,33.481034],[126.42284,33.481158],[126.422779,33.481229],[126.422701,33.481284],[126.422682,33.481331],[126.422632,33.48139],[126.422442,33.481476],[126.422376,33.48148],[126.422361,33.4814],[126.422338,33.481357],[126.422208,33.481217],[126.422172,33.481162],[126.422158,33.481127],[126.422169,33.481073],[126.421979,33.480771],[126.421805,33.480578],[126.421728,33.48054],[126.421706,33.480489],[126.421511,33.480298],[126.421411,33.480103],[126.421379,33.47985],[126.421336,33.479779],[126.421286,33.479722],[126.421155,33.479704],[126.420892,33.479615],[126.420649,33.479446],[126.420554,33.479356],[126.420533,33.479308],[126.420422,33.479255],[126.42026,33.479157],[126.420071,33.478987],[126.419896,33.478946],[126.419518,33.478895],[126.419354,33.478512],[126.419491,33.478411],[126.419661,33.478334],[126.419892,33.478302],[126.419959,33.478254],[126.420039,33.478149],[126.420069,33.478057],[126.420073,33.477868],[126.42006,33.477706],[126.420098,33.477578],[126.42041,33.477139],[126.420466,33.477033],[126.420621,33.476708],[126.420702,33.476437],[126.420766,33.476181],[126.420854,33.475995],[126.42103,33.475667],[126.421205,33.4754],[126.42167,33.475171],[126.421789,33.474988],[126.421831,33.474802],[126.421828,33.474683],[126.42179,33.474425],[126.421921,33.474241],[126.422013,33.474218],[126.421889,33.474175],[126.421784,33.474051],[126.421629,33.473903],[126.421578,33.473819],[126.421473,33.473732],[126.421478,33.473668],[126.421513,33.473563],[126.421561,33.473528],[126.421631,33.47345],[126.421659,33.473395],[126.421648,33.473305],[126.421697,33.473145],[126.421914,33.472832],[126.422006,33.472743],[126.422194,33.472646],[126.422245,33.472652],[126.422345,33.472646],[126.422495,33.4726],[126.42251,33.472602],[126.422414,33.472338],[126.423792,33.472391],[126.425774,33.472436],[126.42668,33.472468],[126.426371,33.47253],[126.426197,33.472588],[126.426214,33.472609],[126.426176,33.472703],[126.426166,33.47276],[126.426148,33.473104],[126.426176,33.473233],[126.426033,33.473369],[126.426079,33.473363],[126.426171,33.473705]]]}},{"type":"Feature","id":2158,"properties":{"code":"65000005011020240264UQA4200001028","collectionId":"10483","date":"2025-10-01"},"geometry":{"type":"Polygon","coordinates":[[[126.514675,33.480932],[126.514461,33.48094],[126.514483,33.48079],[126.514443,33.480717],[126.514426,33.480657],[126.514452,33.480576],[126.514459,33.480527],[126.514528,33.480439],[126.514578,33.480244],[126.514531,33.479967],[126.5145,33.479589],[126.514533,33.479587],[126.514642,33.479605],[126.514715,33.479569],[126.514788,33.479517],[126.514973,33.479447],[126.515433,33.479438],[126.515674,33.480897],[126.514675,33.480932]]]}},{"type":"Feature","id":2159,"properties":{"code":"65000005011020240264UQA4200001029","collectionId":"10484","date":"2025-10-01"},"geometry":{"type":"Polygon","coordinates":[[[126.478846,33.455925],[126.477637,33.455161],[126.477211,33.455158],[126.477054,33.455269],[126.477048,33.455361],[126.477242,33.455648],[126.477433,33.456049],[126.477457,33.456404],[126.477279,33.456592],[126.476907,33.45702],[126.476843,33.457135],[126.476601,33.457281],[126.476298,33.457297],[126.476174,33.457279],[126.475436,33.457034],[126.474965,33.456785],[126.474833,33.456814],[126.474517,33.456766],[126.47454,33.457064],[126.474414,33.45714],[126.474254,33.457171],[126.474221,33.457366],[126.474187,33.457954],[126.474198,33.457955],[126.474225,33.458165],[126.473862,33.45913],[126.473943,33.459214],[126.473895,33.459343],[126.473826,33.459517],[126.47371,33.459674],[126.4737,33.459789],[126.47349,33.459898],[126.473308,33.459949],[126.472976,33.459923],[126.472478,33.459831],[126.472209,33.459763],[126.472139,33.459733],[126.472082,33.45969],[126.472023,33.459638],[126.471892,33.459377],[126.471762,33.459219],[126.471718,33.459053],[126.471672,33.458939],[126.471639,33.458882],[126.471588,33.458815],[126.471267,33.45854],[126.471233,33.458489],[126.47121,33.458432],[126.47121,33.458397],[126.471225,33.458351],[126.471291,33.458268],[126.471272,33.458196],[126.471188,33.458173],[126.471105,33.458172],[126.470968,33.458159],[126.470865,33.458136],[126.470786,33.458102],[126.470722,33.458064],[126.470608,33.457956],[126.470521,33.457836],[126.470079,33.457875],[126.469775,33.457917],[126.469541,33.457939],[126.468787,33.457944],[126.467713,33.457969],[126.467282,33.457973],[126.467139,33.457967],[126.46705,33.457941],[126.466999,33.457936],[126.466732,33.45781],[126.466575,33.457789],[126.466392,33.457813],[126.466316,33.457811],[126.466238,33.457793],[126.46614,33.457741],[126.466092,33.45771],[126.466062,33.457675],[126.466039,33.457616],[126.466041,33.457578],[126.466072,33.457481],[126.466071,33.457361],[126.466006,33.457351],[126.465906,33.457366],[126.46558,33.457528],[126.465479,33.45756],[126.465424,33.457565],[126.465372,33.457559],[126.465263,33.457393],[126.465089,33.457314],[126.465112,33.457482],[126.465142,33.457571],[126.465125,33.457697],[126.465073,33.457831],[126.464921,33.458121],[126.464762,33.458324],[126.464695,33.4584],[126.464604,33.458469],[126.464534,33.458507],[126.464406,33.458524],[126.464344,33.458519],[126.464133,33.458411],[126.464069,33.4584],[126.463998,33.458393],[126.463889,33.458415],[126.463819,33.458437],[126.463722,33.458495],[126.463676,33.458536],[126.463445,33.458611],[126.463079,33.458801],[126.462942,33.458851],[126.462792,33.458868],[126.462732,33.45886],[126.462626,33.458806],[126.462559,33.45875],[126.462378,33.45851],[126.462327,33.458459],[126.462221,33.458379],[126.462054,33.458302],[126.461924,33.458266],[126.461824,33.458253],[126.461687,33.458275],[126.461489,33.458336],[126.461418,33.458297],[126.461318,33.458294],[126.461255,33.458281],[126.461161,33.458227],[126.460976,33.45815],[126.460899,33.458147],[126.460839,33.458152],[126.460784,33.458172],[126.46065,33.458266],[126.460589,33.458296],[126.460442,33.458329],[126.460381,33.458359],[126.460327,33.458404],[126.460281,33.458417],[126.460238,33.458419],[126.460053,33.45839],[126.460006,33.458414],[126.459977,33.458451],[126.459971,33.45858],[126.459949,33.458626],[126.4599,33.458666],[126.459803,33.458719],[126.45961,33.458792],[126.459519,33.458815],[126.459437,33.458815],[126.459385,33.458802],[126.45934,33.458774],[126.459282,33.458707],[126.459243,33.458582],[126.45921,33.458529],[126.459096,33.458426],[126.459048,33.458367],[126.459019,33.458217],[126.458967,33.458125],[126.45887,33.458041],[126.458816,33.458012],[126.45874,33.457992],[126.458589,33.457996],[126.458521,33.458008],[126.458449,33.458049],[126.458366,33.458077],[126.458265,33.458124],[126.45814,33.458226],[126.458038,33.458289],[126.457935,33.458317],[126.457747,33.458237],[126.457666,33.458178],[126.457638,33.458129],[126.457651,33.458068],[126.457678,33.458048],[126.457847,33.457975],[126.457877,33.457937],[126.4579,33.457881],[126.457829,33.45785],[126.457653,33.457834],[126.45761,33.457816],[126.457577,33.457783],[126.457562,33.45775],[126.45756,33.457465],[126.457487,33.457522],[126.457472,33.457477],[126.45739,33.457515],[126.457305,33.457563],[126.45725,33.457614],[126.457213,33.457636],[126.45718,33.457641],[126.457147,33.457636],[126.457089,33.457544],[126.457041,33.457519],[126.456911,33.457469],[126.45689,33.457434],[126.456896,33.45734],[126.456951,33.457243],[126.457013,33.457167],[126.457077,33.457053],[126.457102,33.456992],[126.457093,33.456948],[126.457057,33.45693],[126.456996,33.45693],[126.456929,33.45694],[126.456826,33.45697],[126.456777,33.456967],[126.456703,33.456924],[126.456637,33.456911],[126.456337,33.456991],[126.456117,33.457026],[126.455991,33.457089],[126.456112,33.456944],[126.456355,33.456611],[126.4564,33.456564],[126.45656,33.456428],[126.456695,33.456195],[126.456598,33.45591],[126.45665,33.455853],[126.456831,33.455753],[126.456896,33.455689],[126.456956,33.455337],[126.456997,33.455289],[126.457054,33.455134],[126.457035,33.455026],[126.45711,33.454724],[126.457241,33.454551],[126.457286,33.454433],[126.457482,33.454226],[126.457572,33.454207],[126.457676,33.454167],[126.458581,33.454131],[126.460485,33.454287],[126.460195,33.454591],[126.460043,33.454631],[126.459977,33.454725],[126.459906,33.454876],[126.459858,33.454877],[126.459599,33.455047],[126.459452,33.455108],[126.459367,33.455116],[126.459312,33.455131],[126.45927,33.455319],[126.459215,33.455413],[126.459224,33.455459],[126.459109,33.455661],[126.459002,33.455815],[126.459229,33.455949],[126.459362,33.456042],[126.459375,33.456108],[126.459285,33.456105],[126.459156,33.456258],[126.459035,33.456257],[126.459032,33.456273],[126.459216,33.456333],[126.459354,33.456335],[126.459529,33.456372],[126.45972,33.45623],[126.460164,33.456012],[126.460269,33.455909],[126.460253,33.455706],[126.460274,33.455546],[126.460335,33.455479],[126.460308,33.455335],[126.460316,33.454955],[126.460479,33.454848],[126.460549,33.454822],[126.460736,33.45456],[126.460923,33.454326],[126.462541,33.454473],[126.462965,33.454435],[126.463093,33.454412],[126.463455,33.454441],[126.463624,33.454141],[126.463668,33.453951],[126.463613,33.453393],[126.463574,33.453191],[126.463601,33.452791],[126.463593,33.452709],[126.463618,33.452628],[126.463949,33.451938],[126.464117,33.451673],[126.464268,33.451566],[126.46451,33.451345],[126.464737,33.451034],[126.464769,33.451006],[126.464911,33.450827],[126.465015,33.450712],[126.465279,33.450285],[126.46546,33.450067],[126.465626,33.449901],[126.465875,33.449496],[126.466042,33.449242],[126.466156,33.449102],[126.46625,33.448891],[126.466484,33.448531],[126.466563,33.448341],[126.466634,33.448133],[126.46668,33.448034],[126.46681,33.447803],[126.467031,33.447439],[126.467089,33.447256],[126.467333,33.446859],[126.467469,33.446707],[126.467802,33.446512],[126.467914,33.446301],[126.468097,33.446214],[126.468916,33.44568],[126.46963,33.445031],[126.469924,33.444798],[126.470132,33.444537],[126.470224,33.444385],[126.470285,33.444252],[126.470376,33.444216],[126.470436,33.444166],[126.470656,33.443652],[126.471017,33.443067],[126.471103,33.442897],[126.471223,33.442599],[126.471261,33.442354],[126.471327,33.442274],[126.471885,33.441874],[126.472605,33.44187],[126.47283,33.443739],[126.472848,33.444227],[126.472851,33.444795],[126.472828,33.445261],[126.472935,33.445397],[126.473294,33.445895],[126.473909,33.446765],[126.477414,33.446722],[126.477473,33.446646],[126.478686,33.446634],[126.478783,33.446608],[126.478924,33.446609],[126.479211,33.446436],[126.480644,33.446441],[126.481528,33.446437],[126.481615,33.446465],[126.481971,33.446502],[126.481859,33.447061],[126.481978,33.447503],[126.481972,33.448062],[126.481535,33.4484],[126.480863,33.448155],[126.47948,33.447455],[126.479391,33.447549],[126.479345,33.447554],[126.479065,33.447683],[126.478978,33.447563],[126.478902,33.447491],[126.478832,33.44752],[126.478715,33.447663],[126.478566,33.447918],[126.478468,33.447866],[126.478305,33.447706],[126.478119,33.447629],[126.477898,33.4474],[126.477278,33.447464],[126.476777,33.447146],[126.476839,33.447707],[126.476945,33.447893],[126.478007,33.448156],[126.478406,33.448426],[126.478296,33.448539],[126.47839,33.448846],[126.478698,33.449749],[126.478795,33.449754],[126.479014,33.449794],[126.479342,33.44965],[126.479483,33.449566],[126.479779,33.449644],[126.480531,33.449528],[126.480405,33.449722],[126.480316,33.450203],[126.480332,33.45052],[126.480258,33.45077],[126.480008,33.451084],[126.479772,33.451494],[126.479571,33.452026],[126.47909,33.452487],[126.479088,33.452738],[126.479423,33.453263],[126.47948,33.45356],[126.479487,33.454157],[126.479416,33.454401],[126.479168,33.454752],[126.479227,33.455447],[126.479152,33.455599],[126.479133,33.455656],[126.47904,33.455761],[126.47893,33.455867],[126.478846,33.455925]]]}},{"type":"Feature","id":2160,"properties":{"code":"65000005011020240264UQA4200001025","collectionId":"10480","date":"2025-10-01"},"geometry":{"type":"Polygon","coordinates":[[[126.447091,33.469589],[126.447026,33.469597],[126.446855,33.469576],[126.446741,33.469546],[126.446509,33.469399],[126.446396,33.469427],[126.446255,33.469376],[126.446092,33.469602],[126.446007,33.469628],[126.445897,33.469675],[126.445748,33.469645],[126.445665,33.469678],[126.445588,33.469458],[126.445591,33.469297],[126.445614,33.469158],[126.445601,33.46901],[126.445719,33.468799],[126.445774,33.468562],[126.445747,33.468554],[126.445804,33.468302],[126.445819,33.468067],[126.445906,33.467869],[126.446076,33.467647],[126.446188,33.467468],[126.446213,33.467444],[126.446279,33.467402],[126.446396,33.467366],[126.446691,33.467348],[126.446799,33.467318],[126.4469,33.467267],[126.447044,33.467164],[126.447123,33.467088],[126.447233,33.466962],[126.447335,33.466875],[126.447504,33.466789],[126.44755,33.46675],[126.447566,33.466728],[126.447574,33.466678],[126.447568,33.466637],[126.447627,33.466628],[126.447676,33.466603],[126.447752,33.466619],[126.447816,33.466426],[126.44779,33.466281],[126.447806,33.466178],[126.447784,33.466139],[126.44785,33.465996],[126.447938,33.465872],[126.44798,33.46576],[126.447843,33.46568],[126.447763,33.465702],[126.447654,33.465763],[126.447591,33.465628],[126.447484,33.465547],[126.447436,33.465542],[126.447502,33.465428],[126.447587,33.465245],[126.447591,33.465178],[126.447577,33.465115],[126.447662,33.465103],[126.447741,33.465063],[126.447799,33.465018],[126.447829,33.464891],[126.448049,33.464793],[126.448057,33.464537],[126.448008,33.464374],[126.447794,33.464408],[126.447903,33.463968],[126.448041,33.463853],[126.448163,33.463673],[126.448185,33.463523],[126.448219,33.463455],[126.448322,33.463442],[126.44861,33.463218],[126.448755,33.463146],[126.448806,33.463029],[126.448874,33.462928],[126.448862,33.462787],[126.448932,33.462366],[126.448854,33.462188],[126.449058,33.461966],[126.449283,33.461801],[126.449396,33.461877],[126.449306,33.462247],[126.449222,33.462693],[126.449002,33.463668],[126.448244,33.466599],[126.448171,33.466975],[126.44765,33.469126],[126.447541,33.46966],[126.447516,33.469662],[126.447298,33.469619],[126.447173,33.469558],[126.447135,33.469583],[126.447091,33.469589]]]}},{"type":"Feature","id":2161,"properties":{"code":"65000005011020240264UQA4200001030","collectionId":"10485","date":"2025-10-01"},"geometry":{"type":"Polygon","coordinates":[[[126.490307,33.467063],[126.490155,33.467143],[126.490045,33.467162],[126.490057,33.467233],[126.490037,33.467285],[126.489589,33.467316],[126.489511,33.467308],[126.489353,33.467371],[126.489359,33.467303],[126.489341,33.467193],[126.48936,33.467187],[126.489382,33.466966],[126.489362,33.466985],[126.489314,33.46707],[126.489269,33.467062],[126.489125,33.466848],[126.489206,33.466726],[126.48906,33.46664],[126.488788,33.466894],[126.488765,33.467014],[126.488709,33.467115],[126.488655,33.467143],[126.48862,33.467205],[126.488656,33.467294],[126.48863,33.467353],[126.488648,33.467416],[126.488635,33.467438],[126.488571,33.467436],[126.488514,33.467314],[126.488424,33.467214],[126.488377,33.467201],[126.488353,33.467178],[126.488345,33.467126],[126.4884,33.466917],[126.488409,33.466835],[126.488403,33.466771],[126.488367,33.46669],[126.48823,33.466518],[126.488213,33.466483],[126.488152,33.466456],[126.487962,33.466449],[126.487887,33.466419],[126.48777,33.466305],[126.487694,33.466263],[126.487648,33.466249],[126.487596,33.466262],[126.487448,33.466234],[126.48738,33.466209],[126.487184,33.466108],[126.486713,33.465791],[126.486756,33.46571],[126.486785,33.465624],[126.486833,33.465531],[126.486853,33.465455],[126.48689,33.465411],[126.486945,33.465396],[126.48701,33.465388],[126.487067,33.46532],[126.48712,33.465146],[126.487203,33.464996],[126.487284,33.464827],[126.487277,33.464679],[126.487318,33.464519],[126.48748,33.464272],[126.487588,33.464147],[126.487626,33.464043],[126.487772,33.463923],[126.488002,33.463766],[126.48817,33.463584],[126.488081,33.463537],[126.487874,33.463403],[126.487795,33.463244],[126.48775,33.463068],[126.487771,33.46292],[126.487825,33.462815],[126.487957,33.462694],[126.488289,33.462479],[126.488508,33.462302],[126.488639,33.462108],[126.488695,33.46195],[126.488695,33.461723],[126.488883,33.4616],[126.488842,33.461579],[126.488967,33.461491],[126.489113,33.461371],[126.489232,33.461297],[126.489538,33.461156],[126.489634,33.461122],[126.489947,33.460981],[126.490166,33.460873],[126.490402,33.46064],[126.490464,33.460543],[126.490499,33.460461],[126.490524,33.460362],[126.490541,33.460234],[126.490525,33.460166],[126.490489,33.460078],[126.490472,33.459919],[126.490483,33.459818],[126.490532,33.459653],[126.490659,33.459466],[126.490742,33.459395],[126.490802,33.459272],[126.490806,33.459228],[126.490845,33.459153],[126.490897,33.459019],[126.490901,33.458768],[126.490914,33.458714],[126.490967,33.458628],[126.49105,33.458541],[126.491138,33.458428],[126.491178,33.458349],[126.491199,33.458274],[126.491162,33.458187],[126.491043,33.458023],[126.491033,33.457982],[126.491053,33.457934],[126.491112,33.457862],[126.491226,33.457802],[126.491331,33.457714],[126.491385,33.457615],[126.491399,33.457536],[126.491424,33.457464],[126.491405,33.457371],[126.491411,33.457218],[126.491388,33.457051],[126.491417,33.456945],[126.491397,33.456616],[126.491432,33.456528],[126.491455,33.456388],[126.491545,33.456197],[126.49159,33.456143],[126.491648,33.456014],[126.491675,33.455845],[126.491669,33.455708],[126.491676,33.455427],[126.491659,33.455222],[126.49164,33.455114],[126.491647,33.455036],[126.491703,33.454884],[126.491777,33.454818],[126.49186,33.454643],[126.491911,33.454625],[126.492133,33.454574],[126.492179,33.454537],[126.492329,33.454152],[126.492348,33.454044],[126.492277,33.454007],[126.492209,33.453988],[126.491983,33.453853],[126.492025,33.453167],[126.491928,33.453134],[126.491725,33.453104],[126.491523,33.453011],[126.491602,33.452752],[126.491549,33.452764],[126.491553,33.452806],[126.491488,33.453014],[126.491721,33.453117],[126.491917,33.453152],[126.49199,33.453185],[126.491948,33.453851],[126.491982,33.453884],[126.492069,33.453921],[126.492241,33.454014],[126.49229,33.454062],[126.492297,33.454141],[126.492157,33.454496],[126.492096,33.454548],[126.491877,33.454587],[126.491832,33.45462],[126.491729,33.454825],[126.491677,33.454851],[126.491615,33.455046],[126.4916,33.455166],[126.491621,33.455217],[126.491657,33.455437],[126.491638,33.455597],[126.491643,33.455838],[126.491627,33.45601],[126.491529,33.456163],[126.491498,33.45618],[126.491454,33.456258],[126.491415,33.456358],[126.49142,33.456426],[126.49137,33.456522],[126.491344,33.4566],[126.491334,33.456677],[126.491351,33.456853],[126.491356,33.45702],[126.49134,33.457492],[126.491296,33.457616],[126.491183,33.457751],[126.491118,33.457786],[126.490948,33.457953],[126.490941,33.458046],[126.49098,33.458152],[126.490997,33.458274],[126.490819,33.458514],[126.490786,33.458626],[126.490769,33.458817],[126.490734,33.45903],[126.490696,33.459158],[126.490609,33.459365],[126.490529,33.459478],[126.490444,33.459639],[126.490403,33.459777],[126.490343,33.460097],[126.490332,33.460306],[126.490336,33.460552],[126.490314,33.460606],[126.490274,33.460644],[126.490199,33.460691],[126.490082,33.460739],[126.489943,33.460814],[126.489887,33.460833],[126.489807,33.460838],[126.489741,33.460874],[126.489648,33.460961],[126.489514,33.461019],[126.489248,33.461183],[126.489179,33.461236],[126.489004,33.461338],[126.488871,33.461348],[126.48886,33.461322],[126.488768,33.461234],[126.48867,33.461001],[126.488651,33.460976],[126.488716,33.461426],[126.488647,33.461504],[126.488604,33.461677],[126.488561,33.461802],[126.488571,33.461867],[126.488433,33.462042],[126.488307,33.46217],[126.488232,33.46226],[126.487926,33.462397],[126.487682,33.462777],[126.487583,33.462955],[126.487543,33.462974],[126.487531,33.463079],[126.487577,33.463324],[126.487623,33.463384],[126.487744,33.463493],[126.487763,33.46362],[126.487764,33.463689],[126.487691,33.463793],[126.487583,33.463875],[126.487528,33.46393],[126.487433,33.46399],[126.487393,33.464047],[126.487341,33.464053],[126.487263,33.464103],[126.48722,33.46414],[126.487108,33.464174],[126.487135,33.46425],[126.487165,33.464391],[126.487159,33.464551],[126.487076,33.464731],[126.487031,33.464764],[126.486874,33.465042],[126.486841,33.465208],[126.486743,33.465349],[126.486742,33.465426],[126.486644,33.465712],[126.486601,33.465801],[126.486448,33.465958],[126.48633,33.466034],[126.486193,33.466107],[126.486136,33.466075],[126.486065,33.466067],[126.486034,33.466049],[126.486136,33.46607],[126.486118,33.465875],[126.486129,33.465836],[126.486123,33.465814],[126.485979,33.465773],[126.4858,33.46563],[126.485732,33.465589],[126.48573,33.465494],[126.485808,33.465353],[126.485803,33.465321],[126.485888,33.465161],[126.48593,33.465125],[126.485927,33.464983],[126.485893,33.46489],[126.485909,33.464864],[126.486008,33.464819],[126.48605,33.464774],[126.486029,33.46465],[126.486068,33.464627],[126.486206,33.464512],[126.486197,33.464478],[126.486018,33.464468],[126.485981,33.464349],[126.485971,33.464254],[126.485974,33.464198],[126.486006,33.46414],[126.485996,33.464045],[126.485199,33.464091],[126.48496,33.463992],[126.485054,33.463183],[126.48509,33.462726],[126.485128,33.462731],[126.485154,33.462757],[126.485331,33.462838],[126.485378,33.462884],[126.485452,33.46286],[126.485477,33.462876],[126.485632,33.462692],[126.4857,33.462626],[126.485803,33.462486],[126.485813,33.462424],[126.485788,33.462322],[126.48579,33.462171],[126.48581,33.462037],[126.486363,33.462076],[126.48669,33.461314],[126.486746,33.461262],[126.486877,33.461204],[126.486985,33.461204],[126.487111,33.461247],[126.487164,33.461276],[126.487198,33.461286],[126.487644,33.461129],[126.487685,33.461013],[126.487764,33.46098],[126.487886,33.460792],[126.487995,33.460749],[126.488064,33.46071],[126.488113,33.460571],[126.48824,33.460455],[126.488238,33.460418],[126.488339,33.460395],[126.488348,33.460264],[126.488363,33.460248],[126.488388,33.460131],[126.488461,33.459933],[126.488429,33.459758],[126.488325,33.459481],[126.488265,33.459252],[126.488151,33.459013],[126.487927,33.458891],[126.487836,33.458703],[126.487726,33.458559],[126.487659,33.458439],[126.487452,33.458347],[126.487297,33.458],[126.487159,33.457796],[126.487109,33.457708],[126.487093,33.457629],[126.48701,33.457426],[126.487,33.457319],[126.48695,33.457235],[126.48684,33.457131],[126.486815,33.456914],[126.486888,33.456761],[126.48699,33.456509],[126.487189,33.45569],[126.48727,33.45515],[126.487483,33.453998],[126.487482,33.453957],[126.48752,33.453838],[126.487467,33.454004],[126.487323,33.454324],[126.48728,33.454341],[126.487248,33.454555],[126.487215,33.454622],[126.487113,33.455344],[126.487102,33.455512],[126.487027,33.455689],[126.486911,33.45584],[126.486767,33.456113],[126.486725,33.456447],[126.486811,33.456597],[126.486809,33.45686],[126.486815,33.456914],[126.486438,33.457716],[126.486099,33.457676],[126.485952,33.457643],[126.485922,33.457605],[126.48582,33.457546],[126.485774,33.457485],[126.485815,33.457376],[126.485953,33.457108],[126.485791,33.457043],[126.48546,33.457021],[126.485365,33.457043],[126.485226,33.457032],[126.485167,33.456977],[126.485169,33.456891],[126.485059,33.456839],[126.484796,33.456663],[126.484746,33.456578],[126.484722,33.456466],[126.484453,33.456365],[126.484439,33.456335],[126.484497,33.456276],[126.484482,33.456206],[126.484561,33.456082],[126.484604,33.455996],[126.484525,33.455852],[126.484415,33.455761],[126.484389,33.455716],[126.48448,33.455557],[126.484472,33.455501],[126.484506,33.455387],[126.484731,33.455023],[126.485244,33.454721],[126.485061,33.454545],[126.48503,33.454529],[126.484991,33.454529],[126.484758,33.454598],[126.484608,33.454673],[126.484529,33.454643],[126.484433,33.454436],[126.484408,33.45434],[126.484376,33.45428],[126.484307,33.45406],[126.484225,33.453841],[126.483876,33.453882],[126.483784,33.4539],[126.482823,33.454027],[126.482328,33.454066],[126.482229,33.454088],[126.481693,33.454131],[126.481039,33.454215],[126.480404,33.454283],[126.480094,33.454274],[126.480185,33.454102],[126.480206,33.453699],[126.480179,33.453425],[126.480221,33.453334],[126.48017,33.452977],[126.480142,33.452609],[126.48027,33.451924],[126.480506,33.451439],[126.480799,33.451034],[126.480912,33.450688],[126.481049,33.450212],[126.481247,33.449855],[126.481434,33.44946],[126.481793,33.44899],[126.482259,33.448524],[126.482264,33.448456],[126.482412,33.447581],[126.482254,33.447104],[126.48234,33.446362],[126.482977,33.445557],[126.483163,33.445406],[126.483351,33.445277],[126.483514,33.445204],[126.483751,33.445185],[126.483882,33.445139],[126.483964,33.445078],[126.484024,33.445005],[126.48412,33.444682],[126.484253,33.444307],[126.484396,33.444214],[126.48446,33.444155],[126.484509,33.444013],[126.484599,33.443918],[126.485367,33.443287],[126.485656,33.442806],[126.485758,33.442399],[126.485765,33.442328],[126.485727,33.442154],[126.48573,33.442031],[126.485742,33.441997],[126.486086,33.442051],[126.487224,33.442186],[126.488587,33.442358],[126.489145,33.442525],[126.489821,33.442962],[126.489964,33.443008],[126.490184,33.443326],[126.490527,33.44354],[126.490926,33.444173],[126.491565,33.445222],[126.49218,33.446265],[126.492448,33.446773],[126.493525,33.448476],[126.49456,33.449531],[126.495172,33.450168],[126.496073,33.451266],[126.496711,33.452134],[126.497447,33.452094],[126.497642,33.45207],[126.498837,33.451967],[126.499561,33.451937],[126.499947,33.451883],[126.500126,33.451895],[126.500399,33.45193],[126.500603,33.45194],[126.50081,33.451918],[126.500862,33.451931],[126.503692,33.451929],[126.504944,33.452023],[126.505696,33.452038],[126.505664,33.452132],[126.505895,33.452232],[126.505916,33.452393],[126.505849,33.452406],[126.505346,33.452437],[126.505298,33.452456],[126.505287,33.452506],[126.505052,33.45264],[126.504743,33.453147],[126.5047,33.453259],[126.504669,33.453294],[126.504663,33.453354],[126.504683,33.453425],[126.504883,33.453911],[126.504951,33.453977],[126.504824,33.454147],[126.504699,33.454397],[126.504625,33.454493],[126.504641,33.454813],[126.504723,33.454994],[126.504773,33.455038],[126.5049,33.455217],[126.505044,33.455388],[126.504818,33.455683],[126.504699,33.455794],[126.504709,33.455812],[126.50465,33.455849],[126.504345,33.455968],[126.504252,33.456025],[126.504219,33.456064],[126.504297,33.456171],[126.504331,33.456287],[126.504368,33.456376],[126.504454,33.456454],[126.504461,33.456574],[126.504436,33.456615],[126.504427,33.456674],[126.504487,33.456824],[126.504591,33.456945],[126.504684,33.45707],[126.504672,33.457148],[126.504689,33.457358],[126.504722,33.457398],[126.504823,33.45749],[126.504894,33.457518],[126.505018,33.457609],[126.505086,33.457674],[126.505142,33.457779],[126.505205,33.457851],[126.505137,33.457884],[126.505271,33.458109],[126.505265,33.458143],[126.505362,33.458283],[126.505494,33.458407],[126.505572,33.458552],[126.505624,33.458616],[126.505662,33.458723],[126.505051,33.458845],[126.504718,33.458794],[126.504575,33.458734],[126.504386,33.458709],[126.504338,33.458725],[126.504284,33.458774],[126.504255,33.458859],[126.504152,33.459061],[126.504045,33.459194],[126.503923,33.459303],[126.503803,33.45939],[126.503635,33.459493],[126.503038,33.459454],[126.50299,33.459462],[126.502961,33.459477],[126.502825,33.459498],[126.502627,33.459504],[126.502606,33.459548],[126.502596,33.459617],[126.502603,33.459649],[126.50265,33.459717],[126.502642,33.459747],[126.502729,33.459953],[126.502732,33.46006],[126.502752,33.460113],[126.502749,33.460209],[126.502759,33.460328],[126.502731,33.460562],[126.502686,33.46052],[126.502662,33.460459],[126.502542,33.46036],[126.502541,33.460328],[126.502511,33.460219],[126.502383,33.459988],[126.502251,33.459826],[126.502179,33.459699],[126.50212,33.459633],[126.501969,33.459435],[126.501926,33.459406],[126.501877,33.45934],[126.501654,33.459114],[126.501481,33.459237],[126.501293,33.459423],[126.501224,33.459507],[126.501123,33.459755],[126.501103,33.459782],[126.501014,33.459848],[126.500477,33.459525],[126.500579,33.459247],[126.500505,33.459211],[126.500536,33.459166],[126.500602,33.459167],[126.500691,33.458813],[126.500306,33.458759],[126.500318,33.458494],[126.500292,33.458296],[126.500258,33.457888],[126.500128,33.457836],[126.499929,33.457795],[126.499873,33.4578],[126.499716,33.457847],[126.499515,33.45794],[126.499304,33.458002],[126.499171,33.458016],[126.498964,33.458006],[126.498926,33.457971],[126.498927,33.457869],[126.498883,33.457813],[126.498808,33.457777],[126.498766,33.45764],[126.498762,33.457568],[126.498719,33.457578],[126.498696,33.457502],[126.498776,33.457483],[126.498811,33.45728],[126.498816,33.457181],[126.498878,33.457156],[126.498969,33.457165],[126.499029,33.457149],[126.499273,33.457137],[126.499255,33.457011],[126.499253,33.456564],[126.499242,33.456403],[126.499255,33.456303],[126.499102,33.456039],[126.4995,33.455988],[126.499465,33.455867],[126.499494,33.455724],[126.499496,33.455661],[126.499442,33.455551],[126.499388,33.455336],[126.499322,33.455222],[126.499172,33.455254],[126.499023,33.455269],[126.498894,33.455314],[126.498698,33.455365],[126.498335,33.455443],[126.498164,33.455442],[126.497974,33.455397],[126.497938,33.455362],[126.497846,33.455509],[126.497768,33.455688],[126.497678,33.455807],[126.497638,33.455943],[126.497631,33.456138],[126.49749,33.45636],[126.497565,33.456351],[126.497597,33.456436],[126.497498,33.456463],[126.497444,33.45658],[126.497545,33.457102],[126.497539,33.457524],[126.497508,33.457726],[126.497424,33.457748],[126.497369,33.457832],[126.497376,33.457923],[126.497429,33.458008],[126.497634,33.458241],[126.497626,33.458404],[126.497589,33.458505],[126.497529,33.458578],[126.497462,33.458738],[126.497424,33.458856],[126.497383,33.458922],[126.497339,33.458921],[126.497305,33.458967],[126.497214,33.459134],[126.497179,33.459223],[126.497261,33.459236],[126.497236,33.459344],[126.497277,33.459908],[126.497245,33.460006],[126.497403,33.460028],[126.49745,33.460106],[126.497441,33.460219],[126.497455,33.460351],[126.497528,33.460484],[126.49749,33.46056],[126.497461,33.460668],[126.497558,33.460872],[126.497595,33.4609],[126.497661,33.460896],[126.497768,33.460833],[126.498047,33.460368],[126.498179,33.460462],[126.498318,33.460494],[126.498577,33.460315],[126.498627,33.460246],[126.49865,33.459969],[126.498601,33.459846],[126.49856,33.459822],[126.498515,33.459609],[126.498568,33.459572],[126.4986,33.459516],[126.498584,33.459262],[126.498554,33.459175],[126.498563,33.459107],[126.498602,33.459064],[126.498712,33.458991],[126.498754,33.458982],[126.498783,33.458966],[126.498809,33.458929],[126.4989,33.4589],[126.499126,33.458623],[126.499412,33.458737],[126.499746,33.458784],[126.499891,33.458815],[126.499975,33.45882],[126.500132,33.458787],[126.500109,33.458907],[126.500046,33.459035],[126.499843,33.459311],[126.499849,33.459316],[126.499708,33.459426],[126.499678,33.459485],[126.499675,33.459511],[126.499703,33.459606],[126.499823,33.459762],[126.499864,33.459799],[126.499919,33.459889],[126.499893,33.460039],[126.499919,33.460129],[126.499958,33.460177],[126.500026,33.460214],[126.500047,33.460261],[126.500054,33.460367],[126.500045,33.460431],[126.499995,33.460573],[126.499983,33.460628],[126.499965,33.460885],[126.499973,33.46095],[126.500008,33.460995],[126.500045,33.46113],[126.500099,33.461454],[126.500096,33.461491],[126.50004,33.461529],[126.499978,33.461558],[126.499889,33.461574],[126.499814,33.461572],[126.499729,33.461549],[126.499536,33.461513],[126.499366,33.461518],[126.499217,33.461098],[126.499101,33.460976],[126.499096,33.460838],[126.498624,33.46082],[126.498406,33.460841],[126.498307,33.460991],[126.49815,33.46108],[126.498051,33.461059],[126.498018,33.461129],[126.498069,33.461155],[126.497992,33.46123],[126.498085,33.461432],[126.498212,33.461646],[126.498247,33.461843],[126.498225,33.461953],[126.498145,33.462123],[126.497939,33.462252],[126.497909,33.462307],[126.4978,33.462315],[126.497779,33.462466],[126.497639,33.462554],[126.497483,33.462629],[126.497491,33.462758],[126.497472,33.462944],[126.497464,33.463217],[126.497467,33.463263],[126.497495,33.463374],[126.49743,33.463743],[126.497447,33.463854],[126.497531,33.464057],[126.497614,33.464198],[126.49768,33.464384],[126.495223,33.464131],[126.494184,33.463985],[126.493082,33.463845],[126.491447,33.463652],[126.490507,33.463601],[126.490532,33.463468],[126.490097,33.462908],[126.489543,33.462142],[126.489542,33.462294],[126.489486,33.462395],[126.489241,33.462567],[126.488964,33.462909],[126.488855,33.463078],[126.48898,33.4632],[126.488979,33.463259],[126.488918,33.463338],[126.489076,33.463372],[126.489133,33.463415],[126.489503,33.463562],[126.48956,33.463615],[126.489672,33.463659],[126.48986,33.46378],[126.489907,33.463833],[126.490479,33.463831],[126.490567,33.463834],[126.490581,33.463849],[126.490748,33.463792],[126.491393,33.463714],[126.491742,33.463821],[126.492168,33.464165],[126.492259,33.464223],[126.491977,33.464212],[126.491905,33.46431],[126.491971,33.464695],[126.491874,33.464826],[126.491633,33.464697],[126.491024,33.464697],[126.49079,33.464649],[126.490743,33.464874],[126.490756,33.465102],[126.490853,33.465274],[126.490956,33.465647],[126.490549,33.465688],[126.49072,33.466163],[126.490931,33.466666],[126.49068,33.466644],[126.490708,33.466765],[126.49061,33.466995],[126.490494,33.467029],[126.49036,33.46701],[126.490307,33.467063]],[[126.486583,33.450163],[126.486592,33.450434],[126.48669,33.451262],[126.486764,33.451602],[126.486898,33.452],[126.487244,33.452765],[126.487319,33.452963],[126.487411,33.453259],[126.487806,33.453259],[126.488491,33.449459],[126.489052,33.446206],[126.488909,33.446188],[126.488502,33.446157],[126.488415,33.446257],[126.487433,33.447224],[126.487377,33.447293],[126.487255,33.447479],[126.487198,33.44759],[126.486986,33.448076],[126.486899,33.448282],[126.486861,33.448397],[126.48661,33.44978],[126.486583,33.450163]],[[126.497866,33.453405],[126.497682,33.453468],[126.497504,33.453516],[126.497424,33.453508],[126.497302,33.45345],[126.497219,33.453437],[126.497094,33.453471],[126.496987,33.45355],[126.496896,33.453643],[126.49678,33.453706],[126.496799,33.454133],[126.496962,33.454187],[126.496994,33.454221],[126.497111,33.454264],[126.497382,33.454324],[126.497521,33.454383],[126.497604,33.454373],[126.497904,33.454374],[126.497993,33.454362],[126.498194,33.454329],[126.498315,33.454299],[126.498475,33.454233],[126.49869,33.454198],[126.498677,33.453839],[126.498637,33.453598],[126.498405,33.453586],[126.49805,33.453702],[126.49804,33.453653],[126.497925,33.453471],[126.497866,33.453405]]]}},{"type":"Feature","id":2162,"properties":{"code":"65000005011020240264UQA4200001031","collectionId":"10486","date":"2025-10-01"},"geometry":{"type":"Polygon","coordinates":[[[126.482986,33.461794],[126.482954,33.461882],[126.482844,33.462116],[126.482808,33.462432],[126.482851,33.462509],[126.482906,33.462698],[126.482903,33.463168],[126.482811,33.463366],[126.482657,33.463543],[126.482566,33.463797],[126.482492,33.463781],[126.482251,33.463771],[126.482162,33.463751],[126.482075,33.463723],[126.481962,33.463666],[126.481616,33.463526],[126.481545,33.463458],[126.481514,33.463417],[126.481479,33.4633],[126.48148,33.463149],[126.481517,33.462997],[126.481583,33.462889],[126.48162,33.462851],[126.481675,33.462829],[126.481725,33.462777],[126.481931,33.462709],[126.481996,33.46255],[126.482114,33.462371],[126.482305,33.461988],[126.482324,33.461741],[126.482392,33.461502],[126.482397,33.461311],[126.482388,33.461207],[126.482461,33.460985],[126.482436,33.460802],[126.482493,33.460742],[126.482744,33.460642],[126.48276,33.460577],[126.482916,33.460595],[126.483095,33.46078],[126.482978,33.461003],[126.482889,33.461217],[126.482935,33.461445],[126.483007,33.461611],[126.482986,33.461794]]]}},{"type":"Feature","id":2163,"properties":{"code":"65000005011020240264UQA4200001040","collectionId":"10495","date":"2025-10-01"},"geometry":{"type":"Polygon","coordinates":[[[126.60097,33.463494],[126.601036,33.463427],[126.601631,33.463858],[126.601692,33.463825],[126.601687,33.463829],[126.601897,33.463983],[126.601976,33.463996],[126.601813,33.464025],[126.601764,33.464044],[126.601698,33.464052],[126.601435,33.464126],[126.601212,33.464227],[126.601142,33.464273],[126.600847,33.464438],[126.600685,33.464505],[126.600628,33.464518],[126.600578,33.46452],[126.600496,33.464462],[126.600506,33.464311],[126.600601,33.464159],[126.600832,33.463655],[126.60097,33.463494]]]}},{"type":"Feature","id":2164,"properties":{"code":"65000005011020240264UQA4200001034","collectionId":"10489","date":"2025-10-01"},"geometry":{"type":"Polygon","coordinates":[[[126.535558,33.455837],[126.535446,33.456379],[126.535518,33.456506],[126.535553,33.456621],[126.535539,33.456809],[126.535427,33.456934],[126.535437,33.457023],[126.535381,33.457194],[126.53535,33.457251],[126.535355,33.457275],[126.53502,33.457272],[126.534785,33.457242],[126.53465,33.457243],[126.534443,33.457848],[126.534439,33.457946],[126.534349,33.457932],[126.533825,33.457991],[126.533656,33.457994],[126.533564,33.458003],[126.533484,33.458416],[126.533481,33.458487],[126.53345,33.458543],[126.533432,33.458599],[126.533431,33.458657],[126.53339,33.458798],[126.533333,33.458875],[126.533229,33.458877],[126.533104,33.458659],[126.533,33.458572],[126.532768,33.458411],[126.532555,33.458138],[126.53256,33.458028],[126.532528,33.4579],[126.532469,33.457775],[126.53239,33.457643],[126.532355,33.457437],[126.532389,33.457328],[126.532384,33.457033],[126.532356,33.456861],[126.53227,33.456535],[126.532338,33.456189],[126.532494,33.455952],[126.532565,33.455869],[126.532719,33.455646],[126.532701,33.455454],[126.532667,33.455339],[126.532534,33.455097],[126.532498,33.454935],[126.532309,33.454592],[126.532138,33.454428],[126.532027,33.454234],[126.532075,33.454109],[126.532236,33.4538],[126.532233,33.453703],[126.532169,33.453587],[126.532037,33.453416],[126.531998,33.453299],[126.532,33.453116],[126.532023,33.45303],[126.532372,33.453073],[126.532563,33.453113],[126.532634,33.453103],[126.532945,33.453136],[126.533116,33.453141],[126.533274,33.453156],[126.533453,33.453155],[126.533685,33.453171],[126.533889,33.453175],[126.534364,33.453146],[126.534357,33.453215],[126.534384,33.453292],[126.534341,33.453517],[126.534338,33.45359],[126.534352,33.453673],[126.534614,33.453744],[126.534795,33.453771],[126.534798,33.453898],[126.53478,33.454008],[126.534738,33.454185],[126.534678,33.454311],[126.534753,33.454409],[126.534873,33.454508],[126.535027,33.454551],[126.53506,33.454675],[126.535059,33.454818],[126.535086,33.454842],[126.535373,33.454822],[126.535562,33.454784],[126.535827,33.454755],[126.535886,33.45514],[126.535899,33.455276],[126.535884,33.455417],[126.53589,33.455489],[126.535801,33.455572],[126.535558,33.455837]]]}},{"type":"Feature","id":2165,"properties":{"code":"65000005011020240264UQA4200001035","collectionId":"10490","date":"2025-10-01"},"geometry":{"type":"Polygon","coordinates":[[[126.538528,33.462363],[126.538493,33.462332],[126.538181,33.462398],[126.538026,33.462421],[126.537992,33.462492],[126.537955,33.462666],[126.537933,33.46293],[126.537788,33.462929],[126.537581,33.4629],[126.537451,33.462901],[126.537369,33.462894],[126.537287,33.462931],[126.5367,33.462868],[126.536674,33.462694],[126.536673,33.462609],[126.536711,33.462404],[126.53672,33.462306],[126.536711,33.462245],[126.536522,33.46222],[126.536381,33.462188],[126.536141,33.462082],[126.536057,33.461884],[126.535975,33.461799],[126.535875,33.461766],[126.53581,33.461686],[126.535856,33.461629],[126.534786,33.462201],[126.534315,33.462621],[126.534249,33.462635],[126.534105,33.462655],[126.533979,33.462386],[126.533928,33.46224],[126.533802,33.462198],[126.533671,33.462044],[126.533656,33.461831],[126.533683,33.461699],[126.533747,33.46156],[126.533759,33.461354],[126.533748,33.461128],[126.53388,33.461102],[126.533913,33.460921],[126.533906,33.460701],[126.533877,33.460615],[126.533854,33.46035],[126.533918,33.460282],[126.533941,33.460141],[126.533934,33.45996],[126.533941,33.459864],[126.533878,33.459709],[126.533782,33.459522],[126.533803,33.459466],[126.533801,33.459378],[126.533946,33.459392],[126.534287,33.459384],[126.534413,33.459321],[126.534587,33.459221],[126.534713,33.459144],[126.534796,33.45908],[126.534847,33.459015],[126.535002,33.458919],[126.535059,33.458855],[126.535078,33.458778],[126.535323,33.458669],[126.535417,33.458639],[126.535479,33.458611],[126.53562,33.458517],[126.535785,33.458377],[126.535894,33.458322],[126.53602,33.45828],[126.53611,33.458268],[126.536094,33.458345],[126.536118,33.458443],[126.53618,33.458518],[126.536332,33.458517],[126.53657,33.458542],[126.536699,33.458479],[126.536924,33.458507],[126.537144,33.458574],[126.53723,33.458465],[126.537284,33.458354],[126.53724,33.458265],[126.537307,33.458128],[126.537403,33.458089],[126.537463,33.458092],[126.537622,33.457892],[126.53763,33.457856],[126.537687,33.457785],[126.537707,33.457629],[126.537769,33.457381],[126.537604,33.457286],[126.537458,33.457047],[126.537526,33.45702],[126.53717,33.455479],[126.537234,33.4552],[126.537238,33.454938],[126.537364,33.454617],[126.53742,33.45429],[126.537252,33.453912],[126.537346,33.453773],[126.537827,33.45332],[126.538133,33.453371],[126.539063,33.453388],[126.540113,33.453567],[126.540198,33.453547],[126.540263,33.453895],[126.540361,33.454153],[126.540463,33.454338],[126.539925,33.454336],[126.539923,33.454686],[126.539936,33.454841],[126.540551,33.455085],[126.540722,33.455165],[126.540783,33.455218],[126.540878,33.455613],[126.540894,33.455815],[126.5409,33.456047],[126.540976,33.456181],[126.540882,33.456461],[126.540844,33.456622],[126.540823,33.456644],[126.540579,33.456774],[126.540636,33.456945],[126.540648,33.457085],[126.54045,33.457125],[126.540313,33.457125],[126.540213,33.457181],[126.540115,33.457218],[126.540142,33.457328],[126.540113,33.457436],[126.540056,33.457523],[126.54011,33.457543],[126.540274,33.457851],[126.540388,33.458047],[126.540448,33.458068],[126.540513,33.458053],[126.540673,33.458091],[126.540896,33.458161],[126.54096,33.458231],[126.540955,33.458291],[126.540928,33.458345],[126.540949,33.458636],[126.540815,33.458935],[126.540763,33.459126],[126.540663,33.459214],[126.540665,33.459238],[126.540592,33.459246],[126.540296,33.459242],[126.540155,33.459225],[126.540138,33.459336],[126.54007,33.459441],[126.540058,33.459536],[126.540161,33.459619],[126.540279,33.459595],[126.540343,33.459597],[126.540403,33.459552],[126.540521,33.459526],[126.540637,33.459605],[126.5407,33.459694],[126.540732,33.459705],[126.540607,33.459966],[126.540459,33.460112],[126.540349,33.460208],[126.540303,33.460351],[126.540202,33.460477],[126.54012,33.460491],[126.540053,33.460554],[126.539818,33.460664],[126.539788,33.460806],[126.539729,33.460947],[126.539678,33.461143],[126.539566,33.461261],[126.53954,33.461426],[126.53942,33.461699],[126.539463,33.461802],[126.539522,33.462064],[126.539482,33.462247],[126.539375,33.462408],[126.53927,33.462361],[126.539227,33.462357],[126.539123,33.462554],[126.53905,33.462655],[126.538996,33.462832],[126.538994,33.462872],[126.539032,33.463032],[126.539028,33.463138],[126.538937,33.463477],[126.538922,33.463514],[126.538883,33.463562],[126.538865,33.463565],[126.538769,33.463512],[126.538644,33.463331],[126.538561,33.463305],[126.538474,33.463021],[126.538478,33.462549],[126.538528,33.462363]]]}},{"type":"Feature","id":2166,"properties":{"code":"65000005011020240264UQA4200001036","collectionId":"10491","date":"2025-10-01"},"geometry":{"type":"Polygon","coordinates":[[[126.562197,33.461433],[126.562231,33.461355],[126.56252,33.461448],[126.562726,33.461537],[126.562889,33.461619],[126.56311,33.461802],[126.562894,33.462121],[126.562849,33.462304],[126.562837,33.462481],[126.562868,33.462529],[126.562833,33.46307],[126.562791,33.463278],[126.562639,33.463754],[126.562579,33.463868],[126.562613,33.464106],[126.562535,33.464221],[126.562588,33.464384],[126.562833,33.46462],[126.562864,33.464733],[126.562927,33.464798],[126.563083,33.4649],[126.562928,33.465223],[126.562619,33.465571],[126.562497,33.465822],[126.56242,33.466039],[126.562448,33.466298],[126.562446,33.466676],[126.562383,33.466797],[126.562132,33.467045],[126.561981,33.467218],[126.561871,33.467396],[126.561881,33.467536],[126.561886,33.468323],[126.561636,33.468379],[126.56121,33.468417],[126.560652,33.468564],[126.56038,33.468017],[126.560188,33.468008],[126.560013,33.467948],[126.559882,33.46794],[126.559503,33.467479],[126.558886,33.466882],[126.558843,33.466852],[126.558727,33.467057],[126.558568,33.467026],[126.558359,33.467106],[126.558135,33.467077],[126.557974,33.467006],[126.557949,33.467039],[126.557725,33.467666],[126.55769,33.46773],[126.557626,33.467719],[126.557537,33.467674],[126.557442,33.467644],[126.557286,33.467613],[126.557157,33.467605],[126.557048,33.467631],[126.556773,33.467614],[126.556653,33.467561],[126.556632,33.467534],[126.556596,33.467552],[126.556499,33.467565],[126.556231,33.467574],[126.556123,33.467598],[126.556089,33.467626],[126.555958,33.467511],[126.555999,33.467329],[126.55613,33.467042],[126.55628,33.466859],[126.55645,33.466495],[126.556398,33.466164],[126.556217,33.465864],[126.556132,33.465707],[126.556142,33.465582],[126.556065,33.465437],[126.556218,33.465154],[126.555924,33.464793],[126.555834,33.464144],[126.555826,33.463645],[126.555892,33.463431],[126.556012,33.463255],[126.556034,33.463056],[126.556036,33.462674],[126.555943,33.462694],[126.555914,33.462311],[126.555878,33.462165],[126.555895,33.462132],[126.555901,33.462023],[126.555895,33.461946],[126.555907,33.461847],[126.555944,33.461765],[126.555992,33.461387],[126.555999,33.461163],[126.555994,33.461107],[126.555948,33.461042],[126.555915,33.460946],[126.55588,33.460711],[126.55591,33.460666],[126.556125,33.460655],[126.557298,33.460679],[126.55732,33.460543],[126.557391,33.460439],[126.55745,33.460267],[126.557428,33.460008],[126.557426,33.459785],[126.557432,33.459673],[126.557454,33.459612],[126.557422,33.458998],[126.557457,33.45897],[126.558642,33.459301],[126.559213,33.459447],[126.55965,33.459575],[126.559801,33.459575],[126.559801,33.459594],[126.560036,33.45963],[126.560355,33.459693],[126.560392,33.45977],[126.560499,33.459795],[126.561165,33.460018],[126.561117,33.460235],[126.560908,33.460211],[126.560895,33.460204],[126.560801,33.460329],[126.560688,33.460417],[126.560374,33.460822],[126.560394,33.460994],[126.560332,33.461032],[126.560301,33.461144],[126.560246,33.461726],[126.560438,33.461942],[126.560637,33.461839],[126.560837,33.461932],[126.560914,33.462017],[126.561066,33.46221],[126.561735,33.4624],[126.561793,33.4623],[126.562197,33.461433]]]}},{"type":"Feature","id":2167,"properties":{"code":"65000005011020240264UQA4200001051","collectionId":"10705","date":"2025-10-01"},"geometry":{"type":"Polygon","coordinates":[[[126.386751,33.4791],[126.386785,33.479087],[126.387005,33.47908],[126.387142,33.47905],[126.38729,33.478985],[126.387445,33.478857],[126.387472,33.478788],[126.387572,33.478643],[126.387622,33.478544],[126.38784,33.478027],[126.387926,33.477926],[126.388326,33.47808],[126.388503,33.47814],[126.388805,33.478224],[126.389386,33.478335],[126.391924,33.478787],[126.391999,33.479136],[126.392159,33.479489],[126.392151,33.479803],[126.392168,33.479845],[126.392378,33.479994],[126.392442,33.48006],[126.392471,33.480118],[126.392288,33.480309],[126.392114,33.480609],[126.392098,33.481009],[126.392133,33.481012],[126.392124,33.481104],[126.392007,33.481531],[126.392103,33.481597],[126.392104,33.481646],[126.39195,33.481983],[126.391886,33.482162],[126.391771,33.48238],[126.391702,33.482567],[126.391652,33.48267],[126.391473,33.483181],[126.391445,33.483284],[126.391437,33.483414],[126.390927,33.483475],[126.390669,33.483526],[126.390484,33.483537],[126.390221,33.483581],[126.389991,33.483597],[126.389551,33.483606],[126.38953,33.483618],[126.389179,33.483602],[126.38898,33.483603],[126.388974,33.484327],[126.388951,33.485011],[126.388923,33.485112],[126.388949,33.485113],[126.388912,33.486036],[126.387587,33.486027],[126.387441,33.486034],[126.387414,33.486016],[126.385745,33.485979],[126.385291,33.485813],[126.385047,33.485748],[126.384885,33.485682],[126.384864,33.485655],[126.384581,33.486051],[126.38444,33.486044],[126.384385,33.486022],[126.384302,33.486088],[126.384257,33.486108],[126.38417,33.486127],[126.383883,33.486078],[126.383681,33.485972],[126.383422,33.485745],[126.383307,33.485613],[126.383254,33.485634],[126.383105,33.485543],[126.382996,33.48549],[126.382926,33.485339],[126.382923,33.485211],[126.382807,33.485229],[126.382478,33.48523],[126.38266,33.485087],[126.38267,33.48504],[126.382746,33.485051],[126.382788,33.485008],[126.382825,33.484929],[126.38293,33.48478],[126.383012,33.484588],[126.383024,33.484491],[126.383072,33.484349],[126.38315,33.484024],[126.383128,33.483898],[126.383129,33.483816],[126.383021,33.483722],[126.382868,33.483645],[126.382783,33.483483],[126.382792,33.483499],[126.382784,33.483445],[126.382793,33.483313],[126.382899,33.483016],[126.382972,33.482863],[126.383033,33.482673],[126.38297,33.482454],[126.382958,33.482332],[126.382875,33.482291],[126.382787,33.48221],[126.382528,33.482043],[126.382208,33.481917],[126.382188,33.481849],[126.382196,33.481751],[126.382238,33.48162],[126.38229,33.4815],[126.382348,33.48142],[126.382412,33.481393],[126.38248,33.48138],[126.382662,33.481427],[126.382776,33.481428],[126.382844,33.481373],[126.38295,33.481325],[126.383027,33.481302],[126.383072,33.481237],[126.383268,33.481212],[126.383438,33.481247],[126.38371,33.481469],[126.383738,33.48148],[126.383877,33.481489],[126.384169,33.481476],[126.384364,33.481459],[126.38468,33.48146],[126.384797,33.481474],[126.385003,33.481515],[126.385094,33.481516],[126.385397,33.481489],[126.385652,33.481543],[126.385834,33.481516],[126.385818,33.481403],[126.385729,33.481144],[126.385673,33.481043],[126.385565,33.480918],[126.385522,33.480837],[126.385522,33.480804],[126.385544,33.48073],[126.385608,33.480572],[126.385637,33.480465],[126.3857,33.480044],[126.385729,33.479984],[126.385778,33.479916],[126.385902,33.479824],[126.386105,33.479695],[126.386282,33.479557],[126.386367,33.479437],[126.38641,33.479331],[126.386445,33.479287],[126.386476,33.47926],[126.3866,33.479199],[126.386751,33.4791]]]}},{"type":"Feature","id":2168,"properties":{"code":"65000005011020240264UQA4200001039","collectionId":"10494","date":"2025-10-01"},"geometry":{"type":"Polygon","coordinates":[[[126.59312,33.47992],[126.59302,33.479917],[126.592952,33.479936],[126.592856,33.479974],[126.592653,33.479973],[126.592567,33.480099],[126.592574,33.480157],[126.59252,33.48023],[126.592497,33.480295],[126.592442,33.480357],[126.59241,33.480426],[126.592431,33.480525],[126.592455,33.480583],[126.592515,33.480662],[126.592511,33.480695],[126.592638,33.480767],[126.592714,33.480789],[126.59281,33.480844],[126.592957,33.480856],[126.592977,33.480904],[126.592968,33.480939],[126.59293,33.480987],[126.592727,33.481031],[126.592571,33.481053],[126.592283,33.481],[126.591902,33.480992],[126.591753,33.481085],[126.591418,33.481109],[126.591284,33.481137],[126.591211,33.481076],[126.591086,33.480998],[126.591027,33.480946],[126.590871,33.48093],[126.590674,33.480937],[126.590426,33.480968],[126.590407,33.480922],[126.590406,33.480859],[126.590423,33.480807],[126.590437,33.48063],[126.590467,33.480576],[126.590558,33.480154],[126.590561,33.480108],[126.590675,33.480081],[126.590846,33.479922],[126.591197,33.479352],[126.591213,33.47928],[126.591218,33.479115],[126.59119,33.479],[126.591153,33.478905],[126.591273,33.478868],[126.591351,33.478943],[126.591447,33.478921],[126.591501,33.478931],[126.591614,33.47891],[126.591684,33.478924],[126.59185,33.478943],[126.59222,33.479087],[126.592341,33.479158],[126.592382,33.479117],[126.592507,33.479091],[126.592558,33.479092],[126.592607,33.479054],[126.592656,33.479039],[126.592706,33.47907],[126.592743,33.479081],[126.592766,33.479109],[126.592817,33.479122],[126.592941,33.479097],[126.592996,33.479128],[126.593071,33.479229],[126.593145,33.479222],[126.593129,33.479276],[126.593203,33.479251],[126.593301,33.47927],[126.593377,33.479252],[126.593456,33.479285],[126.593576,33.479366],[126.593625,33.479446],[126.59356,33.479505],[126.593492,33.479634],[126.593355,33.479832],[126.593308,33.479886],[126.593314,33.479899],[126.59312,33.47992]]]}},{"type":"Feature","id":2169,"properties":{"code":"65000005011020240264UQA4200001038","collectionId":"10493","date":"2025-10-01"},"geometry":{"type":"Polygon","coordinates":[[[126.55545,33.458937],[126.555376,33.459185],[126.555354,33.459226],[126.555373,33.459489],[126.555354,33.459599],[126.555346,33.459917],[126.555447,33.460196],[126.555471,33.460606],[126.555525,33.460975],[126.555515,33.461092],[126.555584,33.461161],[126.555265,33.461582],[126.555221,33.461655],[126.555182,33.461776],[126.555092,33.461908],[126.555127,33.462258],[126.555124,33.462386],[126.555086,33.462394],[126.555102,33.462424],[126.55504,33.462693],[126.5549,33.462719],[126.554679,33.462742],[126.554458,33.463118],[126.554438,33.46314],[126.554145,33.46318],[126.554034,33.463262],[126.553997,33.463303],[126.553875,33.463323],[126.553863,33.46323],[126.553876,33.463067],[126.553766,33.463015],[126.553412,33.463014],[126.553307,33.463003],[126.553283,33.462909],[126.553244,33.46283],[126.5532,33.462784],[126.553174,33.46265],[126.553172,33.462493],[126.553198,33.462301],[126.553186,33.462224],[126.553145,33.46217],[126.553055,33.462175],[126.552901,33.462157],[126.552754,33.462077],[126.552562,33.461998],[126.552398,33.461557],[126.552351,33.461536],[126.552325,33.461494],[126.552317,33.461427],[126.552265,33.461362],[126.552266,33.46129],[126.552286,33.461248],[126.552264,33.461171],[126.552152,33.461178],[126.552075,33.46116],[126.551997,33.461101],[126.552044,33.460963],[126.552077,33.460943],[126.552136,33.460879],[126.552255,33.460636],[126.552653,33.460423],[126.552987,33.460503],[126.553185,33.460499],[126.553478,33.460552],[126.553718,33.460535],[126.553783,33.460522],[126.553828,33.460608],[126.554059,33.460722],[126.554223,33.460654],[126.554595,33.460546],[126.554623,33.46049],[126.554634,33.460366],[126.554666,33.46025],[126.55472,33.460167],[126.554794,33.460112],[126.554713,33.459611],[126.554586,33.45929],[126.554455,33.459257],[126.554218,33.459243],[126.554196,33.459286],[126.554209,33.459472],[126.554172,33.459856],[126.554093,33.460044],[126.554029,33.460169],[126.553565,33.460074],[126.553349,33.460075],[126.553235,33.46009],[126.552832,33.459997],[126.552752,33.459969],[126.552692,33.460042],[126.55263,33.460093],[126.552566,33.460131],[126.552503,33.460204],[126.552408,33.460256],[126.552294,33.460292],[126.55181,33.460992],[126.551699,33.461108],[126.551652,33.461193],[126.551571,33.461256],[126.551439,33.461327],[126.551307,33.461323],[126.5513,33.461297],[126.550991,33.461227],[126.550866,33.461247],[126.55086,33.461173],[126.550677,33.461153],[126.550528,33.461118],[126.550478,33.461116],[126.550426,33.461123],[126.550231,33.46118],[126.550224,33.461292],[126.550242,33.461403],[126.550252,33.461617],[126.550247,33.461916],[126.550047,33.461787],[126.549967,33.461721],[126.549982,33.461698],[126.549978,33.461674],[126.549878,33.461557],[126.549848,33.461496],[126.549834,33.46144],[126.549831,33.461343],[126.549857,33.461207],[126.549868,33.46106],[126.549999,33.460785],[126.550026,33.460745],[126.549537,33.460795],[126.549507,33.460727],[126.54933,33.460607],[126.549282,33.460579],[126.549146,33.460548],[126.549017,33.460487],[126.548899,33.460502],[126.548845,33.460522],[126.548757,33.46053],[126.548719,33.460523],[126.548654,33.460498],[126.548658,33.460448],[126.548556,33.460442],[126.548519,33.460467],[126.548403,33.460469],[126.548375,33.460451],[126.548351,33.460515],[126.548333,33.460629],[126.548329,33.460697],[126.54834,33.460724],[126.548474,33.460721],[126.548694,33.460766],[126.548737,33.460746],[126.548839,33.460751],[126.54889,33.460792],[126.54918,33.460828],[126.549121,33.461043],[126.549028,33.461487],[126.548983,33.461598],[126.548959,33.461613],[126.548909,33.461612],[126.548847,33.461592],[126.548792,33.461562],[126.548421,33.461673],[126.548368,33.461739],[126.548285,33.461795],[126.548211,33.461859],[126.548129,33.462012],[126.547985,33.462117],[126.547799,33.462309],[126.54775,33.46234],[126.547505,33.462181],[126.547435,33.46209],[126.547561,33.461623],[126.547596,33.461445],[126.547649,33.461067],[126.54762,33.460965],[126.547642,33.460864],[126.547695,33.460743],[126.547676,33.460718],[126.547675,33.460663],[126.547688,33.46059],[126.547743,33.460507],[126.547694,33.460494],[126.54764,33.460423],[126.547629,33.460365],[126.547715,33.45991],[126.547671,33.459773],[126.547475,33.459546],[126.547427,33.459458],[126.547388,33.459374],[126.547377,33.459299],[126.547339,33.459182],[126.547332,33.459078],[126.547367,33.458878],[126.547364,33.458686],[126.547468,33.458804],[126.547632,33.458871],[126.54774,33.458944],[126.547882,33.458961],[126.547943,33.458947],[126.548035,33.458857],[126.548116,33.458811],[126.548309,33.458714],[126.548443,33.458661],[126.548543,33.458648],[126.548685,33.458667],[126.548815,33.458714],[126.548975,33.458726],[126.549105,33.458752],[126.549301,33.458746],[126.5493,33.458586],[126.549225,33.458482],[126.549216,33.458389],[126.549274,33.458379],[126.549375,33.458324],[126.54941,33.458288],[126.549427,33.458243],[126.549579,33.458242],[126.549682,33.458227],[126.549789,33.45823],[126.549838,33.458248],[126.549893,33.458314],[126.550069,33.458344],[126.550172,33.458373],[126.550278,33.45842],[126.550313,33.458415],[126.550321,33.458318],[126.550241,33.458178],[126.550191,33.458143],[126.550067,33.458137],[126.549971,33.458041],[126.549928,33.457949],[126.549929,33.457879],[126.549895,33.457717],[126.550025,33.457687],[126.550088,33.457687],[126.550072,33.457665],[126.549652,33.457699],[126.549504,33.457693],[126.549406,33.457703],[126.549346,33.457699],[126.5494,33.45743],[126.549428,33.457375],[126.549469,33.457342],[126.549555,33.457329],[126.549647,33.457341],[126.549787,33.457418],[126.549847,33.457418],[126.549963,33.457402],[126.550041,33.457401],[126.550029,33.457355],[126.550072,33.457329],[126.550186,33.457335],[126.550506,33.457299],[126.550657,33.457306],[126.550665,33.457096],[126.550682,33.456956],[126.550898,33.456083],[126.550838,33.456007],[126.54968,33.455509],[126.549545,33.45546],[126.549411,33.455414],[126.549277,33.455382],[126.549067,33.455344],[126.548822,33.45533],[126.548739,33.455331],[126.548833,33.455233],[126.548938,33.455156],[126.549068,33.455086],[126.549372,33.455033],[126.549527,33.455019],[126.549678,33.455058],[126.550259,33.455417],[126.550417,33.455554],[126.550508,33.455659],[126.55088,33.455817],[126.551342,33.455999],[126.551554,33.456127],[126.551944,33.456398],[126.552396,33.456658],[126.552634,33.456813],[126.552659,33.456772],[126.552699,33.456733],[126.552919,33.45677],[126.553007,33.456631],[126.553072,33.456591],[126.55331,33.456693],[126.553364,33.456662],[126.55342,33.456645],[126.553583,33.456666],[126.553624,33.456704],[126.553614,33.45677],[126.55353,33.456885],[126.553866,33.456933],[126.554069,33.456941],[126.554399,33.456933],[126.554402,33.456772],[126.554459,33.456623],[126.554535,33.456624],[126.554708,33.45667],[126.554724,33.456585],[126.554703,33.456226],[126.55471,33.45613],[126.554581,33.456115],[126.554556,33.456023],[126.554554,33.455956],[126.55459,33.455797],[126.55467,33.455808],[126.554738,33.455839],[126.554947,33.455876],[126.555452,33.455914],[126.55563,33.456194],[126.555573,33.456431],[126.555462,33.456693],[126.555328,33.456828],[126.555249,33.457056],[126.555286,33.457553],[126.555193,33.457715],[126.555192,33.45779],[126.555181,33.457824],[126.555184,33.457937],[126.555208,33.457972],[126.555186,33.458082],[126.555209,33.458186],[126.555198,33.458215],[126.555297,33.458292],[126.555343,33.458319],[126.555344,33.458385],[126.555383,33.458429],[126.555468,33.458499],[126.555493,33.458577],[126.555488,33.458802],[126.555471,33.458861],[126.555439,33.458887],[126.55545,33.458937]]]}},{"type":"Feature","id":2170,"properties":{"code":"65000005011020240264UQA4200001041","collectionId":"10496","date":"2025-10-01"},"geometry":{"type":"Polygon","coordinates":[[[126.537199,33.467163],[126.537092,33.467083],[126.537038,33.467032],[126.536991,33.467009],[126.536599,33.466872],[126.536382,33.46681],[126.536276,33.466767],[126.536234,33.466702],[126.536198,33.466596],[126.535985,33.466701],[126.535924,33.466743],[126.535907,33.46683],[126.535834,33.466743],[126.535864,33.466664],[126.535913,33.466587],[126.536068,33.46649],[126.536178,33.466467],[126.536227,33.46645],[126.536262,33.466423],[126.536348,33.466323],[126.536365,33.466302],[126.536405,33.466194],[126.536365,33.466179],[126.536403,33.466033],[126.536447,33.465957],[126.536512,33.465892],[126.536909,33.465621],[126.536965,33.465563],[126.536999,33.465508],[126.537083,33.465531],[126.537174,33.465477],[126.537206,33.465376],[126.53728,33.465275],[126.537379,33.46516],[126.537437,33.465149],[126.537558,33.465025],[126.53785,33.464836],[126.537925,33.464749],[126.53799,33.464704],[126.538046,33.464646],[126.538192,33.464537],[126.538292,33.464425],[126.538435,33.464352],[126.538545,33.46421],[126.538599,33.464176],[126.538659,33.464125],[126.53873,33.464083],[126.53876,33.464044],[126.538817,33.463996],[126.539085,33.463707],[126.539131,33.463649],[126.539305,33.463665],[126.539303,33.463631],[126.539283,33.463597],[126.539399,33.463169],[126.53941,33.462834],[126.539482,33.462708],[126.539615,33.462519],[126.539703,33.462544],[126.539707,33.462582],[126.539756,33.462603],[126.539886,33.462546],[126.540263,33.462652],[126.540368,33.462655],[126.540411,33.462134],[126.540549,33.461859],[126.540799,33.461654],[126.540852,33.461587],[126.540886,33.461451],[126.540875,33.461211],[126.540891,33.461151],[126.540942,33.461097],[126.541003,33.460999],[126.541365,33.460941],[126.541383,33.460829],[126.541471,33.460668],[126.54153,33.460503],[126.541587,33.46031],[126.54172,33.460124],[126.54172,33.460086],[126.541771,33.459869],[126.541765,33.459763],[126.541791,33.45971],[126.541812,33.459676],[126.541875,33.45961],[126.542104,33.459486],[126.542142,33.459442],[126.542012,33.459365],[126.541868,33.459251],[126.541839,33.459204],[126.541747,33.45916],[126.54164,33.459068],[126.541567,33.459046],[126.541517,33.458925],[126.541532,33.458751],[126.541511,33.458651],[126.541541,33.458471],[126.543816,33.457214],[126.543512,33.456967],[126.543352,33.456875],[126.543332,33.456845],[126.543343,33.456818],[126.543211,33.456747],[126.543179,33.456769],[126.543004,33.456584],[126.542971,33.456448],[126.54299,33.45625],[126.542986,33.456095],[126.543158,33.456007],[126.5432,33.455931],[126.543397,33.455794],[126.543485,33.455717],[126.543541,33.455742],[126.543687,33.45571],[126.543788,33.4557],[126.543884,33.455658],[126.54395,33.455714],[126.544075,33.455847],[126.544177,33.455844],[126.544328,33.455826],[126.544435,33.455808],[126.544496,33.455784],[126.544648,33.456219],[126.544757,33.456395],[126.544842,33.456448],[126.544913,33.456432],[126.545021,33.456443],[126.545174,33.45656],[126.545546,33.456401],[126.545585,33.456391],[126.545575,33.456216],[126.545735,33.456034],[126.545883,33.455919],[126.54621,33.455562],[126.546293,33.455483],[126.546361,33.455443],[126.546525,33.455301],[126.546715,33.455066],[126.546825,33.454968],[126.546977,33.454811],[126.547141,33.454573],[126.547127,33.454378],[126.547467,33.454406],[126.547698,33.454449],[126.547806,33.45449],[126.547909,33.454497],[126.548006,33.454517],[126.54763,33.455727],[126.547483,33.456241],[126.547432,33.456371],[126.547316,33.456497],[126.547242,33.456545],[126.546945,33.456654],[126.546583,33.456804],[126.546582,33.456927],[126.546554,33.457029],[126.546572,33.457134],[126.546558,33.457172],[126.546561,33.45734],[126.546601,33.457602],[126.54663,33.457991],[126.546697,33.458074],[126.546724,33.458166],[126.546715,33.458211],[126.546868,33.458348],[126.546948,33.45853],[126.546923,33.458764],[126.546974,33.459017],[126.546984,33.459183],[126.546969,33.459421],[126.547232,33.459792],[126.547305,33.459941],[126.547313,33.460133],[126.547279,33.460397],[126.547077,33.460676],[126.547023,33.46066],[126.546961,33.460709],[126.546958,33.460845],[126.547,33.461127],[126.547128,33.461498],[126.547184,33.461722],[126.547197,33.461779],[126.547196,33.461904],[126.547188,33.46193],[126.546932,33.461902],[126.546875,33.461889],[126.546789,33.461896],[126.546807,33.46196],[126.546795,33.462034],[126.54679,33.462171],[126.546816,33.462337],[126.546813,33.462382],[126.546756,33.4624],[126.546659,33.4624],[126.546668,33.462565],[126.546685,33.462617],[126.546806,33.462663],[126.54693,33.462736],[126.546991,33.462759],[126.546995,33.462784],[126.547125,33.462802],[126.547157,33.462801],[126.5474,33.462713],[126.547481,33.462669],[126.54775,33.462619],[126.547792,33.4627],[126.547802,33.462896],[126.547781,33.4631],[126.547701,33.463314],[126.547668,33.463502],[126.547637,33.463566],[126.547708,33.463776],[126.547669,33.463894],[126.547669,33.464018],[126.547644,33.464106],[126.547553,33.4641],[126.54734,33.464122],[126.546995,33.464113],[126.546799,33.46413],[126.546821,33.464464],[126.54685,33.464572],[126.546069,33.464625],[126.545617,33.464358],[126.545438,33.464365],[126.545474,33.464805],[126.545476,33.464904],[126.545384,33.464916],[126.545109,33.464903],[126.54497,33.464907],[126.544919,33.464896],[126.54481,33.46491],[126.544691,33.46491],[126.544679,33.464892],[126.544739,33.464834],[126.544753,33.464766],[126.544827,33.464616],[126.544885,33.464368],[126.544879,33.464329],[126.544952,33.464207],[126.545081,33.464041],[126.544981,33.463991],[126.544828,33.463928],[126.544629,33.463769],[126.544513,33.463722],[126.544247,33.463701],[126.544216,33.46358],[126.544077,33.463589],[126.543862,33.463616],[126.543726,33.463623],[126.543688,33.463607],[126.54354,33.46357],[126.543432,33.463564],[126.543398,33.463585],[126.543301,33.46371],[126.543232,33.464174],[126.543123,33.464357],[126.543107,33.464354],[126.543103,33.464361],[126.543084,33.464416],[126.543037,33.464498],[126.542968,33.464587],[126.54292,33.4646],[126.542748,33.464571],[126.542788,33.464487],[126.542819,33.464341],[126.542797,33.464288],[126.542245,33.464061],[126.541947,33.464103],[126.541685,33.464016],[126.54161,33.463997],[126.541605,33.463955],[126.541544,33.463976],[126.541284,33.463868],[126.541053,33.464112],[126.541086,33.464216],[126.541072,33.464299],[126.541078,33.464323],[126.541036,33.464357],[126.540999,33.464437],[126.54104,33.464516],[126.541014,33.464694],[126.54103,33.465049],[126.540999,33.465078],[126.540978,33.4652],[126.541029,33.465283],[126.541102,33.465278],[126.541173,33.465233],[126.541273,33.46513],[126.541366,33.465058],[126.541521,33.46511],[126.541635,33.465112],[126.541897,33.465172],[126.541945,33.46519],[126.541986,33.465188],[126.542019,33.465304],[126.541771,33.465542],[126.541486,33.465778],[126.541452,33.465846],[126.541401,33.465902],[126.541235,33.466159],[126.5409,33.466575],[126.540826,33.466719],[126.540701,33.466931],[126.540628,33.467026],[126.540422,33.467039],[126.540267,33.466983],[126.54014,33.466952],[126.539973,33.466955],[126.539851,33.466968],[126.539732,33.466958],[126.539439,33.466728],[126.539361,33.466607],[126.539227,33.46648],[126.53916,33.466433],[126.539102,33.466423],[126.53883,33.466609],[126.538668,33.466748],[126.538559,33.466768],[126.538251,33.466753],[126.538089,33.466714],[126.537838,33.466709],[126.537569,33.466585],[126.537554,33.466591],[126.537538,33.466618],[126.537493,33.466741],[126.537297,33.467097],[126.537268,33.467166],[126.537245,33.467185],[126.537199,33.467163]]]}},{"type":"Feature","id":2171,"properties":{"code":"65000005011020240264UQA4200001037","collectionId":"10492","date":"2025-10-01"},"geometry":{"type":"Polygon","coordinates":[[[126.530682,33.466773],[126.530642,33.466817],[126.530515,33.466824],[126.530209,33.46682],[126.530031,33.466829],[126.530032,33.466894],[126.530003,33.466938],[126.529669,33.466937],[126.529574,33.466949],[126.52947,33.466924],[126.52942,33.466886],[126.529321,33.466896],[126.529111,33.466858],[126.529083,33.4666],[126.529091,33.466357],[126.529215,33.466164],[126.529261,33.465961],[126.529208,33.46586],[126.529181,33.465741],[126.529183,33.465526],[126.529159,33.465421],[126.52918,33.465271],[126.529168,33.465076],[126.529181,33.464949],[126.528972,33.464745],[126.52872,33.464482],[126.528684,33.464343],[126.528682,33.463944],[126.52865,33.463806],[126.528658,33.463758],[126.528781,33.463679],[126.528833,33.463694],[126.529125,33.463691],[126.53008,33.463479],[126.530399,33.463285],[126.530521,33.463218],[126.530703,33.463161],[126.530864,33.463078],[126.530991,33.463033],[126.531164,33.462854],[126.531286,33.462667],[126.531431,33.462522],[126.53147,33.462418],[126.53142,33.462326],[126.531575,33.46178],[126.531695,33.461493],[126.531681,33.461165],[126.531642,33.460968],[126.531733,33.460933],[126.531916,33.460922],[126.532181,33.460986],[126.532616,33.461122],[126.532676,33.461152],[126.5328,33.461147],[126.532974,33.461047],[126.533059,33.461062],[126.533209,33.461066],[126.533264,33.461106],[126.53349,33.461157],[126.533616,33.461169],[126.533653,33.46134],[126.533697,33.461476],[126.533628,33.461657],[126.533476,33.46193],[126.53346,33.462014],[126.533499,33.462127],[126.533598,33.462175],[126.533705,33.462281],[126.533736,33.46245],[126.53373,33.462524],[126.53385,33.462792],[126.533893,33.463007],[126.533863,33.463148],[126.533783,33.463247],[126.533718,33.46335],[126.533642,33.463421],[126.533499,33.463723],[126.533394,33.463843],[126.533387,33.463941],[126.533285,33.464148],[126.533335,33.464367],[126.533329,33.464453],[126.533298,33.464489],[126.533504,33.464495],[126.53357,33.464468],[126.533688,33.464448],[126.533666,33.464509],[126.532948,33.466056],[126.532678,33.466832],[126.532608,33.467129],[126.532606,33.467083],[126.532493,33.467081],[126.532307,33.467052],[126.532184,33.467018],[126.532009,33.466913],[126.531925,33.46693],[126.531722,33.466948],[126.53161,33.46693],[126.531609,33.466603],[126.53152,33.4666],[126.531433,33.466608],[126.531393,33.466571],[126.531367,33.4664],[126.531348,33.46616],[126.531121,33.46614],[126.53095,33.466093],[126.530842,33.466117],[126.530786,33.46616],[126.530882,33.466464],[126.530903,33.466725],[126.530782,33.466735],[126.530682,33.466773]]]}},{"type":"Feature","id":2172,"properties":{"code":"65000005011020240264UQA4200001042","collectionId":"10497","date":"2025-10-01"},"geometry":{"type":"Polygon","coordinates":[[[126.595901,33.477307],[126.595937,33.477332],[126.595811,33.477455],[126.595775,33.477503],[126.596031,33.47759],[126.596002,33.477643],[126.595969,33.477677],[126.595958,33.47774],[126.595906,33.477811],[126.595911,33.477882],[126.595894,33.47795],[126.595863,33.478036],[126.595777,33.478204],[126.595692,33.478271],[126.595582,33.478327],[126.595471,33.478372],[126.595407,33.478366],[126.595357,33.478394],[126.595348,33.478445],[126.59519,33.478573],[126.595103,33.478626],[126.594757,33.478359],[126.594824,33.478341],[126.594834,33.478249],[126.594824,33.478142],[126.594966,33.478149],[126.595403,33.478029],[126.595462,33.477974],[126.595501,33.47792],[126.595459,33.477882],[126.595395,33.477805],[126.595255,33.477758],[126.595151,33.477704],[126.595111,33.477674],[126.595099,33.477628],[126.595031,33.477641],[126.594867,33.477562],[126.594677,33.477486],[126.594593,33.477462],[126.594522,33.477463],[126.594447,33.477444],[126.59438,33.477435],[126.594326,33.477394],[126.594236,33.477345],[126.594244,33.477138],[126.594284,33.477072],[126.59426,33.477003],[126.593624,33.477083],[126.593598,33.477703],[126.593125,33.477699],[126.593117,33.477803],[126.593074,33.477937],[126.59306,33.478032],[126.592997,33.478143],[126.592973,33.478211],[126.592936,33.478252],[126.592872,33.478257],[126.592765,33.478253],[126.592666,33.478261],[126.592488,33.478242],[126.592463,33.478114],[126.592451,33.477986],[126.592483,33.477817],[126.59246,33.477802],[126.592244,33.47775],[126.592164,33.477755],[126.591984,33.477687],[126.591858,33.47767],[126.591754,33.477661],[126.591699,33.47768],[126.591706,33.477793],[126.591717,33.477842],[126.591723,33.478167],[126.591627,33.478165],[126.59143,33.478087],[126.5913,33.478081],[126.591227,33.478133],[126.591062,33.478098],[126.590951,33.478042],[126.590888,33.477976],[126.590831,33.477901],[126.590845,33.477816],[126.590894,33.477756],[126.590927,33.477657],[126.590926,33.477607],[126.590954,33.477501],[126.590933,33.477376],[126.590741,33.477305],[126.590484,33.477232],[126.590468,33.47718],[126.590465,33.477116],[126.590427,33.477058],[126.590367,33.477064],[126.59032,33.477047],[126.590265,33.476968],[126.590276,33.476887],[126.590307,33.476841],[126.590455,33.476699],[126.590623,33.476608],[126.59077,33.476455],[126.590843,33.476358],[126.590831,33.476296],[126.590883,33.476068],[126.59095,33.47594],[126.591036,33.475871],[126.59113,33.475813],[126.59124,33.475832],[126.591407,33.475813],[126.591405,33.475745],[126.591449,33.47555],[126.591518,33.475312],[126.591507,33.475232],[126.591511,33.475099],[126.591481,33.474982],[126.591406,33.474899],[126.5914,33.474869],[126.591607,33.474684],[126.592052,33.474367],[126.59219,33.474166],[126.592283,33.474099],[126.592548,33.474031],[126.592698,33.473933],[126.592796,33.473837],[126.59282,33.47376],[126.59287,33.473683],[126.592898,33.473579],[126.592939,33.473516],[126.592969,33.473452],[126.592918,33.473335],[126.592899,33.473249],[126.592927,33.47319],[126.592912,33.473148],[126.593117,33.473058],[126.593236,33.473027],[126.593283,33.472961],[126.593315,33.472798],[126.59327,33.472738],[126.593243,33.472668],[126.593044,33.472492],[126.592948,33.472418],[126.593005,33.472176],[126.593469,33.472194],[126.593559,33.472171],[126.59364,33.472189],[126.593769,33.472089],[126.593793,33.472046],[126.593797,33.471907],[126.593747,33.471828],[126.593736,33.471773],[126.593743,33.471728],[126.593679,33.471699],[126.593513,33.471685],[126.593323,33.471693],[126.593187,33.471689],[126.593082,33.471639],[126.593088,33.471565],[126.593326,33.471338],[126.593468,33.471182],[126.593477,33.471028],[126.593586,33.470948],[126.594211,33.470938],[126.594357,33.470859],[126.594467,33.470788],[126.594562,33.470707],[126.594701,33.470667],[126.595528,33.470645],[126.595625,33.470636],[126.595927,33.470643],[126.596195,33.470641],[126.596389,33.470629],[126.596395,33.47069],[126.596349,33.470759],[126.59632,33.470843],[126.596306,33.470965],[126.596274,33.471074],[126.596234,33.471117],[126.5963,33.471205],[126.596365,33.471202],[126.596424,33.471163],[126.596539,33.47105],[126.596624,33.471026],[126.596687,33.471029],[126.596783,33.471008],[126.596879,33.470926],[126.596951,33.470806],[126.59696,33.470631],[126.596979,33.470562],[126.597168,33.47029],[126.597263,33.470083],[126.597144,33.470061],[126.597091,33.470024],[126.596806,33.469973],[126.596775,33.469956],[126.596738,33.469803],[126.596689,33.469717],[126.596517,33.469512],[126.596463,33.469417],[126.59643,33.469286],[126.596387,33.469207],[126.596358,33.46912],[126.596312,33.469021],[126.596258,33.468944],[126.596309,33.468799],[126.596293,33.46876],[126.596327,33.468519],[126.595664,33.468513],[126.595677,33.46845],[126.595693,33.468279],[126.59561,33.467855],[126.595525,33.467725],[126.595378,33.467397],[126.59533,33.467217],[126.595329,33.466922],[126.595359,33.466729],[126.595356,33.466594],[126.59532,33.466549],[126.595283,33.466337],[126.595456,33.465981],[126.595484,33.465888],[126.595463,33.465716],[126.595314,33.465577],[126.595233,33.465472],[126.595119,33.465235],[126.59506,33.465083],[126.595064,33.464974],[126.595027,33.464899],[126.595079,33.464797],[126.595167,33.464704],[126.595284,33.464644],[126.595385,33.464532],[126.595472,33.464494],[126.595527,33.464403],[126.595545,33.464294],[126.595521,33.464167],[126.595508,33.464033],[126.595721,33.463538],[126.595874,33.463261],[126.595937,33.463087],[126.595954,33.462978],[126.595927,33.462887],[126.59575,33.462804],[126.595696,33.462576],[126.595633,33.462367],[126.595195,33.462078],[126.595101,33.461699],[126.595018,33.461565],[126.595059,33.461364],[126.595064,33.461223],[126.594929,33.460908],[126.594908,33.460727],[126.594989,33.460577],[126.595056,33.460403],[126.594813,33.460344],[126.594663,33.460217],[126.594638,33.460066],[126.594534,33.459948],[126.594287,33.459857],[126.594152,33.459899],[126.594081,33.459957],[126.593794,33.460035],[126.593633,33.460024],[126.593466,33.459921],[126.593248,33.459878],[126.593092,33.459897],[126.593005,33.459763],[126.593016,33.4596],[126.593034,33.45956],[126.593008,33.459397],[126.592951,33.459184],[126.592577,33.45879],[126.592913,33.458925],[126.593469,33.459129],[126.594434,33.459694],[126.594496,33.459722],[126.594726,33.459854],[126.595579,33.460493],[126.596242,33.46089],[126.596983,33.461254],[126.59739,33.461464],[126.597459,33.461487],[126.597565,33.461546],[126.597811,33.461712],[126.597999,33.461818],[126.598349,33.461997],[126.598619,33.462148],[126.59961,33.462661],[126.599978,33.462882],[126.60045,33.463098],[126.60084,33.463297],[126.600709,33.463496],[126.600587,33.463777],[126.600223,33.464286],[126.600128,33.464476],[126.600145,33.46458],[126.600175,33.464678],[126.600309,33.46466],[126.600309,33.464696],[126.600366,33.464869],[126.600307,33.465104],[126.600165,33.465408],[126.600048,33.465728],[126.600022,33.465915],[126.600101,33.466364],[126.600118,33.466832],[126.600816,33.467421],[126.600847,33.467491],[126.600772,33.46784],[126.600745,33.468029],[126.600587,33.468375],[126.600345,33.468382],[126.600165,33.468401],[126.599953,33.468501],[126.599703,33.468658],[126.599582,33.469028],[126.599335,33.469286],[126.599173,33.469394],[126.599076,33.469494],[126.598929,33.469586],[126.598449,33.469683],[126.598349,33.469719],[126.598276,33.470135],[126.59826,33.470182],[126.598277,33.470292],[126.598113,33.470365],[126.597967,33.470533],[126.597796,33.470796],[126.597905,33.47136],[126.597796,33.47165],[126.597707,33.471978],[126.597674,33.472046],[126.597673,33.472174],[126.59762,33.472315],[126.597614,33.47251],[126.597583,33.472655],[126.5976,33.472705],[126.597564,33.472781],[126.597516,33.472852],[126.59744,33.472893],[126.597374,33.47288],[126.597257,33.472926],[126.597059,33.473023],[126.596926,33.47313],[126.596513,33.473043],[126.596454,33.473159],[126.596417,33.473322],[126.596165,33.473325],[126.595986,33.473368],[126.595791,33.473386],[126.595708,33.473365],[126.595672,33.473377],[126.59565,33.473541],[126.595587,33.473663],[126.5956,33.473722],[126.595703,33.473835],[126.595825,33.473917],[126.595907,33.473987],[126.596013,33.474059],[126.596047,33.474071],[126.596265,33.474052],[126.596315,33.47403],[126.596872,33.474304],[126.596892,33.47452],[126.596806,33.474544],[126.59681,33.474607],[126.596746,33.474681],[126.5967,33.474769],[126.596619,33.474841],[126.596531,33.475007],[126.596437,33.475128],[126.596503,33.475237],[126.596593,33.475313],[126.596447,33.475742],[126.596642,33.475808],[126.596631,33.475931],[126.596647,33.476064],[126.59662,33.476159],[126.596708,33.476308],[126.596701,33.476404],[126.596781,33.476475],[126.596826,33.47659],[126.596824,33.476671],[126.596877,33.476821],[126.596935,33.476913],[126.596951,33.477026],[126.596948,33.47708],[126.596918,33.477131],[126.596851,33.477175],[126.596772,33.477183],[126.596668,33.477181],[126.596451,33.477238],[126.596392,33.477193],[126.596261,33.476991],[126.596223,33.47689],[126.596151,33.476749],[126.596056,33.476762],[126.595921,33.4768],[126.595853,33.476829],[126.595511,33.476937],[126.595451,33.476936],[126.595421,33.476961],[126.595433,33.477007],[126.595464,33.477041],[126.595524,33.477166],[126.595535,33.477219],[126.595633,33.477198],[126.595706,33.477168],[126.595753,33.477175],[126.595843,33.477266],[126.595901,33.477307]]]}},{"type":"Feature","id":2173,"properties":{"code":"65000005011020240264UQA4200001044","collectionId":"10498","date":"2025-10-01"},"geometry":{"type":"Polygon","coordinates":[[[126.562644,33.466084],[126.562766,33.465789],[126.562753,33.465739],[126.562778,33.465674],[126.562926,33.465535],[126.56323,33.465399],[126.563319,33.465248],[126.563423,33.464941],[126.563392,33.464842],[126.563283,33.464699],[126.563224,33.46465],[126.563043,33.464563],[126.562879,33.464325],[126.562873,33.46418],[126.562726,33.464057],[126.562762,33.463754],[126.562887,33.463459],[126.562972,33.463009],[126.563036,33.462845],[126.56301,33.462643],[126.563065,33.46237],[126.563175,33.462234],[126.563587,33.462063],[126.563545,33.462201],[126.563565,33.462434],[126.56358,33.462505],[126.563676,33.462726],[126.563728,33.462914],[126.563801,33.463528],[126.563898,33.46365],[126.563801,33.46379],[126.563623,33.464147],[126.563589,33.464363],[126.563966,33.46477],[126.564128,33.465057],[126.564133,33.465243],[126.564165,33.465444],[126.564245,33.465577],[126.564587,33.466586],[126.564004,33.466787],[126.56394,33.466973],[126.563683,33.467482],[126.563249,33.467459],[126.562847,33.467458],[126.562564,33.467415],[126.562461,33.467353],[126.562433,33.46727],[126.562495,33.467189],[126.562634,33.467081],[126.562659,33.466654],[126.562599,33.466192],[126.562644,33.466084]]]}},{"type":"Feature","id":2174,"properties":{"code":"65000005011020240264UQA4200001045","collectionId":"10499","date":"2025-10-01"},"geometry":{"type":"Polygon","coordinates":[[[126.574857,33.468721],[126.573732,33.468473],[126.573576,33.468827],[126.573451,33.469055],[126.573397,33.469172],[126.573361,33.469282],[126.573311,33.469388],[126.573221,33.469705],[126.572895,33.470568],[126.572849,33.470956],[126.57278,33.471204],[126.572739,33.471255],[126.572734,33.471273],[126.571993,33.471398],[126.571605,33.471532],[126.571264,33.471547],[126.57086,33.471506],[126.570793,33.471482],[126.570755,33.471409],[126.570719,33.471213],[126.570765,33.471145],[126.570868,33.470919],[126.570909,33.470866],[126.570971,33.470882],[126.570996,33.470852],[126.571069,33.470641],[126.571188,33.470549],[126.571186,33.470476],[126.571135,33.470222],[126.571146,33.470124],[126.571114,33.469971],[126.571106,33.469475],[126.571089,33.469388],[126.571031,33.469299],[126.570864,33.469239],[126.570879,33.469152],[126.570934,33.469033],[126.5711,33.46893],[126.571246,33.468809],[126.571356,33.468622],[126.571374,33.46855],[126.571374,33.468493],[126.571341,33.468366],[126.571173,33.468327],[126.571136,33.468346],[126.57107,33.468363],[126.570928,33.468385],[126.570638,33.468405],[126.570628,33.468378],[126.570632,33.468303],[126.570619,33.468213],[126.57057,33.468107],[126.570557,33.468027],[126.570491,33.467832],[126.570461,33.467777],[126.570435,33.467699],[126.57042,33.467618],[126.570519,33.467403],[126.570539,33.467313],[126.570538,33.46703],[126.570425,33.466762],[126.570386,33.466574],[126.570388,33.466488],[126.570336,33.466363],[126.57016,33.466],[126.570133,33.465892],[126.570128,33.465798],[126.570158,33.465515],[126.570035,33.465151],[126.569982,33.464966],[126.570186,33.464599],[126.570948,33.464054],[126.571138,33.463769],[126.571169,33.463753],[126.571245,33.46369],[126.571462,33.463575],[126.571516,33.463533],[126.571523,33.463495],[126.571737,33.463299],[126.57193,33.463045],[126.571993,33.462908],[126.571995,33.462768],[126.57188,33.462567],[126.57176,33.462439],[126.571401,33.46232],[126.571348,33.462396],[126.571292,33.462436],[126.570676,33.462574],[126.570572,33.462582],[126.570257,33.462642],[126.570184,33.462675],[126.570148,33.462706],[126.570049,33.462719],[126.570013,33.462548],[126.570064,33.461908],[126.57018,33.461517],[126.570307,33.461294],[126.570471,33.461108],[126.570872,33.460783],[126.571209,33.460639],[126.571311,33.46061],[126.571394,33.460573],[126.571609,33.460358],[126.571604,33.460127],[126.571662,33.460039],[126.571627,33.459455],[126.571649,33.459322],[126.571754,33.459149],[126.571773,33.459135],[126.573792,33.459165],[126.573962,33.45914],[126.574311,33.459075],[126.574482,33.459065],[126.574582,33.459032],[126.574753,33.459021],[126.575777,33.458875],[126.57589,33.458842],[126.576008,33.458823],[126.57611,33.458777],[126.57622,33.458766],[126.5763,33.458735],[126.576817,33.45864],[126.576956,33.458624],[126.577403,33.458448],[126.577817,33.45834],[126.578005,33.458307],[126.578921,33.458099],[126.578986,33.458415],[126.579005,33.45847],[126.579051,33.458529],[126.579172,33.458642],[126.579185,33.458665],[126.579158,33.458736],[126.579055,33.458862],[126.579018,33.458933],[126.578966,33.458997],[126.578905,33.459092],[126.578859,33.459125],[126.578858,33.459149],[126.578829,33.459137],[126.578692,33.459148],[126.578453,33.459142],[126.578363,33.459124],[126.577828,33.460028],[126.577588,33.459876],[126.577364,33.459784],[126.57733,33.459825],[126.577317,33.459891],[126.577269,33.459895],[126.577237,33.459943],[126.57719,33.459977],[126.5769,33.46005],[126.576843,33.460033],[126.576796,33.460004],[126.576634,33.459979],[126.576592,33.459948],[126.576571,33.459922],[126.576558,33.459841],[126.576579,33.459807],[126.576558,33.459748],[126.576508,33.459698],[126.576482,33.459631],[126.576456,33.459596],[126.576446,33.459545],[126.576467,33.459458],[126.576426,33.459453],[126.57647,33.459211],[126.576351,33.459211],[126.57617,33.459174],[126.576029,33.459272],[126.57579,33.459507],[126.575697,33.459627],[126.575695,33.45967],[126.575651,33.459762],[126.575608,33.459798],[126.575547,33.459834],[126.575634,33.460268],[126.575427,33.460445],[126.575247,33.460545],[126.575176,33.460569],[126.575036,33.460581],[126.575021,33.460612],[126.575014,33.460676],[126.575069,33.460896],[126.57508,33.461],[126.57507,33.461031],[126.575074,33.461086],[126.575089,33.46113],[126.575013,33.461171],[126.574881,33.461276],[126.574766,33.461354],[126.574656,33.461467],[126.57463,33.461513],[126.574745,33.461768],[126.574967,33.461739],[126.575068,33.461695],[126.575113,33.461692],[126.575364,33.461415],[126.575489,33.461414],[126.575597,33.461424],[126.575871,33.461313],[126.575989,33.461341],[126.576069,33.461242],[126.576329,33.461197],[126.576375,33.46088],[126.576412,33.460787],[126.576501,33.460681],[126.576563,33.460534],[126.57659,33.460513],[126.577173,33.460463],[126.577163,33.460497],[126.577164,33.460708],[126.577171,33.460799],[126.577205,33.460933],[126.577341,33.461172],[126.577365,33.461241],[126.577365,33.461377],[126.57744,33.461487],[126.577537,33.461573],[126.577625,33.461625],[126.577774,33.461639],[126.578471,33.461594],[126.578656,33.461573],[126.57883,33.461535],[126.579025,33.461437],[126.579284,33.461283],[126.579634,33.460996],[126.579737,33.460954],[126.579844,33.460933],[126.580525,33.460914],[126.58094,33.460959],[126.58103,33.460879],[126.581146,33.460708],[126.581227,33.460639],[126.581045,33.460378],[126.581034,33.460329],[126.581008,33.459995],[126.581095,33.459313],[126.581169,33.459004],[126.581166,33.458988],[126.581224,33.458655],[126.580791,33.458306],[126.580417,33.458123],[126.580352,33.458074],[126.580282,33.457971],[126.580336,33.457976],[126.581321,33.457884],[126.581642,33.457891],[126.582653,33.457887],[126.584025,33.457867],[126.584369,33.45788],[126.584513,33.457896],[126.584536,33.458203],[126.584467,33.458254],[126.5844,33.458407],[126.58434,33.458645],[126.584348,33.458746],[126.584449,33.45908],[126.584529,33.459219],[126.584445,33.459448],[126.584344,33.459587],[126.584266,33.459723],[126.583997,33.45973],[126.583808,33.460026],[126.582972,33.460113],[126.582963,33.460229],[126.582969,33.460359],[126.583166,33.460387],[126.583545,33.460322],[126.583661,33.46033],[126.583783,33.460355],[126.584118,33.46045],[126.584273,33.460677],[126.58447,33.460848],[126.584407,33.461083],[126.584346,33.461241],[126.584366,33.461296],[126.58477,33.461549],[126.584826,33.461608],[126.584882,33.461695],[126.58488,33.461738],[126.584977,33.461943],[126.585098,33.461981],[126.585068,33.462074],[126.585201,33.462327],[126.585163,33.462501],[126.585082,33.462637],[126.584984,33.462708],[126.585003,33.462812],[126.584801,33.463268],[126.584745,33.463416],[126.584651,33.463536],[126.584702,33.463631],[126.584787,33.463702],[126.584887,33.463904],[126.584913,33.464036],[126.584869,33.464179],[126.584811,33.464427],[126.58485,33.464652],[126.584844,33.464713],[126.5848,33.464766],[126.584734,33.4648],[126.584505,33.464692],[126.58428,33.464571],[126.58419,33.464519],[126.584117,33.464461],[126.58408,33.464474],[126.584003,33.4646],[126.583955,33.464648],[126.584251,33.46484],[126.584529,33.464984],[126.584498,33.465021],[126.584439,33.465186],[126.584437,33.46523],[126.584343,33.465253],[126.58411,33.46529],[126.583792,33.465362],[126.583646,33.465527],[126.583452,33.465572],[126.583471,33.46561],[126.583687,33.465842],[126.583723,33.46591],[126.583809,33.466002],[126.583916,33.466136],[126.583944,33.466196],[126.583807,33.466608],[126.583745,33.466727],[126.583666,33.466831],[126.583552,33.466815],[126.583497,33.466785],[126.583429,33.466806],[126.583409,33.466762],[126.583382,33.466746],[126.583312,33.466721],[126.583145,33.466699],[126.583153,33.467319],[126.583184,33.467814],[126.583238,33.468017],[126.58304,33.46831],[126.583083,33.468332],[126.583071,33.468479],[126.583101,33.468495],[126.583096,33.46852],[126.583057,33.468552],[126.58295,33.468572],[126.582836,33.468648],[126.582885,33.468782],[126.582926,33.468844],[126.582933,33.46889],[126.583007,33.46903],[126.583023,33.469079],[126.583121,33.46966],[126.583419,33.469772],[126.583462,33.469794],[126.583696,33.469829],[126.583672,33.470011],[126.583697,33.470089],[126.583724,33.470286],[126.583594,33.470206],[126.583485,33.470218],[126.583118,33.470237],[126.582934,33.470286],[126.582866,33.470293],[126.582611,33.470391],[126.582229,33.470466],[126.581961,33.470565],[126.581522,33.47055],[126.581055,33.470485],[126.581027,33.470476],[126.580749,33.470563],[126.580497,33.470709],[126.580331,33.470916],[126.580071,33.471068],[126.579986,33.470986],[126.579555,33.470691],[126.579248,33.470639],[126.578772,33.470416],[126.578002,33.470215],[126.577788,33.470167],[126.577255,33.470063],[126.57711,33.470042],[126.576868,33.470039],[126.576923,33.469662],[126.576762,33.469233],[126.576716,33.469134],[126.574857,33.468721]]]}},{"type":"Feature","id":2175,"properties":{"code":"65000005011020240264UQA4200001046","collectionId":"10500","date":"2025-10-01"},"geometry":{"type":"Polygon","coordinates":[[[126.623478,33.472905],[126.623129,33.473108],[126.623004,33.473223],[126.622861,33.473362],[126.622778,33.473537],[126.62259,33.473743],[126.622525,33.473725],[126.622392,33.473716],[126.622298,33.473668],[126.622203,33.473508],[126.622112,33.473457],[126.622071,33.473395],[126.622105,33.473333],[126.621997,33.473127],[126.621934,33.47306],[126.621823,33.472884],[126.621805,33.472747],[126.62176,33.472603],[126.621679,33.472399],[126.621494,33.472105],[126.621814,33.472036],[126.622344,33.472055],[126.622423,33.472091],[126.622445,33.471993],[126.622531,33.471822],[126.623387,33.472161],[126.624296,33.472454],[126.624221,33.472497],[126.624094,33.472528],[126.623882,33.472619],[126.623805,33.472694],[126.623478,33.472905]]]}},{"type":"Feature","id":2176,"properties":{"code":"65000005011020240264UQA4200001047","collectionId":"10501","date":"2025-10-01"},"geometry":{"type":"Polygon","coordinates":[[[126.55542,33.470006],[126.55572,33.469686],[126.555836,33.469699],[126.555974,33.469559],[126.556044,33.46942],[126.556088,33.469369],[126.556207,33.469301],[126.5565,33.469182],[126.556722,33.469111],[126.556923,33.469064],[126.557016,33.469015],[126.5571,33.468954],[126.55779,33.469098],[126.557911,33.469137],[126.557978,33.469182],[126.558135,33.469215],[126.558482,33.469268],[126.558572,33.469111],[126.55859,33.469101],[126.558792,33.469108],[126.559116,33.469189],[126.559198,33.46926],[126.559207,33.469307],[126.559301,33.469353],[126.559244,33.469575],[126.559212,33.46964],[126.559202,33.469695],[126.559242,33.469888],[126.559228,33.470026],[126.559197,33.470126],[126.55926,33.470152],[126.559262,33.470215],[126.559293,33.470251],[126.559393,33.470269],[126.55958,33.470242],[126.55971,33.470263],[126.559734,33.470298],[126.559666,33.470436],[126.559648,33.470537],[126.5597,33.47072],[126.55974,33.470758],[126.559872,33.470826],[126.559938,33.470886],[126.560187,33.470926],[126.560335,33.470943],[126.560408,33.470879],[126.561098,33.470857],[126.561187,33.470897],[126.561316,33.470687],[126.561445,33.470683],[126.561725,33.470868],[126.562089,33.470964],[126.562227,33.471027],[126.562369,33.471058],[126.562572,33.471055],[126.562597,33.471183],[126.562593,33.471443],[126.562657,33.471719],[126.562468,33.471874],[126.562378,33.471827],[126.562327,33.471811],[126.562072,33.471771],[126.561985,33.471741],[126.561909,33.471728],[126.561825,33.472213],[126.56209,33.472309],[126.562208,33.472367],[126.56211,33.472576],[126.562046,33.472628],[126.561954,33.47284],[126.561845,33.472992],[126.56158,33.473499],[126.561501,33.473973],[126.56146,33.473988],[126.561378,33.473952],[126.561238,33.473838],[126.560989,33.473672],[126.560761,33.473543],[126.560718,33.473499],[126.560688,33.473439],[126.560675,33.473322],[126.560692,33.473259],[126.560776,33.473119],[126.560807,33.473046],[126.560812,33.472976],[126.560801,33.472946],[126.560769,33.472912],[126.560731,33.472893],[126.560619,33.472868],[126.56043,33.472865],[126.560099,33.472833],[126.559994,33.47284],[126.559942,33.472853],[126.559764,33.472954],[126.559683,33.472982],[126.559612,33.472992],[126.559535,33.472989],[126.559446,33.472966],[126.559354,33.472924],[126.559232,33.472847],[126.559182,33.472789],[126.559156,33.472733],[126.559158,33.472673],[126.559241,33.472443],[126.559252,33.472386],[126.559235,33.472324],[126.559201,33.472301],[126.559153,33.472304],[126.55911,33.47232],[126.559069,33.472361],[126.558954,33.47245],[126.558906,33.472469],[126.558748,33.472472],[126.558673,33.472481],[126.558525,33.472515],[126.558411,33.472564],[126.558242,33.472673],[126.558151,33.472753],[126.558061,33.472849],[126.557945,33.472935],[126.55779,33.473016],[126.55728,33.473193],[126.557265,33.473117],[126.557264,33.472934],[126.557287,33.472849],[126.557344,33.472756],[126.557377,33.472634],[126.557751,33.472618],[126.557791,33.472451],[126.55774,33.472454],[126.557634,33.472477],[126.557542,33.472245],[126.557467,33.472244],[126.557057,33.472172],[126.557069,33.47189],[126.557097,33.471816],[126.557107,33.471701],[126.556906,33.47177],[126.556697,33.471944],[126.556597,33.472082],[126.556369,33.471901],[126.556247,33.471856],[126.556182,33.471856],[126.556097,33.471795],[126.555931,33.471644],[126.555891,33.471616],[126.555821,33.471661],[126.555576,33.471878],[126.555312,33.472044],[126.554794,33.472055],[126.554731,33.472027],[126.554554,33.471696],[126.554467,33.471325],[126.554551,33.471103],[126.554672,33.471017],[126.554717,33.471003],[126.554862,33.470918],[126.554919,33.470849],[126.554973,33.470709],[126.555023,33.470504],[126.555067,33.470422],[126.555108,33.470363],[126.55542,33.470006]]]}},{"type":"Feature","id":2177,"properties":{"code":"65000005011020240264UQA4200001048","collectionId":"10502","date":"2025-10-01"},"geometry":{"type":"Polygon","coordinates":[[[126.569748,33.470121],[126.569691,33.470322],[126.569698,33.470392],[126.569672,33.470532],[126.569745,33.470584],[126.570116,33.470574],[126.570222,33.470582],[126.570318,33.470627],[126.570414,33.47066],[126.570645,33.47069],[126.570537,33.47095],[126.570514,33.471024],[126.570363,33.471332],[126.570277,33.471298],[126.570193,33.47143],[126.569967,33.471895],[126.569843,33.471915],[126.569399,33.471892],[126.569307,33.471912],[126.569102,33.472062],[126.568876,33.47206],[126.568762,33.472029],[126.568673,33.472044],[126.568543,33.472131],[126.568516,33.472142],[126.568333,33.472305],[126.568207,33.47238],[126.567891,33.472404],[126.567783,33.472327],[126.567729,33.472218],[126.56722,33.472221],[126.567005,33.472252],[126.566804,33.472345],[126.566405,33.47235],[126.56603,33.4723],[126.565452,33.472252],[126.565377,33.472232],[126.565043,33.472169],[126.564772,33.472062],[126.564677,33.472048],[126.564533,33.472078],[126.564282,33.472173],[126.564054,33.472049],[126.563699,33.471993],[126.563556,33.472016],[126.563418,33.471986],[126.563362,33.471951],[126.563233,33.471913],[126.563211,33.47181],[126.563158,33.471735],[126.563121,33.471632],[126.563117,33.471542],[126.563015,33.471453],[126.562943,33.471299],[126.562922,33.471191],[126.562978,33.471084],[126.562932,33.470871],[126.562937,33.470638],[126.56307,33.470473],[126.563134,33.470437],[126.563135,33.470387],[126.563102,33.470325],[126.563093,33.470177],[126.563111,33.470052],[126.563176,33.469873],[126.56322,33.469787],[126.563308,33.469722],[126.563469,33.469635],[126.563533,33.469509],[126.563581,33.469443],[126.56372,33.469301],[126.563842,33.469158],[126.563875,33.469053],[126.56393,33.468926],[126.563979,33.468839],[126.564208,33.468562],[126.564343,33.468334],[126.564378,33.468114],[126.564445,33.467971],[126.564515,33.467698],[126.564776,33.467318],[126.56484,33.46738],[126.564824,33.46768],[126.564825,33.46779],[126.564855,33.467901],[126.564877,33.467924],[126.564925,33.467867],[126.565238,33.467853],[126.565397,33.467866],[126.565561,33.46785],[126.565555,33.467667],[126.565592,33.46761],[126.565569,33.467528],[126.5655,33.467378],[126.565506,33.467198],[126.565525,33.46707],[126.565588,33.466892],[126.565652,33.466833],[126.565585,33.466666],[126.56556,33.466488],[126.565545,33.466291],[126.565503,33.466198],[126.565383,33.46603],[126.565415,33.465911],[126.565388,33.465768],[126.565335,33.46561],[126.565327,33.46546],[126.565335,33.465291],[126.56531,33.465076],[126.565275,33.465059],[126.564993,33.465102],[126.564814,33.465121],[126.564721,33.465123],[126.564525,33.465151],[126.564182,33.463733],[126.564171,33.463309],[126.563984,33.463007],[126.563958,33.462917],[126.563927,33.4627],[126.563982,33.462598],[126.563962,33.46233],[126.564014,33.462222],[126.564013,33.462052],[126.564063,33.461894],[126.564167,33.46178],[126.56464,33.461692],[126.564682,33.461655],[126.565215,33.462345],[126.565373,33.462502],[126.565562,33.462636],[126.565863,33.462771],[126.56606,33.462822],[126.566226,33.462845],[126.566406,33.462853],[126.569384,33.462779],[126.569416,33.463179],[126.569477,33.463404],[126.569469,33.463513],[126.569446,33.463659],[126.569435,33.46393],[126.569288,33.463929],[126.569192,33.463899],[126.56908,33.463832],[126.568635,33.463761],[126.568037,33.46383],[126.567959,33.463831],[126.567958,33.463897],[126.56788,33.46407],[126.567912,33.464123],[126.567933,33.464202],[126.567938,33.464299],[126.56791,33.464626],[126.56793,33.464718],[126.567928,33.464901],[126.567897,33.465103],[126.567983,33.465207],[126.568418,33.465069],[126.568515,33.465052],[126.568757,33.465045],[126.568885,33.465101],[126.568992,33.465232],[126.569002,33.465329],[126.568996,33.465649],[126.569003,33.465716],[126.568947,33.465758],[126.568829,33.465997],[126.568727,33.466444],[126.56887,33.466421],[126.569124,33.466397],[126.569461,33.466388],[126.569578,33.466351],[126.569726,33.466342],[126.569816,33.466294],[126.569911,33.466464],[126.570045,33.466824],[126.570108,33.467008],[126.569894,33.46747],[126.569969,33.467854],[126.570078,33.468145],[126.57016,33.468435],[126.570228,33.468877],[126.570188,33.468963],[126.570248,33.46926],[126.570295,33.469397],[126.570205,33.469412],[126.57007,33.469539],[126.569972,33.469601],[126.56988,33.469564],[126.569872,33.469577],[126.569868,33.469649],[126.569859,33.469823],[126.569866,33.469855],[126.569787,33.470065],[126.569748,33.470121]]]}},{"type":"Feature","id":2178,"properties":{"code":"65000005011020240264UQA4200001049","collectionId":"10503","date":"2025-10-01"},"geometry":{"type":"Polygon","coordinates":[[[126.544373,33.467211],[126.544399,33.467224],[126.544413,33.467252],[126.544382,33.467407],[126.544346,33.467504],[126.544326,33.467519],[126.544262,33.467537],[126.544215,33.467693],[126.544205,33.467809],[126.544181,33.467841],[126.544087,33.467852],[126.544068,33.467869],[126.544028,33.467959],[126.544006,33.468048],[126.54393,33.468198],[126.5439,33.468278],[126.543876,33.468361],[126.543873,33.468455],[126.54375,33.468554],[126.543764,33.468752],[126.5438,33.468963],[126.543791,33.469061],[126.543657,33.468884],[126.54361,33.468833],[126.543566,33.468805],[126.543354,33.468718],[126.543256,33.468728],[126.543138,33.468787],[126.543095,33.468802],[126.543045,33.468802],[126.543016,33.468766],[126.543046,33.468677],[126.543026,33.468612],[126.543,33.468561],[126.542866,33.468447],[126.542852,33.468406],[126.542852,33.468333],[126.542834,33.468281],[126.542781,33.468214],[126.542582,33.468097],[126.54238,33.467999],[126.542244,33.467992],[126.542194,33.467976],[126.542152,33.467931],[126.542122,33.467826],[126.54209,33.467784],[126.542059,33.467789],[126.542019,33.467819],[126.54195,33.467903],[126.541917,33.467929],[126.54187,33.468002],[126.541858,33.468057],[126.541741,33.468023],[126.541698,33.467985],[126.541693,33.467873],[126.541601,33.467874],[126.541587,33.467814],[126.54153,33.467781],[126.541343,33.467725],[126.541284,33.4677],[126.541172,33.46764],[126.54115,33.467641],[126.541126,33.467603],[126.541111,33.46744],[126.541145,33.467223],[126.541197,33.467123],[126.541178,33.46709],[126.541437,33.467131],[126.541613,33.467084],[126.541615,33.467091],[126.541764,33.467124],[126.541802,33.467159],[126.541978,33.467229],[126.541996,33.467246],[126.542007,33.467269],[126.542074,33.467276],[126.542059,33.467205],[126.542259,33.466833],[126.542348,33.46674],[126.542371,33.466533],[126.542442,33.46647],[126.542492,33.466289],[126.542542,33.466216],[126.542551,33.466106],[126.542574,33.466072],[126.542602,33.466055],[126.542625,33.466021],[126.542703,33.465975],[126.542793,33.465934],[126.542878,33.465864],[126.542984,33.465746],[126.543145,33.465608],[126.543238,33.465513],[126.543274,33.465459],[126.543294,33.465445],[126.543405,33.465468],[126.543424,33.46546],[126.543566,33.465449],[126.543565,33.465457],[126.543671,33.465553],[126.543681,33.465619],[126.543718,33.465674],[126.544217,33.46583],[126.54419,33.465895],[126.544188,33.465991],[126.544256,33.466129],[126.544275,33.466253],[126.544234,33.466461],[126.544535,33.466497],[126.544504,33.46666],[126.54448,33.466874],[126.544369,33.467178],[126.544373,33.467211]]]}},{"type":"Feature","id":2179,"properties":{"code":"64900005011020170000UQA4200410000","collectionId":"8683","date":"2025-10-01"},"geometry":{"type":"Polygon","coordinates":[[[126.295453,33.432282],[126.295446,33.432293],[126.295736,33.432937],[126.295727,33.433085],[126.295797,33.433368],[126.295767,33.43341],[126.293121,33.433851],[126.292835,33.43304],[126.292633,33.432525],[126.292384,33.431921],[126.292469,33.431888],[126.292782,33.431831],[126.292937,33.431939],[126.293068,33.431958],[126.293204,33.432015],[126.293243,33.431988],[126.293339,33.432014],[126.293347,33.432038],[126.293372,33.432049],[126.293474,33.432043],[126.293565,33.432054],[126.29385,33.431873],[126.294038,33.431808],[126.294241,33.431694],[126.294392,33.431644],[126.294525,33.431617],[126.294859,33.431526],[126.295001,33.43154],[126.295068,33.431485],[126.294996,33.43133],[126.294993,33.431265],[126.294969,33.431159],[126.294951,33.431135],[126.29489,33.431001],[126.294856,33.430855],[126.294863,33.430659],[126.294838,33.430636],[126.294843,33.430557],[126.294825,33.430347],[126.294787,33.43023],[126.294635,33.430074],[126.294655,33.428267],[126.294799,33.428212],[126.295006,33.428252],[126.295052,33.428151],[126.295116,33.428064],[126.295348,33.427857],[126.295408,33.427754],[126.295543,33.427673],[126.295624,33.427583],[126.295783,33.427474],[126.295876,33.427332],[126.296136,33.427275],[126.296185,33.427243],[126.296299,33.427121],[126.296489,33.426968],[126.296699,33.426726],[126.296778,33.426722],[126.296935,33.426748],[126.297135,33.426737],[126.297228,33.426752],[126.297345,33.426815],[126.297476,33.426852],[126.297673,33.426958],[126.297732,33.426973],[126.297736,33.426999],[126.297955,33.427077],[126.298488,33.429488],[126.298453,33.42993],[126.298414,33.430209],[126.298177,33.431821],[126.298091,33.432311],[126.295468,33.432259],[126.295453,33.432282]]]}},{"type":"Feature","id":2180,"properties":{"code":"64900005011020170000UQA4200408000","collectionId":"8824","date":"2025-10-01"},"geometry":{"type":"Polygon","coordinates":[[[126.266261,33.3699],[126.266195,33.369918],[126.265651,33.369846],[126.265522,33.369837],[126.265072,33.369829],[126.264759,33.369874],[126.264416,33.369851],[126.264189,33.36979],[126.263182,33.369385],[126.263021,33.369341],[126.262916,33.369327],[126.262372,33.369504],[126.262164,33.369531],[126.261847,33.369485],[126.261762,33.369464],[126.261725,33.369448],[126.261688,33.36942],[126.261646,33.369347],[126.261638,33.369303],[126.261668,33.368766],[126.261666,33.368643],[126.261636,33.368375],[126.261522,33.36828],[126.261419,33.368273],[126.261225,33.368312],[126.260828,33.368455],[126.260498,33.36853],[126.260278,33.368535],[126.259759,33.368293],[126.259402,33.368031],[126.258786,33.366944],[126.258858,33.366907],[126.259116,33.367006],[126.259479,33.367031],[126.259422,33.367194],[126.25961,33.367277],[126.260095,33.367763],[126.260561,33.367916],[126.260875,33.368009],[126.261337,33.36809],[126.261603,33.367967],[126.261689,33.367914],[126.261697,33.367865],[126.261814,33.367793],[126.262026,33.367507],[126.262529,33.367341],[126.262511,33.367243],[126.262445,33.367146],[126.262644,33.366811],[126.262868,33.36655],[126.262987,33.366536],[126.263287,33.366142],[126.263463,33.36603],[126.263542,33.366049],[126.263603,33.365825],[126.263709,33.365598],[126.263813,33.365478],[126.263958,33.365455],[126.264075,33.365368],[126.264179,33.365225],[126.264137,33.36524],[126.264023,33.365177],[126.263975,33.364982],[126.264013,33.364824],[126.263629,33.364696],[126.263586,33.36462],[126.263393,33.364549],[126.263565,33.364587],[126.263661,33.364618],[126.263719,33.36464],[126.263811,33.364691],[126.26409,33.36444],[126.264275,33.364317],[126.264437,33.364474],[126.264688,33.364544],[126.264773,33.364591],[126.265031,33.364703],[126.265159,33.365556],[126.265268,33.365675],[126.26537,33.365707],[126.265844,33.365772],[126.266149,33.365927],[126.266285,33.366075],[126.26635,33.366203],[126.266466,33.366605],[126.266827,33.367344],[126.266907,33.367711],[126.267105,33.368132],[126.267107,33.368177],[126.267093,33.368249],[126.266346,33.369817],[126.266261,33.3699]]]}},{"type":"Feature","id":2181,"properties":{"code":"64900005011020170000UQA4200409000","collectionId":"8971","date":"2025-10-01"},"geometry":{"type":"Polygon","coordinates":[[[126.223385,33.407507],[126.223372,33.407665],[126.223359,33.407721],[126.223352,33.407469],[126.223325,33.407384],[126.223306,33.407351],[126.223253,33.407309],[126.223056,33.407217],[126.222995,33.407166],[126.222951,33.407117],[126.222886,33.407015],[126.222867,33.406958],[126.222868,33.406868],[126.222895,33.40664],[126.222891,33.406583],[126.222764,33.406248],[126.222616,33.405894],[126.222683,33.405835],[126.222823,33.405739],[126.223021,33.405635],[126.223141,33.405562],[126.223248,33.405512],[126.223528,33.405444],[126.223599,33.40542],[126.223657,33.405396],[126.223925,33.405249],[126.224025,33.405206],[126.224236,33.405221],[126.224589,33.405204],[126.224627,33.405192],[126.224794,33.405109],[126.224883,33.405039],[126.225131,33.404875],[126.225227,33.404782],[126.225303,33.404742],[126.225425,33.404692],[126.225582,33.404645],[126.225936,33.404649],[126.226216,33.404667],[126.226307,33.404693],[126.226455,33.404812],[126.226553,33.404874],[126.226649,33.404914],[126.226744,33.40494],[126.226921,33.404981],[126.227149,33.40501],[126.227554,33.405009],[126.227524,33.405128],[126.227748,33.405561],[126.227835,33.405601],[126.22838,33.40578],[126.228095,33.406239],[126.228932,33.40666],[126.229515,33.406931],[126.229706,33.406908],[126.229675,33.406991],[126.229446,33.406936],[126.229341,33.40689],[126.229481,33.40699],[126.229525,33.407083],[126.229797,33.407269],[126.229706,33.407356],[126.229613,33.407423],[126.229441,33.407534],[126.229401,33.407556],[126.229352,33.407571],[126.229335,33.407593],[126.229003,33.407336],[126.228977,33.407374],[126.228903,33.40741],[126.228785,33.407409],[126.228708,33.407377],[126.2286,33.40731],[126.228296,33.407055],[126.228222,33.407013],[126.227754,33.40665],[126.227587,33.406529],[126.227423,33.406451],[126.227278,33.406392],[126.227193,33.406368],[126.22705,33.40635],[126.226628,33.40638],[126.226388,33.406425],[126.226202,33.406505],[126.226066,33.4066],[126.225904,33.406727],[126.225605,33.40698],[126.225417,33.407077],[126.225162,33.407195],[126.224727,33.407351],[126.224514,33.407401],[126.22431,33.407421],[126.224171,33.407453],[126.223904,33.407567],[126.223703,33.407514],[126.223612,33.407482],[126.223537,33.407385],[126.223385,33.407507]]]}},{"type":"Feature","id":2182,"properties":{"code":"64900005011020170000UQA4200411000","collectionId":"8730","date":"2025-10-01"},"geometry":{"type":"Polygon","coordinates":[[[126.269004,33.436081],[126.268276,33.436018],[126.268242,33.436025],[126.268055,33.43602],[126.267525,33.435956],[126.267113,33.435952],[126.26711,33.435958],[126.266985,33.435986],[126.266389,33.435917],[126.266341,33.435901],[126.266354,33.435873],[126.266066,33.435862],[126.265828,33.435833],[126.265595,33.435858],[126.265279,33.43597],[126.265192,33.435981],[126.264777,33.435883],[126.264303,33.435848],[126.264032,33.43585],[126.263723,33.435798],[126.263651,33.435768],[126.263579,33.435704],[126.263597,33.435635],[126.263432,33.435489],[126.263277,33.435401],[126.263016,33.435115],[126.262956,33.435079],[126.262936,33.435017],[126.262818,33.434858],[126.262718,33.434755],[126.26263,33.434701],[126.262501,33.434656],[126.26244,33.43459],[126.262308,33.434299],[126.262299,33.434268],[126.262345,33.434231],[126.262297,33.43417],[126.262278,33.434129],[126.262268,33.434082],[126.26227,33.434021],[126.262297,33.433932],[126.262337,33.433864],[126.262394,33.433795],[126.262437,33.433724],[126.262492,33.433576],[126.262499,33.433458],[126.262432,33.432677],[126.26244,33.432598],[126.262494,33.432448],[126.262584,33.432313],[126.263036,33.431854],[126.263181,33.431691],[126.263406,33.431436],[126.263529,33.431268],[126.263566,33.431203],[126.263605,33.431099],[126.263621,33.431022],[126.263633,33.430897],[126.263629,33.430829],[126.263604,33.43071],[126.263504,33.430478],[126.263446,33.430291],[126.263438,33.430171],[126.26348,33.429997],[126.263775,33.429239],[126.263882,33.429265],[126.264605,33.429485],[126.264625,33.42954],[126.264786,33.429494],[126.264869,33.429417],[126.264935,33.429404],[126.265038,33.429415],[126.265072,33.429412],[126.265149,33.429424],[126.265281,33.429405],[126.265397,33.429375],[126.26542,33.429275],[126.265421,33.429185],[126.265382,33.429182],[126.265371,33.429047],[126.265568,33.428965],[126.265694,33.428898],[126.265841,33.428846],[126.265739,33.428789],[126.265679,33.428765],[126.265712,33.428686],[126.265847,33.428636],[126.265866,33.428595],[126.265823,33.428571],[126.265795,33.428534],[126.265796,33.428436],[126.265806,33.428426],[126.265964,33.428497],[126.266037,33.42851],[126.266172,33.428513],[126.266165,33.428702],[126.266358,33.428715],[126.266347,33.428618],[126.266375,33.428554],[126.266483,33.428556],[126.266655,33.428528],[126.266867,33.428429],[126.266976,33.428594],[126.266952,33.428609],[126.266978,33.428647],[126.266985,33.428749],[126.267007,33.428825],[126.267223,33.428807],[126.26738,33.428791],[126.267389,33.428744],[126.267443,33.428686],[126.26751,33.428648],[126.267585,33.428636],[126.267651,33.428556],[126.267708,33.428453],[126.267703,33.428406],[126.26772,33.428424],[126.267815,33.428428],[126.26792,33.4283],[126.268075,33.428265],[126.268253,33.428196],[126.268296,33.428119],[126.268447,33.428144],[126.268539,33.428134],[126.268601,33.427962],[126.268645,33.42791],[126.268811,33.427914],[126.269064,33.427971],[126.269073,33.427989],[126.269165,33.428059],[126.269265,33.428096],[126.269272,33.428027],[126.269259,33.427841],[126.269147,33.427819],[126.269137,33.427777],[126.269102,33.427739],[126.269241,33.427673],[126.269332,33.427574],[126.269492,33.427572],[126.269554,33.427547],[126.269549,33.427489],[126.269578,33.427436],[126.269513,33.427309],[126.269438,33.42725],[126.269512,33.427186],[126.269535,33.427127],[126.269812,33.427209],[126.269906,33.42728],[126.270038,33.427326],[126.270175,33.427271],[126.270253,33.427314],[126.270343,33.427389],[126.270522,33.427313],[126.270596,33.427261],[126.270705,33.427202],[126.270931,33.427092],[126.272128,33.426217],[126.272237,33.426144],[126.272843,33.425694],[126.274824,33.424268],[126.274871,33.424265],[126.276223,33.425595],[126.276342,33.425693],[126.277238,33.426562],[126.277428,33.426578],[126.277255,33.42831],[126.277062,33.428296],[126.276958,33.428587],[126.276865,33.428731],[126.276531,33.429244],[126.275255,33.431088],[126.275189,33.431211],[126.275293,33.431299],[126.274068,33.432458],[126.272717,33.433761],[126.27057,33.435783],[126.270495,33.435843],[126.270291,33.435959],[126.27019,33.436007],[126.270097,33.436033],[126.26985,33.436072],[126.269674,33.436083],[126.269019,33.436029],[126.269004,33.436081]]]}},{"type":"Feature","id":2183,"properties":{"code":"64900005011020170000UQA4200452000","collectionId":"8654","date":"2025-10-01"},"geometry":{"type":"Polygon","coordinates":[[[126.59411,33.522448],[126.593978,33.522512],[126.594205,33.522369],[126.594401,33.522313],[126.594486,33.522276],[126.595118,33.52192],[126.595685,33.521963],[126.595588,33.521986],[126.595064,33.522283],[126.594787,33.522421],[126.594684,33.522451],[126.594564,33.522452],[126.594324,33.522411],[126.594257,33.522383],[126.59411,33.522448]]]}}]}
